game_id,date,away_f5,home_f5,f5_home_win
718780,2023-03-30,4,2,0
718781,2023-03-30,0,3,1
718782,2023-03-30,8,2,0
718777,2023-03-30,0,4,1
718776,2023-03-30,0,1,1
718779,2023-03-30,6,11,1
718773,2023-03-30,4,4,
718772,2023-03-30,5,5,
718775,2023-03-30,0,0,
718774,2023-03-30,1,0,0
718768,2023-03-30,0,0,
718778,2023-03-30,4,2,0
718769,2023-03-30,1,0,0
718770,2023-03-30,2,5,1
718767,2023-03-30,0,0,
718771,2023-03-31,0,1,1
718764,2023-03-31,1,0,0
718766,2023-03-31,4,0,0
718765,2023-03-31,0,0,
718763,2023-03-31,8,4,0
718760,2023-04-01,3,3,
718759,2023-04-01,0,3,1
718758,2023-04-01,0,0,
718752,2023-04-01,3,7,1
718753,2023-04-01,5,0,0
718762,2023-04-01,3,3,
718757,2023-04-01,11,1,0
718761,2023-04-01,8,5,0
718756,2023-04-01,2,3,1
718754,2023-04-01,1,10,1
718751,2023-04-01,1,0,0
718755,2023-04-01,4,2,0
718750,2023-04-01,1,5,1
718749,2023-04-01,1,8,1
718746,2023-04-01,1,0,0
718742,2023-04-02,0,1,1
718748,2023-04-02,3,6,1
718743,2023-04-02,1,4,1
718747,2023-04-02,0,4,1
718744,2023-04-02,1,3,1
718741,2023-04-02,4,1,0
718745,2023-04-02,2,1,0
718740,2023-04-02,1,0,0
718737,2023-04-02,3,9,1
718738,2023-04-02,3,2,0
718734,2023-04-02,6,0,0
718736,2023-04-02,1,1,
718733,2023-04-02,0,3,1
718735,2023-04-02,4,5,1
718739,2023-04-02,1,2,1
718731,2023-04-03,0,10,1
718730,2023-04-03,7,0,0
718728,2023-04-03,6,7,1
718729,2023-04-03,8,1,0
718732,2023-04-03,4,0,0
718725,2023-04-03,1,8,1
718724,2023-04-03,7,5,0
718719,2023-04-03,1,7,1
718727,2023-04-03,6,3,0
718726,2023-04-03,2,0,0
718723,2023-04-03,4,4,
718721,2023-04-03,5,8,1
718722,2023-04-03,2,3,1
718720,2023-04-03,4,3,0
718718,2023-04-03,4,9,1
718717,2023-04-04,1,5,1
718716,2023-04-04,1,3,1
718714,2023-04-04,0,1,1
718715,2023-04-04,4,5,1
718710,2023-04-04,4,0,0
718713,2023-04-04,3,1,0
718708,2023-04-04,2,1,0
718712,2023-04-04,0,2,1
718711,2023-04-04,4,1,0
718709,2023-04-04,7,1,0
718705,2023-04-04,2,2,
718707,2023-04-04,3,2,0
718706,2023-04-04,0,8,1
718703,2023-04-04,0,4,1
718704,2023-04-05,3,2,0
718699,2023-04-05,0,1,1
718701,2023-04-05,0,1,1
718697,2023-04-05,5,0,0
718702,2023-04-05,1,0,0
718698,2023-04-05,6,6,
718694,2023-04-05,2,2,
718696,2023-04-05,1,4,1
718695,2023-04-05,1,4,1
718689,2023-04-05,0,0,
718691,2023-04-05,2,1,0
718692,2023-04-05,0,0,
718690,2023-04-06,2,3,1
718686,2023-04-06,5,0,0
718687,2023-04-06,8,3,0
718682,2023-04-06,0,1,1
718681,2023-04-06,3,4,1
718683,2023-04-06,3,0,0
718693,2023-04-07,0,3,1
718675,2023-04-07,0,1,1
718685,2023-04-07,1,2,1
718688,2023-04-07,3,4,1
718677,2023-04-07,2,3,1
718684,2023-04-07,1,0,0
718679,2023-04-07,7,12,1
718680,2023-04-07,2,1,0
718678,2023-04-07,3,8,1
718676,2023-04-07,4,4,
718674,2023-04-07,0,2,1
718673,2023-04-07,8,2,0
718670,2023-04-07,1,3,1
718671,2023-04-07,3,2,0
718666,2023-04-08,4,4,
718672,2023-04-08,0,4,1
718669,2023-04-08,1,3,1
718668,2023-04-08,1,0,0
718667,2023-04-08,8,2,0
718665,2023-04-08,0,5,1
718661,2023-04-08,0,3,1
718663,2023-04-08,3,1,0
718662,2023-04-08,6,4,0
718664,2023-04-08,4,1,0
718660,2023-04-08,6,0,0
718659,2023-04-08,3,0,0
718656,2023-04-08,5,7,1
718658,2023-04-08,5,1,0
718657,2023-04-08,5,7,1
718652,2023-04-09,2,4,1
718654,2023-04-09,2,1,0
718655,2023-04-09,0,7,1
718653,2023-04-09,0,1,1
718651,2023-04-09,4,0,0
718646,2023-04-09,2,1,0
718647,2023-04-09,6,2,0
718649,2023-04-09,4,1,0
718650,2023-04-09,1,3,1
718642,2023-04-09,5,2,0
718645,2023-04-09,3,3,
718643,2023-04-09,1,0,0
718644,2023-04-09,0,6,1
718639,2023-04-09,3,11,1
718648,2023-04-09,8,1,0
718640,2023-04-10,4,3,0
718637,2023-04-10,2,2,
718635,2023-04-10,1,3,1
718632,2023-04-10,7,2,0
718638,2023-04-10,0,0,
718633,2023-04-10,0,9,1
718634,2023-04-10,0,2,1
718636,2023-04-10,0,0,
718628,2023-04-10,1,2,1
718630,2023-04-10,1,4,1
718629,2023-04-10,2,4,1
718631,2023-04-10,5,4,0
718627,2023-04-10,0,3,1
718641,2023-04-10,4,1,0
718626,2023-04-11,8,2,0
718618,2023-04-11,7,6,0
718623,2023-04-11,2,2,
718625,2023-04-11,0,5,1
718619,2023-04-11,1,0,0
718622,2023-04-11,3,4,1
718621,2023-04-11,2,1,0
718620,2023-04-11,4,6,1
718617,2023-04-11,8,11,1
718616,2023-04-11,2,3,1
718615,2023-04-11,2,3,1
718613,2023-04-11,2,6,1
718614,2023-04-11,0,1,1
718611,2023-04-11,0,0,
718624,2023-04-11,0,2,1
718608,2023-04-12,2,0,0
718610,2023-04-12,2,3,1
718605,2023-04-12,0,1,1
718604,2023-04-12,2,3,1
718606,2023-04-12,2,1,0
718607,2023-04-12,3,2,0
718598,2023-04-12,0,5,1
718609,2023-04-12,1,2,1
718602,2023-04-12,2,2,
718599,2023-04-12,4,2,0
718600,2023-04-12,3,8,1
718603,2023-04-12,1,1,
718601,2023-04-12,3,3,
718595,2023-04-12,6,1,0
718612,2023-04-12,3,3,
718596,2023-04-13,7,7,
718594,2023-04-13,3,8,1
718597,2023-04-13,2,5,1
718590,2023-04-13,11,1,0
718593,2023-04-13,2,1,0
718591,2023-04-13,0,0,
718589,2023-04-13,3,1,0
718585,2023-04-14,1,4,1
718586,2023-04-14,5,1,0
718584,2023-04-14,0,5,1
718592,2023-04-14,0,3,1
718588,2023-04-14,0,2,1
718587,2023-04-14,1,6,1
718580,2023-04-14,2,3,1
718583,2023-04-14,0,1,1
718581,2023-04-14,5,2,0
718579,2023-04-14,8,3,0
718582,2023-04-14,0,0,
718578,2023-04-14,12,4,0
718574,2023-04-14,7,1,0
718575,2023-04-14,3,1,0
718577,2023-04-14,1,5,1
718572,2023-04-15,0,4,1
718571,2023-04-15,6,3,0
718570,2023-04-15,1,2,1
718568,2023-04-15,2,2,
718569,2023-04-15,1,3,1
718573,2023-04-15,5,4,0
718560,2023-04-15,3,5,1
718565,2023-04-15,1,2,1
718576,2023-04-15,6,6,
718566,2023-04-15,0,8,1
718563,2023-04-15,5,2,0
718567,2023-04-15,1,1,
718562,2023-04-15,2,3,1
718564,2023-04-15,1,0,0
718561,2023-04-15,1,5,1
718559,2023-04-16,1,2,1
718555,2023-04-16,4,3,0
718557,2023-04-16,0,1,1
718556,2023-04-16,7,1,0
718554,2023-04-16,12,3,0
718550,2023-04-16,1,0,0
718551,2023-04-16,4,1,0
718553,2023-04-16,3,4,1
718548,2023-04-16,2,1,0
718546,2023-04-16,1,1,
718547,2023-04-16,1,1,
718545,2023-04-16,0,0,
718549,2023-04-16,1,0,0
718552,2023-04-16,0,0,
718540,2023-04-17,5,1,0
718542,2023-04-17,0,4,1
718544,2023-04-17,3,1,0
718539,2023-04-17,4,0,0
718538,2023-04-17,1,0,0
718537,2023-04-17,1,8,1
718535,2023-04-17,13,1,0
718536,2023-04-17,6,1,0
718533,2023-04-17,2,0,0
718534,2023-04-17,3,1,0
718532,2023-04-17,5,5,
718530,2023-04-18,3,3,
718541,2023-04-18,0,0,
718525,2023-04-18,5,4,0
718543,2023-04-18,0,3,1
718526,2023-04-18,8,0,0
718528,2023-04-18,2,4,1
718531,2023-04-18,1,0,0
718529,2023-04-18,5,2,0
718524,2023-04-18,1,1,
718522,2023-04-18,3,2,0
718527,2023-04-18,7,2,0
718520,2023-04-18,4,0,0
718521,2023-04-18,5,3,0
718523,2023-04-18,0,0,
718519,2023-04-18,2,0,0
718517,2023-04-18,3,4,1
718516,2023-04-18,0,3,1
718515,2023-04-19,7,0,0
718513,2023-04-19,0,0,
718511,2023-04-19,1,1,
718512,2023-04-19,4,10,1
718514,2023-04-19,5,1,0
718510,2023-04-19,5,2,0
718508,2023-04-19,2,1,0
718509,2023-04-19,9,1,0
718506,2023-04-19,2,2,
718507,2023-04-19,0,1,1
718502,2023-04-19,0,2,1
718518,2023-04-19,3,0,0
718504,2023-04-19,1,2,1
718505,2023-04-19,7,2,0
718501,2023-04-19,0,2,1
718497,2023-04-20,1,10,1
718496,2023-04-20,2,5,1
718500,2023-04-20,0,4,1
718498,2023-04-20,2,0,0
718499,2023-04-20,2,2,
718494,2023-04-20,5,5,
718503,2023-04-20,5,4,0
718491,2023-04-21,0,12,1
718492,2023-04-21,2,2,
718486,2023-04-21,7,5,0
718495,2023-04-21,0,0,
718493,2023-04-21,3,2,0
718487,2023-04-21,2,1,0
718489,2023-04-21,1,4,1
718490,2023-04-21,3,4,1
718482,2023-04-21,0,2,1
718483,2023-04-21,2,3,1
718485,2023-04-21,0,2,1
718484,2023-04-21,0,2,1
718481,2023-04-21,2,2,
718480,2023-04-21,4,0,0
718476,2023-04-22,0,0,
718468,2023-04-22,5,2,0
718479,2023-04-22,3,2,0
718475,2023-04-22,3,3,
718473,2023-04-22,2,1,0
718488,2023-04-22,1,1,
718478,2023-04-22,2,7,1
718477,2023-04-22,2,3,1
718474,2023-04-22,1,2,1
718472,2023-04-22,0,5,1
718469,2023-04-22,2,13,1
718470,2023-04-22,2,5,1
718471,2023-04-22,0,1,1
718467,2023-04-22,2,3,1
718466,2023-04-22,3,4,1
718464,2023-04-22,3,1,0
718458,2023-04-23,3,4,1
718459,2023-04-23,0,0,
718463,2023-04-23,0,1,1
718462,2023-04-23,0,1,1
718465,2023-04-23,0,0,
718457,2023-04-23,1,4,1
718460,2023-04-23,1,4,1
718454,2023-04-23,1,3,1
718461,2023-04-23,3,3,
718451,2023-04-23,2,3,1
718453,2023-04-23,2,4,1
718452,2023-04-23,1,1,
718456,2023-04-23,5,1,0
718450,2023-04-23,6,3,0
718455,2023-04-23,3,4,1
718448,2023-04-24,6,0,0
718447,2023-04-24,4,5,1
718449,2023-04-24,3,6,1
718445,2023-04-24,6,4,0
718444,2023-04-24,2,4,1
718443,2023-04-24,0,5,1
718442,2023-04-24,0,4,1
718441,2023-04-24,4,2,0
718437,2023-04-24,7,2,0
718438,2023-04-24,3,4,1
718446,2023-04-24,0,0,
718440,2023-04-25,4,0,0
718435,2023-04-25,7,1,0
718432,2023-04-25,3,7,1
718436,2023-04-25,5,0,0
718434,2023-04-25,5,0,0
718430,2023-04-25,2,1,0
718433,2023-04-25,0,6,1
718431,2023-04-25,2,0,0
718429,2023-04-25,1,4,1
718426,2023-04-25,0,2,1
718427,2023-04-25,2,2,
718428,2023-04-25,4,2,0
718425,2023-04-25,2,4,1
718422,2023-04-25,4,1,0
718439,2023-04-25,1,2,1
718424,2023-04-26,2,3,1
718416,2023-04-26,1,4,1
718420,2023-04-26,0,4,1
718421,2023-04-26,0,3,1
718417,2023-04-26,11,3,0
718419,2023-04-26,2,5,1
718418,2023-04-26,0,2,1
718413,2023-04-26,0,2,1
718414,2023-04-26,1,0,0
718415,2023-04-26,5,4,0
718412,2023-04-26,2,1,0
718411,2023-04-26,3,0,0
718407,2023-04-26,2,3,1
718408,2023-04-26,3,8,1
718423,2023-04-26,2,3,1
718410,2023-04-27,0,4,1
718403,2023-04-27,2,3,1
718404,2023-04-27,0,1,1
718406,2023-04-27,1,4,1
718409,2023-04-27,0,0,
718402,2023-04-27,5,7,1
718405,2023-04-27,2,3,1
718398,2023-04-27,1,4,1
718396,2023-04-27,7,2,0
718400,2023-04-27,1,7,1
718397,2023-04-27,3,0,0
718387,2023-04-28,2,8,1
718391,2023-04-28,1,1,
718392,2023-04-28,2,2,
718395,2023-04-28,4,2,0
718394,2023-04-28,4,0,0
718393,2023-04-28,2,2,
718388,2023-04-28,1,5,1
718389,2023-04-28,2,1,0
718386,2023-04-28,1,1,
718390,2023-04-28,1,1,
718380,2023-04-28,5,1,0
718382,2023-04-28,2,5,1
718381,2023-04-29,1,5,1
718401,2023-04-29,4,0,0
718383,2023-04-29,2,2,
718399,2023-04-29,8,0,0
718378,2023-04-29,1,1,
718379,2023-04-29,0,0,
718375,2023-04-29,2,7,1
718377,2023-04-29,1,2,1
718385,2023-04-29,1,5,1
718372,2023-04-29,2,0,0
718384,2023-04-29,8,10,1
718374,2023-04-29,0,2,1
718373,2023-04-29,0,2,1
718376,2023-04-29,1,7,1
718366,2023-04-29,8,1,0
718369,2023-04-29,0,1,1
718364,2023-04-30,2,3,1
718370,2023-04-30,0,2,1
718367,2023-04-30,1,7,1
718363,2023-04-30,4,8,1
718360,2023-04-30,4,3,0
718362,2023-04-30,0,8,1
718355,2023-04-30,2,1,0
718365,2023-04-30,2,0,0
718356,2023-04-30,1,8,1
718358,2023-04-30,1,6,1
718368,2023-04-30,4,3,0
718357,2023-04-30,1,3,1
718359,2023-04-30,3,5,1
718354,2023-04-30,2,4,1
718352,2023-05-01,6,4,0
718361,2023-05-01,0,2,1
718349,2023-05-01,4,1,0
718351,2023-05-01,0,2,1
718353,2023-05-01,3,2,0
718350,2023-05-01,2,2,
718345,2023-05-01,3,6,1
718343,2023-05-01,3,9,1
718347,2023-05-02,1,3,1
718346,2023-05-02,3,0,0
718344,2023-05-02,0,1,1
718339,2023-05-02,2,0,0
718341,2023-05-02,6,5,0
718340,2023-05-02,0,0,
718336,2023-05-02,7,3,0
718338,2023-05-02,4,1,0
718342,2023-05-02,4,3,0
718337,2023-05-02,2,0,0
718334,2023-05-02,0,2,1
718335,2023-05-02,0,1,1
718332,2023-05-02,0,0,
718331,2023-05-02,1,4,1
718348,2023-05-03,5,4,0
718329,2023-05-03,1,6,1
718325,2023-05-03,6,7,1
718326,2023-05-03,0,0,
718330,2023-05-03,0,4,1
718327,2023-05-03,5,3,0
718328,2023-05-03,1,5,1
718321,2023-05-03,13,4,0
718333,2023-05-03,1,1,
718324,2023-05-03,2,2,
718323,2023-05-03,3,5,1
718322,2023-05-03,4,4,
718314,2023-05-03,0,1,1
718320,2023-05-03,3,4,1
718315,2023-05-03,0,4,1
718319,2023-05-03,0,0,
718317,2023-05-04,0,3,1
718318,2023-05-04,0,2,1
718309,2023-05-04,0,2,1
718311,2023-05-04,11,5,0
718312,2023-05-04,8,7,0
718310,2023-05-04,0,2,1
718313,2023-05-04,3,0,0
718304,2023-05-04,5,3,0
718308,2023-05-04,4,3,0
718316,2023-05-04,4,8,1
718303,2023-05-05,0,3,1
718307,2023-05-05,4,0,0
718305,2023-05-05,3,4,1
718300,2023-05-05,0,4,1
718301,2023-05-05,3,3,
718302,2023-05-05,0,1,1
718306,2023-05-05,0,0,
718298,2023-05-05,2,1,0
718299,2023-05-05,9,3,0
718292,2023-05-05,2,3,1
718294,2023-05-05,3,0,0
718296,2023-05-05,1,3,1
718295,2023-05-05,1,4,1
718297,2023-05-05,4,3,0
718293,2023-05-05,4,5,1
718288,2023-05-06,3,5,1
718289,2023-05-06,2,1,0
718290,2023-05-06,3,2,0
718291,2023-05-06,0,2,1
718285,2023-05-06,0,3,1
718286,2023-05-06,7,0,0
718281,2023-05-06,3,4,1
718280,2023-05-06,5,4,0
718284,2023-05-06,5,3,0
718283,2023-05-06,2,3,1
718287,2023-05-06,0,3,1
718282,2023-05-06,2,1,0
718279,2023-05-06,2,0,0
718275,2023-05-06,3,0,0
718274,2023-05-06,3,0,0
718277,2023-05-07,1,1,
718278,2023-05-07,5,0,0
718270,2023-05-07,1,2,1
718276,2023-05-07,10,5,0
718273,2023-05-07,0,2,1
718271,2023-05-07,6,2,0
718268,2023-05-07,1,2,1
718272,2023-05-07,1,3,1
718269,2023-05-07,1,0,0
718267,2023-05-07,5,2,0
718264,2023-05-07,11,7,0
718263,2023-05-07,3,7,1
718265,2023-05-07,0,3,1
718262,2023-05-07,17,4,0
718266,2023-05-07,0,2,1
718261,2023-05-08,4,2,0
718258,2023-05-08,0,0,
718259,2023-05-08,1,0,0
718255,2023-05-08,0,2,1
718256,2023-05-08,1,1,
718253,2023-05-08,3,4,1
718257,2023-05-08,0,3,1
718254,2023-05-08,4,4,
718251,2023-05-08,0,1,1
718249,2023-05-08,1,1,
718260,2023-05-08,5,0,0
718248,2023-05-09,0,1,1
718252,2023-05-09,5,1,0
718246,2023-05-09,2,4,1
718243,2023-05-09,1,7,1
718244,2023-05-09,1,3,1
718247,2023-05-09,2,7,1
718245,2023-05-09,1,8,1
718240,2023-05-09,4,3,0
718242,2023-05-09,1,1,
718238,2023-05-09,1,1,
718241,2023-05-09,4,0,0
718237,2023-05-09,3,1,0
718239,2023-05-09,0,2,1
718236,2023-05-09,6,1,0
718250,2023-05-09,0,3,1
718231,2023-05-10,3,3,
718232,2023-05-10,2,11,1
718234,2023-05-10,5,0,0
718228,2023-05-10,4,1,0
718229,2023-05-10,3,2,0
718226,2023-05-10,4,4,
718230,2023-05-10,9,1,0
718233,2023-05-10,1,0,0
718235,2023-05-10,5,2,0
718227,2023-05-10,0,0,
718225,2023-05-10,2,1,0
718220,2023-05-10,2,0,0
718221,2023-05-10,2,6,1
718224,2023-05-10,0,2,1
718222,2023-05-10,1,7,1
718223,2023-05-11,0,5,1
718216,2023-05-11,3,2,0
718218,2023-05-11,1,3,1
718219,2023-05-11,1,0,0
718215,2023-05-11,2,0,0
718217,2023-05-11,1,0,0
718208,2023-05-12,6,2,0
718212,2023-05-12,2,3,1
718214,2023-05-12,0,2,1
718213,2023-05-12,1,0,0
718210,2023-05-12,2,2,
718206,2023-05-12,0,1,1
718205,2023-05-12,3,3,
718211,2023-05-12,2,4,1
718209,2023-05-12,1,2,1
718207,2023-05-12,2,1,0
718204,2023-05-12,0,3,1
718202,2023-05-12,0,0,
718199,2023-05-12,4,4,
718200,2023-05-12,4,4,
718201,2023-05-12,0,2,1
718197,2023-05-13,6,4,0
718194,2023-05-13,3,0,0
718198,2023-05-13,3,1,0
718195,2023-05-13,0,7,1
718192,2023-05-13,2,2,
718203,2023-05-13,1,2,1
718190,2023-05-13,3,0,0
718196,2023-05-13,0,3,1
718191,2023-05-13,3,0,0
718193,2023-05-13,0,2,1
718183,2023-05-13,3,2,0
718185,2023-05-13,2,4,1
718189,2023-05-13,0,1,1
718184,2023-05-13,1,0,0
718188,2023-05-13,4,3,0
718182,2023-05-14,0,1,1
718203,2023-05-14,1,2,1
718179,2023-05-14,4,0,0
718180,2023-05-14,8,4,0
718181,2023-05-14,5,4,0
718173,2023-05-14,3,2,0
718178,2023-05-14,0,0,
718175,2023-05-14,1,8,1
718176,2023-05-14,4,1,0
718177,2023-05-14,4,8,1
718174,2023-05-14,0,4,1
718172,2023-05-14,3,1,0
718168,2023-05-14,0,2,1
718169,2023-05-14,1,1,
718186,2023-05-14,8,1,0
718187,2023-05-14,4,1,0
718167,2023-05-15,1,6,1
718171,2023-05-15,9,5,0
718164,2023-05-15,5,0,0
718163,2023-05-15,2,0,0
718166,2023-05-15,0,4,1
718165,2023-05-15,6,0,0
718158,2023-05-15,4,4,
718161,2023-05-15,6,6,
718160,2023-05-15,5,1,0
718162,2023-05-15,0,3,1
718170,2023-05-15,2,6,1
718159,2023-05-15,2,5,1
718154,2023-05-16,2,4,1
718155,2023-05-16,0,4,1
718153,2023-05-16,0,2,1
718157,2023-05-16,3,3,
718149,2023-05-16,4,7,1
718150,2023-05-16,6,1,0
718151,2023-05-16,2,2,
718148,2023-05-16,1,3,1
718152,2023-05-16,1,5,1
718147,2023-05-16,0,6,1
718145,2023-05-16,0,0,
718146,2023-05-16,6,4,0
718144,2023-05-16,5,2,0
718156,2023-05-16,2,4,1
718141,2023-05-16,3,1,0
718142,2023-05-17,4,0,0
718138,2023-05-17,5,5,
718136,2023-05-17,1,2,1
718139,2023-05-17,1,0,0
718143,2023-05-17,4,4,
718140,2023-05-17,1,1,
718137,2023-05-17,1,3,1
718132,2023-05-17,2,3,1
718134,2023-05-17,0,0,
718133,2023-05-17,1,12,1
718135,2023-05-17,1,0,0
718131,2023-05-17,0,1,1
718126,2023-05-17,2,4,1
718127,2023-05-17,6,1,0
718129,2023-05-17,1,5,1
718128,2023-05-18,3,3,
718122,2023-05-18,1,2,1
718130,2023-05-18,1,3,1
718125,2023-05-18,1,1,
718121,2023-05-18,2,1,0
718124,2023-05-18,2,9,1
718118,2023-05-19,1,11,1
718120,2023-05-19,1,0,0
718117,2023-05-19,0,0,
718123,2023-05-19,7,0,0
718116,2023-05-19,8,1,0
718115,2023-05-19,3,1,0
718119,2023-05-19,5,2,0
718110,2023-05-19,0,1,1
718114,2023-05-19,0,7,1
718112,2023-05-19,1,2,1
718111,2023-05-19,0,2,1
718113,2023-05-19,1,0,0
718106,2023-05-19,0,3,1
718107,2023-05-19,6,1,0
718105,2023-05-19,0,1,1
718104,2023-05-20,1,2,1
718102,2023-05-20,2,2,
718108,2023-05-20,2,3,1
718101,2023-05-20,1,3,1
718100,2023-05-20,1,9,1
718097,2023-05-20,0,10,1
718103,2023-05-20,0,0,
718098,2023-05-20,1,2,1
718095,2023-05-20,4,4,
718093,2023-05-20,3,6,1
718109,2023-05-20,0,3,1
718094,2023-05-20,5,2,0
718096,2023-05-20,3,1,0
718092,2023-05-20,4,1,0
718085,2023-05-21,2,1,0
718089,2023-05-21,1,6,1
718091,2023-05-21,3,3,
718088,2023-05-21,0,0,
718090,2023-05-21,1,2,1
718087,2023-05-21,2,1,0
718099,2023-05-21,0,1,1
718082,2023-05-21,1,0,0
718081,2023-05-21,6,3,0
718086,2023-05-21,0,1,1
718084,2023-05-21,2,4,1
718083,2023-05-21,3,7,1
718076,2023-05-21,0,11,1
718078,2023-05-21,4,4,
718080,2023-05-21,1,1,
718079,2023-05-21,0,6,1
718072,2023-05-22,0,1,1
718075,2023-05-22,0,1,1
718071,2023-05-22,4,5,1
718077,2023-05-22,2,4,1
718073,2023-05-22,4,2,0
718074,2023-05-22,6,5,0
718066,2023-05-22,5,5,
718067,2023-05-22,4,0,0
718068,2023-05-22,5,1,0
718069,2023-05-22,2,2,
718070,2023-05-22,0,1,1
718062,2023-05-22,0,6,1
718063,2023-05-23,1,1,
718065,2023-05-23,2,1,0
718059,2023-05-23,7,4,0
718061,2023-05-23,10,1,0
718060,2023-05-23,3,1,0
718064,2023-05-23,3,3,
718058,2023-05-23,4,4,
718057,2023-05-23,4,1,0
718049,2023-05-23,1,4,1
718055,2023-05-23,1,6,1
718054,2023-05-23,0,3,1
718056,2023-05-23,0,2,1
718051,2023-05-23,1,5,1
718053,2023-05-23,0,2,1
718050,2023-05-23,2,3,1
718045,2023-05-24,3,2,0
718043,2023-05-24,5,0,0
718047,2023-05-24,1,6,1
718048,2023-05-24,6,0,0
718046,2023-05-24,0,2,1
718041,2023-05-24,2,6,1
718044,2023-05-24,1,5,1
718052,2023-05-24,3,5,1
718040,2023-05-24,1,5,1
718042,2023-05-24,1,3,1
718039,2023-05-24,1,1,
718038,2023-05-24,2,3,1
718036,2023-05-24,5,1,0
718034,2023-05-24,1,7,1
718037,2023-05-24,0,5,1
718030,2023-05-25,0,0,
718032,2023-05-25,1,5,1
718033,2023-05-25,2,1,0
718035,2023-05-25,5,1,0
718031,2023-05-25,2,4,1
718029,2023-05-25,1,0,0
718026,2023-05-25,4,5,1
718024,2023-05-25,5,1,0
718028,2023-05-25,1,0,0
718025,2023-05-25,2,1,0
718027,2023-05-26,7,0,0
718018,2023-05-26,2,6,1
718021,2023-05-26,8,1,0
718020,2023-05-26,10,1,0
718023,2023-05-26,2,0,0
718022,2023-05-26,0,4,1
718019,2023-05-26,2,3,1
718014,2023-05-26,1,2,1
718013,2023-05-26,3,0,0
718017,2023-05-26,10,1,0
718016,2023-05-26,4,1,0
718015,2023-05-26,2,1,0
718010,2023-05-26,5,1,0
718009,2023-05-26,5,0,0
718012,2023-05-26,7,4,0
718006,2023-05-27,1,1,
718005,2023-05-27,0,2,1
718008,2023-05-27,4,7,1
718001,2023-05-27,2,0,0
718003,2023-05-27,2,1,0
718000,2023-05-27,0,2,1
718004,2023-05-27,0,4,1
718002,2023-05-27,3,4,1
717997,2023-05-27,2,0,0
717999,2023-05-27,1,0,0
717991,2023-05-27,2,1,0
718007,2023-05-27,5,4,0
717996,2023-05-27,1,1,
718011,2023-05-27,1,6,1
717998,2023-05-27,2,1,0
717994,2023-05-28,8,10,1
717990,2023-05-28,0,2,1
717995,2023-05-28,3,8,1
717993,2023-05-28,3,2,0
717989,2023-05-28,1,4,1
717985,2023-05-28,2,0,0
717988,2023-05-28,2,0,0
717986,2023-05-28,1,7,1
717987,2023-05-28,5,3,0
717982,2023-05-28,6,11,1
717980,2023-05-28,4,1,0
717984,2023-05-28,1,0,0
717981,2023-05-28,0,4,1
717983,2023-05-28,1,3,1
717992,2023-05-28,2,10,1
717974,2023-05-29,1,0,0
717979,2023-05-29,3,0,0
717975,2023-05-29,3,0,0
717976,2023-05-29,0,1,1
717977,2023-05-29,5,7,1
717968,2023-05-29,4,1,0
717978,2023-05-29,1,6,1
717970,2023-05-29,1,4,1
717971,2023-05-29,4,3,0
717973,2023-05-29,1,6,1
717969,2023-05-29,8,4,0
717964,2023-05-30,7,6,0
717963,2023-05-30,2,3,1
717967,2023-05-30,1,8,1
717965,2023-05-30,2,7,1
717966,2023-05-30,2,0,0
717962,2023-05-30,0,1,1
717960,2023-05-30,0,0,
717961,2023-05-30,1,1,
717956,2023-05-30,1,5,1
717959,2023-05-30,3,6,1
717955,2023-05-30,0,4,1
717958,2023-05-30,1,1,
717952,2023-05-30,7,2,0
717972,2023-05-30,2,1,0
717957,2023-05-30,1,4,1
717951,2023-05-31,1,1,
717943,2023-05-31,8,1,0
717950,2023-05-31,0,2,1
717946,2023-05-31,11,8,0
717949,2023-05-31,3,0,0
717953,2023-05-31,6,3,0
717954,2023-05-31,5,4,0
717945,2023-05-31,1,0,0
717947,2023-05-31,2,1,0
717948,2023-05-31,1,3,1
717944,2023-05-31,1,4,1
717938,2023-05-31,5,0,0
717940,2023-05-31,0,6,1
717939,2023-05-31,0,0,
717942,2023-06-01,0,3,1
717934,2023-06-01,2,3,1
717941,2023-06-01,3,1,0
717933,2023-06-01,1,0,0
717932,2023-06-01,1,1,
717937,2023-06-01,1,3,1
717936,2023-06-01,2,4,1
717931,2023-06-02,3,3,
717927,2023-06-02,0,4,1
717930,2023-06-02,5,0,0
717935,2023-06-02,1,7,1
717929,2023-06-02,1,0,0
717922,2023-06-02,0,0,
717926,2023-06-02,0,3,1
717923,2023-06-02,1,2,1
717924,2023-06-02,0,0,
717925,2023-06-02,0,0,
717921,2023-06-02,2,0,0
717919,2023-06-02,1,3,1
717917,2023-06-02,2,7,1
717920,2023-06-02,2,2,
717918,2023-06-03,4,1,0
717885,2023-06-03,1,1,
717915,2023-06-03,0,1,1
717907,2023-06-03,1,1,
717912,2023-06-03,3,10,1
717914,2023-06-03,2,2,
717908,2023-06-03,1,7,1
717909,2023-06-03,5,2,0
717910,2023-06-03,0,1,1
717911,2023-06-03,0,9,1
717906,2023-06-03,10,3,0
717913,2023-06-03,1,2,1
717905,2023-06-03,4,1,0
717916,2023-06-03,0,3,1
717903,2023-06-03,0,3,1
717901,2023-06-03,3,1,0
717898,2023-06-04,0,2,1
717904,2023-06-04,4,2,0
717902,2023-06-04,2,1,0
717900,2023-06-04,4,2,0
717896,2023-06-04,5,5,
717897,2023-06-04,5,0,0
717899,2023-06-04,0,1,1
717893,2023-06-04,0,1,1
717895,2023-06-04,0,0,
717891,2023-06-04,2,1,0
717894,2023-06-04,0,7,1
717890,2023-06-04,6,0,0
717892,2023-06-04,3,5,1
717889,2023-06-04,7,1,0
717888,2023-06-04,0,0,
717928,2023-06-05,3,0,0
717886,2023-06-05,0,5,1
717887,2023-06-05,4,7,1
717884,2023-06-05,3,1,0
717878,2023-06-05,10,2,0
717883,2023-06-05,0,2,1
717879,2023-06-05,1,3,1
717880,2023-06-05,0,4,1
717882,2023-06-06,0,5,1
717875,2023-06-06,0,1,1
717876,2023-06-06,0,5,1
717881,2023-06-06,6,5,0
717874,2023-06-06,2,2,
717877,2023-06-06,3,0,0
717871,2023-06-06,1,3,1
717873,2023-06-06,0,2,1
717870,2023-06-06,8,4,0
717872,2023-06-06,4,1,0
717867,2023-06-06,2,2,
717868,2023-06-06,2,6,1
717869,2023-06-06,8,2,0
717861,2023-06-06,4,6,1
717864,2023-06-06,1,1,
717865,2023-06-07,7,3,0
717863,2023-06-07,0,8,1
717860,2023-06-07,1,3,1
717859,2023-06-07,0,1,1
717866,2023-06-07,3,2,0
717856,2023-06-07,2,1,0
717858,2023-06-07,2,5,1
717853,2023-06-07,6,6,
717850,2023-06-07,4,3,0
717851,2023-06-07,0,6,1
717854,2023-06-07,0,0,
717852,2023-06-07,0,3,1
717855,2023-06-07,2,2,
717844,2023-06-08,6,0,0
717845,2023-06-08,1,3,1
717849,2023-06-08,0,3,1
717846,2023-06-08,1,4,1
717848,2023-06-08,4,5,1
717857,2023-06-08,0,3,1
717862,2023-06-08,0,0,
717843,2023-06-08,2,3,1
717842,2023-06-08,1,3,1
717840,2023-06-08,9,6,0
717838,2023-06-08,1,2,1
717834,2023-06-09,2,1,0
717827,2023-06-09,1,4,1
717839,2023-06-09,1,3,1
717836,2023-06-09,2,10,1
717837,2023-06-09,1,4,1
717841,2023-06-09,1,0,0
717835,2023-06-09,2,1,0
717833,2023-06-09,5,4,0
717829,2023-06-09,1,1,
717828,2023-06-09,1,1,
717831,2023-06-09,5,2,0
717832,2023-06-09,0,5,1
717830,2023-06-09,7,1,0
717824,2023-06-09,3,3,
717823,2023-06-09,0,1,1
717821,2023-06-10,5,0,0
717820,2023-06-10,0,1,1
717817,2023-06-10,5,0,0
717822,2023-06-10,0,3,1
717819,2023-06-10,1,2,1
717818,2023-06-10,1,4,1
717812,2023-06-10,1,1,
717811,2023-06-10,3,0,0
717813,2023-06-10,6,4,0
717816,2023-06-10,3,5,1
717814,2023-06-10,1,0,0
717815,2023-06-10,5,1,0
717826,2023-06-10,4,0,0
717825,2023-06-10,0,1,1
717809,2023-06-10,5,2,0
717804,2023-06-11,2,5,1
717802,2023-06-11,0,4,1
717808,2023-06-11,3,7,1
717803,2023-06-11,1,2,1
717806,2023-06-11,0,3,1
717807,2023-06-11,1,2,1
717805,2023-06-11,6,4,0
717801,2023-06-11,3,7,1
717795,2023-06-11,1,0,0
717800,2023-06-11,4,2,0
717797,2023-06-11,2,3,1
717798,2023-06-11,3,1,0
717796,2023-06-11,2,8,1
717799,2023-06-11,3,7,1
717810,2023-06-11,1,2,1
717790,2023-06-12,3,0,0
717794,2023-06-12,1,0,0
717791,2023-06-12,2,1,0
717792,2023-06-12,4,5,1
717793,2023-06-12,1,3,1
717789,2023-06-12,0,4,1
717785,2023-06-12,5,5,
717786,2023-06-12,1,7,1
717787,2023-06-13,2,10,1
717788,2023-06-13,4,3,0
717779,2023-06-13,6,6,
717783,2023-06-13,3,2,0
717781,2023-06-13,6,2,0
717782,2023-06-13,2,3,1
717780,2023-06-13,1,3,1
717777,2023-06-13,5,4,0
717778,2023-06-13,0,2,1
717772,2023-06-13,2,6,1
717774,2023-06-13,1,0,0
717775,2023-06-13,7,0,0
717773,2023-06-13,0,5,1
717776,2023-06-13,0,4,1
717770,2023-06-14,7,5,0
717784,2023-06-14,5,5,
717771,2023-06-14,2,4,1
717767,2023-06-14,2,5,1
717769,2023-06-14,0,0,
717768,2023-06-14,0,1,1
717766,2023-06-14,0,1,1
717763,2023-06-14,5,1,0
717765,2023-06-14,1,1,
717764,2023-06-14,7,1,0
717762,2023-06-14,1,4,1
717758,2023-06-14,0,2,1
717761,2023-06-14,4,3,0
717757,2023-06-14,2,0,0
717759,2023-06-14,1,0,0
717760,2023-06-14,2,0,0
717753,2023-06-15,2,2,
717756,2023-06-15,3,3,
717755,2023-06-15,5,4,0
717752,2023-06-15,5,4,0
717754,2023-06-15,3,7,1
717747,2023-06-15,2,6,1
717751,2023-06-15,2,2,
717746,2023-06-15,0,0,
717750,2023-06-15,7,6,0
717748,2023-06-15,4,0,0
717744,2023-06-16,2,3,1
717749,2023-06-16,5,5,
717743,2023-06-16,1,5,1
717742,2023-06-16,1,13,1
717745,2023-06-16,0,8,1
717741,2023-06-16,2,1,0
717737,2023-06-16,0,0,
717736,2023-06-16,1,0,0
717738,2023-06-16,6,1,0
717740,2023-06-16,1,4,1
717739,2023-06-16,1,2,1
717732,2023-06-16,6,0,0
717735,2023-06-16,4,1,0
717731,2023-06-16,0,4,1
717733,2023-06-16,1,1,
717728,2023-06-17,0,2,1
717729,2023-06-17,2,3,1
717723,2023-06-17,2,3,1
717734,2023-06-17,1,1,
717725,2023-06-17,0,1,1
717727,2023-06-17,5,1,0
717726,2023-06-17,4,2,0
717718,2023-06-17,4,3,0
717724,2023-06-17,1,10,1
717722,2023-06-17,2,3,1
717720,2023-06-17,0,4,1
717717,2023-06-17,0,2,1
717721,2023-06-17,4,0,0
717719,2023-06-17,2,2,
717708,2023-06-18,2,3,1
717716,2023-06-18,5,10,1
717714,2023-06-18,4,2,0
717730,2023-06-18,2,2,
717715,2023-06-18,1,4,1
717713,2023-06-18,7,7,
717707,2023-06-18,2,5,1
717712,2023-06-18,4,2,0
717711,2023-06-18,6,1,0
717710,2023-06-18,2,1,0
717709,2023-06-18,6,8,1
717705,2023-06-18,2,0,0
717706,2023-06-18,12,3,0
717702,2023-06-18,3,2,0
717703,2023-06-18,2,5,1
717704,2023-06-18,0,2,1
717699,2023-06-19,6,5,0
717692,2023-06-19,4,1,0
717700,2023-06-19,0,5,1
717698,2023-06-19,3,0,0
717701,2023-06-19,1,3,1
717693,2023-06-19,3,3,
717694,2023-06-19,5,0,0
717695,2023-06-19,3,0,0
717696,2023-06-19,7,1,0
717697,2023-06-19,4,1,0
717681,2023-06-20,0,0,
717687,2023-06-20,7,2,0
717689,2023-06-20,0,1,1
717690,2023-06-20,0,0,
717686,2023-06-20,2,0,0
717691,2023-06-20,4,1,0
717684,2023-06-20,0,3,1
717685,2023-06-20,2,7,1
717679,2023-06-20,1,0,0
717683,2023-06-20,2,0,0
717682,2023-06-20,0,3,1
717675,2023-06-20,2,4,1
717680,2023-06-20,4,3,0
717688,2023-06-20,3,1,0
717678,2023-06-20,0,0,
717677,2023-06-21,1,4,1
717676,2023-06-21,5,2,0
717669,2023-06-21,3,3,
717671,2023-06-21,3,1,0
717668,2023-06-21,2,5,1
717670,2023-06-21,6,9,1
717672,2023-06-21,0,1,1
717673,2023-06-21,0,1,1
717666,2023-06-21,0,3,1
717663,2023-06-21,4,4,
717665,2023-06-21,3,3,
717667,2023-06-21,6,1,0
717662,2023-06-21,1,0,0
717674,2023-06-21,0,4,1
717847,2023-06-22,2,1,0
717657,2023-06-22,0,0,
717660,2023-06-22,1,2,1
717658,2023-06-22,0,6,1
717661,2023-06-22,10,0,0
717659,2023-06-22,2,2,
717654,2023-06-22,2,1,0
717652,2023-06-22,10,0,0
717649,2023-06-23,3,8,1
717647,2023-06-23,3,0,0
717650,2023-06-23,7,9,1
717653,2023-06-23,0,1,1
717651,2023-06-23,6,0,0
717656,2023-06-23,1,2,1
717655,2023-06-23,1,1,
717646,2023-06-23,4,4,
717648,2023-06-23,1,0,0
717645,2023-06-23,3,1,0
717644,2023-06-23,4,2,0
717642,2023-06-23,0,7,1
717643,2023-06-23,2,3,1
717641,2023-06-23,4,8,1
717637,2023-06-24,7,0,0
717628,2023-06-24,2,3,1
717639,2023-06-24,5,5,
717635,2023-06-24,2,2,
717636,2023-06-24,0,1,1
717634,2023-06-24,2,5,1
717632,2023-06-24,7,4,0
717631,2023-06-24,6,4,0
717629,2023-06-24,1,2,1
717630,2023-06-24,0,2,1
717625,2023-06-24,2,1,0
717626,2023-06-24,6,3,0
717633,2023-06-24,0,3,1
717638,2023-06-24,2,0,0
717640,2023-06-24,23,0,0
717623,2023-06-25,4,7,1
717621,2023-06-25,2,3,1
717627,2023-06-25,2,3,1
717624,2023-06-25,4,3,0
717622,2023-06-25,3,2,0
717617,2023-06-25,0,4,1
717619,2023-06-25,1,1,
717618,2023-06-25,3,3,
717620,2023-06-25,0,1,1
717613,2023-06-25,4,1,0
717614,2023-06-25,1,3,1
717616,2023-06-25,0,3,1
717612,2023-06-25,2,0,0
717610,2023-06-25,1,1,
717615,2023-06-25,4,1,0
717611,2023-06-26,1,7,1
717607,2023-06-26,0,1,1
717609,2023-06-26,1,1,
717606,2023-06-26,4,2,0
717608,2023-06-26,1,1,
717602,2023-06-26,3,6,1
717601,2023-06-27,1,1,
717603,2023-06-27,3,6,1
717604,2023-06-27,1,0,0
717605,2023-06-27,6,1,0
717597,2023-06-27,0,4,1
717600,2023-06-27,2,6,1
717598,2023-06-27,2,4,1
717599,2023-06-27,2,0,0
717596,2023-06-27,5,0,0
717591,2023-06-27,0,0,
717594,2023-06-27,4,0,0
717592,2023-06-27,0,2,1
717590,2023-06-27,2,3,1
717593,2023-06-27,4,7,1
717595,2023-06-27,1,2,1
717588,2023-06-28,0,2,1
717587,2023-06-28,3,0,0
717589,2023-06-28,6,4,0
717585,2023-06-28,0,2,1
717586,2023-06-28,1,5,1
717583,2023-06-28,1,1,
717581,2023-06-28,2,2,
717582,2023-06-28,3,6,1
717580,2023-06-28,0,6,1
717584,2023-06-28,8,4,0
717577,2023-06-28,6,0,0
717578,2023-06-28,6,4,0
717576,2023-06-28,9,2,0
717575,2023-06-28,0,2,1
717579,2023-06-28,7,0,0
717571,2023-06-29,4,1,0
717570,2023-06-29,3,2,0
717573,2023-06-29,2,0,0
717574,2023-06-29,2,3,1
717568,2023-06-29,6,0,0
717560,2023-06-29,7,5,0
717569,2023-06-29,0,0,
717564,2023-06-29,0,0,
717565,2023-06-29,0,2,1
717566,2023-06-29,6,0,0
717567,2023-06-29,3,1,0
717572,2023-06-29,11,3,0
717559,2023-06-30,0,6,1
717557,2023-06-30,0,0,
717563,2023-06-30,2,1,0
717561,2023-06-30,8,0,0
717562,2023-06-30,4,3,0
717555,2023-06-30,1,0,0
717556,2023-06-30,2,3,1
717558,2023-06-30,3,11,1
717554,2023-06-30,2,3,1
717552,2023-06-30,3,5,1
717553,2023-06-30,5,2,0
717549,2023-06-30,5,0,0
717551,2023-06-30,1,5,1
717548,2023-06-30,3,4,1
717539,2023-07-01,1,1,
717545,2023-07-01,0,11,1
717550,2023-07-01,3,2,0
717547,2023-07-01,5,2,0
717542,2023-07-01,0,3,1
717541,2023-07-01,1,0,0
717543,2023-07-01,4,19,1
717540,2023-07-01,6,0,0
717538,2023-07-01,3,2,0
717535,2023-07-01,0,4,1
717536,2023-07-01,0,6,1
717546,2023-07-01,2,0,0
717537,2023-07-01,3,5,1
717534,2023-07-01,0,2,1
717544,2023-07-01,0,0,
717533,2023-07-01,0,1,1
717529,2023-07-02,1,0,0
717528,2023-07-02,5,3,0
717532,2023-07-02,2,4,1
717531,2023-07-02,3,2,0
717530,2023-07-02,2,3,1
717526,2023-07-02,0,2,1
717527,2023-07-02,1,7,1
717524,2023-07-02,0,2,1
717520,2023-07-02,0,1,1
717523,2023-07-02,8,4,0
717522,2023-07-02,2,4,1
717518,2023-07-02,5,3,0
717519,2023-07-02,6,5,0
717521,2023-07-02,6,1,0
717525,2023-07-02,1,5,1
717514,2023-07-03,10,9,0
717511,2023-07-03,6,3,0
717517,2023-07-03,3,1,0
717515,2023-07-03,2,2,
717513,2023-07-03,3,2,0
717512,2023-07-03,4,0,0
717510,2023-07-03,2,3,1
717505,2023-07-03,0,4,1
717516,2023-07-03,1,2,1
717506,2023-07-03,1,5,1
717507,2023-07-04,6,2,0
717508,2023-07-04,3,4,1
717502,2023-07-04,0,7,1
717501,2023-07-04,4,1,0
717500,2023-07-04,2,6,1
717504,2023-07-04,0,3,1
717498,2023-07-04,4,4,
717499,2023-07-04,1,0,0
717503,2023-07-04,4,1,0
717509,2023-07-04,3,0,0
717494,2023-07-04,0,0,
717497,2023-07-04,1,2,1
717495,2023-07-04,4,2,0
717496,2023-07-04,2,0,0
717492,2023-07-04,5,6,1
717489,2023-07-05,2,5,1
717485,2023-07-05,5,0,0
717491,2023-07-05,5,4,0
717488,2023-07-05,6,6,
717493,2023-07-05,5,1,0
717487,2023-07-05,0,2,1
717484,2023-07-05,0,3,1
717486,2023-07-05,5,0,0
717482,2023-07-05,0,3,1
717483,2023-07-05,1,1,
717478,2023-07-05,2,2,
717490,2023-07-05,0,2,1
717477,2023-07-05,0,0,
717479,2023-07-05,4,6,1
717481,2023-07-06,1,2,1
717476,2023-07-06,0,7,1
717474,2023-07-06,1,4,1
717468,2023-07-06,0,0,
717480,2023-07-06,3,4,1
717472,2023-07-06,1,1,
717473,2023-07-06,0,0,
717475,2023-07-06,13,0,0
717469,2023-07-06,1,1,
717471,2023-07-06,5,3,0
717467,2023-07-06,3,0,0
717470,2023-07-06,8,0,0
717462,2023-07-06,2,2,
717457,2023-07-07,7,1,0
717460,2023-07-07,2,1,0
717466,2023-07-07,0,3,1
717465,2023-07-07,4,1,0
717464,2023-07-07,2,0,0
717463,2023-07-07,0,3,1
717461,2023-07-07,1,5,1
717453,2023-07-07,9,1,0
717458,2023-07-07,0,0,
717455,2023-07-07,5,1,0
717459,2023-07-07,2,6,1
717452,2023-07-07,1,5,1
717454,2023-07-07,3,3,
717456,2023-07-07,3,5,1
717448,2023-07-07,2,0,0
717447,2023-07-08,1,6,1
717442,2023-07-08,0,2,1
717446,2023-07-08,6,1,0
717445,2023-07-08,2,0,0
717451,2023-07-08,2,5,1
717450,2023-07-08,2,8,1
717443,2023-07-08,1,6,1
717449,2023-07-08,1,9,1
717439,2023-07-08,0,0,
717438,2023-07-08,3,4,1
717444,2023-07-08,5,5,
717440,2023-07-08,2,2,
717441,2023-07-08,4,0,0
717437,2023-07-08,0,8,1
717436,2023-07-08,0,3,1
717432,2023-07-09,0,2,1
717435,2023-07-09,3,1,0
717433,2023-07-09,1,1,
717434,2023-07-09,1,1,
717431,2023-07-09,0,3,1
717429,2023-07-09,2,8,1
717426,2023-07-09,2,5,1
717430,2023-07-09,3,0,0
717428,2023-07-09,8,1,0
717424,2023-07-09,2,1,0
717427,2023-07-09,0,1,1
717422,2023-07-09,0,1,1
717425,2023-07-09,3,2,0
717423,2023-07-09,0,5,1
717418,2023-07-14,3,1,0
717416,2023-07-14,2,2,
717407,2023-07-14,4,4,
717417,2023-07-14,1,3,1
717420,2023-07-14,1,2,1
717413,2023-07-14,3,0,0
717412,2023-07-14,0,0,
717414,2023-07-14,0,4,1
717419,2023-07-14,5,2,0
717415,2023-07-14,4,2,0
717410,2023-07-14,2,4,1
717405,2023-07-14,4,4,
717409,2023-07-14,3,3,
717406,2023-07-14,3,2,0
717408,2023-07-15,3,0,0
717397,2023-07-15,2,4,1
717411,2023-07-15,2,1,0
717393,2023-07-15,1,2,1
717407,2023-07-15,4,4,
717403,2023-07-15,1,8,1
717404,2023-07-15,2,3,1
717402,2023-07-15,0,2,1
717398,2023-07-15,1,1,
717401,2023-07-15,5,4,0
717399,2023-07-15,7,6,0
717392,2023-07-15,2,0,0
717400,2023-07-15,1,1,
717396,2023-07-15,4,7,1
717395,2023-07-15,4,4,
717394,2023-07-15,6,1,0
717389,2023-07-15,4,3,0
717390,2023-07-15,6,0,0
717388,2023-07-16,3,1,0
717387,2023-07-16,3,1,0
717391,2023-07-16,6,1,0
717384,2023-07-16,0,5,1
717386,2023-07-16,2,3,1
717383,2023-07-16,2,3,1
717382,2023-07-16,0,7,1
717380,2023-07-16,1,4,1
717376,2023-07-16,6,0,0
717377,2023-07-16,3,2,0
717378,2023-07-16,0,1,1
717379,2023-07-16,2,3,1
717373,2023-07-16,0,2,1
717385,2023-07-16,0,1,1
717381,2023-07-16,1,3,1
717372,2023-07-17,1,4,1
717371,2023-07-17,3,0,0
717375,2023-07-17,1,1,
717374,2023-07-17,2,3,1
717370,2023-07-17,4,1,0
717367,2023-07-17,2,0,0
717368,2023-07-17,0,2,1
717369,2023-07-17,0,0,
717366,2023-07-17,2,0,0
717365,2023-07-17,2,4,1
717375,2023-07-18,1,1,
717363,2023-07-18,2,4,1
717361,2023-07-18,5,1,0
717364,2023-07-18,8,0,0
717362,2023-07-18,6,1,0
717359,2023-07-18,4,8,1
717358,2023-07-18,8,11,1
717357,2023-07-18,1,0,0
717353,2023-07-18,3,1,0
717354,2023-07-18,0,1,1
717356,2023-07-18,5,7,1
717355,2023-07-18,3,4,1
717352,2023-07-18,1,5,1
717349,2023-07-18,0,3,1
717350,2023-07-18,7,3,0
717360,2023-07-18,7,8,1
717348,2023-07-19,4,2,0
717343,2023-07-19,5,8,1
717346,2023-07-19,0,1,1
717351,2023-07-19,2,4,1
717345,2023-07-19,1,0,0
717344,2023-07-19,4,6,1
717347,2023-07-19,3,3,
717338,2023-07-19,2,0,0
717339,2023-07-19,0,6,1
717342,2023-07-19,1,3,1
717341,2023-07-19,0,5,1
717340,2023-07-19,3,1,0
717336,2023-07-19,1,2,1
717333,2023-07-19,1,2,1
717335,2023-07-19,3,0,0
717337,2023-07-20,0,0,
717334,2023-07-20,0,5,1
717329,2023-07-20,3,0,0
717331,2023-07-20,0,1,1
717330,2023-07-20,2,1,0
717332,2023-07-20,3,0,0
717327,2023-07-20,0,2,1
717328,2023-07-20,3,1,0
717322,2023-07-20,7,1,0
717323,2023-07-20,0,1,1
717325,2023-07-21,1,4,1
717317,2023-07-21,5,1,0
717320,2023-07-21,0,1,1
717319,2023-07-21,6,0,0
717326,2023-07-21,3,5,1
717318,2023-07-21,3,5,1
717321,2023-07-21,3,9,1
717324,2023-07-21,4,3,0
717315,2023-07-21,1,4,1
717316,2023-07-21,4,4,
717314,2023-07-21,2,7,1
717313,2023-07-21,6,2,0
717312,2023-07-21,4,8,1
717310,2023-07-21,5,4,0
717311,2023-07-21,1,0,0
717304,2023-07-22,2,2,
717306,2023-07-22,0,3,1
717324,2023-07-22,4,3,0
717308,2023-07-22,5,5,
717305,2023-07-22,10,3,0
717303,2023-07-22,0,0,
717300,2023-07-22,5,0,0
717301,2023-07-22,5,4,0
717299,2023-07-22,10,3,0
717307,2023-07-22,1,10,1
717309,2023-07-22,3,3,
717302,2023-07-22,0,0,
717293,2023-07-22,2,1,0
717296,2023-07-22,3,2,0
717295,2023-07-22,0,0,
717297,2023-07-22,2,0,0
717288,2023-07-23,0,3,1
717290,2023-07-23,0,6,1
717294,2023-07-23,1,5,1
717289,2023-07-23,3,3,
717291,2023-07-23,3,3,
717283,2023-07-23,3,3,
717292,2023-07-23,1,0,0
717285,2023-07-23,3,0,0
717287,2023-07-23,1,2,1
717286,2023-07-23,0,7,1
717284,2023-07-23,4,8,1
717279,2023-07-23,1,1,
717278,2023-07-23,1,6,1
717281,2023-07-23,2,2,
717298,2023-07-23,0,5,1
718558,2023-07-24,0,3,1
717280,2023-07-24,1,1,
717282,2023-07-24,2,0,0
717277,2023-07-24,2,0,0
717275,2023-07-24,1,2,1
717274,2023-07-24,6,6,
717273,2023-07-24,2,1,0
717276,2023-07-24,8,3,0
717268,2023-07-24,5,2,0
717271,2023-07-24,2,2,
717265,2023-07-25,4,2,0
717267,2023-07-25,2,1,0
717270,2023-07-25,1,3,1
717269,2023-07-25,4,1,0
717266,2023-07-25,4,0,0
717260,2023-07-25,1,4,1
717261,2023-07-25,1,5,1
717264,2023-07-25,2,5,1
717255,2023-07-25,0,2,1
717263,2023-07-25,5,1,0
717262,2023-07-25,2,0,0
717258,2023-07-25,1,2,1
717259,2023-07-25,1,0,0
717272,2023-07-25,0,1,1
717256,2023-07-25,3,2,0
717257,2023-07-26,3,1,0
717252,2023-07-26,6,1,0
717249,2023-07-26,1,7,1
717250,2023-07-26,7,3,0
717254,2023-07-26,0,0,
717244,2023-07-26,2,2,
717246,2023-07-26,2,1,0
717253,2023-07-26,5,0,0
717245,2023-07-26,3,4,1
717248,2023-07-26,1,3,1
717242,2023-07-26,0,0,
717239,2023-07-26,13,3,0
717240,2023-07-26,8,7,0
717251,2023-07-26,3,3,
717243,2023-07-27,3,0,0
717247,2023-07-27,7,2,0
717241,2023-07-27,0,0,
717238,2023-07-27,6,1,0
717233,2023-07-27,4,3,0
717236,2023-07-28,1,4,1
717234,2023-07-28,2,1,0
717237,2023-07-28,0,0,
717235,2023-07-28,1,2,1
717230,2023-07-28,0,3,1
717228,2023-07-28,0,1,1
717231,2023-07-28,4,6,1
717229,2023-07-28,3,3,
717232,2023-07-28,2,1,0
717226,2023-07-28,1,2,1
717227,2023-07-28,7,1,0
717223,2023-07-28,4,0,0
717224,2023-07-28,0,3,1
717225,2023-07-28,3,2,0
717220,2023-07-28,2,0,0
717222,2023-07-29,1,2,1
717218,2023-07-29,3,0,0
717216,2023-07-29,4,7,1
717215,2023-07-29,8,4,0
717207,2023-07-29,3,6,1
717217,2023-07-29,0,3,1
717221,2023-07-29,0,1,1
717213,2023-07-29,4,1,0
717214,2023-07-29,0,8,1
717219,2023-07-29,4,3,0
717211,2023-07-29,1,9,1
717212,2023-07-29,6,2,0
717210,2023-07-29,3,3,
717209,2023-07-29,0,4,1
717205,2023-07-29,0,2,1
717201,2023-07-30,1,1,
717208,2023-07-30,2,0,0
717206,2023-07-30,3,5,1
717203,2023-07-30,1,5,1
717202,2023-07-30,4,4,
717196,2023-07-30,6,2,0
717198,2023-07-30,1,2,1
717204,2023-07-30,3,0,0
717195,2023-07-30,0,3,1
717199,2023-07-30,0,2,1
717197,2023-07-30,0,2,1
717194,2023-07-30,7,0,0
717193,2023-07-30,3,0,0
717191,2023-07-30,1,4,1
717200,2023-07-30,3,9,1
717189,2023-07-31,2,2,
717185,2023-07-31,5,1,0
717192,2023-07-31,1,2,1
717186,2023-07-31,4,1,0
717187,2023-07-31,2,1,0
717188,2023-07-31,6,4,0
717184,2023-07-31,2,0,0
717179,2023-07-31,1,2,1
717181,2023-07-31,1,1,
717190,2023-07-31,0,2,1
717182,2023-08-01,0,1,1
717178,2023-08-01,0,4,1
717175,2023-08-01,5,0,0
717183,2023-08-01,5,3,0
717177,2023-08-01,3,3,
717176,2023-08-01,1,2,1
717174,2023-08-01,1,0,0
717173,2023-08-01,3,13,1
717168,2023-08-01,0,1,1
717172,2023-08-01,0,2,1
717170,2023-08-01,1,1,
717169,2023-08-01,5,1,0
717167,2023-08-01,5,3,0
717180,2023-08-01,1,0,0
717171,2023-08-01,0,4,1
717165,2023-08-02,1,9,1
717166,2023-08-02,4,2,0
717162,2023-08-02,1,1,
717163,2023-08-02,2,2,
717158,2023-08-02,3,1,0
717161,2023-08-02,3,0,0
717159,2023-08-02,2,0,0
717160,2023-08-02,2,5,1
717157,2023-08-02,1,1,
717155,2023-08-02,0,7,1
717153,2023-08-02,5,5,
717152,2023-08-02,0,9,1
717156,2023-08-02,0,3,1
717164,2023-08-02,2,2,
717154,2023-08-02,1,8,1
717147,2023-08-03,2,1,0
717149,2023-08-03,3,4,1
717148,2023-08-03,0,3,1
717150,2023-08-03,3,0,0
717151,2023-08-03,0,1,1
717142,2023-08-03,2,3,1
717143,2023-08-03,1,8,1
717145,2023-08-03,4,1,0
717146,2023-08-03,2,4,1
717144,2023-08-03,0,0,
717137,2023-08-03,0,2,1
717141,2023-08-04,7,0,0
717139,2023-08-04,0,3,1
717135,2023-08-04,4,0,0
717134,2023-08-04,0,2,1
717140,2023-08-04,2,4,1
717138,2023-08-04,5,2,0
717136,2023-08-04,4,2,0
717132,2023-08-04,2,4,1
717133,2023-08-04,2,3,1
717128,2023-08-04,2,1,0
717131,2023-08-04,6,3,0
717127,2023-08-04,8,3,0
717130,2023-08-04,7,7,
717129,2023-08-04,1,2,1
717126,2023-08-05,1,2,1
717122,2023-08-05,1,3,1
717121,2023-08-05,2,7,1
717124,2023-08-05,5,7,1
717120,2023-08-05,5,0,0
717125,2023-08-05,3,3,
717123,2023-08-05,6,5,0
717114,2023-08-05,2,5,1
717117,2023-08-05,0,1,1
717118,2023-08-05,1,9,1
717115,2023-08-05,3,0,0
717116,2023-08-05,2,1,0
717119,2023-08-05,1,4,1
717112,2023-08-05,3,1,0
717109,2023-08-05,2,1,0
717108,2023-08-06,2,3,1
717107,2023-08-06,0,1,1
717111,2023-08-06,11,1,0
717113,2023-08-06,4,7,1
717110,2023-08-06,5,5,
717104,2023-08-06,5,3,0
717103,2023-08-06,6,3,0
717106,2023-08-06,1,0,0
717105,2023-08-06,2,0,0
717099,2023-08-06,1,0,0
717098,2023-08-06,3,5,1
717102,2023-08-06,0,4,1
717101,2023-08-06,1,1,
717100,2023-08-06,6,4,0
717093,2023-08-06,6,1,0
717094,2023-08-07,8,5,0
717091,2023-08-07,8,0,0
717097,2023-08-07,1,4,1
717095,2023-08-07,5,7,1
717089,2023-08-07,0,2,1
717092,2023-08-07,2,5,1
717087,2023-08-07,0,0,
717088,2023-08-07,0,2,1
717086,2023-08-07,1,5,1
717090,2023-08-07,1,0,0
717081,2023-08-07,2,3,1
717082,2023-08-08,3,6,1
717096,2023-08-08,2,4,1
717085,2023-08-08,1,0,0
717076,2023-08-08,0,3,1
717083,2023-08-08,1,2,1
717084,2023-08-08,2,6,1
717079,2023-08-08,3,6,1
717077,2023-08-08,3,2,0
717080,2023-08-08,2,2,
717074,2023-08-08,0,1,1
717075,2023-08-08,4,1,0
717078,2023-08-08,1,1,
717068,2023-08-08,3,5,1
717073,2023-08-08,4,0,0
717072,2023-08-08,0,1,1
717069,2023-08-08,4,1,0
717070,2023-08-09,1,3,1
717065,2023-08-09,4,5,1
717063,2023-08-09,0,1,1
717064,2023-08-09,5,3,0
717061,2023-08-09,3,5,1
717066,2023-08-09,0,6,1
717067,2023-08-09,3,2,0
717058,2023-08-09,4,4,
717059,2023-08-09,2,4,1
717062,2023-08-09,2,2,
717060,2023-08-09,1,0,0
717054,2023-08-09,1,5,1
717071,2023-08-09,1,0,0
717057,2023-08-09,0,0,
717055,2023-08-09,1,1,
717053,2023-08-10,1,2,1
717056,2023-08-10,4,3,0
717052,2023-08-10,1,4,1
717050,2023-08-10,0,0,
717048,2023-08-10,2,0,0
717049,2023-08-10,0,0,
717051,2023-08-10,0,2,1
717045,2023-08-10,1,0,0
717038,2023-08-11,2,3,1
717047,2023-08-11,7,3,0
717043,2023-08-11,2,4,1
717046,2023-08-11,6,0,0
717044,2023-08-11,2,9,1
717041,2023-08-11,6,1,0
717042,2023-08-11,2,4,1
717040,2023-08-11,5,0,0
717037,2023-08-11,2,10,1
717039,2023-08-11,5,9,1
717036,2023-08-11,4,5,1
717035,2023-08-11,6,1,0
717032,2023-08-11,1,2,1
717034,2023-08-11,1,8,1
717031,2023-08-11,0,0,
718371,2023-08-12,5,0,0
717021,2023-08-12,1,0,0
717026,2023-08-12,4,3,0
717033,2023-08-12,4,1,0
717024,2023-08-12,1,1,
717025,2023-08-12,0,3,1
717028,2023-08-12,3,0,0
717030,2023-08-12,1,1,
717019,2023-08-12,4,2,0
717022,2023-08-12,1,7,1
717023,2023-08-12,0,1,1
717020,2023-08-12,0,3,1
717029,2023-08-12,6,2,0
717017,2023-08-12,1,3,1
717018,2023-08-12,0,0,
717014,2023-08-13,2,6,1
717016,2023-08-13,5,1,0
717015,2023-08-13,2,1,0
717027,2023-08-13,3,4,1
717009,2023-08-13,2,0,0
717012,2023-08-13,2,8,1
717010,2023-08-13,9,1,0
717011,2023-08-13,6,1,0
717004,2023-08-13,1,0,0
717006,2023-08-13,2,0,0
717008,2023-08-13,0,1,1
717007,2023-08-13,3,4,1
717003,2023-08-13,3,2,0
717005,2023-08-13,1,2,1
717013,2023-08-13,3,7,1
717000,2023-08-14,0,2,1
717002,2023-08-14,2,6,1
717001,2023-08-14,2,8,1
716995,2023-08-14,2,3,1
716997,2023-08-14,0,5,1
716994,2023-08-14,0,4,1
716998,2023-08-14,2,1,0
716996,2023-08-14,4,0,0
716999,2023-08-14,5,1,0
716992,2023-08-15,2,0,0
716991,2023-08-15,4,5,1
716993,2023-08-15,5,4,0
716990,2023-08-15,0,0,
716988,2023-08-15,1,1,
716987,2023-08-15,0,5,1
716983,2023-08-15,2,0,0
716984,2023-08-15,0,5,1
716985,2023-08-15,1,4,1
716986,2023-08-15,3,3,
716981,2023-08-15,7,5,0
716978,2023-08-15,2,1,0
716980,2023-08-15,0,10,1
716989,2023-08-15,0,0,
716979,2023-08-15,1,1,
716974,2023-08-16,2,6,1
716976,2023-08-16,3,4,1
716977,2023-08-16,2,3,1
716975,2023-08-16,5,0,0
716973,2023-08-16,2,6,1
716972,2023-08-16,6,5,0
716969,2023-08-16,6,0,0
716982,2023-08-16,0,2,1
716967,2023-08-16,5,4,0
716970,2023-08-16,0,2,1
716971,2023-08-16,1,0,0
716968,2023-08-16,3,0,0
716963,2023-08-16,4,3,0
716965,2023-08-16,1,3,1
716962,2023-08-16,1,4,1
716964,2023-08-17,1,1,
716966,2023-08-17,1,6,1
716958,2023-08-17,3,0,0
716957,2023-08-17,3,1,0
716961,2023-08-17,0,0,
716955,2023-08-18,2,3,1
716956,2023-08-18,3,1,0
716959,2023-08-18,1,0,0
716954,2023-08-18,0,0,
716960,2023-08-18,6,7,1
716953,2023-08-18,7,1,0
716949,2023-08-18,0,3,1
716950,2023-08-18,3,3,
716948,2023-08-18,1,0,0
716951,2023-08-18,0,2,1
716952,2023-08-18,2,0,0
716947,2023-08-18,1,9,1
716945,2023-08-18,5,5,
716944,2023-08-18,9,4,0
716942,2023-08-18,0,0,
716946,2023-08-18,11,3,0
716943,2023-08-19,6,0,0
716937,2023-08-19,1,6,1
716909,2023-08-19,1,0,0
716926,2023-08-19,1,3,1
716919,2023-08-19,5,3,0
716931,2023-08-19,3,1,0
716941,2023-08-19,0,2,1
716938,2023-08-19,2,1,0
716915,2023-08-19,5,7,1
716925,2023-08-19,6,1,0
716935,2023-08-19,4,3,0
716939,2023-08-19,3,2,0
716932,2023-08-19,6,2,0
716936,2023-08-19,0,2,1
716940,2023-08-19,7,1,0
716934,2023-08-19,4,4,
716933,2023-08-19,4,7,1
716930,2023-08-19,2,1,0
716920,2023-08-20,7,5,0
716927,2023-08-20,3,2,0
716928,2023-08-20,1,1,
716922,2023-08-20,2,1,0
716924,2023-08-20,9,2,0
716923,2023-08-20,0,1,1
716921,2023-08-20,2,3,1
716917,2023-08-20,1,3,1
716918,2023-08-20,3,1,0
716916,2023-08-20,2,5,1
716914,2023-08-20,7,0,0
716929,2023-08-20,0,4,1
716913,2023-08-21,4,0,0
716911,2023-08-21,2,6,1
716912,2023-08-21,1,8,1
716910,2023-08-21,7,4,0
716908,2023-08-21,3,7,1
716905,2023-08-21,7,1,0
716904,2023-08-21,1,3,1
716906,2023-08-21,0,0,
716907,2023-08-21,0,6,1
716896,2023-08-22,6,7,1
716898,2023-08-22,2,3,1
716899,2023-08-22,3,2,0
716901,2023-08-22,1,6,1
716902,2023-08-22,3,3,
716900,2023-08-22,1,1,
716897,2023-08-22,3,2,0
716891,2023-08-22,0,3,1
716895,2023-08-22,0,3,1
716893,2023-08-22,4,1,0
716894,2023-08-22,3,2,0
716892,2023-08-22,4,3,0
716888,2023-08-22,4,5,1
716889,2023-08-22,0,5,1
716887,2023-08-22,3,0,0
716886,2023-08-23,5,2,0
716885,2023-08-23,4,0,0
716881,2023-08-23,0,1,1
716882,2023-08-23,5,3,0
716884,2023-08-23,4,0,0
716879,2023-08-23,4,0,0
716890,2023-08-23,4,3,0
716903,2023-08-23,4,3,0
716883,2023-08-23,0,1,1
716880,2023-08-23,1,2,1
716874,2023-08-23,0,2,1
716877,2023-08-23,0,6,1
716875,2023-08-23,4,1,0
716876,2023-08-23,0,1,1
716878,2023-08-23,4,4,
716875,2023-08-24,4,1,0
716872,2023-08-24,1,3,1
716869,2023-08-24,3,2,0
716873,2023-08-24,11,1,0
716871,2023-08-24,7,2,0
716870,2023-08-24,3,3,
716865,2023-08-24,2,5,1
716867,2023-08-24,5,3,0
716864,2023-08-24,3,5,1
716868,2023-08-24,0,0,
716858,2023-08-25,1,0,0
716863,2023-08-25,1,0,0
716854,2023-08-25,1,0,0
716859,2023-08-25,4,2,0
716862,2023-08-25,0,2,1
716861,2023-08-25,2,4,1
716860,2023-08-25,3,1,0
716866,2023-08-25,0,3,1
716855,2023-08-25,2,1,0
716856,2023-08-25,9,4,0
716850,2023-08-25,1,4,1
716857,2023-08-25,1,5,1
716851,2023-08-25,1,5,1
716853,2023-08-25,3,6,1
716852,2023-08-25,3,0,0
716846,2023-08-26,2,5,1
716848,2023-08-26,3,2,0
716849,2023-08-26,4,2,0
716832,2023-08-26,1,11,1
716844,2023-08-26,1,0,0
716845,2023-08-26,0,3,1
716843,2023-08-26,4,2,0
716837,2023-08-26,2,1,0
716840,2023-08-26,5,2,0
716841,2023-08-26,0,6,1
716838,2023-08-26,1,5,1
716842,2023-08-26,8,1,0
716839,2023-08-26,1,1,
716847,2023-08-26,1,4,1
716833,2023-08-26,0,4,1
716829,2023-08-27,0,1,1
716836,2023-08-27,2,1,0
716831,2023-08-27,2,0,0
716834,2023-08-27,6,1,0
716835,2023-08-27,0,2,1
716825,2023-08-27,4,3,0
716830,2023-08-27,3,0,0
716827,2023-08-27,1,2,1
716828,2023-08-27,4,2,0
716824,2023-08-27,5,0,0
716826,2023-08-27,0,3,1
716822,2023-08-27,4,2,0
716821,2023-08-27,0,1,1
716820,2023-08-27,0,3,1
716819,2023-08-27,3,6,1
716817,2023-08-28,3,5,1
716808,2023-08-28,1,0,0
716815,2023-08-28,0,4,1
716816,2023-08-28,3,6,1
716814,2023-08-28,3,4,1
716818,2023-08-28,0,3,1
716813,2023-08-28,6,10,1
716809,2023-08-28,0,0,
716810,2023-08-28,5,2,0
716811,2023-08-28,2,0,0
716812,2023-08-28,4,4,
716804,2023-08-28,0,6,1
716823,2023-08-28,0,3,1
716805,2023-08-28,4,3,0
716806,2023-08-29,4,2,0
716807,2023-08-29,1,2,1
716795,2023-08-29,2,0,0
716800,2023-08-29,1,1,
716801,2023-08-29,5,1,0
716802,2023-08-29,3,1,0
716799,2023-08-29,0,0,
716796,2023-08-29,3,1,0
716797,2023-08-29,3,2,0
716798,2023-08-29,0,1,1
716793,2023-08-29,0,1,1
716791,2023-08-29,3,1,0
716790,2023-08-29,3,1,0
716803,2023-08-29,0,5,1
716792,2023-08-29,1,7,1
716787,2023-08-30,5,3,0
716786,2023-08-30,7,5,0
716784,2023-08-30,0,2,1
716782,2023-08-30,3,3,
716779,2023-08-30,1,2,1
716785,2023-08-30,0,4,1
716789,2023-08-30,0,0,
716794,2023-08-30,7,0,0
716788,2023-08-30,3,3,
716783,2023-08-30,1,3,1
716778,2023-08-30,0,0,
716781,2023-08-30,6,1,0
716780,2023-08-30,3,1,0
716773,2023-08-30,3,1,0
716774,2023-08-30,0,6,1
716775,2023-08-31,0,3,1
716776,2023-08-31,5,1,0
716777,2023-08-31,7,0,0
716768,2023-08-31,7,4,0
718700,2023-09-01,1,1,
716770,2023-09-01,2,1,0
716771,2023-09-01,3,3,
716769,2023-09-01,1,0,0
716767,2023-09-01,2,1,0
716772,2023-09-01,0,1,1
716764,2023-09-01,0,7,1
716762,2023-09-01,2,1,0
716763,2023-09-01,6,2,0
716765,2023-09-01,1,3,1
716766,2023-09-01,1,0,0
716759,2023-09-01,2,2,
716756,2023-09-01,1,2,1
716758,2023-09-01,0,5,1
716761,2023-09-01,2,6,1
716757,2023-09-01,5,0,0
716760,2023-09-02,9,2,0
716755,2023-09-02,1,2,1
716754,2023-09-02,4,4,
716753,2023-09-02,0,0,
716750,2023-09-02,8,1,0
716751,2023-09-02,4,3,0
716749,2023-09-02,8,0,0
716746,2023-09-02,5,4,0
716744,2023-09-02,3,4,1
716752,2023-09-02,6,5,0
716745,2023-09-02,2,7,1
716747,2023-09-02,6,2,0
716748,2023-09-02,5,8,1
716743,2023-09-02,0,3,1
716741,2023-09-02,1,1,
716738,2023-09-03,3,4,1
716736,2023-09-03,0,2,1
716740,2023-09-03,3,4,1
716742,2023-09-03,3,5,1
716739,2023-09-03,3,0,0
716734,2023-09-03,2,2,
716733,2023-09-03,3,5,1
716737,2023-09-03,3,3,
716730,2023-09-03,5,5,
716731,2023-09-03,3,0,0
716732,2023-09-03,4,4,
716728,2023-09-03,0,4,1
716729,2023-09-03,2,2,
716725,2023-09-03,0,2,1
716735,2023-09-03,0,1,1
716681,2023-09-04,0,12,1
716723,2023-09-04,0,1,1
716724,2023-09-04,3,4,1
716726,2023-09-04,3,1,0
716721,2023-09-04,1,4,1
716727,2023-09-04,2,5,1
716722,2023-09-04,1,3,1
716719,2023-09-04,9,1,0
716718,2023-09-04,2,4,1
716720,2023-09-04,9,4,0
716713,2023-09-04,3,2,0
716717,2023-09-05,2,3,1
716714,2023-09-05,7,0,0
716712,2023-09-05,5,1,0
716716,2023-09-05,2,5,1
716710,2023-09-05,2,3,1
716715,2023-09-05,9,1,0
716711,2023-09-05,0,1,1
716709,2023-09-05,6,1,0
716708,2023-09-05,3,4,1
716704,2023-09-05,6,4,0
716705,2023-09-05,9,1,0
716706,2023-09-05,2,0,0
716702,2023-09-05,3,2,0
716707,2023-09-05,0,0,
716703,2023-09-05,0,3,1
716697,2023-09-06,3,1,0
716700,2023-09-06,1,2,1
716699,2023-09-06,0,6,1
716698,2023-09-06,1,2,1
716692,2023-09-06,5,10,1
716691,2023-09-06,5,0,0
716693,2023-09-06,7,2,0
716696,2023-09-06,1,3,1
716695,2023-09-06,1,9,1
716701,2023-09-06,2,0,0
716694,2023-09-06,1,4,1
716689,2023-09-06,6,2,0
716688,2023-09-06,1,2,1
716687,2023-09-06,8,2,0
716690,2023-09-06,5,2,0
716683,2023-09-07,1,0,0
716682,2023-09-07,3,0,0
716686,2023-09-07,8,3,0
716680,2023-09-07,3,4,1
716685,2023-09-07,3,1,0
716684,2023-09-07,0,0,
716678,2023-09-08,0,0,
716677,2023-09-08,6,4,0
716671,2023-09-08,4,2,0
716675,2023-09-08,0,0,
716676,2023-09-08,4,5,1
716679,2023-09-08,0,2,1
716670,2023-09-08,2,2,
716673,2023-09-08,1,0,0
716672,2023-09-08,1,0,0
716674,2023-09-08,0,8,1
716665,2023-09-08,3,3,
716669,2023-09-08,6,1,0
716666,2023-09-08,2,2,
716667,2023-09-08,2,1,0
716668,2023-09-08,3,0,0
716659,2023-09-09,2,2,
716654,2023-09-09,2,3,1
716660,2023-09-09,1,1,
716661,2023-09-09,1,3,1
716662,2023-09-09,1,3,1
716656,2023-09-09,4,3,0
716664,2023-09-09,7,6,0
716653,2023-09-09,4,8,1
716658,2023-09-09,0,1,1
716655,2023-09-09,4,3,0
716657,2023-09-09,0,0,
716649,2023-09-09,4,7,1
716651,2023-09-09,6,3,0
716663,2023-09-09,0,6,1
716650,2023-09-09,2,4,1
716643,2023-09-10,0,3,1
716645,2023-09-10,3,5,1
716648,2023-09-10,1,3,1
716652,2023-09-10,3,4,1
716647,2023-09-10,6,2,0
716644,2023-09-10,0,0,
716646,2023-09-10,0,0,
716641,2023-09-10,0,0,
716642,2023-09-10,1,2,1
716640,2023-09-10,0,4,1
716639,2023-09-10,0,0,
716638,2023-09-10,1,5,1
716637,2023-09-10,4,5,1
716633,2023-09-10,1,2,1
716634,2023-09-10,3,6,1
717664,2023-09-11,5,4,0
716590,2023-09-11,3,7,1
716635,2023-09-11,4,1,0
716636,2023-09-11,5,8,1
716630,2023-09-11,3,2,0
716627,2023-09-11,2,3,1
716629,2023-09-11,5,1,0
716626,2023-09-11,0,6,1
716624,2023-09-11,2,0,0
716625,2023-09-11,2,1,0
716623,2023-09-11,3,3,
716632,2023-09-11,2,3,1
716622,2023-09-11,4,7,1
716628,2023-09-12,0,2,1
716612,2023-09-12,1,1,
716611,2023-09-12,1,5,1
716631,2023-09-12,9,1,0
716620,2023-09-12,1,4,1
716621,2023-09-12,3,2,0
716617,2023-09-12,5,5,
716618,2023-09-12,6,1,0
716616,2023-09-12,2,0,0
716615,2023-09-12,1,6,1
716613,2023-09-12,2,1,0
716610,2023-09-12,1,2,1
716614,2023-09-12,5,2,0
716609,2023-09-12,2,4,1
716606,2023-09-12,0,8,1
716619,2023-09-12,1,1,
716608,2023-09-12,2,7,1
716607,2023-09-13,4,4,
716599,2023-09-13,3,5,1
716605,2023-09-13,5,1,0
716602,2023-09-13,2,3,1
716600,2023-09-13,2,7,1
716604,2023-09-13,1,0,0
716601,2023-09-13,4,3,0
716603,2023-09-13,4,1,0
716594,2023-09-13,6,0,0
716595,2023-09-13,0,4,1
716596,2023-09-13,0,5,1
716598,2023-09-13,2,0,0
716592,2023-09-13,1,0,0
716589,2023-09-13,4,0,0
716591,2023-09-14,0,2,1
716584,2023-09-14,0,3,1
716597,2023-09-14,0,1,1
716593,2023-09-14,5,4,0
716585,2023-09-14,2,3,1
716588,2023-09-14,0,7,1
716587,2023-09-14,4,2,0
716586,2023-09-14,3,3,
716580,2023-09-14,2,0,0
716579,2023-09-15,1,2,1
716582,2023-09-15,4,4,
716583,2023-09-15,3,0,0
716576,2023-09-15,0,3,1
716574,2023-09-15,1,0,0
716575,2023-09-15,0,4,1
716573,2023-09-15,6,2,0
716577,2023-09-15,0,3,1
716578,2023-09-15,3,4,1
716572,2023-09-15,4,3,0
716571,2023-09-15,1,0,0
716570,2023-09-15,3,0,0
716567,2023-09-15,0,3,1
716569,2023-09-15,5,2,0
716568,2023-09-15,2,1,0
716581,2023-09-16,3,6,1
716550,2023-09-16,1,4,1
716566,2023-09-16,0,0,
716564,2023-09-16,5,1,0
716565,2023-09-16,4,5,1
716562,2023-09-16,1,0,0
716563,2023-09-16,4,3,0
716561,2023-09-16,0,8,1
716560,2023-09-16,3,5,1
716555,2023-09-16,3,2,0
716556,2023-09-16,1,5,1
716559,2023-09-16,1,5,1
716557,2023-09-16,5,1,0
716558,2023-09-16,3,2,0
716554,2023-09-16,4,1,0
716552,2023-09-16,0,0,
716553,2023-09-17,1,1,
716551,2023-09-17,0,2,1
716548,2023-09-17,0,2,1
716545,2023-09-17,2,4,1
716549,2023-09-17,1,9,1
716546,2023-09-17,0,6,1
716547,2023-09-17,4,1,0
716542,2023-09-17,3,0,0
716543,2023-09-17,1,0,0
716541,2023-09-17,3,5,1
716540,2023-09-17,1,0,0
716544,2023-09-17,5,1,0
716538,2023-09-17,2,0,0
716537,2023-09-17,5,1,0
716536,2023-09-17,2,3,1
716529,2023-09-18,3,1,0
716534,2023-09-18,1,4,1
716535,2023-09-18,1,1,
716539,2023-09-18,3,0,0
716532,2023-09-18,4,1,0
716531,2023-09-18,0,1,1
716533,2023-09-18,1,1,
716530,2023-09-18,3,1,0
716526,2023-09-18,3,11,1
716527,2023-09-18,3,0,0
716528,2023-09-18,3,5,1
716524,2023-09-19,1,2,1
716522,2023-09-19,2,0,0
716523,2023-09-19,1,2,1
716525,2023-09-19,1,0,0
716520,2023-09-19,4,1,0
716521,2023-09-19,0,7,1
716517,2023-09-19,2,7,1
716518,2023-09-19,1,5,1
716515,2023-09-19,5,3,0
716519,2023-09-19,3,2,0
716514,2023-09-19,5,3,0
716516,2023-09-19,0,0,
716512,2023-09-19,2,0,0
716511,2023-09-19,4,8,1
716510,2023-09-19,2,1,0
716509,2023-09-20,4,2,0
716506,2023-09-20,0,2,1
716513,2023-09-20,1,12,1
716507,2023-09-20,4,13,1
716508,2023-09-20,1,0,0
716505,2023-09-20,2,4,1
716504,2023-09-20,6,1,0
716499,2023-09-20,1,3,1
716500,2023-09-20,2,1,0
716501,2023-09-20,6,1,0
716503,2023-09-20,3,1,0
716502,2023-09-20,1,0,0
716497,2023-09-20,8,6,0
716495,2023-09-20,4,1,0
716494,2023-09-20,2,0,0
716498,2023-09-21,2,2,
716491,2023-09-21,2,0,0
716496,2023-09-21,6,1,0
716492,2023-09-21,0,3,1
716489,2023-09-21,0,2,1
716490,2023-09-21,3,4,1
716493,2023-09-21,3,0,0
716488,2023-09-21,5,0,0
716484,2023-09-21,1,2,1
716486,2023-09-22,0,3,1
716487,2023-09-22,2,3,1
716479,2023-09-22,0,1,1
716482,2023-09-22,13,0,0
716481,2023-09-22,2,0,0
716485,2023-09-22,6,3,0
716480,2023-09-22,0,6,1
716483,2023-09-22,5,6,1
716478,2023-09-22,0,1,1
716477,2023-09-22,0,8,1
716473,2023-09-22,4,2,0
716475,2023-09-22,3,3,
716472,2023-09-22,2,1,0
716476,2023-09-22,0,1,1
716474,2023-09-22,2,0,0
716465,2023-09-23,1,0,0
716469,2023-09-23,3,2,0
716466,2023-09-23,2,6,1
716470,2023-09-23,1,2,1
716463,2023-09-23,0,5,1
716468,2023-09-23,0,0,
716460,2023-09-23,0,4,1
716464,2023-09-23,1,0,0
716462,2023-09-23,1,9,1
716461,2023-09-23,0,2,1
716455,2023-09-23,3,0,0
716457,2023-09-23,0,1,1
716456,2023-09-23,0,5,1
716452,2023-09-24,5,3,0
716459,2023-09-24,1,2,1
716467,2023-09-24,4,3,0
716453,2023-09-24,2,1,0
716458,2023-09-24,2,0,0
716450,2023-09-24,5,1,0
716451,2023-09-24,2,0,0
716447,2023-09-24,1,6,1
716448,2023-09-24,6,5,0
716445,2023-09-24,3,2,0
716449,2023-09-24,2,1,0
716446,2023-09-24,2,7,1
716442,2023-09-24,2,0,0
716444,2023-09-24,0,9,1
716454,2023-09-24,0,5,1
716439,2023-09-24,2,2,
716471,2023-09-25,2,2,
716440,2023-09-25,0,1,1
716436,2023-09-25,4,0,0
716441,2023-09-25,1,0,0
716438,2023-09-26,0,3,1
716424,2023-09-26,7,1,0
716435,2023-09-26,8,7,0
716434,2023-09-26,0,1,1
716433,2023-09-26,1,0,0
716432,2023-09-26,0,0,
716431,2023-09-26,0,0,
716428,2023-09-26,7,3,0
716429,2023-09-26,5,0,0
716421,2023-09-26,0,7,1
716427,2023-09-26,9,4,0
716423,2023-09-26,4,1,0
716422,2023-09-26,1,9,1
716437,2023-09-26,2,0,0
716425,2023-09-26,0,5,1
716417,2023-09-27,3,0,0
716411,2023-09-27,0,4,1
716430,2023-09-27,2,2,
716418,2023-09-27,0,4,1
716419,2023-09-27,3,0,0
716416,2023-09-27,1,4,1
716414,2023-09-27,0,6,1
716415,2023-09-27,6,6,
716413,2023-09-27,4,0,0
716412,2023-09-27,3,1,0
716410,2023-09-27,4,2,0
716408,2023-09-27,1,0,0
716406,2023-09-27,4,1,0
716420,2023-09-27,2,0,0
716407,2023-09-27,4,3,0
716426,2023-09-27,1,2,1
716414,2023-09-28,0,6,1
716400,2023-09-28,1,0,0
716443,2023-09-28,1,3,1
716401,2023-09-28,3,0,0
716396,2023-09-28,0,2,1
716409,2023-09-28,3,1,0
716402,2023-09-28,0,1,1
716403,2023-09-28,0,3,1
716404,2023-09-28,0,0,
716399,2023-09-28,1,5,1
716405,2023-09-28,3,9,1
716397,2023-09-28,2,1,0
716398,2023-09-29,0,3,1
716395,2023-09-29,7,4,0
716390,2023-09-29,2,0,0
716392,2023-09-29,0,8,1
716394,2023-09-29,4,6,1
716391,2023-09-29,1,0,0
716387,2023-09-29,4,6,1
716389,2023-09-29,4,10,1
716385,2023-09-29,0,3,1
716388,2023-09-29,14,2,0
716386,2023-09-29,1,5,1
716384,2023-09-29,0,0,
716379,2023-09-29,0,8,1
716382,2023-09-29,3,2,0
716380,2023-09-30,0,1,1
716383,2023-09-30,4,4,
716376,2023-09-30,0,4,1
716393,2023-09-30,4,11,1
716378,2023-09-30,2,2,
716374,2023-09-30,6,0,0
716375,2023-09-30,2,2,
716373,2023-09-30,9,6,0
716377,2023-09-30,0,0,
716372,2023-09-30,5,11,1
716366,2023-09-30,5,0,0
716369,2023-09-30,3,5,1
716370,2023-09-30,1,0,0
716368,2023-09-30,6,0,0
716381,2023-09-30,1,1,
716371,2023-09-30,1,0,0
716367,2023-10-01,2,0,0
716363,2023-10-01,0,0,
716362,2023-10-01,0,0,
716365,2023-10-01,0,6,1
716357,2023-10-01,10,3,0
716361,2023-10-01,2,5,1
716358,2023-10-01,6,0,0
716360,2023-10-01,0,1,1
716359,2023-10-01,2,1,0
716355,2023-10-01,1,1,
716354,2023-10-01,5,5,
716356,2023-10-01,0,0,
716352,2023-10-01,0,5,1
716364,2023-10-01,0,3,1
716353,2023-10-01,2,4,1
745444,2024-03-20,1,2,1
747889,2024-03-20,8,0,0
747885,2024-03-20,5,5,
747888,2024-03-20,3,2,0
747882,2024-03-20,0,3,1
747878,2024-03-20,7,1,0
747879,2024-03-20,1,1,
747880,2024-03-20,0,3,1
747881,2024-03-20,1,1,
747886,2024-03-20,9,3,0
747884,2024-03-20,1,7,1
747887,2024-03-20,0,9,1
747883,2024-03-20,7,7,
746175,2024-03-21,10,8,0
747875,2024-03-21,3,4,1
747876,2024-03-21,2,1,0
747872,2024-03-21,4,7,1
747874,2024-03-21,3,1,0
747870,2024-03-21,2,3,1
747868,2024-03-21,3,5,1
747865,2024-03-21,1,3,1
747869,2024-03-21,1,2,1
747877,2024-03-21,0,1,1
747873,2024-03-21,3,1,0
747867,2024-03-21,7,0,0
747871,2024-03-21,3,3,
747060,2024-03-28,1,7,1
746737,2024-03-28,0,7,1
745445,2024-03-28,1,2,1
746165,2024-03-28,1,5,1
745116,2024-03-28,1,1,
746335,2024-03-28,2,1,0
746821,2024-03-28,1,0,0
746089,2024-03-28,2,5,1
746418,2024-03-28,3,4,1
745039,2024-03-28,1,1,
745687,2024-03-28,6,0,0
747224,2024-03-28,1,16,1
745283,2024-03-28,4,2,0
745848,2024-03-29,2,1,0
745604,2024-03-29,0,2,1
745117,2024-03-29,1,5,1
746091,2024-03-29,4,1,0
746412,2024-03-29,0,1,1
747223,2024-03-29,1,3,1
745682,2024-03-29,5,2,0
745276,2024-03-29,0,0,
745435,2024-03-29,4,1,0
746167,2024-03-29,0,5,1
745850,2024-03-30,6,2,0
746818,2024-03-30,4,6,1
747063,2024-03-30,1,3,1
745599,2024-03-30,7,4,0
745684,2024-03-30,7,3,0
746736,2024-03-30,2,4,1
745119,2024-03-30,0,3,1
746333,2024-03-30,0,0,
746087,2024-03-30,5,2,0
745037,2024-03-30,2,5,1
745436,2024-03-30,3,0,0
746410,2024-03-30,1,3,1
747221,2024-03-30,7,4,0
746168,2024-03-30,0,2,1
745278,2024-03-30,1,1,
747062,2024-03-31,4,1,0
745602,2024-03-31,3,2,0
746739,2024-03-31,3,3,
745115,2024-03-31,7,1,0
746090,2024-03-31,4,6,1
745845,2024-03-31,3,1,0
746332,2024-03-31,0,10,1
746815,2024-03-31,2,1,0
746413,2024-03-31,3,1,0
745035,2024-03-31,5,5,
745683,2024-03-31,0,3,1
747222,2024-03-31,1,5,1
745279,2024-03-31,4,1,0
745438,2024-03-31,2,12,1
746166,2024-03-31,2,0,0
746817,2024-04-01,4,0,0
746899,2024-04-01,0,0,
744875,2024-04-01,2,1,0
747058,2024-04-01,3,3,
745600,2024-04-01,0,2,1
746085,2024-04-01,2,4,1
745109,2024-04-01,3,0,0
745842,2024-04-01,0,0,
746409,2024-04-01,0,5,1
745675,2024-04-01,8,0,0
745277,2024-04-01,2,5,1
745437,2024-04-01,4,1,0
747218,2024-04-01,5,1,0
746170,2024-04-01,0,3,1
746009,2024-04-02,1,3,1
747057,2024-04-02,4,1,0
745598,2024-04-02,1,2,1
746086,2024-04-02,1,0,0
745111,2024-04-02,0,5,1
746898,2024-04-02,0,7,1
746814,2024-04-02,0,0,
746411,2024-04-02,0,1,1
745680,2024-04-02,3,4,1
745273,2024-04-02,4,0,0
745439,2024-04-02,1,2,1
747220,2024-04-02,0,3,1
746169,2024-04-02,2,5,1
747059,2024-04-03,2,0,0
745114,2024-04-03,0,0,
746083,2024-04-03,6,2,0
746008,2024-04-03,1,3,1
745678,2024-04-03,1,0,0
747219,2024-04-03,2,2,
745603,2024-04-03,2,0,0
745275,2024-04-03,8,0,0
745440,2024-04-03,1,3,1
744869,2024-04-03,2,4,1
746900,2024-04-03,0,5,1
746407,2024-04-03,0,4,1
746163,2024-04-03,1,4,1
745844,2024-04-04,0,3,1
745843,2024-04-04,1,0,0
744870,2024-04-04,7,2,0
745928,2024-04-04,3,1,0
745200,2024-04-04,4,3,0
746327,2024-04-04,0,2,1
745764,2024-04-05,0,0,
746497,2024-04-05,0,3,1
746897,2024-04-05,5,6,1
746576,2024-04-05,2,1,0
745524,2024-04-05,2,1,0
745361,2024-04-05,2,1,0
746733,2024-04-05,1,1,
744874,2024-04-05,3,0,0
747143,2024-04-05,5,2,0
746328,2024-04-05,1,1,
745033,2024-04-05,0,7,1
746007,2024-04-05,0,3,1
746249,2024-04-05,4,1,0
746498,2024-04-06,2,0,0
745926,2024-04-06,3,1,0
745197,2024-04-06,0,3,1
746896,2024-04-06,3,0,0
745522,2024-04-06,0,3,1
744873,2024-04-06,4,2,0
746731,2024-04-06,5,2,0
745031,2024-04-06,2,2,
745766,2024-04-06,2,8,1
746329,2024-04-06,0,0,
746006,2024-04-06,3,0,0
747140,2024-04-06,8,5,0
746575,2024-04-06,1,4,1
745359,2024-04-06,4,0,0
746248,2024-04-06,1,0,0
745523,2024-04-07,2,1,0
744871,2024-04-07,2,3,1
747141,2024-04-07,2,3,1
745765,2024-04-07,2,5,1
746734,2024-04-07,3,1,0
746493,2024-04-07,6,0,0
746330,2024-04-07,3,2,0
746003,2024-04-07,2,10,1
745198,2024-04-07,7,1,0
746895,2024-04-07,0,7,1
746574,2024-04-07,3,0,0
745362,2024-04-07,1,0,0
746251,2024-04-07,3,0,0
745032,2024-04-07,3,0,0
746654,2024-04-08,0,4,1
745761,2024-04-08,0,7,1
745520,2024-04-08,2,6,1
746735,2024-04-08,3,9,1
744956,2024-04-08,0,4,1
747142,2024-04-08,4,4,
745925,2024-04-08,1,2,1
745194,2024-04-08,2,0,0
745034,2024-04-08,10,5,0
746569,2024-04-08,4,3,0
746252,2024-04-08,0,5,1
745432,2024-04-08,8,0,0
745363,2024-04-08,6,1,0
745517,2024-04-09,1,2,1
746981,2024-04-09,3,1,0
746653,2024-04-09,5,5,
746732,2024-04-09,5,1,0
745762,2024-04-09,0,2,1
744957,2024-04-09,0,5,1
747138,2024-04-09,0,5,1
746326,2024-04-09,3,3,
745924,2024-04-09,6,0,0
745195,2024-04-09,0,3,1
745030,2024-04-09,1,2,1
746571,2024-04-09,3,1,0
746250,2024-04-09,4,3,0
745357,2024-04-09,3,1,0
745433,2024-04-09,5,0,0
745923,2024-04-10,2,3,1
745196,2024-04-10,2,2,
744950,2024-04-10,1,0,0
746573,2024-04-10,2,3,1
745355,2024-04-10,1,5,1
746247,2024-04-10,4,1,0
746655,2024-04-10,5,4,0
745429,2024-04-10,2,4,1
746728,2024-04-10,6,2,0
745763,2024-04-10,4,0,0
746980,2024-04-10,0,5,1
746323,2024-04-10,2,8,1
745024,2024-04-10,1,6,1
747137,2024-04-11,7,3,0
746322,2024-04-11,1,9,1
745029,2024-04-11,1,0,0
745601,2024-04-11,0,1,1
746977,2024-04-11,1,2,1
746491,2024-04-12,0,5,1
745596,2024-04-12,2,1,0
745112,2024-04-12,1,2,1
747055,2024-04-12,7,1,0
744954,2024-04-12,7,2,0
746978,2024-04-12,5,0,0
745838,2024-04-12,1,5,1
746084,2024-04-12,2,0,0
746812,2024-04-12,6,1,0
746408,2024-04-12,8,3,0
745679,2024-04-12,0,1,1
745274,2024-04-12,0,4,1
747217,2024-04-12,6,6,
746162,2024-04-12,3,7,1
746656,2024-04-13,1,0,0
746658,2024-04-13,8,1,0
746489,2024-04-13,2,2,
746490,2024-04-13,2,1,0
745839,2024-04-13,9,4,0
746811,2024-04-13,5,0,0
744953,2024-04-13,1,5,1
746405,2024-04-13,2,2,
745594,2024-04-13,3,2,0
747054,2024-04-13,8,5,0
745676,2024-04-13,1,0,0
746979,2024-04-13,2,7,1
745110,2024-04-13,4,1,0
746082,2024-04-13,0,5,1
747215,2024-04-13,1,1,
746161,2024-04-13,0,1,1
745272,2024-04-13,2,1,0
746975,2024-04-14,2,3,1
745595,2024-04-14,1,2,1
747056,2024-04-14,3,3,
744952,2024-04-14,0,4,1
745841,2024-04-14,0,0,
745113,2024-04-14,1,7,1
746492,2024-04-14,3,0,0
746079,2024-04-14,5,4,0
746648,2024-04-14,4,4,
746404,2024-04-14,2,5,1
746810,2024-04-14,6,2,0
745681,2024-04-14,4,1,0
745271,2024-04-14,3,0,0
747216,2024-04-14,0,5,1
746164,2024-04-14,1,3,1
746974,2024-04-15,0,0,
747053,2024-04-15,2,6,1
746488,2024-04-15,1,0,0
745597,2024-04-15,1,1,
746080,2024-04-15,1,3,1
745106,2024-04-15,0,1,1
744951,2024-04-15,1,3,1
745840,2024-04-15,0,0,
746813,2024-04-15,2,0,0
746002,2024-04-15,7,3,0
746406,2024-04-15,2,1,0
747213,2024-04-15,1,1,
745677,2024-04-15,1,0,0
745268,2024-04-15,2,5,1
746158,2024-04-15,6,2,0
746486,2024-04-16,2,1,0
747051,2024-04-16,1,8,1
745593,2024-04-16,0,2,1
746081,2024-04-16,2,2,
745108,2024-04-16,3,1,0
744944,2024-04-16,1,3,1
746976,2024-04-16,5,1,0
745837,2024-04-16,1,0,0
746004,2024-04-16,4,1,0
746400,2024-04-16,1,0,0
747214,2024-04-16,5,8,1
745270,2024-04-16,1,2,1
745674,2024-04-16,1,2,1
746157,2024-04-16,2,4,1
746076,2024-04-17,1,0,0
747049,2024-04-17,0,1,1
745836,2024-04-17,1,2,1
746487,2024-04-17,1,1,
746005,2024-04-17,0,0,
746401,2024-04-17,2,3,1
746807,2024-04-17,1,2,1
746809,2024-04-17,0,1,1
744948,2024-04-17,1,2,1
746159,2024-04-17,2,0,0
745671,2024-04-17,3,5,1
747212,2024-04-17,2,2,
745267,2024-04-17,1,1,
745591,2024-04-17,1,5,1
745105,2024-04-17,2,1,0
746973,2024-04-17,0,2,1
745104,2024-04-18,0,2,1
746485,2024-04-18,7,7,
746970,2024-04-18,4,1,0
745356,2024-04-18,0,1,1
746892,2024-04-19,1,8,1
746729,2024-04-19,1,1,
745518,2024-04-19,5,0,0
745592,2024-04-19,0,7,1
744872,2024-04-19,4,2,0
745758,2024-04-19,0,0,
746650,2024-04-19,1,7,1
747136,2024-04-19,1,3,1
746325,2024-04-19,0,1,1
745922,2024-04-19,3,2,0
745189,2024-04-19,1,0,0
745430,2024-04-19,5,1,0
746160,2024-04-19,4,2,0
745352,2024-04-19,5,1,0
745760,2024-04-20,0,0,
745921,2024-04-20,0,4,1
745190,2024-04-20,5,4,0
746893,2024-04-20,1,2,1
746891,2024-04-20,2,1,0
744865,2024-04-20,1,2,1
746156,2024-04-20,2,2,
745515,2024-04-20,2,1,0
745354,2024-04-20,3,5,1
745590,2024-04-20,0,5,1
746651,2024-04-20,2,4,1
746726,2024-04-20,2,7,1
746324,2024-04-20,7,0,0
747135,2024-04-20,2,3,1
746570,2024-04-20,7,0,0
745431,2024-04-20,4,0,0
744866,2024-04-21,0,5,1
745514,2024-04-21,4,1,0
745588,2024-04-21,2,6,1
745759,2024-04-21,1,5,1
746727,2024-04-21,0,0,
746652,2024-04-21,1,3,1
746316,2024-04-21,2,0,0
745920,2024-04-21,4,0,0
745192,2024-04-21,0,0,
746894,2024-04-21,5,3,0
746568,2024-04-21,0,0,
746572,2024-04-21,6,2,0
745353,2024-04-21,1,2,1
746154,2024-04-21,0,10,1
745434,2024-04-21,2,2,
747133,2024-04-21,4,3,0
745757,2024-04-22,0,0,
746723,2024-04-22,4,0,0
745519,2024-04-22,1,1,
745107,2024-04-22,5,0,0
747134,2024-04-22,0,3,1
746319,2024-04-22,3,0,0
745916,2024-04-22,0,6,1
745191,2024-04-22,3,0,0
746565,2024-04-22,1,1,
746242,2024-04-22,3,0,0
745351,2024-04-22,1,4,1
746647,2024-04-23,0,0,
746722,2024-04-23,1,7,1
745516,2024-04-23,0,1,1
744863,2024-04-23,0,1,1
745102,2024-04-23,1,0,0
745754,2024-04-23,3,4,1
747130,2024-04-23,0,2,1
746888,2024-04-23,2,5,1
746321,2024-04-23,2,3,1
745917,2024-04-23,3,1,0
745193,2024-04-23,10,1,0
745026,2024-04-23,4,0,0
746566,2024-04-23,4,7,1
746246,2024-04-23,3,7,1
745348,2024-04-23,0,3,1
745188,2024-04-24,1,0,0
745346,2024-04-24,6,0,0
746244,2024-04-24,2,0,0
746649,2024-04-24,3,0,0
746725,2024-04-24,2,1,0
745513,2024-04-24,3,2,0
744864,2024-04-24,6,2,0
745099,2024-04-24,3,4,1
745753,2024-04-24,0,5,1
747132,2024-04-24,1,3,1
746889,2024-04-24,2,4,1
746317,2024-04-24,1,3,1
745919,2024-04-24,3,6,1
745028,2024-04-24,1,2,1
746567,2024-04-24,4,0,0
745512,2024-04-25,4,5,1
746646,2024-04-25,2,5,1
746724,2024-04-25,4,0,0
745918,2024-04-25,2,0,0
746320,2024-04-25,1,2,1
746887,2024-04-25,1,0,0
745027,2024-04-25,4,2,0
746564,2024-04-25,6,4,0
744867,2024-04-25,1,0,0
745755,2024-04-25,3,1,0
746482,2024-04-26,1,0,0
747050,2024-04-26,1,2,1
744949,2024-04-26,9,1,0
746972,2024-04-26,4,1,0
745835,2024-04-26,4,1,0
746078,2024-04-26,0,1,1
747129,2024-04-26,1,4,1
746808,2024-04-26,0,2,1
745025,2024-04-26,1,1,
746000,2024-04-26,5,4,0
746243,2024-04-26,3,0,0
745269,2024-04-26,0,2,1
745424,2024-04-26,7,1,0
745347,2024-04-26,0,0,
744946,2024-04-27,4,0,0
747052,2024-04-27,0,5,1
745833,2024-04-27,6,4,0
745020,2024-04-27,3,0,0
746971,2024-04-27,0,9,1
746075,2024-04-27,6,1,0
746560,2024-04-27,4,2,0
746484,2024-04-27,3,1,0
746803,2024-04-27,4,6,1
745998,2024-04-27,7,1,0
747131,2024-04-27,0,0,
745425,2024-04-27,5,0,0
745350,2024-04-27,0,0,
746245,2024-04-27,10,4,0
745266,2024-04-27,0,1,1
747045,2024-04-28,4,6,1
747125,2024-04-28,2,1,0
744947,2024-04-28,0,3,1
746483,2024-04-28,1,3,1
745834,2024-04-28,1,0,0
746077,2024-04-28,9,7,0
746805,2024-04-28,1,2,1
746001,2024-04-28,4,4,
745022,2024-04-28,0,4,1
746561,2024-04-28,4,2,0
745349,2024-04-28,1,3,1
746237,2024-04-28,5,4,0
745265,2024-04-28,1,2,1
745428,2024-04-28,4,3,0
746967,2024-04-28,0,2,1
747046,2024-04-29,0,1,1
746074,2024-04-29,3,0,0
744945,2024-04-29,3,5,1
745832,2024-04-29,0,1,1
746804,2024-04-29,2,2,
745999,2024-04-29,1,0,0
746236,2024-04-29,4,2,0
747211,2024-04-29,6,4,0
745672,2024-04-29,1,5,1
745427,2024-04-29,4,1,0
745263,2024-04-29,0,0,
746477,2024-04-30,0,1,1
746481,2024-04-30,5,7,1
747047,2024-04-30,1,4,1
746073,2024-04-30,5,0,0
744942,2024-04-30,2,0,0
745831,2024-04-30,1,1,
746968,2024-04-30,0,4,1
746806,2024-04-30,2,4,1
745997,2024-04-30,1,6,1
745018,2024-04-30,1,2,1
746398,2024-04-30,3,8,1
746239,2024-04-30,3,1,0
747210,2024-04-30,1,1,
745673,2024-04-30,2,3,1
745426,2024-04-30,0,5,1
745260,2024-04-30,0,3,1
746478,2024-05-01,1,3,1
745996,2024-05-01,0,2,1
746800,2024-05-01,2,4,1
744939,2024-05-01,0,0,
745670,2024-05-01,0,3,1
745261,2024-05-01,5,1,0
746238,2024-05-01,2,1,0
745423,2024-05-01,2,2,
747048,2024-05-01,2,0,0
746072,2024-05-01,0,2,1
745829,2024-05-01,1,0,0
746966,2024-05-01,2,5,1
745023,2024-05-01,1,0,0
746399,2024-05-01,2,0,0
747207,2024-05-01,6,0,0
746070,2024-05-02,4,4,
747044,2024-05-02,1,7,1
745830,2024-05-02,4,2,0
746969,2024-05-02,1,1,
745021,2024-05-02,0,3,1
746403,2024-05-02,2,1,0
746890,2024-05-03,0,0,
746721,2024-05-03,0,0,
745510,2024-05-03,0,0,
745589,2024-05-03,2,4,1
744868,2024-05-03,3,1,0
745101,2024-05-03,7,9,1
745756,2024-05-03,0,0,
746645,2024-05-03,6,0,0
746318,2024-05-03,1,1,
745914,2024-05-03,0,1,1
745187,2024-05-03,0,3,1
747208,2024-05-03,7,1,0
745665,2024-05-03,0,3,1
746152,2024-05-03,1,2,1
745750,2024-05-04,3,5,1
745911,2024-05-04,1,2,1
745183,2024-05-04,3,5,1
746884,2024-05-04,0,4,1
745511,2024-05-04,0,0,
744862,2024-05-04,4,0,0
745666,2024-05-04,0,13,1
745583,2024-05-04,3,9,1
746644,2024-05-04,1,3,1
746720,2024-05-04,2,0,0
746311,2024-05-04,7,2,0
746394,2024-05-04,3,0,0
745100,2024-05-04,1,1,
747209,2024-05-04,3,0,0
746155,2024-05-04,1,7,1
745504,2024-05-05,3,1,0
744861,2024-05-05,8,7,0
745751,2024-05-05,0,2,1
746643,2024-05-05,1,0,0
745103,2024-05-05,5,4,0
746395,2024-05-05,2,0,0
746314,2024-05-05,0,2,1
745913,2024-05-05,3,1,0
745185,2024-05-05,1,1,
746883,2024-05-05,0,3,1
745667,2024-05-05,5,2,0
746719,2024-05-05,4,0,0
747206,2024-05-05,4,11,1
746153,2024-05-05,0,2,1
745587,2024-05-05,1,5,1
745585,2024-05-06,0,5,1
746639,2024-05-06,1,1,
745509,2024-05-06,0,4,1
745098,2024-05-06,2,7,1
746313,2024-05-06,2,0,0
746886,2024-05-06,0,0,
745912,2024-05-06,0,1,1
745182,2024-05-06,3,0,0
745669,2024-05-06,0,2,1
746149,2024-05-06,3,6,1
745668,2024-05-07,15,2,0
746638,2024-05-07,8,7,0
746718,2024-05-07,2,0,0
745508,2024-05-07,5,0,0
745586,2024-05-07,0,8,1
744859,2024-05-07,0,1,1
745095,2024-05-07,0,4,1
745752,2024-05-07,1,7,1
747126,2024-05-07,0,2,1
746885,2024-05-07,0,1,1
745915,2024-05-07,2,4,1
746315,2024-05-07,2,4,1
745186,2024-05-07,6,3,0
746559,2024-05-07,4,0,0
746147,2024-05-07,1,8,1
745507,2024-05-08,2,4,1
745584,2024-05-08,1,1,
746640,2024-05-08,4,2,0
746312,2024-05-08,1,2,1
746879,2024-05-08,3,0,0
746151,2024-05-08,1,1,
745664,2024-05-08,4,5,1
745659,2024-05-08,7,6,0
746717,2024-05-08,2,2,
744858,2024-05-08,1,1,
745097,2024-05-08,2,1,0
745749,2024-05-08,1,5,1
747127,2024-05-08,0,5,1
745906,2024-05-08,1,4,1
746562,2024-05-08,7,3,0
746715,2024-05-09,1,1,
745910,2024-05-09,1,9,1
746563,2024-05-09,1,7,1
745748,2024-05-09,4,2,0
746802,2024-05-09,0,3,1
745995,2024-05-09,1,6,1
746241,2024-05-09,6,0,0
746479,2024-05-10,0,2,1
745506,2024-05-10,2,2,
745094,2024-05-10,1,0,0
747043,2024-05-10,1,3,1
744940,2024-05-10,2,1,0
746964,2024-05-10,3,1,0
745827,2024-05-10,4,0,0
746071,2024-05-10,6,0,0
746801,2024-05-10,0,3,1
745993,2024-05-10,0,7,1
746553,2024-05-10,0,1,1
746240,2024-05-10,0,1,1
745421,2024-05-10,0,1,1
745264,2024-05-10,0,7,1
745340,2024-05-10,3,2,0
744943,2024-05-11,8,6,0
747041,2024-05-11,4,3,0
745505,2024-05-11,8,9,1
746963,2024-05-11,2,2,
745828,2024-05-11,3,0,0
746069,2024-05-11,0,1,1
745096,2024-05-11,2,4,1
746480,2024-05-11,2,8,1
746797,2024-05-11,1,2,1
745344,2024-05-11,1,4,1
745994,2024-05-11,2,1,0
746554,2024-05-11,2,1,0
745422,2024-05-11,1,0,0
746232,2024-05-11,1,5,1
745262,2024-05-11,2,1,0
747042,2024-05-12,3,1,0
746965,2024-05-12,2,3,1
745499,2024-05-12,2,1,0
744941,2024-05-12,0,0,
746476,2024-05-12,0,0,
746068,2024-05-12,3,6,1
745092,2024-05-12,6,0,0
746798,2024-05-12,4,0,0
745990,2024-05-12,2,3,1
746555,2024-05-12,1,2,1
745345,2024-05-12,3,5,1
746234,2024-05-12,4,0,0
745419,2024-05-12,0,4,1
745255,2024-05-12,1,7,1
745825,2024-05-12,1,1,
747040,2024-05-13,0,1,1
746471,2024-05-13,3,3,
746961,2024-05-13,4,3,0
745826,2024-05-13,1,3,1
747128,2024-05-13,0,0,
745991,2024-05-13,3,0,0
745019,2024-05-13,0,0,
746393,2024-05-13,2,3,1
746233,2024-05-13,0,4,1
747204,2024-05-13,2,3,1
745420,2024-05-13,5,1,0
745256,2024-05-13,0,4,1
745343,2024-05-13,2,3,1
745821,2024-05-14,2,0,0
746796,2024-05-14,3,3,
746799,2024-05-14,0,3,1
746473,2024-05-14,0,0,
746962,2024-05-14,1,3,1
747124,2024-05-14,0,7,1
745909,2024-05-14,5,1,0
745989,2024-05-14,2,4,1
745014,2024-05-14,6,3,0
746396,2024-05-14,0,1,1
746235,2024-05-14,5,5,
747205,2024-05-14,4,2,0
745418,2024-05-14,1,0,0
745257,2024-05-14,0,1,1
745342,2024-05-14,5,0,0
747038,2024-05-15,2,1,0
746472,2024-05-15,2,0,0
745992,2024-05-15,1,7,1
746795,2024-05-15,0,1,1
747203,2024-05-15,1,1,
745417,2024-05-15,5,0,0
745259,2024-05-15,0,2,1
745582,2024-05-15,2,5,1
746960,2024-05-15,1,2,1
747123,2024-05-15,5,0,0
745908,2024-05-15,3,0,0
745015,2024-05-15,0,2,1
746397,2024-05-15,0,3,1
746231,2024-05-15,0,4,1
745341,2024-05-15,0,2,1
745907,2024-05-16,3,0,0
745580,2024-05-16,2,0,0
746959,2024-05-16,5,4,0
746881,2024-05-16,4,3,0
746391,2024-05-16,0,8,1
746150,2024-05-16,4,0,0
746878,2024-05-17,8,0,0
745579,2024-05-17,2,4,1
747037,2024-05-17,2,5,1
745747,2024-05-17,1,3,1
744934,2024-05-17,0,0,
746641,2024-05-17,1,0,0
746065,2024-05-17,0,4,1
747122,2024-05-17,3,1,0
746310,2024-05-17,0,1,1
745016,2024-05-17,6,1,0
746388,2024-05-17,4,5,1
745178,2024-05-17,3,5,1
747201,2024-05-17,11,0,0
746148,2024-05-17,2,3,1
745335,2024-05-17,4,6,1
745744,2024-05-18,1,6,1
746882,2024-05-18,0,0,
744938,2024-05-18,0,4,1
747036,2024-05-18,0,2,1
745339,2024-05-18,3,6,1
746067,2024-05-18,7,2,0
745581,2024-05-18,2,1,0
746642,2024-05-18,0,7,1
746308,2024-05-18,2,3,1
746389,2024-05-18,4,2,0
745177,2024-05-18,1,1,
745013,2024-05-18,1,0,0
747202,2024-05-18,0,0,
746142,2024-05-18,0,3,1
745179,2024-05-19,7,1,0
747035,2024-05-19,1,5,1
745577,2024-05-19,3,6,1
745745,2024-05-19,2,7,1
744937,2024-05-19,0,3,1
746636,2024-05-19,1,2,1
746064,2024-05-19,4,2,0
746306,2024-05-19,1,4,1
746392,2024-05-19,1,5,1
746880,2024-05-19,3,1,0
745012,2024-05-19,0,1,1
745336,2024-05-19,1,3,1
747198,2024-05-19,2,4,1
746144,2024-05-19,1,2,1
747120,2024-05-19,8,0,0
747119,2024-05-20,1,5,1
747121,2024-05-20,0,3,1
744935,2024-05-20,2,4,1
746637,2024-05-20,1,3,1
746066,2024-05-20,1,0,0
744857,2024-05-20,1,7,1
745093,2024-05-20,5,0,0
745746,2024-05-20,0,3,1
746307,2024-05-20,1,2,1
745181,2024-05-20,0,5,1
746390,2024-05-20,8,6,0
746146,2024-05-20,1,6,1
746633,2024-05-21,2,5,1
746716,2024-05-21,0,2,1
745503,2024-05-21,4,2,0
745578,2024-05-21,1,2,1
746058,2024-05-21,4,2,0
744860,2024-05-21,6,0,0
745090,2024-05-21,1,2,1
745742,2024-05-21,2,0,0
744936,2024-05-21,3,0,0
746309,2024-05-21,3,8,1
746875,2024-05-21,3,2,0
745180,2024-05-21,1,1,
746385,2024-05-21,4,2,0
745662,2024-05-21,3,1,0
746145,2024-05-21,3,1,0
745180,2024-05-22,1,1,
744856,2024-05-22,1,0,0
746634,2024-05-22,3,0,0
745173,2024-05-22,3,1,0
746386,2024-05-22,2,1,0
746304,2024-05-22,0,4,1
746712,2024-05-22,5,1,0
745502,2024-05-22,1,5,1
745576,2024-05-22,3,6,1
746063,2024-05-22,0,1,1
745089,2024-05-22,5,3,0
745743,2024-05-22,0,4,1
744933,2024-05-22,0,9,1
746876,2024-05-22,2,0,0
745661,2024-05-22,2,1,0
746143,2024-05-22,3,0,0
745500,2024-05-23,1,5,1
745741,2024-05-23,0,2,1
745573,2024-05-23,1,4,1
746714,2024-05-23,4,2,0
746874,2024-05-23,1,0,0
745660,2024-05-23,2,0,0
746474,2024-05-23,1,0,0
746792,2024-05-23,5,2,0
746475,2024-05-24,0,6,1
745501,2024-05-24,0,7,1
744853,2024-05-24,1,3,1
745087,2024-05-24,5,1,0
746713,2024-05-24,5,9,1
745822,2024-05-24,2,5,1
745905,2024-05-24,2,3,1
746956,2024-05-24,6,1,0
746793,2024-05-24,4,3,0
746558,2024-05-24,2,1,0
746227,2024-05-24,10,2,0
745663,2024-05-24,6,2,0
747200,2024-05-24,3,0,0
745415,2024-05-24,7,0,0
746470,2024-05-25,0,2,1
745823,2024-05-25,0,1,1
745901,2024-05-25,2,1,0
746794,2024-05-25,0,3,1
744851,2024-05-25,1,1,
745493,2024-05-25,1,3,1
745658,2024-05-25,0,2,1
745086,2024-05-25,2,2,
746958,2024-05-25,5,0,0
746710,2024-05-25,1,2,1
745176,2024-05-25,3,2,0
746556,2024-05-25,2,3,1
746226,2024-05-25,4,3,0
745411,2024-05-25,4,0,0
747199,2024-05-25,1,3,1
746469,2024-05-26,3,8,1
746711,2024-05-26,0,4,1
744855,2024-05-26,4,1,0
745498,2024-05-26,4,1,0
746957,2024-05-26,1,1,
745824,2024-05-26,2,1,0
745088,2024-05-26,0,0,
745902,2024-05-26,6,2,0
746789,2024-05-26,0,0,
746557,2024-05-26,2,5,1
746230,2024-05-26,2,2,
745653,2024-05-26,5,0,0
747197,2024-05-26,0,0,
745413,2024-05-26,0,0,
745172,2024-05-26,0,4,1
747034,2024-05-27,0,7,1
745904,2024-05-27,0,5,1
746788,2024-05-27,3,0,0
746549,2024-05-27,4,7,1
746708,2024-05-27,1,3,1
747118,2024-05-27,6,0,0
745986,2024-05-27,0,0,
745338,2024-05-27,4,5,1
745416,2024-05-27,1,1,
745254,2024-05-27,2,3,1
745818,2024-05-28,0,2,1
745816,2024-05-28,2,0,0
747033,2024-05-28,4,3,0
746709,2024-05-28,3,0,0
745091,2024-05-28,0,0,
747115,2024-05-28,0,0,
745903,2024-05-28,2,3,1
746791,2024-05-28,3,1,0
745987,2024-05-28,1,0,0
745017,2024-05-28,2,4,1
746552,2024-05-28,7,4,0
746229,2024-05-28,3,2,0
745258,2024-05-28,2,1,0
745412,2024-05-28,0,3,1
745337,2024-05-28,0,0,
746467,2024-05-29,0,7,1
746468,2024-05-29,4,1,0
746706,2024-05-29,3,0,0
745011,2024-05-29,0,4,1
745333,2024-05-29,4,0,0
745817,2024-05-29,3,3,
745414,2024-05-29,6,1,0
747031,2024-05-29,1,5,1
745084,2024-05-29,1,1,
747117,2024-05-29,3,1,0
745900,2024-05-29,6,1,0
746790,2024-05-29,2,0,0
745988,2024-05-29,4,7,1
746551,2024-05-29,2,7,1
746228,2024-05-29,1,0,0
745250,2024-05-29,1,1,
745081,2024-05-30,4,3,0
745898,2024-05-30,4,3,0
745985,2024-05-30,1,3,1
745249,2024-05-30,3,0,0
746954,2024-05-30,1,0,0
745819,2024-05-30,2,1,0
747114,2024-05-30,3,1,0
746225,2024-05-30,2,1,0
746877,2024-05-31,2,3,1
745574,2024-05-31,1,3,1
747032,2024-05-31,1,0,0
744928,2024-05-31,1,0,0
746955,2024-05-31,1,5,1
746635,2024-05-31,0,2,1
745820,2024-05-31,4,8,1
746059,2024-05-31,2,4,1
747116,2024-05-31,1,3,1
746303,2024-05-31,0,0,
746387,2024-05-31,4,1,0
745983,2024-05-31,5,4,0
746140,2024-05-31,4,0,0
745253,2024-05-31,0,4,1
745331,2024-05-31,3,1,0
744932,2024-06-01,5,0,0
747029,2024-06-01,5,9,1
746952,2024-06-01,1,3,1
746629,2024-06-01,2,3,1
745812,2024-06-01,4,1,0
746305,2024-06-01,5,3,0
746384,2024-06-01,0,5,1
747111,2024-06-01,8,9,1
746062,2024-06-01,4,0,0
745980,2024-06-01,3,1,0
746870,2024-06-01,5,5,
745251,2024-06-01,0,5,1
745575,2024-06-01,1,4,1
745332,2024-06-01,4,3,0
746138,2024-06-01,1,4,1
746383,2024-06-02,2,3,1
746953,2024-06-02,1,3,1
747030,2024-06-02,1,3,1
747110,2024-06-02,0,1,1
744929,2024-06-02,3,4,1
746632,2024-06-02,5,2,0
745813,2024-06-02,3,4,1
746061,2024-06-02,3,0,0
746301,2024-06-02,1,1,
745984,2024-06-02,3,4,1
746871,2024-06-02,5,1,0
745330,2024-06-02,3,3,
746141,2024-06-02,0,3,1
745252,2024-06-02,0,1,1
745572,2024-06-02,4,4,
745569,2024-06-03,0,3,1
744854,2024-06-03,7,5,0
744930,2024-06-03,5,2,0
745009,2024-06-03,1,1,
746382,2024-06-03,4,2,0
746548,2024-06-03,8,3,0
746224,2024-06-03,1,1,
747194,2024-06-03,1,2,1
746630,2024-06-04,5,3,0
745497,2024-06-04,0,1,1
746060,2024-06-04,9,3,0
745568,2024-06-04,1,0,0
744850,2024-06-04,5,1,0
745739,2024-06-04,0,3,1
744931,2024-06-04,7,0,0
746949,2024-06-04,3,3,
745010,2024-06-04,3,0,0
746872,2024-06-04,5,1,0
746380,2024-06-04,2,7,1
746550,2024-06-04,4,0,0
746222,2024-06-04,1,1,
745656,2024-06-04,4,1,0
747196,2024-06-04,2,4,1
746950,2024-06-05,0,6,1
746379,2024-06-05,3,2,0
746544,2024-06-05,4,5,1
747195,2024-06-05,6,3,0
744852,2024-06-05,2,0,0
745570,2024-06-05,0,2,1
745494,2024-06-05,3,8,1
746056,2024-06-05,5,3,0
745740,2024-06-05,0,8,1
744927,2024-06-05,2,2,
745007,2024-06-05,0,4,1
746873,2024-06-05,5,3,0
746221,2024-06-05,0,3,1
745654,2024-06-05,0,2,1
744923,2024-06-06,0,4,1
746631,2024-06-06,1,3,1
745657,2024-06-06,2,0,0
745495,2024-06-06,10,4,0
744844,2024-06-06,0,0,
745738,2024-06-06,5,8,1
746707,2024-06-06,2,3,1
745174,2024-06-06,3,0,0
746784,2024-06-06,7,0,0
745408,2024-06-06,3,3,
745169,2024-06-07,5,4,0
745496,2024-06-07,0,2,1
746466,2024-06-07,10,0,0
744845,2024-06-07,0,2,1
745083,2024-06-07,4,2,0
745737,2024-06-07,0,0,
746704,2024-06-07,0,3,1
746053,2024-06-07,2,2,
745008,2024-06-07,2,2,
746302,2024-06-07,8,4,0
746785,2024-06-07,2,4,1
746220,2024-06-07,1,1,
745406,2024-06-07,0,3,1
745655,2024-06-07,0,0,
745814,2024-06-08,6,2,0
745001,2024-06-08,3,1,0
745492,2024-06-08,0,0,
744848,2024-06-08,1,5,1
745652,2024-06-08,6,0,0
746703,2024-06-08,1,4,1
746300,2024-06-08,3,5,1
745082,2024-06-08,1,0,0
746786,2024-06-08,1,5,1
746461,2024-06-08,3,4,1
745166,2024-06-08,1,0,0
746057,2024-06-08,8,0,0
745735,2024-06-08,3,2,0
745410,2024-06-08,1,12,1
746223,2024-06-08,4,0,0
745571,2024-06-09,0,3,1
745003,2024-06-09,2,7,1
745491,2024-06-09,3,4,1
744849,2024-06-09,2,8,1
746705,2024-06-09,4,1,0
745085,2024-06-09,2,0,0
746054,2024-06-09,1,2,1
746463,2024-06-09,0,10,1
746297,2024-06-09,1,1,
746787,2024-06-09,2,3,1
745167,2024-06-09,0,4,1
746216,2024-06-09,3,4,1
745651,2024-06-09,2,0,0
745407,2024-06-09,9,3,0
745736,2024-06-09,2,2,
745080,2024-06-10,4,2,0
745897,2024-06-10,0,2,1
746295,2024-06-10,4,0,0
745982,2024-06-10,1,2,1
745409,2024-06-10,1,3,1
745248,2024-06-10,0,0,
745334,2024-06-10,0,0,
747027,2024-06-11,0,3,1
746464,2024-06-11,3,4,1
745077,2024-06-11,1,0,0
746702,2024-06-11,3,1,0
746951,2024-06-11,4,1,0
745815,2024-06-11,3,2,0
745899,2024-06-11,0,0,
745170,2024-06-11,0,0,
746296,2024-06-11,6,0,0
745981,2024-06-11,2,0,0
747190,2024-06-11,2,5,1
745404,2024-06-11,1,3,1
745244,2024-06-11,3,2,0
745327,2024-06-11,3,1,0
746139,2024-06-11,1,7,1
745896,2024-06-12,2,8,1
745978,2024-06-12,1,0,0
745328,2024-06-12,1,5,1
745405,2024-06-12,0,2,1
747028,2024-06-12,0,2,1
746462,2024-06-12,5,1,0
745079,2024-06-12,1,2,1
746701,2024-06-12,2,1,0
746948,2024-06-12,4,6,1
745811,2024-06-12,4,6,1
745171,2024-06-12,1,4,1
746294,2024-06-12,8,0,0
747193,2024-06-12,7,0,0
745246,2024-06-12,0,0,
746137,2024-06-12,3,1,0
747026,2024-06-13,3,0,0
746465,2024-06-13,1,1,
746299,2024-06-13,0,2,1
745168,2024-06-13,3,3,
745075,2024-06-13,2,0,0
746944,2024-06-13,3,8,1
745809,2024-06-13,0,0,
745894,2024-06-13,2,4,1
747192,2024-06-13,1,4,1
745245,2024-06-13,2,1,0
746136,2024-06-13,3,0,0
746869,2024-06-14,0,0,
746947,2024-06-14,5,1,0
744847,2024-06-14,1,7,1
747025,2024-06-14,2,1,0
744924,2024-06-14,3,0,0
745810,2024-06-14,1,2,1
747112,2024-06-14,1,7,1
746378,2024-06-14,0,0,
745892,2024-06-14,4,1,0
745979,2024-06-14,5,2,0
746545,2024-06-14,1,1,
747191,2024-06-14,1,6,1
746134,2024-06-14,3,3,
745247,2024-06-14,2,3,1
745326,2024-06-14,8,1,0
746865,2024-06-15,1,2,1
744925,2024-06-15,0,5,1
745329,2024-06-15,1,3,1
747024,2024-06-15,2,2,
744846,2024-06-15,0,2,1
746381,2024-06-15,10,0,0
745805,2024-06-15,1,3,1
747113,2024-06-15,1,5,1
745976,2024-06-15,0,3,1
745241,2024-06-15,1,4,1
746946,2024-06-15,2,5,1
746135,2024-06-15,1,2,1
746547,2024-06-15,1,6,1
747187,2024-06-15,4,2,0
746866,2024-06-16,2,0,0
747023,2024-06-16,2,8,1
747109,2024-06-16,6,2,0
744839,2024-06-16,1,2,1
744926,2024-06-16,2,7,1
745807,2024-06-16,2,7,1
746377,2024-06-16,0,4,1
745895,2024-06-16,0,4,1
745891,2024-06-16,5,6,1
745977,2024-06-16,3,1,0
746546,2024-06-16,1,0,0
745321,2024-06-16,2,9,1
746130,2024-06-16,0,1,1
745242,2024-06-16,0,2,1
747189,2024-06-16,1,10,1
746945,2024-06-16,1,4,1
745490,2024-06-17,1,4,1
745567,2024-06-17,1,6,1
746055,2024-06-17,1,0,0
744918,2024-06-17,5,1,0
747108,2024-06-17,0,0,
746868,2024-06-17,1,0,0
745005,2024-06-17,11,2,0
746543,2024-06-17,3,1,0
746215,2024-06-17,3,5,1
746049,2024-06-18,7,5,0
745488,2024-06-18,2,0,0
746627,2024-06-18,6,1,0
745563,2024-06-18,0,1,1
744843,2024-06-18,4,0,0
745733,2024-06-18,0,4,1
744917,2024-06-18,1,2,1
747107,2024-06-18,0,2,1
745893,2024-06-18,6,6,
746867,2024-06-18,2,2,
745004,2024-06-18,2,6,1
746783,2024-06-18,0,2,1
746542,2024-06-18,2,7,1
746217,2024-06-18,5,0,0
745650,2024-06-18,3,7,1
747106,2024-06-19,0,7,1
745489,2024-06-19,0,0,
746050,2024-06-19,2,2,
745561,2024-06-19,1,1,
746864,2024-06-19,0,3,1
744842,2024-06-19,1,0,0
746625,2024-06-19,0,6,1
745732,2024-06-19,4,1,0
744920,2024-06-19,3,2,0
745887,2024-06-19,1,2,1
745002,2024-06-19,1,1,
746781,2024-06-19,2,1,0
746538,2024-06-19,6,4,0
746219,2024-06-19,1,0,0
745646,2024-06-19,1,2,1
744841,2024-06-20,4,1,0
746626,2024-06-20,3,5,1
745889,2024-06-20,2,2,
746782,2024-06-20,1,3,1
746539,2024-06-20,5,0,0
745645,2024-06-20,2,0,0
745734,2024-06-20,11,5,0
745164,2024-06-20,3,6,1
745401,2024-06-20,3,5,1
746861,2024-06-21,11,1,0
745483,2024-06-21,4,2,0
745562,2024-06-21,4,2,0
746460,2024-06-21,1,2,1
745729,2024-06-21,8,1,0
746698,2024-06-21,2,3,1
746624,2024-06-21,1,7,1
746052,2024-06-21,2,0,0
745006,2024-06-21,2,1,0
746375,2024-06-21,3,5,1
746540,2024-06-21,9,5,0
745649,2024-06-21,1,4,1
745403,2024-06-21,4,3,0
746131,2024-06-21,0,2,1
746459,2024-06-22,3,0,0
745163,2024-06-22,4,5,1
746863,2024-06-22,1,6,1
745486,2024-06-22,2,4,1
744997,2024-06-22,0,1,1
745564,2024-06-22,1,8,1
745644,2024-06-22,9,2,0
746700,2024-06-22,1,3,1
746376,2024-06-22,1,4,1
746622,2024-06-22,2,5,1
746048,2024-06-22,7,0,0
745731,2024-06-22,1,4,1
745402,2024-06-22,0,4,1
746541,2024-06-22,3,4,1
746132,2024-06-22,1,7,1
745566,2024-06-23,0,1,1
745485,2024-06-23,1,1,
745727,2024-06-23,3,0,0
746699,2024-06-23,4,1,0
746621,2024-06-23,5,6,1
746457,2024-06-23,0,9,1
746051,2024-06-23,2,6,1
746373,2024-06-23,0,5,1
745165,2024-06-23,0,4,1
745000,2024-06-23,0,3,1
746536,2024-06-23,0,1,1
745648,2024-06-23,1,0,0
745396,2024-06-23,5,1,0
746862,2024-06-23,4,0,0
747021,2024-06-24,2,2,
746458,2024-06-24,4,1,0
745078,2024-06-24,1,1,
746696,2024-06-24,3,7,1
746941,2024-06-24,1,2,1
745160,2024-06-24,1,4,1
746780,2024-06-24,0,0,
746298,2024-06-24,1,3,1
745974,2024-06-24,2,1,0
746218,2024-06-24,1,4,1
745397,2024-06-24,2,3,1
745323,2024-06-24,4,1,0
747022,2024-06-25,8,6,0
746454,2024-06-25,0,4,1
745076,2024-06-25,2,2,
746697,2024-06-25,8,3,0
746943,2024-06-25,9,2,0
745806,2024-06-25,1,6,1
746372,2024-06-25,0,5,1
746775,2024-06-25,4,3,0
746293,2024-06-25,0,1,1
745973,2024-06-25,1,2,1
746213,2024-06-25,3,5,1
745399,2024-06-25,4,5,1
747188,2024-06-25,1,4,1
745322,2024-06-25,1,2,1
745073,2024-06-26,0,1,1
746695,2024-06-26,4,1,0
746456,2024-06-26,5,1,0
745157,2024-06-26,4,2,0
745158,2024-06-26,0,2,1
746374,2024-06-26,0,2,1
746291,2024-06-26,1,0,0
745975,2024-06-26,5,5,
746212,2024-06-26,1,0,0
745400,2024-06-26,0,4,1
747019,2024-06-26,2,2,
746942,2024-06-26,0,0,
745808,2024-06-26,0,7,1
746777,2024-06-26,4,0,0
747184,2024-06-26,8,1,0
745325,2024-06-26,3,4,1
747185,2024-06-27,13,5,0
745324,2024-06-27,3,0,0
746816,2024-06-27,0,1,1
745565,2024-06-27,0,3,1
747020,2024-06-27,1,8,1
744919,2024-06-27,2,8,1
745162,2024-06-27,10,2,0
746288,2024-06-27,1,0,0
746210,2024-06-27,0,5,1
745560,2024-06-28,0,1,1
745070,2024-06-28,0,2,1
747017,2024-06-28,0,2,1
744922,2024-06-28,1,3,1
745804,2024-06-28,2,2,
746939,2024-06-28,9,1,0
746776,2024-06-28,0,1,1
747105,2024-06-28,0,6,1
746292,2024-06-28,1,7,1
745970,2024-06-28,2,4,1
745161,2024-06-28,0,1,1
746214,2024-06-28,2,2,
747183,2024-06-28,3,2,0
745238,2024-06-28,0,1,1
745319,2024-06-28,2,1,0
746778,2024-06-29,3,2,0
745159,2024-06-29,8,1,0
744921,2024-06-29,1,3,1
745559,2024-06-29,1,2,1
746289,2024-06-29,6,2,0
745801,2024-06-29,4,6,1
747186,2024-06-29,0,3,1
746940,2024-06-29,10,0,0
745071,2024-06-29,2,1,0
747104,2024-06-29,1,1,
745972,2024-06-29,3,3,
745317,2024-06-29,6,6,
747018,2024-06-29,2,5,1
746211,2024-06-29,3,2,0
745239,2024-06-29,2,1,0
747101,2024-06-30,4,1,0
746938,2024-06-30,0,4,1
745555,2024-06-30,6,3,0
744916,2024-06-30,7,1,0
745802,2024-06-30,4,0,0
745072,2024-06-30,0,4,1
746290,2024-06-30,0,4,1
746779,2024-06-30,2,1,0
745971,2024-06-30,1,7,1
745154,2024-06-30,0,1,1
745320,2024-06-30,1,9,1
746209,2024-06-30,7,0,0
747182,2024-06-30,1,1,
745243,2024-06-30,3,2,0
747016,2024-06-30,8,2,0
744914,2024-07-01,1,0,0
744840,2024-07-01,0,2,1
746535,2024-07-01,4,5,1
745482,2024-07-02,6,4,0
746623,2024-07-02,1,3,1
746047,2024-07-02,5,1,0
744838,2024-07-02,0,2,1
745730,2024-07-02,5,0,0
744913,2024-07-02,5,7,1
747102,2024-07-02,2,2,
745886,2024-07-02,3,3,
744999,2024-07-02,0,6,1
746860,2024-07-02,5,1,0
746282,2024-07-02,1,0,0
746537,2024-07-02,1,2,1
745647,2024-07-02,1,4,1
745240,2024-07-02,1,0,0
746133,2024-07-02,2,2,
745487,2024-07-03,1,2,1
746617,2024-07-03,5,1,0
746045,2024-07-03,2,1,0
744837,2024-07-03,5,1,0
745728,2024-07-03,3,0,0
744915,2024-07-03,1,1,
747100,2024-07-03,0,3,1
744998,2024-07-03,3,4,1
746858,2024-07-03,1,2,1
746283,2024-07-03,1,2,1
745888,2024-07-03,7,1,0
746534,2024-07-03,3,0,0
745643,2024-07-03,0,3,1
746128,2024-07-03,6,4,0
745234,2024-07-03,4,0,0
744834,2024-07-04,0,0,
745484,2024-07-04,1,1,
745726,2024-07-04,5,2,0
744912,2024-07-04,4,3,0
745890,2024-07-04,3,9,1
746619,2024-07-04,1,7,1
746043,2024-07-04,1,0,0
746857,2024-07-04,2,8,1
744996,2024-07-04,1,0,0
745641,2024-07-04,0,3,1
745236,2024-07-04,2,2,
747103,2024-07-04,3,2,0
746285,2024-07-04,8,4,0
746532,2024-07-04,2,3,1
746126,2024-07-04,5,3,0
746859,2024-07-05,1,4,1
745479,2024-07-05,2,4,1
744836,2024-07-05,3,5,1
745725,2024-07-05,1,3,1
746693,2024-07-05,4,1,0
746620,2024-07-05,4,1,0
746046,2024-07-05,3,0,0
747097,2024-07-05,3,2,0
744992,2024-07-05,0,3,1
746533,2024-07-05,2,1,0
745884,2024-07-05,3,4,1
745639,2024-07-05,3,1,0
745398,2024-07-05,2,5,1
745237,2024-07-05,0,2,1
746127,2024-07-05,5,4,0
745724,2024-07-06,4,10,1
745885,2024-07-06,3,7,1
746856,2024-07-06,7,0,0
745476,2024-07-06,3,2,0
744835,2024-07-06,5,13,1
744995,2024-07-06,0,2,1
745642,2024-07-06,1,14,1
746694,2024-07-06,0,2,1
746615,2024-07-06,3,4,1
745235,2024-07-06,2,0,0
746044,2024-07-06,3,2,0
747099,2024-07-06,1,5,1
746129,2024-07-06,2,3,1
746529,2024-07-06,0,3,1
745395,2024-07-06,2,1,0
745477,2024-07-07,0,0,
744832,2024-07-07,6,2,0
747098,2024-07-07,0,5,1
746691,2024-07-07,1,0,0
746616,2024-07-07,3,2,0
746039,2024-07-07,2,1,0
745883,2024-07-07,2,2,
746855,2024-07-07,0,3,1
744993,2024-07-07,2,10,1
746530,2024-07-07,4,0,0
745637,2024-07-07,5,0,0
745391,2024-07-07,1,1,
745233,2024-07-07,1,4,1
746122,2024-07-07,4,0,0
745723,2024-07-07,0,0,
745480,2024-07-08,0,2,1
744833,2024-07-08,2,0,0
746455,2024-07-08,0,0,
746692,2024-07-08,0,2,1
746771,2024-07-08,2,2,
746208,2024-07-08,7,3,0
747181,2024-07-08,1,0,0
747014,2024-07-09,7,2,0
746451,2024-07-09,6,3,0
745557,2024-07-09,1,9,1
745074,2024-07-09,1,4,1
746690,2024-07-09,4,7,1
745803,2024-07-09,0,4,1
746937,2024-07-09,2,11,1
746368,2024-07-09,1,2,1
745968,2024-07-09,2,2,
746206,2024-07-09,4,4,
745393,2024-07-09,5,0,0
747180,2024-07-09,2,0,0
745316,2024-07-09,0,1,1
745155,2024-07-10,3,3,
745156,2024-07-10,5,4,0
746772,2024-07-10,0,1,1
746773,2024-07-10,0,2,1
747015,2024-07-10,3,0,0
746453,2024-07-10,3,4,1
745394,2024-07-10,2,0,0
745069,2024-07-10,2,1,0
745556,2024-07-10,2,4,1
746689,2024-07-10,4,1,0
745796,2024-07-10,2,1,0
746934,2024-07-10,3,0,0
746366,2024-07-10,1,6,1
745969,2024-07-10,0,5,1
746205,2024-07-10,2,5,1
747179,2024-07-10,3,3,
745318,2024-07-10,3,3,
746688,2024-07-11,1,4,1
746452,2024-07-11,1,6,1
745799,2024-07-11,0,5,1
745967,2024-07-11,0,0,
745313,2024-07-11,5,2,0
745558,2024-07-11,1,2,1
747011,2024-07-11,4,0,0
745065,2024-07-11,3,5,1
746935,2024-07-11,0,5,1
746367,2024-07-11,3,6,1
746204,2024-07-11,7,0,0
747178,2024-07-11,0,1,1
746450,2024-07-12,2,3,1
745552,2024-07-12,4,2,0
745064,2024-07-12,0,2,1
747012,2024-07-12,3,1,0
746936,2024-07-12,5,1,0
745800,2024-07-12,2,7,1
746685,2024-07-12,3,7,1
746371,2024-07-12,0,3,1
746774,2024-07-12,2,1,0
745965,2024-07-12,4,2,0
745153,2024-07-12,2,0,0
746207,2024-07-12,4,4,
747175,2024-07-12,1,2,1
745390,2024-07-12,4,1,0
745312,2024-07-12,0,4,1
746447,2024-07-13,5,4,0
746766,2024-07-13,1,0,0
745152,2024-07-13,2,11,1
745175,2024-07-13,4,3,0
745549,2024-07-13,2,6,1
747013,2024-07-13,6,1,0
746930,2024-07-13,0,5,1
745798,2024-07-13,3,4,1
745067,2024-07-13,2,2,
746369,2024-07-13,1,1,
746687,2024-07-13,5,7,1
745963,2024-07-13,3,5,1
745311,2024-07-13,2,2,
745392,2024-07-13,0,2,1
746202,2024-07-13,1,2,1
747177,2024-07-13,1,5,1
747009,2024-07-14,2,3,1
746932,2024-07-14,2,4,1
745551,2024-07-14,4,1,0
746449,2024-07-14,3,1,0
745797,2024-07-14,3,3,
745066,2024-07-14,0,1,1
746686,2024-07-14,2,0,0
746370,2024-07-14,2,1,0
746769,2024-07-14,4,3,0
745962,2024-07-14,2,7,1
745151,2024-07-14,4,2,0
745314,2024-07-14,0,2,1
746201,2024-07-14,0,0,
747176,2024-07-14,7,7,
745385,2024-07-14,2,1,0
746854,2024-07-19,5,0,0
745481,2024-07-19,7,4,0
744829,2024-07-19,1,7,1
745721,2024-07-19,0,5,1
744911,2024-07-19,3,0,0
746618,2024-07-19,0,1,1
746040,2024-07-19,2,5,1
744990,2024-07-19,6,1,0
746284,2024-07-19,0,7,1
746531,2024-07-19,3,0,0
745640,2024-07-19,2,6,1
746123,2024-07-19,1,0,0
745228,2024-07-19,3,0,0
745720,2024-07-20,6,0,0
747093,2024-07-20,0,0,
747096,2024-07-20,6,2,0
744910,2024-07-20,1,0,0
745638,2024-07-20,1,7,1
746041,2024-07-20,1,0,0
745478,2024-07-20,0,0,
744830,2024-07-20,4,3,0
744994,2024-07-20,5,2,0
746613,2024-07-20,3,0,0
746286,2024-07-20,0,4,1
745880,2024-07-20,1,0,0
746852,2024-07-20,3,0,0
746121,2024-07-20,2,1,0
746527,2024-07-20,2,4,1
745229,2024-07-20,1,0,0
745882,2024-07-21,4,5,1
744831,2024-07-21,2,2,
745470,2024-07-21,2,0,0
747094,2024-07-21,4,2,0
745722,2024-07-21,3,0,0
744909,2024-07-21,4,4,
746610,2024-07-21,2,0,0
746042,2024-07-21,2,3,1
746287,2024-07-21,0,0,
746853,2024-07-21,0,0,
744991,2024-07-21,0,3,1
746528,2024-07-21,3,2,0
745633,2024-07-21,2,3,1
745230,2024-07-21,1,3,1
746125,2024-07-21,2,6,1
745717,2024-07-22,1,5,1
746612,2024-07-22,4,1,0
745473,2024-07-22,1,1,
746034,2024-07-22,5,2,0
747095,2024-07-22,4,0,0
745881,2024-07-22,2,3,1
744988,2024-07-22,2,2,
746850,2024-07-22,0,2,1
746280,2024-07-22,3,9,1
746526,2024-07-22,4,4,
745635,2024-07-22,0,4,1
745232,2024-07-22,0,1,1
746124,2024-07-22,1,1,
746614,2024-07-23,2,3,1
745475,2024-07-23,1,0,0
746036,2024-07-23,3,6,1
744828,2024-07-23,2,0,0
745715,2024-07-23,1,1,
744904,2024-07-23,3,0,0
745878,2024-07-23,0,0,
744985,2024-07-23,1,2,1
746848,2024-07-23,0,0,
746281,2024-07-23,5,1,0
746524,2024-07-23,6,0,0
745632,2024-07-23,1,6,1
745227,2024-07-23,5,1,0
746118,2024-07-23,1,4,1
747091,2024-07-24,9,4,0
745472,2024-07-24,0,5,1
745877,2024-07-24,1,1,
746851,2024-07-24,1,2,1
746525,2024-07-24,3,13,1
745634,2024-07-24,3,1,0
745231,2024-07-24,0,1,1
746611,2024-07-24,1,1,
746035,2024-07-24,0,3,1
744824,2024-07-24,12,3,0
745716,2024-07-24,5,2,0
744905,2024-07-24,1,2,1
744989,2024-07-24,2,3,1
746279,2024-07-24,3,4,1
746119,2024-07-24,2,1,0
744827,2024-07-25,3,0,0
746037,2024-07-25,6,0,0
746609,2024-07-25,3,0,0
744984,2024-07-25,1,2,1
744907,2024-07-25,3,0,0
746117,2024-07-25,2,4,1
745794,2024-07-25,1,2,1
746199,2024-07-25,6,5,0
746448,2024-07-26,6,2,0
745554,2024-07-26,3,1,0
745068,2024-07-26,2,2,
747010,2024-07-26,0,2,1
744906,2024-07-26,5,4,0
745792,2024-07-26,2,8,1
746933,2024-07-26,3,4,1
746277,2024-07-26,0,6,1
746361,2024-07-26,0,4,1
746767,2024-07-26,10,0,0
745964,2024-07-26,5,2,0
745146,2024-07-26,5,6,1
746200,2024-07-26,2,4,1
747174,2024-07-26,3,1,0
745315,2024-07-26,1,6,1
744908,2024-07-27,3,5,1
747006,2024-07-27,4,0,0
745059,2024-07-27,0,4,1
745793,2024-07-27,3,0,0
745553,2024-07-27,0,7,1
746446,2024-07-27,2,1,0
745307,2024-07-27,0,1,1
745310,2024-07-27,0,4,1
746278,2024-07-27,3,1,0
746362,2024-07-27,4,0,0
745966,2024-07-27,2,3,1
745150,2024-07-27,2,0,0
746768,2024-07-27,5,1,0
746931,2024-07-27,5,6,1
747171,2024-07-27,4,6,1
746203,2024-07-27,3,1,0
745063,2024-07-28,1,0,0
747008,2024-07-28,3,6,1
745550,2024-07-28,3,3,
744902,2024-07-28,0,6,1
746445,2024-07-28,2,0,0
745795,2024-07-28,4,0,0
746274,2024-07-28,2,3,1
746364,2024-07-28,1,0,0
746770,2024-07-28,6,1,0
745961,2024-07-28,1,6,1
745145,2024-07-28,2,2,
745305,2024-07-28,1,3,1
746195,2024-07-28,6,8,1
747173,2024-07-28,0,2,1
746929,2024-07-28,4,2,0
747007,2024-07-29,3,10,1
747039,2024-07-29,6,3,0
746444,2024-07-29,4,0,0
745547,2024-07-29,7,2,0
746684,2024-07-29,0,6,1
746928,2024-07-29,1,12,1
745791,2024-07-29,1,6,1
745147,2024-07-29,3,2,0
746360,2024-07-29,0,2,1
746765,2024-07-29,2,2,
745959,2024-07-29,2,1,0
747172,2024-07-29,6,2,0
746441,2024-07-30,2,0,0
747005,2024-07-30,1,6,1
745546,2024-07-30,1,4,1
745060,2024-07-30,3,1,0
746683,2024-07-30,0,5,1
746926,2024-07-30,7,3,0
745787,2024-07-30,0,2,1
745149,2024-07-30,1,8,1
746365,2024-07-30,3,1,0
746763,2024-07-30,1,2,1
745958,2024-07-30,5,0,0
746197,2024-07-30,6,7,1
747167,2024-07-30,0,11,1
745389,2024-07-30,5,3,0
745309,2024-07-30,4,0,0
745061,2024-07-31,4,2,0
747003,2024-07-31,3,9,1
745543,2024-07-31,4,3,0
745789,2024-07-31,7,2,0
746764,2024-07-31,6,3,0
745960,2024-07-31,2,2,
745148,2024-07-31,0,8,1
747170,2024-07-31,1,1,
746925,2024-07-31,2,1,0
746678,2024-07-31,6,3,0
746363,2024-07-31,4,3,0
745386,2024-07-31,1,7,1
746198,2024-07-31,1,1,
745306,2024-07-31,0,1,1
746607,2024-08-01,2,5,1
746442,2024-08-01,3,1,0
747092,2024-08-01,1,4,1
746849,2024-08-01,1,1,
746196,2024-08-01,2,2,
746845,2024-08-02,1,5,1
746443,2024-08-02,3,2,0
745471,2024-08-02,5,3,0
744825,2024-08-02,3,3,
745719,2024-08-02,7,5,0
746605,2024-08-02,1,4,1
746679,2024-08-02,2,0,0
747089,2024-08-02,3,1,0
744986,2024-08-02,7,3,0
746354,2024-08-02,2,2,
745875,2024-08-02,2,4,1
746193,2024-08-02,3,1,0
745631,2024-08-02,2,6,1
745387,2024-08-02,1,2,1
745224,2024-08-02,0,9,1
745714,2024-08-03,1,6,1
746846,2024-08-03,1,4,1
744823,2024-08-03,1,6,1
746440,2024-08-03,0,0,
745474,2024-08-03,1,1,
744987,2024-08-03,3,4,1
745876,2024-08-03,1,2,1
746608,2024-08-03,3,2,0
746681,2024-08-03,0,6,1
746358,2024-08-03,2,1,0
747087,2024-08-03,3,3,
745388,2024-08-03,1,1,
745636,2024-08-03,2,0,0
746194,2024-08-03,0,2,1
745225,2024-08-03,5,1,0
746680,2024-08-04,2,2,
745468,2024-08-04,0,4,1
747088,2024-08-04,6,0,0
745718,2024-08-04,2,0,0
744826,2024-08-04,0,1,1
746606,2024-08-04,6,5,0
746439,2024-08-04,0,2,1
746356,2024-08-04,1,0,0
745879,2024-08-04,3,8,1
744979,2024-08-04,3,2,0
746191,2024-08-04,2,3,1
745627,2024-08-04,3,2,0
745384,2024-08-04,1,3,1
745222,2024-08-04,1,0,0
746844,2024-08-04,2,4,1
745184,2024-08-05,5,0,0
746600,2024-08-05,2,3,1
746038,2024-08-05,7,0,0
744821,2024-08-05,4,0,0
744982,2024-08-05,1,1,
746847,2024-08-05,2,0,0
746276,2024-08-05,2,2,
745628,2024-08-05,1,3,1
746116,2024-08-05,2,4,1
745467,2024-08-06,4,0,0
746033,2024-08-06,7,2,0
744817,2024-08-06,5,8,1
744901,2024-08-06,0,0,
747086,2024-08-06,7,0,0
745141,2024-08-06,2,4,1
744983,2024-08-06,1,0,0
746840,2024-08-06,2,4,1
746273,2024-08-06,3,3,
746519,2024-08-06,3,5,1
745221,2024-08-06,3,1,0
745629,2024-08-06,2,1,0
746120,2024-08-06,1,0,0
746604,2024-08-07,4,2,0
746602,2024-08-07,4,2,0
746842,2024-08-07,2,6,1
744981,2024-08-07,2,0,0
745630,2024-08-07,2,0,0
745709,2024-08-07,0,5,1
745713,2024-08-07,8,2,0
745469,2024-08-07,5,4,0
746031,2024-08-07,0,6,1
744822,2024-08-07,5,3,0
744903,2024-08-07,2,3,1
747085,2024-08-07,3,4,1
745142,2024-08-07,1,5,1
746272,2024-08-07,4,7,1
746521,2024-08-07,2,2,
745223,2024-08-07,3,2,0
746115,2024-08-07,3,4,1
744819,2024-08-08,2,2,
747081,2024-08-08,13,3,0
745466,2024-08-08,4,0,0
746522,2024-08-08,7,1,0
746030,2024-08-08,3,3,
745710,2024-08-08,8,1,0
744899,2024-08-08,2,5,1
745143,2024-08-08,2,4,1
745226,2024-08-08,3,0,0
747169,2024-08-08,0,1,1
745927,2024-08-09,0,3,1
745871,2024-08-09,3,5,1
744818,2024-08-09,2,1,0
745062,2024-08-09,3,0,0
744900,2024-08-09,1,1,
746927,2024-08-09,1,3,1
746032,2024-08-09,0,2,1
746275,2024-08-09,3,5,1
746760,2024-08-09,7,5,0
745957,2024-08-09,0,8,1
746523,2024-08-09,2,5,1
747168,2024-08-09,0,2,1
746113,2024-08-09,4,9,1
745220,2024-08-09,0,2,1
745308,2024-08-09,2,0,0
745712,2024-08-10,0,7,1
745708,2024-08-10,1,1,
744897,2024-08-10,0,0,
745304,2024-08-10,1,3,1
746922,2024-08-10,1,1,
746026,2024-08-10,3,7,1
744820,2024-08-10,4,2,0
746269,2024-08-10,2,1,0
745955,2024-08-10,0,0,
745056,2024-08-10,4,3,0
746761,2024-08-10,1,1,
747164,2024-08-10,1,4,1
746520,2024-08-10,6,5,0
746112,2024-08-10,0,4,1
745219,2024-08-10,0,3,1
744816,2024-08-11,5,0,0
746923,2024-08-11,6,0,0
745711,2024-08-11,0,5,1
744895,2024-08-11,7,1,0
745057,2024-08-11,1,0,0
746025,2024-08-11,1,5,1
745872,2024-08-11,1,1,
745956,2024-08-11,3,2,0
746517,2024-08-11,3,2,0
745303,2024-08-11,5,2,0
746114,2024-08-11,2,4,1
747166,2024-08-11,2,8,1
745216,2024-08-11,0,4,1
746603,2024-08-12,3,7,1
746682,2024-08-12,1,6,1
745058,2024-08-12,6,1,0
746921,2024-08-12,1,3,1
745874,2024-08-12,2,6,1
746762,2024-08-12,2,5,1
745953,2024-08-12,4,0,0
746192,2024-08-12,4,1,0
747165,2024-08-12,3,1,0
745383,2024-08-12,0,0,
745300,2024-08-12,0,0,
747004,2024-08-13,4,2,0
746601,2024-08-13,1,1,
746435,2024-08-13,1,11,1
746673,2024-08-13,0,2,1
745548,2024-08-13,3,0,0
745055,2024-08-13,2,1,0
745788,2024-08-13,7,4,0
746924,2024-08-13,0,6,1
745867,2024-08-13,2,8,1
746757,2024-08-13,3,0,0
745954,2024-08-13,7,1,0
746187,2024-08-13,5,0,0
747160,2024-08-13,3,2,0
745382,2024-08-13,0,2,1
745302,2024-08-13,3,2,0
745869,2024-08-14,2,1,0
747163,2024-08-14,1,6,1
745381,2024-08-14,0,8,1
746919,2024-08-14,1,2,1
747000,2024-08-14,1,2,1
746598,2024-08-14,1,4,1
746436,2024-08-14,1,0,0
746677,2024-08-14,0,7,1
745544,2024-08-14,5,6,1
745053,2024-08-14,1,0,0
745790,2024-08-14,0,3,1
746759,2024-08-14,1,2,1
745951,2024-08-14,3,4,1
746188,2024-08-14,6,1,0
745301,2024-08-14,7,1,0
745783,2024-08-15,5,6,1
746437,2024-08-15,1,0,0
745950,2024-08-15,3,3,
745298,2024-08-15,0,2,1
747002,2024-08-15,1,3,1
745545,2024-08-15,1,9,1
744980,2024-08-15,2,2,
746843,2024-08-16,2,4,1
746674,2024-08-16,1,0,0
745462,2024-08-16,2,3,1
745542,2024-08-16,0,2,1
746438,2024-08-16,2,0,0
745054,2024-08-16,2,1,0
747001,2024-08-16,8,6,0
745784,2024-08-16,3,7,1
744974,2024-08-16,4,2,0
746357,2024-08-16,4,1,0
745949,2024-08-16,0,5,1
745144,2024-08-16,2,4,1
746518,2024-08-16,3,6,1
746189,2024-08-16,2,2,
745463,2024-08-17,2,3,1
746434,2024-08-17,0,4,1
746841,2024-08-17,0,3,1
745049,2024-08-17,1,4,1
745785,2024-08-17,0,4,1
745537,2024-08-17,1,1,
746675,2024-08-17,13,0,0
746997,2024-08-17,0,0,
744977,2024-08-17,1,2,1
745626,2024-08-17,0,1,1
746355,2024-08-17,1,4,1
745140,2024-08-17,2,4,1
745952,2024-08-17,1,2,1
746515,2024-08-17,5,0,0
746190,2024-08-17,9,0,0
745786,2024-08-18,1,1,
746999,2024-08-18,0,1,1
745464,2024-08-18,8,0,0
745539,2024-08-18,3,2,0
746676,2024-08-18,4,0,0
745051,2024-08-18,0,5,1
746359,2024-08-18,0,0,
745948,2024-08-18,0,2,1
745139,2024-08-18,2,0,0
746838,2024-08-18,1,0,0
744975,2024-08-18,4,0,0
746516,2024-08-18,1,1,
745621,2024-08-18,0,0,
746186,2024-08-18,2,1,0
746431,2024-08-18,0,0,
746027,2024-08-19,5,2,0
744898,2024-08-19,2,2,
745780,2024-08-19,1,3,1
744976,2024-08-19,3,4,1
746351,2024-08-19,2,2,
746270,2024-08-19,0,3,1
745620,2024-08-19,0,3,1
745380,2024-08-19,2,5,1
745294,2024-08-19,1,4,1
746109,2024-08-19,0,0,
746029,2024-08-20,2,1,0
744814,2024-08-20,1,0,0
745707,2024-08-20,3,3,
744896,2024-08-20,1,10,1
745782,2024-08-20,7,1,0
747083,2024-08-20,1,1,
745136,2024-08-20,2,0,0
746839,2024-08-20,1,2,1
744978,2024-08-20,3,0,0
746349,2024-08-20,5,5,
746266,2024-08-20,2,2,
745624,2024-08-20,0,0,
745374,2024-08-20,3,1,0
745295,2024-08-20,1,3,1
746107,2024-08-20,3,2,0
745781,2024-08-21,0,2,1
746350,2024-08-21,2,1,0
744973,2024-08-21,0,0,
745297,2024-08-21,2,2,
745375,2024-08-21,10,1,0
746028,2024-08-21,3,6,1
744812,2024-08-21,0,5,1
745704,2024-08-21,0,7,1
744893,2024-08-21,7,6,0
747084,2024-08-21,0,2,1
745138,2024-08-21,1,2,1
746837,2024-08-21,4,2,0
746267,2024-08-21,0,2,1
745622,2024-08-21,2,1,0
746110,2024-08-21,1,8,1
744815,2024-08-22,0,2,1
745705,2024-08-22,0,5,1
745137,2024-08-22,0,0,
746836,2024-08-22,0,6,1
745623,2024-08-22,1,3,1
745465,2024-08-22,0,6,1
744894,2024-08-22,0,5,1
746998,2024-08-22,2,0,0
747082,2024-08-22,1,2,1
745379,2024-08-22,3,1,0
745460,2024-08-23,5,4,0
746995,2024-08-23,4,2,0
745702,2024-08-23,0,2,1
744889,2024-08-23,4,2,0
746920,2024-08-23,2,1,0
746597,2024-08-23,4,3,0
746024,2024-08-23,3,3,
747080,2024-08-23,2,1,0
745870,2024-08-23,3,1,0
746268,2024-08-23,2,7,1
746758,2024-08-23,2,2,
745378,2024-08-23,0,6,1
745625,2024-08-23,7,3,0
745217,2024-08-23,3,1,0
746111,2024-08-23,3,3,
745703,2024-08-24,7,2,0
744890,2024-08-24,0,2,1
746996,2024-08-24,1,0,0
745617,2024-08-24,5,1,0
746917,2024-08-24,2,0,0
745218,2024-08-24,3,2,0
746022,2024-08-24,7,2,0
745457,2024-08-24,8,2,0
746599,2024-08-24,1,9,1
745868,2024-08-24,0,5,1
746271,2024-08-24,2,1,0
746756,2024-08-24,9,3,0
747077,2024-08-24,2,1,0
745377,2024-08-24,5,1,0
746108,2024-08-24,5,6,1
747078,2024-08-25,1,0,0
746918,2024-08-25,3,4,1
745459,2024-08-25,0,2,1
745706,2024-08-25,3,4,1
744892,2024-08-25,1,2,1
746595,2024-08-25,1,2,1
746023,2024-08-25,1,3,1
745863,2024-08-25,1,1,
746263,2024-08-25,3,2,0
746754,2024-08-25,5,3,0
745618,2024-08-25,2,4,1
745376,2024-08-25,1,0,0
745212,2024-08-25,2,2,
746106,2024-08-25,0,1,1
746994,2024-08-25,3,3,
746628,2024-08-26,3,2,0
746596,2024-08-26,5,4,0
746942,2024-08-26,0,0,
745458,2024-08-26,3,2,0
745538,2024-08-26,2,1,0
744813,2024-08-26,2,0,0
746915,2024-08-26,5,1,0
745865,2024-08-26,9,3,0
745133,2024-08-26,7,2,0
746753,2024-08-26,1,2,1
746513,2024-08-26,2,2,
745215,2024-08-26,1,5,1
746429,2024-08-27,2,3,1
746594,2024-08-27,2,1,0
746671,2024-08-27,0,1,1
745461,2024-08-27,9,2,0
745540,2024-08-27,0,4,1
744811,2024-08-27,0,3,1
746916,2024-08-27,1,6,1
745864,2024-08-27,4,0,0
745132,2024-08-27,4,5,1
746755,2024-08-27,1,1,
745946,2024-08-27,3,2,0
746510,2024-08-27,2,6,1
747162,2024-08-27,8,0,0
745213,2024-08-27,0,0,
746105,2024-08-27,3,2,0
745452,2024-08-28,3,10,1
746589,2024-08-28,3,2,0
745541,2024-08-28,6,0,0
745211,2024-08-28,1,5,1
746755,2024-08-28,1,1,
746430,2024-08-28,0,3,1
746672,2024-08-28,2,0,0
744809,2024-08-28,2,5,1
746913,2024-08-28,0,1,1
745866,2024-08-28,1,0,0
745134,2024-08-28,2,3,1
746752,2024-08-28,3,3,
745943,2024-08-28,0,5,1
746512,2024-08-28,2,3,1
747161,2024-08-28,4,4,
746103,2024-08-28,4,6,1
746432,2024-08-29,3,0,0
746748,2024-08-29,1,0,0
745945,2024-08-29,0,6,1
745135,2024-08-29,1,2,1
746514,2024-08-29,8,6,0
747159,2024-08-29,1,2,1
746670,2024-08-29,6,4,0
745531,2024-08-29,3,0,0
746914,2024-08-29,1,0,0
746352,2024-08-29,0,2,1
746102,2024-08-29,3,5,1
746730,2024-08-30,4,4,
746665,2024-08-30,1,0,0
746433,2024-08-30,3,0,0
745533,2024-08-30,4,1,0
744810,2024-08-30,7,3,0
745052,2024-08-30,10,4,0
745700,2024-08-30,2,4,1
746593,2024-08-30,6,8,1
744969,2024-08-30,4,1,0
746353,2024-08-30,0,1,1
745862,2024-08-30,0,2,1
746749,2024-08-30,4,1,0
746511,2024-08-30,3,2,0
746184,2024-08-30,7,4,0
747156,2024-08-30,5,5,
745299,2024-08-30,0,0,
745699,2024-08-31,4,1,0
744808,2024-08-31,4,3,0
745050,2024-08-31,2,9,1
746424,2024-08-31,1,2,1
746590,2024-08-31,1,0,0
744971,2024-08-31,1,2,1
746348,2024-08-31,0,0,
745859,2024-08-31,11,0,0
746751,2024-08-31,4,2,0
745532,2024-08-31,0,1,1
746667,2024-08-31,3,2,0
746507,2024-08-31,5,5,
747158,2024-08-31,6,5,0
745296,2024-08-31,2,1,0
746182,2024-08-31,4,1,0
746669,2024-09-01,3,3,
744806,2024-09-01,4,1,0
745701,2024-09-01,7,5,0
746426,2024-09-01,1,2,1
746592,2024-09-01,0,3,1
745048,2024-09-01,3,0,0
746347,2024-09-01,0,3,1
745861,2024-09-01,1,0,0
746750,2024-09-01,1,0,0
744970,2024-09-01,1,2,1
746505,2024-09-01,5,0,0
745292,2024-09-01,4,5,1
746183,2024-09-01,2,3,1
747157,2024-09-01,1,9,1
745536,2024-09-01,2,0,0
745947,2024-09-02,2,5,1
746992,2024-09-02,2,5,1
746668,2024-09-02,2,5,1
746265,2024-09-02,2,1,0
747155,2024-09-02,3,1,0
745373,2024-09-02,0,1,1
745046,2024-09-02,4,3,0
745619,2024-09-02,3,4,1
745779,2024-09-02,1,4,1
746833,2024-09-02,0,3,1
744972,2024-09-02,2,1,0
746991,2024-09-03,0,9,1
746020,2024-09-03,4,1,0
745047,2024-09-03,1,2,1
744891,2024-09-03,4,6,1
745778,2024-09-03,1,2,1
747079,2024-09-03,0,2,1
746264,2024-09-03,2,0,0
746834,2024-09-03,2,0,0
745944,2024-09-03,3,3,
744968,2024-09-03,0,1,1
746185,2024-09-03,2,2,
745615,2024-09-03,2,2,
745293,2024-09-03,7,1,0
744887,2024-09-04,3,2,0
746990,2024-09-04,6,1,0
746666,2024-09-04,1,12,1
746019,2024-09-04,0,0,
745045,2024-09-04,0,8,1
745776,2024-09-04,3,4,1
747075,2024-09-04,2,4,1
746262,2024-09-04,1,4,1
746835,2024-09-04,0,9,1
745938,2024-09-04,2,0,0
744964,2024-09-04,2,5,1
746178,2024-09-04,0,7,1
745370,2024-09-04,5,5,
745614,2024-09-04,5,1,0
745290,2024-09-04,3,0,0
746664,2024-09-05,0,0,
745042,2024-09-05,4,2,0
745612,2024-09-05,4,2,0
745289,2024-09-05,2,2,
745451,2024-09-05,3,6,1
746021,2024-09-05,1,0,0
747073,2024-09-05,1,1,
744966,2024-09-05,1,3,1
745369,2024-09-05,0,3,1
746832,2024-09-06,3,0,0
745941,2024-09-06,0,1,1
746993,2024-09-06,0,1,1
745777,2024-09-06,2,2,
746912,2024-09-06,1,1,
746016,2024-09-06,10,1,0
747074,2024-09-06,1,3,1
744967,2024-09-06,2,0,0
746343,2024-09-06,0,4,1
746257,2024-09-06,0,4,1
745131,2024-09-06,1,0,0
745611,2024-09-06,1,1,
745371,2024-09-06,0,4,1
746104,2024-09-06,0,0,
745455,2024-09-07,2,0,0
745456,2024-09-07,2,4,1
746829,2024-09-07,1,0,0
746986,2024-09-07,2,0,0
745613,2024-09-07,0,1,1
746344,2024-09-07,3,5,1
745775,2024-09-07,0,0,
746018,2024-09-07,3,5,1
744963,2024-09-07,2,2,
745942,2024-09-07,1,5,1
745125,2024-09-07,0,0,
746259,2024-09-07,2,0,0
746911,2024-09-07,2,7,1
747076,2024-09-07,6,1,0
745372,2024-09-07,4,3,0
746099,2024-09-07,2,7,1
746989,2024-09-08,0,0,
745453,2024-09-08,2,6,1
747072,2024-09-08,0,1,1
746910,2024-09-08,0,1,1
745774,2024-09-08,0,0,
746017,2024-09-08,0,10,1
746258,2024-09-08,0,2,1
745940,2024-09-08,4,1,0
745128,2024-09-08,9,2,0
746827,2024-09-08,1,2,1
744965,2024-09-08,3,5,1
745616,2024-09-08,3,0,0
746098,2024-09-08,0,2,1
745368,2024-09-08,6,1,0
746345,2024-09-08,9,5,0
745534,2024-09-09,0,0,
747090,2024-09-09,1,0,0
745454,2024-09-09,1,3,1
745698,2024-09-09,3,3,
744888,2024-09-09,1,0,0
746909,2024-09-09,2,4,1
745860,2024-09-09,4,2,0
746746,2024-09-09,5,0,0
746101,2024-09-09,4,2,0
746428,2024-09-10,0,5,1
745535,2024-09-10,3,4,1
745446,2024-09-10,1,6,1
744807,2024-09-10,8,0,0
745694,2024-09-10,3,0,0
744886,2024-09-10,1,5,1
746907,2024-09-10,3,1,0
745856,2024-09-10,4,8,1
746747,2024-09-10,1,0,0
745126,2024-09-10,3,0,0
746346,2024-09-10,2,0,0
745210,2024-09-10,3,2,0
747152,2024-09-10,0,4,1
745291,2024-09-10,2,1,0
746097,2024-09-10,1,3,1
745450,2024-09-11,0,3,1
746745,2024-09-11,5,4,0
744881,2024-09-11,0,1,1
747154,2024-09-11,4,11,1
746425,2024-09-11,4,7,1
745525,2024-09-11,1,2,1
744804,2024-09-11,0,4,1
745697,2024-09-11,1,0,0
746908,2024-09-11,1,2,1
745857,2024-09-11,2,4,1
745127,2024-09-11,1,1,
746342,2024-09-11,2,3,1
745214,2024-09-11,0,3,1
745285,2024-09-11,1,10,1
746100,2024-09-11,7,7,
746427,2024-09-12,1,2,1
745129,2024-09-12,0,1,1
746337,2024-09-12,0,2,1
744805,2024-09-12,2,3,1
746591,2024-09-12,3,2,0
745695,2024-09-12,1,1,
745208,2024-09-12,1,4,1
745288,2024-09-12,0,0,
746423,2024-09-13,0,1,1
745447,2024-09-13,7,0,0
745529,2024-09-13,6,0,0
744800,2024-09-13,1,2,1
745696,2024-09-13,0,0,
744882,2024-09-13,2,3,1
746586,2024-09-13,3,0,0
747069,2024-09-13,2,5,1
746744,2024-09-13,2,0,0
745855,2024-09-13,1,1,
746509,2024-09-13,2,4,1
746181,2024-09-13,4,3,0
747153,2024-09-13,2,1,0
745207,2024-09-13,3,0,0
745286,2024-09-13,4,0,0
745448,2024-09-14,3,1,0
745689,2024-09-14,7,1,0
744884,2024-09-14,1,1,
745528,2024-09-14,4,1,0
744803,2024-09-14,1,2,1
746422,2024-09-14,1,0,0
746584,2024-09-14,0,1,1
745858,2024-09-14,10,1,0
746740,2024-09-14,0,3,1
747070,2024-09-14,1,4,1
746508,2024-09-14,2,0,0
747148,2024-09-14,12,0,0
745284,2024-09-14,2,0,0
746177,2024-09-14,4,2,0
745209,2024-09-14,4,4,
746419,2024-09-15,0,2,1
745852,2024-09-15,2,1,0
745449,2024-09-15,2,4,1
745530,2024-09-15,0,0,
744801,2024-09-15,1,3,1
745693,2024-09-15,2,4,1
744883,2024-09-15,1,2,1
746585,2024-09-15,0,2,1
746741,2024-09-15,2,3,1
746506,2024-09-15,2,1,0
745287,2024-09-15,0,0,
746180,2024-09-15,5,0,0
745206,2024-09-15,0,3,1
747151,2024-09-15,3,5,1
747071,2024-09-15,1,2,1
746588,2024-09-16,3,1,0
745773,2024-09-16,1,0,0
747067,2024-09-16,3,0,0
746260,2024-09-16,4,6,1
746828,2024-09-16,2,9,1
745939,2024-09-16,1,3,1
745130,2024-09-16,0,1,1
746502,2024-09-16,2,1,0
746179,2024-09-16,7,2,0
745367,2024-09-16,0,2,1
746987,2024-09-17,4,0,0
746587,2024-09-17,2,1,0
746659,2024-09-17,5,2,0
746015,2024-09-17,6,7,1
745044,2024-09-17,2,5,1
745772,2024-09-17,1,6,1
746261,2024-09-17,1,1,
746830,2024-09-17,4,2,0
745935,2024-09-17,1,1,
745122,2024-09-17,1,2,1
744961,2024-09-17,7,7,
746503,2024-09-17,1,3,1
746176,2024-09-17,0,3,1
745366,2024-09-17,2,0,0
745205,2024-09-17,7,1,0
746831,2024-09-18,1,3,1
746500,2024-09-18,6,2,0
746172,2024-09-18,1,0,0
746988,2024-09-18,4,2,0
745365,2024-09-18,0,0,
746582,2024-09-18,2,1,0
746662,2024-09-18,1,0,0
746014,2024-09-18,6,0,0
745040,2024-09-18,0,1,1
745771,2024-09-18,0,9,1
746254,2024-09-18,4,1,0
745933,2024-09-18,1,1,
745121,2024-09-18,2,4,1
744959,2024-09-18,0,0,
745199,2024-09-18,1,0,0
746985,2024-09-19,2,3,1
746579,2024-09-19,2,1,0
746663,2024-09-19,8,2,0
744962,2024-09-19,2,0,0
745204,2024-09-19,2,3,1
746011,2024-09-19,7,3,0
745041,2024-09-19,0,1,1
745120,2024-09-19,1,1,
745769,2024-09-19,3,9,1
745937,2024-09-19,3,0,0
746823,2024-09-19,3,5,1
746341,2024-09-19,1,1,
746824,2024-09-20,0,1,1
746661,2024-09-20,0,8,1
745043,2024-09-20,0,0,
746984,2024-09-20,0,5,1
746905,2024-09-20,0,1,1
745770,2024-09-20,8,2,0
746013,2024-09-20,2,4,1
744960,2024-09-20,4,2,0
746340,2024-09-20,6,8,1
746256,2024-09-20,1,0,0
745934,2024-09-20,4,4,
745123,2024-09-20,3,1,0
745364,2024-09-20,0,0,
745606,2024-09-20,1,1,
746094,2024-09-20,2,3,1
746660,2024-09-21,0,6,1
746826,2024-09-21,1,0,0
746983,2024-09-21,2,1,0
745038,2024-09-21,1,3,1
745768,2024-09-21,2,2,
746012,2024-09-21,2,1,0
746255,2024-09-21,3,0,0
744958,2024-09-21,2,2,
746338,2024-09-21,2,8,1
745936,2024-09-21,3,0,0
745124,2024-09-21,1,2,1
745360,2024-09-21,0,4,1
745610,2024-09-21,6,0,0
746096,2024-09-21,4,3,0
746903,2024-09-22,1,8,1
746906,2024-09-22,2,3,1
746657,2024-09-22,2,0,0
746982,2024-09-22,3,3,
745036,2024-09-22,1,0,0
746010,2024-09-22,3,2,0
746339,2024-09-22,0,4,1
746253,2024-09-22,2,0,0
745929,2024-09-22,8,3,0
745118,2024-09-22,0,0,
746825,2024-09-22,0,5,1
744955,2024-09-22,2,0,0
745608,2024-09-22,5,2,0
746092,2024-09-22,4,1,0
745358,2024-09-22,1,1,
745767,2024-09-22,1,1,
745527,2024-09-23,0,5,1
744885,2024-09-23,3,0,0
746334,2024-09-23,1,0,0
747150,2024-09-23,5,2,0
746421,2024-09-24,0,2,1
746581,2024-09-24,1,4,1
745526,2024-09-24,6,2,0
745441,2024-09-24,4,2,0
744802,2024-09-24,0,0,
745688,2024-09-24,2,1,0
744876,2024-09-24,0,3,1
747068,2024-09-24,0,5,1
746743,2024-09-24,0,0,
745851,2024-09-24,4,1,0
746336,2024-09-24,3,4,1
746504,2024-09-24,2,3,1
747149,2024-09-24,10,0,0
745605,2024-09-24,3,3,
746093,2024-09-24,4,1,0
746331,2024-09-25,0,1,1
745521,2024-09-25,4,8,1
746583,2024-09-25,0,2,1
746420,2024-09-25,1,3,1
745442,2024-09-25,1,2,1
744795,2024-09-25,1,0,0
745690,2024-09-25,8,3,0
744877,2024-09-25,0,4,1
746742,2024-09-25,2,3,1
745854,2024-09-25,3,3,
746501,2024-09-25,4,1,0
747144,2024-09-25,1,5,1
745607,2024-09-25,5,1,0
746095,2024-09-25,3,3,
745443,2024-09-26,3,0,0
744796,2024-09-26,4,4,
746415,2024-09-26,3,0,0
746738,2024-09-26,0,7,1
746495,2024-09-26,6,5,0
745609,2024-09-26,0,3,1
745691,2024-09-26,0,1,1
745853,2024-09-26,4,0,0
746088,2024-09-26,1,0,0
746822,2024-09-27,0,1,1
746417,2024-09-27,0,2,1
744797,2024-09-27,0,7,1
745692,2024-09-27,0,2,1
744879,2024-09-27,9,4,0
746580,2024-09-27,5,0,0
746904,2024-09-27,0,0,
747065,2024-09-27,0,2,1
746494,2024-09-27,6,2,0
745847,2024-09-27,2,0,0
745930,2024-09-27,2,6,1
746173,2024-09-27,4,2,0
747145,2024-09-27,5,2,0
745202,2024-09-27,0,2,1
745280,2024-09-27,6,3,0
745685,2024-09-28,4,1,0
746414,2024-09-28,1,0,0
746819,2024-09-28,0,0,
744878,2024-09-28,2,1,0
745281,2024-09-28,2,4,1
744799,2024-09-28,0,0,
746902,2024-09-28,6,1,0
746578,2024-09-28,4,3,0
745849,2024-09-28,8,0,0
745931,2024-09-28,0,2,1
747066,2024-09-28,1,1,
746499,2024-09-28,8,2,0
747146,2024-09-28,0,0,
746171,2024-09-28,2,7,1
745203,2024-09-28,2,3,1
745282,2024-09-29,3,0,0
746901,2024-09-29,1,3,1
744798,2024-09-29,6,3,0
745686,2024-09-29,4,4,
746174,2024-09-29,1,0,0
744880,2024-09-29,2,0,0
746496,2024-09-29,0,1,1
747147,2024-09-29,1,7,1
745201,2024-09-29,0,6,1
745846,2024-09-29,3,2,0
746416,2024-09-29,5,4,0
745932,2024-09-29,4,0,0
746820,2024-09-29,0,0,
747061,2024-09-29,4,2,0
778563,2025-03-18,3,1,0
778870,2025-03-18,0,5,1
779025,2025-03-18,1,0,0
779062,2025-03-18,3,1,0
779043,2025-03-18,0,2,1
778812,2025-03-18,0,1,1
779001,2025-03-18,3,6,1
778716,2025-03-18,4,2,0
779119,2025-03-18,0,7,1
778979,2025-03-18,1,3,1
778921,2025-03-18,2,5,1
778783,2025-03-18,1,3,1
778564,2025-03-19,6,3,0
778768,2025-03-19,3,2,0
779058,2025-03-19,1,6,1
778964,2025-03-19,2,3,1
778900,2025-03-19,6,0,0
778813,2025-03-19,3,3,
779150,2025-03-19,1,1,
778782,2025-03-19,0,1,1
779002,2025-03-19,1,3,1
779088,2025-03-19,4,0,0
778715,2025-03-19,4,0,0
779042,2025-03-19,0,0,
778917,2025-03-19,1,1,
778557,2025-03-27,1,2,1
778556,2025-03-27,6,2,0
778553,2025-03-27,2,2,
778555,2025-03-27,0,1,1
778558,2025-03-27,2,3,1
778559,2025-03-27,0,3,1
778561,2025-03-27,2,3,1
778545,2025-03-27,4,3,0
778554,2025-03-27,0,3,1
778562,2025-03-27,2,1,0
778551,2025-03-27,2,4,1
778546,2025-03-27,2,4,1
778552,2025-03-27,7,3,0
778547,2025-03-27,1,0,0
778560,2025-03-28,2,0,0
778549,2025-03-28,2,5,1
778548,2025-03-28,4,1,0
778550,2025-03-28,1,2,1
778518,2025-03-28,3,1,0
778543,2025-03-28,1,6,1
778541,2025-03-28,2,0,0
778542,2025-03-28,3,3,
778544,2025-03-28,2,0,0
778538,2025-03-29,6,16,1
778534,2025-03-29,0,0,
778528,2025-03-29,1,1,
778536,2025-03-29,8,5,0
778535,2025-03-29,2,2,
778529,2025-03-29,3,1,0
778540,2025-03-29,2,2,
778537,2025-03-29,1,0,0
778539,2025-03-29,1,1,
778531,2025-03-29,2,4,1
778530,2025-03-29,0,1,1
778520,2025-03-29,0,0,
778532,2025-03-29,3,1,0
778533,2025-03-29,2,4,1
778521,2025-03-29,2,1,0
778526,2025-03-30,0,3,1
778523,2025-03-30,3,5,1
778525,2025-03-30,1,2,1
778522,2025-03-30,1,0,0
778524,2025-03-30,1,2,1
778519,2025-03-30,2,1,0
778510,2025-03-30,3,0,0
778527,2025-03-30,2,2,
778517,2025-03-30,2,8,1
778516,2025-03-30,0,1,1
778515,2025-03-30,1,0,0
778513,2025-03-30,1,0,0
778514,2025-03-30,0,2,1
778506,2025-03-31,0,9,1
778504,2025-03-31,4,0,0
778512,2025-03-31,3,4,1
778502,2025-03-31,0,0,
778511,2025-03-31,0,6,1
778509,2025-03-31,8,1,0
778508,2025-03-31,0,4,1
778507,2025-03-31,0,4,1
778503,2025-03-31,1,3,1
778505,2025-03-31,2,0,0
778499,2025-03-31,2,7,1
778496,2025-03-31,8,4,0
778501,2025-03-31,10,3,0
778500,2025-03-31,0,5,1
778498,2025-04-01,1,0,0
778497,2025-04-01,2,4,1
778493,2025-04-01,0,6,1
778492,2025-04-01,2,4,1
778491,2025-04-01,0,3,1
778490,2025-04-01,0,3,1
778488,2025-04-01,0,2,1
778495,2025-04-01,3,2,0
778489,2025-04-01,3,1,0
778485,2025-04-01,0,3,1
778486,2025-04-01,3,0,0
778494,2025-04-01,6,4,0
778487,2025-04-01,1,0,0
778480,2025-04-02,1,0,0
778479,2025-04-02,2,0,0
778477,2025-04-02,1,1,
778473,2025-04-02,1,1,
778474,2025-04-02,6,0,0
778478,2025-04-02,0,3,1
778471,2025-04-02,8,2,0
778476,2025-04-02,0,4,1
778469,2025-04-02,2,3,1
778475,2025-04-02,5,3,0
778481,2025-04-02,1,2,1
778483,2025-04-02,3,0,0
778482,2025-04-02,0,2,1
778484,2025-04-02,4,0,0
778472,2025-04-02,5,3,0
778470,2025-04-03,5,3,0
778467,2025-04-03,0,1,1
778462,2025-04-03,4,2,0
778466,2025-04-03,3,9,1
778468,2025-04-03,0,1,1
778458,2025-04-04,1,6,1
778463,2025-04-04,5,8,1
778460,2025-04-04,1,3,1
778465,2025-04-04,0,2,1
778456,2025-04-04,2,2,
778461,2025-04-04,7,1,0
778444,2025-04-04,5,6,1
778457,2025-04-04,4,3,0
778459,2025-04-04,0,1,1
778464,2025-04-04,0,3,1
778455,2025-04-04,2,3,1
778454,2025-04-04,0,4,1
778453,2025-04-04,0,3,1
778447,2025-04-04,4,4,
778445,2025-04-05,2,7,1
778440,2025-04-05,1,6,1
778450,2025-04-05,0,4,1
778452,2025-04-05,0,4,1
778448,2025-04-05,2,1,0
778449,2025-04-05,8,4,0
778441,2025-04-05,2,0,0
778438,2025-04-05,1,4,1
778446,2025-04-05,1,0,0
778439,2025-04-05,7,5,0
778451,2025-04-05,3,0,0
778442,2025-04-05,1,3,1
778436,2025-04-05,1,2,1
778437,2025-04-05,3,10,1
778429,2025-04-06,3,4,1
778443,2025-04-06,1,2,1
778432,2025-04-06,2,11,1
778434,2025-04-06,4,6,1
778428,2025-04-06,1,4,1
778435,2025-04-06,1,2,1
778433,2025-04-06,3,1,0
778422,2025-04-06,0,4,1
778419,2025-04-06,4,7,1
778421,2025-04-06,1,7,1
778430,2025-04-06,6,7,1
778420,2025-04-06,1,1,
778423,2025-04-06,4,7,1
778427,2025-04-06,2,4,1
778425,2025-04-06,2,2,
778424,2025-04-07,1,5,1
778415,2025-04-07,1,4,1
778418,2025-04-07,2,3,1
778426,2025-04-07,3,1,0
778416,2025-04-07,0,1,1
778411,2025-04-07,0,3,1
778412,2025-04-07,1,3,1
778413,2025-04-07,5,1,0
778405,2025-04-07,0,2,1
778410,2025-04-07,0,0,
778414,2025-04-07,4,3,0
778403,2025-04-08,0,5,1
778402,2025-04-08,0,0,
778407,2025-04-08,2,6,1
778408,2025-04-08,3,1,0
778409,2025-04-08,1,8,1
778404,2025-04-08,0,0,
778417,2025-04-08,2,0,0
778406,2025-04-08,5,3,0
778401,2025-04-08,3,6,1
778400,2025-04-08,1,1,
778394,2025-04-08,4,1,0
778396,2025-04-08,2,4,1
778398,2025-04-08,0,0,
778397,2025-04-08,1,0,0
778395,2025-04-08,4,9,1
778389,2025-04-09,0,0,
778390,2025-04-09,2,0,0
778387,2025-04-09,0,0,
778385,2025-04-09,5,1,0
778381,2025-04-09,2,1,0
778380,2025-04-09,0,7,1
778376,2025-04-09,5,1,0
778392,2025-04-09,4,5,1
778383,2025-04-09,4,0,0
778391,2025-04-09,1,3,1
778386,2025-04-09,1,1,
778399,2025-04-09,3,4,1
778393,2025-04-09,0,0,
778388,2025-04-09,1,0,0
778379,2025-04-09,10,2,0
778382,2025-04-10,10,1,0
778378,2025-04-10,1,5,1
778373,2025-04-10,1,1,
778371,2025-04-10,1,1,
778377,2025-04-10,0,0,
778384,2025-04-10,1,1,
778375,2025-04-11,0,3,1
778374,2025-04-11,3,5,1
778367,2025-04-11,1,3,1
778370,2025-04-11,8,1,0
778369,2025-04-11,0,4,1
778366,2025-04-11,0,7,1
778368,2025-04-11,2,7,1
778363,2025-04-11,1,4,1
778365,2025-04-11,0,2,1
778361,2025-04-11,0,6,1
778360,2025-04-11,1,3,1
778364,2025-04-11,3,0,0
778358,2025-04-11,3,1,0
778356,2025-04-11,0,0,
778348,2025-04-12,2,0,0
778347,2025-04-12,3,0,0
778355,2025-04-12,2,7,1
778346,2025-04-12,0,2,1
778362,2025-04-12,3,2,0
778353,2025-04-12,0,2,1
778349,2025-04-12,2,0,0
778354,2025-04-12,3,6,1
778359,2025-04-12,1,2,1
778357,2025-04-12,1,4,1
778351,2025-04-12,4,0,0
778350,2025-04-12,2,0,0
778352,2025-04-12,0,2,1
778345,2025-04-12,1,0,0
778341,2025-04-12,1,5,1
778344,2025-04-13,2,4,1
778339,2025-04-13,1,3,1
778342,2025-04-13,4,2,0
778343,2025-04-13,0,4,1
778340,2025-04-13,0,4,1
778337,2025-04-13,3,3,
778329,2025-04-13,2,5,1
778335,2025-04-13,1,2,1
778338,2025-04-13,0,0,
778336,2025-04-13,0,2,1
778333,2025-04-13,0,0,
778330,2025-04-13,0,5,1
778334,2025-04-13,1,2,1
778332,2025-04-13,2,1,0
778331,2025-04-13,1,1,
778321,2025-04-14,0,5,1
778320,2025-04-14,6,4,0
778328,2025-04-14,1,15,1
778327,2025-04-14,1,4,1
778322,2025-04-14,8,0,0
778324,2025-04-14,1,1,
778323,2025-04-14,9,0,0
778325,2025-04-14,0,7,1
778315,2025-04-14,3,1,0
778326,2025-04-14,0,4,1
778314,2025-04-15,1,0,0
778316,2025-04-15,4,6,1
778318,2025-04-15,5,1,0
778313,2025-04-15,2,2,
778317,2025-04-15,4,0,0
778319,2025-04-15,6,2,0
778312,2025-04-15,2,0,0
778311,2025-04-15,1,6,1
778307,2025-04-15,2,4,1
778309,2025-04-15,5,3,0
778310,2025-04-15,0,3,1
778308,2025-04-15,0,0,
778306,2025-04-15,0,0,
778305,2025-04-15,0,1,1
778302,2025-04-15,2,5,1
778297,2025-04-16,0,1,1
778299,2025-04-16,0,2,1
778295,2025-04-16,0,4,1
778290,2025-04-16,1,3,1
778288,2025-04-16,1,2,1
778301,2025-04-16,1,4,1
778293,2025-04-16,0,1,1
778304,2025-04-16,4,0,0
778303,2025-04-16,2,1,0
778296,2025-04-16,5,4,0
778298,2025-04-16,1,0,0
778300,2025-04-16,3,3,
778294,2025-04-16,0,1,1
778289,2025-04-16,0,3,1
778287,2025-04-16,6,8,1
778291,2025-04-17,6,3,0
778280,2025-04-17,0,1,1
778285,2025-04-17,4,2,0
778283,2025-04-17,2,0,0
778279,2025-04-17,1,5,1
778292,2025-04-17,2,4,1
778286,2025-04-17,0,4,1
778282,2025-04-17,3,3,
778278,2025-04-17,1,4,1
778281,2025-04-17,3,4,1
778268,2025-04-18,1,2,1
778277,2025-04-18,1,5,1
778271,2025-04-18,5,2,0
778274,2025-04-18,0,7,1
778276,2025-04-18,7,1,0
778272,2025-04-18,1,0,0
778273,2025-04-18,1,3,1
778270,2025-04-18,2,2,
778275,2025-04-18,1,6,1
778284,2025-04-18,4,1,0
778263,2025-04-18,1,0,0
778269,2025-04-18,2,5,1
778261,2025-04-18,0,3,1
778260,2025-04-18,0,2,1
778252,2025-04-19,1,9,1
778265,2025-04-19,0,3,1
778257,2025-04-19,1,6,1
778258,2025-04-19,2,2,
778262,2025-04-19,3,5,1
778254,2025-04-19,1,0,0
778256,2025-04-19,0,2,1
778251,2025-04-19,3,2,0
778247,2025-04-19,9,2,0
778264,2025-04-19,0,3,1
778255,2025-04-19,6,4,0
778259,2025-04-19,2,0,0
778253,2025-04-19,1,1,
778267,2025-04-19,2,2,
778243,2025-04-19,3,1,0
778250,2025-04-20,12,1,0
778242,2025-04-20,2,0,0
778249,2025-04-20,1,6,1
778245,2025-04-20,2,4,1
778248,2025-04-20,1,4,1
778241,2025-04-20,6,3,0
778246,2025-04-20,2,2,
778244,2025-04-20,0,3,1
778240,2025-04-20,2,0,0
778239,2025-04-20,1,8,1
778236,2025-04-20,1,1,
778234,2025-04-20,0,0,
778235,2025-04-20,3,1,0
778266,2025-04-20,1,2,1
778232,2025-04-20,1,1,
778237,2025-04-20,2,2,
778238,2025-04-21,1,4,1
778227,2025-04-21,0,5,1
778228,2025-04-21,4,6,1
778230,2025-04-21,0,3,1
778225,2025-04-21,0,2,1
778233,2025-04-21,2,2,
778231,2025-04-21,0,4,1
778226,2025-04-21,2,2,
778218,2025-04-22,1,0,0
778221,2025-04-22,2,0,0
778219,2025-04-22,2,1,0
778222,2025-04-22,0,5,1
778224,2025-04-22,1,4,1
778223,2025-04-22,1,2,1
778229,2025-04-22,2,4,1
778215,2025-04-22,0,0,
778220,2025-04-22,4,7,1
778216,2025-04-22,1,2,1
778217,2025-04-22,1,3,1
778211,2025-04-22,6,3,0
778212,2025-04-22,1,3,1
778210,2025-04-22,3,1,0
778213,2025-04-22,7,2,0
778214,2025-04-23,1,0,0
778209,2025-04-23,0,2,1
778203,2025-04-23,2,2,
778208,2025-04-23,3,2,0
778206,2025-04-23,4,1,0
778204,2025-04-23,1,3,1
778207,2025-04-23,4,2,0
778205,2025-04-23,5,7,1
778200,2025-04-23,1,3,1
778201,2025-04-23,3,3,
778202,2025-04-23,2,0,0
778199,2025-04-23,2,3,1
778198,2025-04-23,0,0,
778197,2025-04-23,1,5,1
778189,2025-04-24,2,0,0
778196,2025-04-24,4,2,0
778190,2025-04-24,4,6,1
778195,2025-04-24,0,5,1
778194,2025-04-24,5,4,0
778193,2025-04-24,2,1,0
778191,2025-04-24,3,3,
778188,2025-04-24,1,4,1
778192,2025-04-24,3,2,0
778182,2025-04-25,0,3,1
778183,2025-04-25,0,2,1
778185,2025-04-25,0,0,
778187,2025-04-25,0,1,1
778186,2025-04-25,2,9,1
778184,2025-04-25,0,3,1
778181,2025-04-25,6,6,
778172,2025-04-25,1,0,0
778177,2025-04-25,3,1,0
778175,2025-04-25,6,1,0
778178,2025-04-25,1,1,
778176,2025-04-25,3,0,0
778171,2025-04-25,1,0,0
778179,2025-04-26,4,4,
778169,2025-04-26,6,3,0
778168,2025-04-26,1,3,1
778180,2025-04-26,1,3,1
778166,2025-04-26,1,4,1
778164,2025-04-26,2,5,1
778161,2025-04-26,3,3,
778173,2025-04-26,2,0,0
778159,2025-04-26,2,2,
778174,2025-04-26,6,2,0
778165,2025-04-26,6,1,0
778167,2025-04-26,0,2,1
778162,2025-04-26,2,5,1
778160,2025-04-26,3,0,0
778163,2025-04-26,3,3,
778154,2025-04-26,0,10,1
778153,2025-04-27,7,1,0
778156,2025-04-27,1,9,1
778170,2025-04-27,1,1,
778157,2025-04-27,8,0,0
778155,2025-04-27,0,3,1
778144,2025-04-27,0,1,1
778152,2025-04-27,4,1,0
778150,2025-04-27,7,1,0
778148,2025-04-27,7,0,0
778151,2025-04-27,2,2,
778149,2025-04-27,1,1,
778145,2025-04-27,2,8,1
778146,2025-04-27,3,2,0
778147,2025-04-27,1,4,1
778136,2025-04-27,2,7,1
778158,2025-04-27,1,1,
778138,2025-04-28,3,0,0
778139,2025-04-28,6,1,0
778140,2025-04-28,0,4,1
778141,2025-04-28,1,2,1
778143,2025-04-28,2,0,0
778142,2025-04-28,3,2,0
778137,2025-04-28,5,3,0
778132,2025-04-28,0,5,1
778129,2025-04-29,1,1,
778133,2025-04-29,12,0,0
778135,2025-04-29,4,0,0
778131,2025-04-29,0,3,1
778128,2025-04-29,2,1,0
778127,2025-04-29,7,2,0
778130,2025-04-29,1,8,1
778125,2025-04-29,1,2,1
778122,2025-04-29,0,4,1
778124,2025-04-29,2,0,0
778120,2025-04-29,6,1,0
778121,2025-04-29,0,3,1
778126,2025-04-29,1,5,1
778123,2025-04-29,1,7,1
778134,2025-04-30,1,0,0
778119,2025-04-30,9,0,0
778110,2025-04-30,7,3,0
778102,2025-04-30,1,2,1
778109,2025-04-30,2,4,1
778104,2025-04-30,3,3,
778105,2025-04-30,0,4,1
778116,2025-04-30,0,0,
778115,2025-04-30,3,5,1
778112,2025-04-30,3,2,0
778118,2025-04-30,2,5,1
778113,2025-04-30,3,0,0
778114,2025-04-30,4,0,0
778117,2025-04-30,0,1,1
778111,2025-04-30,3,3,
778106,2025-04-30,1,1,
778100,2025-05-01,3,2,0
778107,2025-05-01,1,4,1
778103,2025-05-01,2,0,0
778097,2025-05-01,4,1,0
778108,2025-05-01,0,2,1
778094,2025-05-01,0,1,1
778096,2025-05-01,1,0,0
778099,2025-05-01,0,1,1
778095,2025-05-01,2,0,0
778101,2025-05-01,2,4,1
778098,2025-05-01,1,1,
778087,2025-05-02,1,5,1
778090,2025-05-02,5,3,0
778086,2025-05-02,1,1,
778093,2025-05-02,0,0,
778088,2025-05-02,0,3,1
778081,2025-05-02,2,3,1
778089,2025-05-02,1,1,
778091,2025-05-02,6,0,0
778092,2025-05-02,1,0,0
778079,2025-05-02,1,4,1
778083,2025-05-02,8,0,0
778080,2025-05-02,9,0,0
778084,2025-05-02,6,3,0
778085,2025-05-02,0,1,1
778082,2025-05-02,0,4,1
778074,2025-05-03,1,2,1
778066,2025-05-03,3,3,
778064,2025-05-03,0,3,1
778065,2025-05-03,0,1,1
778069,2025-05-03,0,1,1
778073,2025-05-03,1,1,
778075,2025-05-03,4,4,
778078,2025-05-03,0,7,1
778077,2025-05-03,3,3,
778070,2025-05-03,1,1,
778071,2025-05-03,6,2,0
778072,2025-05-03,2,0,0
778076,2025-05-03,7,3,0
778067,2025-05-03,0,1,1
778053,2025-05-04,2,6,1
778068,2025-05-04,4,4,
778062,2025-05-04,4,5,1
778051,2025-05-04,4,0,0
778063,2025-05-04,1,3,1
778057,2025-05-04,5,0,0
778056,2025-05-04,4,3,0
778061,2025-05-04,2,2,
778059,2025-05-04,7,2,0
778055,2025-05-04,4,3,0
778054,2025-05-04,0,0,
778052,2025-05-04,1,6,1
778048,2025-05-04,1,5,1
778050,2025-05-04,5,0,0
778058,2025-05-04,1,1,
778060,2025-05-04,1,4,1
778047,2025-05-05,5,0,0
778045,2025-05-05,0,2,1
778049,2025-05-05,0,4,1
778044,2025-05-05,2,4,1
778043,2025-05-05,0,2,1
778042,2025-05-05,0,3,1
778036,2025-05-05,3,2,0
778039,2025-05-05,2,1,0
778038,2025-05-05,4,4,
778026,2025-05-06,2,4,1
778046,2025-05-06,0,0,
778035,2025-05-06,1,2,1
778037,2025-05-06,6,0,0
778040,2025-05-06,3,2,0
778041,2025-05-06,2,2,
778034,2025-05-06,0,0,
778027,2025-05-06,5,3,0
778028,2025-05-06,1,5,1
778033,2025-05-06,1,0,0
778031,2025-05-06,0,4,1
778030,2025-05-06,0,0,
778025,2025-05-06,2,2,
778032,2025-05-06,1,2,1
778024,2025-05-06,2,2,
778022,2025-05-07,0,3,1
778015,2025-05-07,3,1,0
778016,2025-05-07,0,3,1
778020,2025-05-07,3,1,0
778010,2025-05-07,1,5,1
778014,2025-05-07,0,0,
778017,2025-05-07,0,0,
778018,2025-05-07,3,2,0
778021,2025-05-07,6,0,0
778019,2025-05-07,1,0,0
778023,2025-05-07,4,1,0
778011,2025-05-07,2,3,1
778012,2025-05-07,0,2,1
778013,2025-05-07,6,6,
778009,2025-05-07,0,0,
778007,2025-05-08,2,1,0
778006,2025-05-08,0,3,1
778008,2025-05-08,0,4,1
778004,2025-05-08,9,1,0
778029,2025-05-08,6,1,0
778005,2025-05-08,1,2,1
778003,2025-05-08,1,2,1
778000,2025-05-08,3,4,1
777999,2025-05-08,0,5,1
777996,2025-05-09,0,2,1
777998,2025-05-09,0,1,1
777995,2025-05-09,6,0,0
778002,2025-05-09,2,2,
778001,2025-05-09,1,6,1
777997,2025-05-09,0,4,1
777990,2025-05-09,0,0,
777991,2025-05-09,1,2,1
777989,2025-05-09,0,3,1
777992,2025-05-09,0,3,1
777993,2025-05-09,10,1,0
777986,2025-05-09,3,0,0
777988,2025-05-09,8,8,
777984,2025-05-09,5,1,0
777994,2025-05-09,3,0,0
777980,2025-05-10,4,0,0
777985,2025-05-10,2,1,0
777972,2025-05-10,1,4,1
777981,2025-05-10,2,2,
777987,2025-05-10,7,2,0
777983,2025-05-10,1,0,0
777979,2025-05-10,12,8,0
777977,2025-05-10,4,1,0
777978,2025-05-10,0,1,1
777982,2025-05-10,4,3,0
777974,2025-05-10,1,2,1
777975,2025-05-10,0,1,1
777976,2025-05-10,19,0,0
777973,2025-05-10,0,5,1
777970,2025-05-10,2,3,1
777968,2025-05-11,0,1,1
777962,2025-05-11,2,1,0
777967,2025-05-11,0,3,1
777969,2025-05-11,5,0,0
777964,2025-05-11,3,2,0
777963,2025-05-11,0,4,1
777965,2025-05-11,1,1,
777956,2025-05-11,4,3,0
777966,2025-05-11,1,1,
777955,2025-05-11,1,6,1
777957,2025-05-11,11,2,0
777961,2025-05-11,3,2,0
777954,2025-05-11,3,0,0
777958,2025-05-11,5,1,0
777971,2025-05-11,1,0,0
777960,2025-05-12,0,3,1
777951,2025-05-12,0,12,1
777953,2025-05-12,1,1,
777950,2025-05-12,1,1,
777959,2025-05-12,1,3,1
777952,2025-05-12,0,5,1
777949,2025-05-12,1,0,0
777948,2025-05-12,7,0,0
777947,2025-05-12,2,4,1
777941,2025-05-12,7,2,0
777939,2025-05-12,2,1,0
777944,2025-05-13,0,1,1
777940,2025-05-13,4,3,0
777945,2025-05-13,1,0,0
777935,2025-05-13,4,3,0
777943,2025-05-13,0,1,1
777942,2025-05-13,2,3,1
777936,2025-05-13,2,2,
777934,2025-05-13,1,3,1
777931,2025-05-13,1,0,0
777932,2025-05-13,1,2,1
777926,2025-05-13,0,1,1
777930,2025-05-13,3,7,1
777937,2025-05-13,6,1,0
777924,2025-05-14,4,3,0
777938,2025-05-14,5,6,1
777922,2025-05-14,0,0,
777933,2025-05-14,9,7,0
777925,2025-05-14,2,2,
777916,2025-05-14,8,4,0
777915,2025-05-14,0,2,1
777927,2025-05-14,2,2,
777923,2025-05-14,1,0,0
777919,2025-05-14,4,0,0
777928,2025-05-14,2,0,0
777929,2025-05-14,1,4,1
777921,2025-05-14,3,1,0
777918,2025-05-14,1,6,1
777920,2025-05-14,3,1,0
777914,2025-05-14,1,3,1
777917,2025-05-14,3,3,
777909,2025-05-15,0,4,1
777911,2025-05-15,3,0,0
777912,2025-05-15,0,6,1
777913,2025-05-15,5,2,0
777910,2025-05-15,0,0,
777946,2025-05-15,2,15,1
777900,2025-05-16,3,6,1
777902,2025-05-16,3,5,1
777905,2025-05-16,0,1,1
777907,2025-05-16,1,2,1
777904,2025-05-16,1,6,1
777906,2025-05-16,4,0,0
777908,2025-05-16,2,0,0
777903,2025-05-16,4,5,1
777901,2025-05-16,3,2,0
777895,2025-05-16,0,2,1
777898,2025-05-16,3,0,0
777897,2025-05-16,0,5,1
777896,2025-05-16,3,0,0
777899,2025-05-16,4,1,0
777891,2025-05-16,0,4,1
777888,2025-05-17,2,1,0
777881,2025-05-17,3,6,1
777886,2025-05-17,1,0,0
777890,2025-05-17,7,0,0
777889,2025-05-17,4,0,0
777894,2025-05-17,0,5,1
777892,2025-05-17,1,1,
777882,2025-05-17,1,1,
777885,2025-05-17,0,0,
777893,2025-05-17,6,2,0
777883,2025-05-17,5,0,0
777887,2025-05-17,6,11,1
777875,2025-05-17,1,1,
777879,2025-05-17,0,0,
777884,2025-05-17,5,4,0
777869,2025-05-18,0,3,1
777873,2025-05-18,8,1,0
777880,2025-05-18,0,1,1
777876,2025-05-18,7,4,0
777871,2025-05-18,2,2,
777874,2025-05-18,0,2,1
777877,2025-05-18,1,3,1
777864,2025-05-18,1,1,
777865,2025-05-18,1,4,1
777872,2025-05-18,1,1,
777867,2025-05-18,2,1,0
777870,2025-05-18,0,1,1
777866,2025-05-18,4,1,0
777868,2025-05-18,3,1,0
777878,2025-05-18,2,2,
777859,2025-05-19,1,1,
777863,2025-05-19,3,6,1
777856,2025-05-19,1,3,1
777858,2025-05-19,3,2,0
777861,2025-05-19,2,4,1
777857,2025-05-19,1,0,0
777860,2025-05-19,1,4,1
777862,2025-05-19,0,5,1
777852,2025-05-19,1,2,1
777855,2025-05-19,0,0,
777853,2025-05-19,4,3,0
777854,2025-05-19,7,1,0
777847,2025-05-20,0,0,
777850,2025-05-20,1,1,
777851,2025-05-20,0,2,1
777841,2025-05-20,3,4,1
777848,2025-05-20,2,0,0
777849,2025-05-20,0,2,1
777845,2025-05-20,0,3,1
777846,2025-05-20,0,1,1
777844,2025-05-20,0,3,1
777840,2025-05-20,4,2,0
777842,2025-05-20,4,1,0
777836,2025-05-20,1,3,1
777843,2025-05-20,5,4,0
777838,2025-05-20,0,1,1
777834,2025-05-21,1,2,1
777832,2025-05-21,2,5,1
777861,2025-05-21,2,4,1
777833,2025-05-21,1,1,
777826,2025-05-21,1,1,
777827,2025-05-21,2,0,0
777830,2025-05-21,3,4,1
777819,2025-05-21,8,2,0
777829,2025-05-21,0,1,1
777831,2025-05-21,1,1,
777835,2025-05-21,1,1,
777837,2025-05-21,0,2,1
777823,2025-05-21,7,3,0
777828,2025-05-21,6,4,0
777824,2025-05-21,1,0,0
777818,2025-05-22,0,1,1
777816,2025-05-22,2,4,1
777817,2025-05-22,1,0,0
777812,2025-05-22,2,5,1
777821,2025-05-22,3,0,0
777814,2025-05-22,4,2,0
777820,2025-05-22,5,7,1
777822,2025-05-22,2,6,1
777815,2025-05-23,2,1,0
777811,2025-05-23,2,6,1
777806,2025-05-23,0,2,1
777801,2025-05-23,0,0,
777810,2025-05-23,0,3,1
777807,2025-05-23,2,0,0
777808,2025-05-23,5,2,0
777813,2025-05-23,1,1,
777805,2025-05-23,0,3,1
777800,2025-05-23,2,3,1
777799,2025-05-23,1,1,
777797,2025-05-23,1,0,0
777802,2025-05-23,2,3,1
777798,2025-05-23,0,3,1
777804,2025-05-23,1,0,0
777809,2025-05-24,5,3,0
777790,2025-05-24,0,0,
777788,2025-05-24,4,3,0
777786,2025-05-24,1,1,
777793,2025-05-24,0,2,1
777794,2025-05-24,1,1,
777791,2025-05-24,1,6,1
777787,2025-05-24,1,2,1
777803,2025-05-24,1,3,1
777792,2025-05-24,4,2,0
777782,2025-05-24,11,1,0
777795,2025-05-24,0,3,1
777796,2025-05-24,2,3,1
777789,2025-05-24,2,4,1
777784,2025-05-24,3,3,
777781,2025-05-24,3,1,0
777780,2025-05-25,0,5,1
777785,2025-05-25,2,0,0
777778,2025-05-25,3,1,0
777776,2025-05-25,3,1,0
777779,2025-05-25,3,8,1
777775,2025-05-25,0,9,1
777774,2025-05-25,3,2,0
777772,2025-05-25,0,1,1
777777,2025-05-25,2,1,0
777766,2025-05-25,2,2,
777768,2025-05-25,4,2,0
777765,2025-05-25,3,3,
777767,2025-05-25,3,0,0
777783,2025-05-25,1,3,1
777773,2025-05-25,1,3,1
777770,2025-05-26,0,3,1
777764,2025-05-26,0,2,1
777757,2025-05-26,1,2,1
777771,2025-05-26,2,5,1
777759,2025-05-26,2,1,0
777760,2025-05-26,6,0,0
777758,2025-05-26,1,0,0
777769,2025-05-26,4,1,0
777762,2025-05-26,0,0,
777761,2025-05-26,0,5,1
777756,2025-05-26,3,2,0
777763,2025-05-26,4,1,0
777753,2025-05-27,4,3,0
777754,2025-05-27,3,4,1
777755,2025-05-27,0,3,1
777748,2025-05-27,0,1,1
777746,2025-05-27,2,1,0
777749,2025-05-27,2,5,1
777750,2025-05-27,2,2,
777747,2025-05-27,0,0,
777751,2025-05-27,1,2,1
777741,2025-05-27,0,0,
777752,2025-05-27,1,9,1
777745,2025-05-27,1,0,0
777744,2025-05-27,0,6,1
777743,2025-05-27,1,4,1
777742,2025-05-27,6,7,1
777739,2025-05-28,2,1,0
777738,2025-05-28,3,4,1
777732,2025-05-28,0,4,1
777737,2025-05-28,5,3,0
777736,2025-05-28,3,2,0
777734,2025-05-28,3,2,0
777729,2025-05-28,3,0,0
777726,2025-05-28,6,6,
777740,2025-05-28,5,4,0
777733,2025-05-28,0,2,1
777731,2025-05-28,0,2,1
777724,2025-05-28,0,0,
777728,2025-05-28,1,0,0
777730,2025-05-28,6,0,0
777735,2025-05-29,0,3,1
777723,2025-05-29,4,0,0
777727,2025-05-29,0,11,1
777725,2025-05-29,3,2,0
777722,2025-05-29,0,0,
777712,2025-05-30,4,0,0
777720,2025-05-30,0,0,
777715,2025-05-30,5,1,0
777716,2025-05-30,5,9,1
777721,2025-05-30,1,0,0
777718,2025-05-30,0,3,1
777717,2025-05-30,2,0,0
777719,2025-05-30,2,1,0
777709,2025-05-30,0,5,1
777711,2025-05-30,5,3,0
777714,2025-05-30,1,0,0
777710,2025-05-30,6,6,
777707,2025-05-30,0,1,1
777713,2025-05-30,2,4,1
777708,2025-05-30,5,2,0
777704,2025-05-31,0,0,
777701,2025-05-31,5,7,1
777697,2025-05-31,2,0,0
777699,2025-05-31,1,4,1
777702,2025-05-31,12,1,0
777703,2025-05-31,5,3,0
777694,2025-05-31,0,0,
777700,2025-05-31,1,7,1
777693,2025-05-31,4,3,0
777706,2025-05-31,0,5,1
777705,2025-05-31,0,1,1
777695,2025-05-31,3,2,0
777698,2025-05-31,1,14,1
777691,2025-05-31,3,0,0
777696,2025-05-31,11,2,0
777678,2025-06-01,1,2,1
777692,2025-06-01,3,1,0
777684,2025-06-01,0,2,1
777688,2025-06-01,1,2,1
777685,2025-06-01,3,2,0
777683,2025-06-01,0,4,1
777686,2025-06-01,3,4,1
777689,2025-06-01,4,0,0
777677,2025-06-01,1,0,0
777690,2025-06-01,0,1,1
777687,2025-06-01,0,5,1
777679,2025-06-01,1,3,1
777680,2025-06-01,0,0,
777681,2025-06-01,4,1,0
777682,2025-06-01,6,1,0
777673,2025-06-02,5,4,0
777670,2025-06-02,6,5,0
777671,2025-06-02,3,2,0
777674,2025-06-02,8,0,0
777676,2025-06-02,0,0,
777669,2025-06-02,6,4,0
777675,2025-06-02,2,0,0
777663,2025-06-03,0,0,
777666,2025-06-03,2,2,
777659,2025-06-03,7,3,0
777664,2025-06-03,0,1,1
777665,2025-06-03,7,1,0
777667,2025-06-03,3,1,0
777668,2025-06-03,2,2,
777672,2025-06-03,5,3,0
777662,2025-06-03,0,1,1
777661,2025-06-03,0,1,1
777660,2025-06-03,8,7,0
777655,2025-06-03,2,1,0
777656,2025-06-03,0,2,1
777658,2025-06-03,1,2,1
777657,2025-06-03,5,4,0
777652,2025-06-04,2,0,0
777647,2025-06-04,3,1,0
777649,2025-06-04,8,7,0
777648,2025-06-04,0,3,1
777650,2025-06-04,0,0,
777653,2025-06-04,3,0,0
777651,2025-06-04,1,0,0
777654,2025-06-04,1,0,0
777646,2025-06-04,3,5,1
777639,2025-06-04,4,4,
777645,2025-06-04,0,1,1
777641,2025-06-04,5,1,0
777643,2025-06-04,3,1,0
777638,2025-06-04,3,0,0
777640,2025-06-05,3,7,1
777642,2025-06-05,3,0,0
777635,2025-06-05,7,5,0
777634,2025-06-05,0,2,1
777637,2025-06-05,0,8,1
777636,2025-06-05,1,12,1
777628,2025-06-05,1,3,1
777633,2025-06-05,2,3,1
777631,2025-06-05,4,3,0
777630,2025-06-05,4,2,0
777632,2025-06-05,3,0,0
777644,2025-06-05,0,2,1
777629,2025-06-05,2,1,0
777625,2025-06-06,1,3,1
777621,2025-06-06,4,4,
777624,2025-06-06,0,1,1
777627,2025-06-06,1,8,1
777623,2025-06-06,3,2,0
777626,2025-06-06,0,1,1
777622,2025-06-06,3,1,0
777618,2025-06-06,2,2,
777615,2025-06-06,4,3,0
777617,2025-06-06,1,0,0
777620,2025-06-06,0,4,1
777616,2025-06-06,0,1,1
777614,2025-06-06,4,5,1
777613,2025-06-06,4,5,1
777619,2025-06-06,2,4,1
777609,2025-06-07,3,1,0
777623,2025-06-07,3,2,0
777600,2025-06-07,2,2,
777601,2025-06-07,0,0,
777610,2025-06-07,2,0,0
777607,2025-06-07,1,1,
777598,2025-06-07,1,1,
777612,2025-06-07,1,13,1
777608,2025-06-07,1,0,0
777606,2025-06-07,1,3,1
777611,2025-06-07,10,6,0
777605,2025-06-07,8,5,0
777597,2025-06-07,1,0,0
777603,2025-06-07,4,6,1
777604,2025-06-07,3,1,0
777599,2025-06-07,4,4,
777592,2025-06-08,2,2,
777586,2025-06-08,0,0,
777596,2025-06-08,3,2,0
777595,2025-06-08,1,1,
777602,2025-06-08,2,2,
777594,2025-06-08,0,4,1
777591,2025-06-08,0,2,1
777585,2025-06-08,3,6,1
777590,2025-06-08,2,2,
777582,2025-06-08,4,1,0
777583,2025-06-08,8,2,0
777588,2025-06-08,1,4,1
777587,2025-06-08,3,4,1
777589,2025-06-08,3,2,0
777593,2025-06-08,2,3,1
777580,2025-06-09,4,3,0
777574,2025-06-09,2,4,1
777578,2025-06-09,1,2,1
777584,2025-06-09,3,1,0
777575,2025-06-09,3,1,0
777581,2025-06-09,2,0,0
777576,2025-06-09,0,4,1
777579,2025-06-09,6,6,
777577,2025-06-09,0,2,1
777573,2025-06-10,5,1,0
777569,2025-06-10,1,0,0
777566,2025-06-10,3,0,0
777571,2025-06-10,3,4,1
777570,2025-06-10,4,2,0
777565,2025-06-10,1,2,1
777557,2025-06-10,8,3,0
777572,2025-06-10,5,1,0
777568,2025-06-10,1,2,1
777558,2025-06-10,6,4,0
777567,2025-06-10,4,1,0
777563,2025-06-10,2,3,1
777564,2025-06-10,0,0,
777560,2025-06-10,0,5,1
777559,2025-06-10,0,4,1
777552,2025-06-11,0,4,1
777553,2025-06-11,1,6,1
777549,2025-06-11,1,7,1
777554,2025-06-11,5,1,0
777545,2025-06-11,5,2,0
777548,2025-06-11,2,0,0
777542,2025-06-11,3,0,0
777543,2025-06-11,1,1,
777562,2025-06-11,0,2,1
777555,2025-06-11,0,4,1
777561,2025-06-11,3,4,1
777556,2025-06-11,2,6,1
777551,2025-06-11,5,0,0
777550,2025-06-11,2,8,1
777547,2025-06-11,3,5,1
777544,2025-06-12,0,4,1
777533,2025-06-12,7,1,0
777534,2025-06-12,7,2,0
777540,2025-06-12,4,0,0
777536,2025-06-12,0,0,
777532,2025-06-12,0,6,1
777541,2025-06-12,0,2,1
777546,2025-06-12,2,4,1
777526,2025-06-13,0,0,
777531,2025-06-13,0,4,1
777530,2025-06-13,8,2,0
777539,2025-06-13,0,2,1
777538,2025-06-13,2,3,1
777528,2025-06-13,1,5,1
777537,2025-06-13,0,1,1
777535,2025-06-13,4,1,0
777524,2025-06-13,0,3,1
777529,2025-06-13,3,1,0
777527,2025-06-13,1,9,1
777525,2025-06-13,1,1,
777521,2025-06-13,1,5,1
777520,2025-06-13,2,2,
777522,2025-06-13,5,1,0
777514,2025-06-14,1,1,
777517,2025-06-14,7,1,0
777513,2025-06-14,1,1,
777519,2025-06-14,3,3,
777509,2025-06-14,2,2,
777508,2025-06-14,2,1,0
777511,2025-06-14,3,0,0
777518,2025-06-14,7,4,0
777510,2025-06-14,2,2,
777523,2025-06-14,0,4,1
777512,2025-06-14,7,4,0
777515,2025-06-14,1,3,1
777516,2025-06-14,0,3,1
777507,2025-06-14,2,2,
777506,2025-06-14,0,7,1
777505,2025-06-15,2,2,
777501,2025-06-15,2,3,1
777499,2025-06-15,2,6,1
777504,2025-06-15,1,0,0
777503,2025-06-15,2,1,0
777500,2025-06-15,0,2,1
777502,2025-06-15,6,0,0
777496,2025-06-15,0,2,1
777494,2025-06-15,1,0,0
777492,2025-06-15,1,2,1
777497,2025-06-15,2,2,
777493,2025-06-15,0,2,1
777491,2025-06-15,4,2,0
777495,2025-06-15,0,6,1
777498,2025-06-15,3,5,1
777483,2025-06-16,2,1,0
777488,2025-06-16,3,4,1
777487,2025-06-16,0,0,
777484,2025-06-16,1,7,1
777486,2025-06-16,2,0,0
777485,2025-06-16,1,1,
777490,2025-06-16,2,6,1
777481,2025-06-17,3,2,0
777475,2025-06-17,3,3,
777480,2025-06-17,3,1,0
777476,2025-06-17,3,0,0
777479,2025-06-17,3,2,0
777478,2025-06-17,1,4,1
777489,2025-06-17,4,1,0
777477,2025-06-17,2,1,0
777467,2025-06-17,6,2,0
777468,2025-06-17,5,1,0
777482,2025-06-17,2,4,1
777473,2025-06-17,0,8,1
777472,2025-06-17,2,2,
777469,2025-06-17,9,0,0
777471,2025-06-17,3,3,
777453,2025-06-18,3,1,0
777465,2025-06-18,4,1,0
777461,2025-06-18,0,0,
777466,2025-06-18,2,2,
777462,2025-06-18,0,2,1
777474,2025-06-18,2,4,1
777470,2025-06-18,0,4,1
777463,2025-06-18,8,8,
777460,2025-06-18,4,3,0
777454,2025-06-18,4,2,0
777456,2025-06-18,2,1,0
777457,2025-06-18,1,3,1
777452,2025-06-19,9,4,0
777445,2025-06-19,2,2,
777449,2025-06-19,2,4,1
777451,2025-06-19,1,9,1
777464,2025-06-19,4,2,0
777447,2025-06-19,1,2,1
777458,2025-06-19,6,1,0
777450,2025-06-19,8,3,0
777443,2025-06-19,3,0,0
777448,2025-06-19,7,1,0
777440,2025-06-19,1,0,0
777444,2025-06-19,0,1,1
777455,2025-06-19,1,3,1
777446,2025-06-19,1,1,
777441,2025-06-19,1,2,1
777442,2025-06-19,2,0,0
777436,2025-06-20,2,4,1
777432,2025-06-20,4,2,0
777431,2025-06-20,3,9,1
777438,2025-06-20,2,3,1
777435,2025-06-20,7,0,0
777439,2025-06-20,1,4,1
777433,2025-06-20,0,1,1
777437,2025-06-20,0,2,1
777434,2025-06-20,1,0,0
777430,2025-06-20,9,7,0
777428,2025-06-20,2,1,0
777426,2025-06-20,4,1,0
777429,2025-06-20,0,3,1
777427,2025-06-20,2,4,1
777425,2025-06-20,5,5,
777420,2025-06-21,1,7,1
777422,2025-06-21,0,8,1
777412,2025-06-21,4,0,0
777415,2025-06-21,1,2,1
777419,2025-06-21,6,10,1
777418,2025-06-21,0,4,1
777417,2025-06-21,0,3,1
777421,2025-06-21,1,1,
777424,2025-06-21,3,0,0
777413,2025-06-21,1,2,1
777423,2025-06-21,5,4,0
777410,2025-06-21,5,3,0
777414,2025-06-21,1,7,1
777411,2025-06-21,4,0,0
777416,2025-06-21,2,1,0
777406,2025-06-22,2,1,0
777409,2025-06-22,1,1,
777404,2025-06-22,2,7,1
777408,2025-06-22,1,1,
777402,2025-06-22,2,4,1
777401,2025-06-22,9,3,0
777407,2025-06-22,3,1,0
777403,2025-06-22,5,4,0
777399,2025-06-22,2,4,1
777400,2025-06-22,3,0,0
777395,2025-06-22,4,4,
777397,2025-06-22,4,5,1
777398,2025-06-22,3,0,0
777396,2025-06-22,0,0,
777405,2025-06-22,0,5,1
777394,2025-06-23,0,4,1
777389,2025-06-23,3,0,0
777390,2025-06-23,1,4,1
777388,2025-06-23,6,0,0
777393,2025-06-23,8,0,0
777391,2025-06-23,4,4,
777392,2025-06-23,1,6,1
777381,2025-06-23,4,5,1
777382,2025-06-23,6,1,0
777380,2025-06-24,3,0,0
777386,2025-06-24,4,7,1
777384,2025-06-24,4,0,0
777387,2025-06-24,0,3,1
777385,2025-06-24,3,0,0
777378,2025-06-24,4,0,0
777375,2025-06-24,5,5,
777383,2025-06-24,1,1,
777374,2025-06-24,0,7,1
777373,2025-06-24,5,8,1
777377,2025-06-24,0,0,
777379,2025-06-24,6,3,0
777376,2025-06-24,1,0,0
777372,2025-06-24,3,3,
777364,2025-06-24,3,2,0
777370,2025-06-25,2,4,1
777361,2025-06-25,0,4,1
777362,2025-06-25,2,4,1
777360,2025-06-25,0,1,1
777365,2025-06-25,6,0,0
777371,2025-06-25,3,0,0
777368,2025-06-25,1,3,1
777369,2025-06-25,1,6,1
777367,2025-06-25,4,1,0
777359,2025-06-25,3,0,0
777363,2025-06-25,0,0,
777357,2025-06-25,8,0,0
777366,2025-06-25,0,1,1
777358,2025-06-25,0,0,
777355,2025-06-25,2,2,
777351,2025-06-26,0,3,1
777354,2025-06-26,3,0,0
777356,2025-06-26,0,2,1
777353,2025-06-26,2,0,0
777350,2025-06-26,0,1,1
777348,2025-06-26,2,0,0
777344,2025-06-26,1,1,
777347,2025-06-26,8,5,0
777352,2025-06-26,0,2,1
777341,2025-06-27,1,5,1
777343,2025-06-27,7,8,1
777337,2025-06-27,0,3,1
777346,2025-06-27,0,8,1
777349,2025-06-27,3,0,0
777345,2025-06-27,3,0,0
777334,2025-06-27,2,0,0
777342,2025-06-27,11,0,0
777338,2025-06-27,1,1,
777340,2025-06-27,4,1,0
777336,2025-06-27,1,7,1
777335,2025-06-27,5,4,0
777339,2025-06-27,3,7,1
777331,2025-06-27,8,9,1
777332,2025-06-27,4,4,
777326,2025-06-28,1,0,0
777324,2025-06-28,2,6,1
777325,2025-06-28,2,3,1
777330,2025-06-28,9,1,0
777322,2025-06-28,1,2,1
777319,2025-06-28,0,6,1
777328,2025-06-28,1,4,1
777329,2025-06-28,3,6,1
777323,2025-06-28,1,9,1
777327,2025-06-28,0,0,
777318,2025-06-28,3,6,1
777321,2025-06-28,0,5,1
777320,2025-06-28,8,2,0
777333,2025-06-28,0,2,1
777315,2025-06-28,1,1,
777309,2025-06-29,3,0,0
777313,2025-06-29,1,8,1
777317,2025-06-29,0,3,1
777310,2025-06-29,5,3,0
777316,2025-06-29,2,1,0
777307,2025-06-29,1,10,1
777312,2025-06-29,1,0,0
777308,2025-06-29,0,2,1
777304,2025-06-29,2,1,0
777311,2025-06-29,2,1,0
777301,2025-06-29,0,0,
777302,2025-06-29,0,1,1
777305,2025-06-29,2,1,0
777303,2025-06-29,1,2,1
777314,2025-06-29,0,3,1
777306,2025-06-30,0,4,1
777299,2025-06-30,0,7,1
777295,2025-06-30,2,1,0
777300,2025-06-30,4,8,1
777296,2025-06-30,4,4,
777292,2025-06-30,3,0,0
777297,2025-06-30,1,5,1
777291,2025-06-30,0,1,1
777283,2025-07-01,2,4,1
777288,2025-07-01,0,0,
777293,2025-07-01,0,1,1
777286,2025-07-01,2,2,
777294,2025-07-01,3,2,0
777298,2025-07-01,0,0,
777287,2025-07-01,2,3,1
777282,2025-07-01,2,5,1
777285,2025-07-01,6,4,0
777281,2025-07-01,5,3,0
777278,2025-07-01,2,6,1
777280,2025-07-01,1,6,1
777271,2025-07-02,2,1,0
777272,2025-07-02,0,1,1
777284,2025-07-02,10,1,0
777265,2025-07-02,1,3,1
777273,2025-07-02,6,0,0
777290,2025-07-02,1,4,1
777289,2025-07-02,1,2,1
777276,2025-07-02,0,5,1
777294,2025-07-02,3,2,0
777275,2025-07-02,2,1,0
777274,2025-07-02,6,8,1
777277,2025-07-02,0,1,1
777279,2025-07-02,2,0,0
777266,2025-07-02,3,5,1
777268,2025-07-02,0,6,1
777269,2025-07-02,2,2,
777262,2025-07-02,1,0,0
777270,2025-07-02,3,2,0
777267,2025-07-02,4,2,0
777263,2025-07-03,0,4,1
777264,2025-07-03,3,5,1
777258,2025-07-03,3,9,1
777260,2025-07-03,3,6,1
777257,2025-07-03,1,1,
777261,2025-07-03,4,0,0
777259,2025-07-03,0,0,
777256,2025-07-03,4,1,0
777251,2025-07-03,0,1,1
777253,2025-07-03,0,5,1
777245,2025-07-04,9,0,0
777255,2025-07-04,9,4,0
777246,2025-07-04,1,8,1
777250,2025-07-04,5,3,0
777236,2025-07-04,0,3,1
777247,2025-07-04,0,1,1
777239,2025-07-04,2,1,0
777242,2025-07-04,0,0,
777249,2025-07-04,2,1,0
777254,2025-07-04,5,5,
777252,2025-07-04,3,0,0
777243,2025-07-04,2,2,
777235,2025-07-04,7,1,0
777248,2025-07-04,9,2,0
777244,2025-07-04,0,6,1
777230,2025-07-05,4,1,0
777229,2025-07-05,3,2,0
777231,2025-07-05,2,3,1
777228,2025-07-05,9,2,0
777233,2025-07-05,1,1,
777234,2025-07-05,0,4,1
777237,2025-07-05,5,5,
777241,2025-07-05,2,7,1
777238,2025-07-05,2,2,
777240,2025-07-05,1,0,0
777221,2025-07-05,5,4,0
777232,2025-07-05,6,2,0
777223,2025-07-05,5,2,0
777227,2025-07-05,5,1,0
777225,2025-07-05,0,0,
777222,2025-07-06,2,0,0
777213,2025-07-06,4,2,0
777217,2025-07-06,1,1,
777214,2025-07-06,2,2,
777226,2025-07-06,0,0,
777216,2025-07-06,5,2,0
777224,2025-07-06,2,1,0
777220,2025-07-06,2,1,0
777215,2025-07-06,4,6,1
777218,2025-07-06,4,0,0
777206,2025-07-06,1,1,
777205,2025-07-06,0,0,
777219,2025-07-06,0,11,1
777207,2025-07-06,1,2,1
777210,2025-07-06,5,1,0
777211,2025-07-07,1,3,1
777209,2025-07-07,1,5,1
777208,2025-07-07,2,1,0
777204,2025-07-07,2,7,1
777212,2025-07-07,3,1,0
777201,2025-07-07,0,7,1
777202,2025-07-07,4,4,
777200,2025-07-07,4,3,0
777203,2025-07-07,4,1,0
777199,2025-07-07,1,1,
777198,2025-07-08,0,1,1
777195,2025-07-08,2,2,
777187,2025-07-08,0,1,1
777196,2025-07-08,0,0,
777197,2025-07-08,7,1,0
777194,2025-07-08,1,1,
777190,2025-07-08,0,2,1
777188,2025-07-08,5,0,0
777193,2025-07-08,1,2,1
777191,2025-07-08,2,3,1
777192,2025-07-08,6,4,0
777180,2025-07-08,9,1,0
777185,2025-07-08,0,0,
777186,2025-07-08,0,1,1
777189,2025-07-08,1,10,1
777172,2025-07-09,1,2,1
777175,2025-07-09,1,1,
777163,2025-07-09,2,0,0
777182,2025-07-09,2,3,1
777184,2025-07-09,2,6,1
777179,2025-07-09,0,4,1
777183,2025-07-09,0,6,1
777177,2025-07-09,0,3,1
777173,2025-07-09,2,4,1
777178,2025-07-09,7,1,0
777174,2025-07-09,2,0,0
777171,2025-07-09,5,6,1
777162,2025-07-09,6,1,0
777176,2025-07-09,7,1,0
777165,2025-07-10,1,0,0
777181,2025-07-10,3,5,1
777166,2025-07-10,6,1,0
777168,2025-07-10,0,2,1
777169,2025-07-10,2,0,0
777170,2025-07-10,2,1,0
777167,2025-07-10,0,2,1
777156,2025-07-10,3,3,
777159,2025-07-10,9,2,0
777158,2025-07-10,2,4,1
777164,2025-07-11,2,2,
777146,2025-07-11,2,3,1
777157,2025-07-11,0,4,1
777153,2025-07-11,0,5,1
777160,2025-07-11,2,1,0
777161,2025-07-11,4,1,0
777155,2025-07-11,4,3,0
777151,2025-07-11,1,0,0
777154,2025-07-11,5,3,0
777148,2025-07-11,1,2,1
777149,2025-07-11,1,7,1
777147,2025-07-11,6,5,0
777150,2025-07-11,4,5,1
777139,2025-07-11,2,3,1
777152,2025-07-11,7,0,0
777143,2025-07-11,2,8,1
777142,2025-07-12,4,0,0
777145,2025-07-12,7,4,0
777134,2025-07-12,2,9,1
777133,2025-07-12,3,3,
777127,2025-07-12,1,0,0
777141,2025-07-12,0,0,
777140,2025-07-12,2,1,0
777136,2025-07-12,2,0,0
777144,2025-07-12,0,1,1
777138,2025-07-12,2,2,
777135,2025-07-12,2,3,1
777137,2025-07-12,1,2,1
777126,2025-07-12,4,3,0
777131,2025-07-12,2,6,1
777132,2025-07-12,2,4,1
777130,2025-07-13,1,1,
777129,2025-07-13,7,0,0
777122,2025-07-13,1,1,
777128,2025-07-13,2,3,1
777121,2025-07-13,2,2,
777124,2025-07-13,0,2,1
777125,2025-07-13,4,0,0
777113,2025-07-13,1,1,
777120,2025-07-13,0,3,1
777123,2025-07-13,0,3,1
777118,2025-07-13,3,3,
777119,2025-07-13,2,0,0
777116,2025-07-13,1,6,1
777115,2025-07-13,5,1,0
777117,2025-07-13,1,0,0
777101,2025-07-18,1,3,1
777107,2025-07-18,4,1,0
777112,2025-07-18,1,0,0
777106,2025-07-18,4,4,
777108,2025-07-18,0,4,1
777111,2025-07-18,3,2,0
777105,2025-07-18,1,8,1
777109,2025-07-18,4,5,1
777114,2025-07-18,0,7,1
777110,2025-07-18,0,5,1
777098,2025-07-18,0,0,
777102,2025-07-18,1,5,1
777100,2025-07-18,0,6,1
777099,2025-07-18,0,1,1
777103,2025-07-18,1,0,0
777094,2025-07-19,1,0,0
777092,2025-07-19,3,2,0
777093,2025-07-19,0,1,1
777089,2025-07-19,3,2,0
777090,2025-07-19,2,4,1
777091,2025-07-19,2,3,1
777095,2025-07-19,2,0,0
777088,2025-07-19,0,4,1
777104,2025-07-19,3,2,0
777096,2025-07-19,0,3,1
777081,2025-07-19,0,9,1
777097,2025-07-19,2,7,1
777080,2025-07-19,3,6,1
777085,2025-07-19,5,4,0
777086,2025-07-19,2,4,1
777079,2025-07-20,2,7,1
777076,2025-07-20,4,2,0
777077,2025-07-20,8,1,0
777078,2025-07-20,6,1,0
777074,2025-07-20,7,1,0
777083,2025-07-20,2,0,0
777087,2025-07-20,1,2,1
777084,2025-07-20,1,5,1
777082,2025-07-20,6,0,0
777075,2025-07-20,0,1,1
777072,2025-07-20,4,1,0
777067,2025-07-20,3,3,
777071,2025-07-20,2,5,1
777070,2025-07-20,3,4,1
777073,2025-07-20,1,0,0
777068,2025-07-21,5,5,
777060,2025-07-21,0,3,1
777062,2025-07-21,2,1,0
777064,2025-07-21,6,8,1
777063,2025-07-21,1,2,1
777066,2025-07-21,1,4,1
777061,2025-07-21,4,2,0
777069,2025-07-21,3,8,1
777059,2025-07-21,8,2,0
777065,2025-07-21,7,4,0
777057,2025-07-21,1,5,1
777053,2025-07-21,3,2,0
777055,2025-07-21,4,3,0
777050,2025-07-21,0,0,
777051,2025-07-21,1,3,1
777056,2025-07-22,1,3,1
777044,2025-07-22,3,5,1
777052,2025-07-22,1,2,1
777042,2025-07-22,1,3,1
777045,2025-07-22,1,4,1
777048,2025-07-22,2,4,1
777046,2025-07-22,4,2,0
777054,2025-07-22,2,3,1
777058,2025-07-22,5,0,0
777047,2025-07-22,0,3,1
777043,2025-07-22,1,1,
777049,2025-07-22,2,7,1
777040,2025-07-22,0,1,1
777035,2025-07-22,0,0,
777039,2025-07-22,3,3,
777026,2025-07-23,1,0,0
777037,2025-07-23,1,3,1
777041,2025-07-23,3,0,0
777029,2025-07-23,0,6,1
777034,2025-07-23,1,6,1
777031,2025-07-23,6,2,0
777028,2025-07-23,0,5,1
777032,2025-07-23,0,1,1
777024,2025-07-23,6,2,0
777022,2025-07-23,1,1,
777036,2025-07-23,1,2,1
777027,2025-07-23,2,4,1
777038,2025-07-23,6,5,0
777030,2025-07-23,4,6,1
777033,2025-07-23,0,1,1
777019,2025-07-24,3,3,
777021,2025-07-24,0,1,1
777023,2025-07-24,7,8,1
777025,2025-07-24,4,0,0
777018,2025-07-24,3,1,0
777008,2025-07-25,1,1,
777014,2025-07-25,0,0,
777020,2025-07-25,5,4,0
777015,2025-07-25,2,2,
777012,2025-07-25,3,2,0
777013,2025-07-25,2,3,1
777016,2025-07-25,6,1,0
777005,2025-07-25,0,3,1
777017,2025-07-25,0,11,1
777009,2025-07-25,0,4,1
777007,2025-07-25,9,2,0
777011,2025-07-25,0,1,1
777006,2025-07-25,1,2,1
777004,2025-07-25,6,1,0
777001,2025-07-26,4,1,0
777010,2025-07-26,1,2,1
776990,2025-07-26,6,4,0
777003,2025-07-26,0,0,
777002,2025-07-26,0,2,1
777000,2025-07-26,0,0,
776999,2025-07-26,0,6,1
776993,2025-07-26,3,4,1
776991,2025-07-26,1,0,0
776997,2025-07-26,5,0,0
776994,2025-07-26,0,0,
776996,2025-07-26,5,3,0
776998,2025-07-26,2,4,1
776992,2025-07-26,2,1,0
776985,2025-07-26,0,1,1
776995,2025-07-26,2,2,
776986,2025-07-27,1,4,1
776983,2025-07-27,3,4,1
776984,2025-07-27,0,3,1
776988,2025-07-27,3,4,1
776982,2025-07-27,0,2,1
776987,2025-07-27,0,3,1
776975,2025-07-27,0,4,1
776976,2025-07-27,4,0,0
776979,2025-07-27,7,2,0
776989,2025-07-27,2,1,0
776978,2025-07-27,2,1,0
776980,2025-07-27,7,0,0
776981,2025-07-27,1,8,1
776977,2025-07-27,0,4,1
776974,2025-07-27,2,3,1
776966,2025-07-28,4,10,1
776968,2025-07-28,2,0,0
776973,2025-07-28,0,4,1
776970,2025-07-28,3,2,0
776967,2025-07-28,3,1,0
776961,2025-07-28,3,2,0
776971,2025-07-28,4,2,0
776972,2025-07-28,2,4,1
776965,2025-07-28,3,5,1
776960,2025-07-28,0,2,1
776969,2025-07-28,0,1,1
776958,2025-07-28,2,3,1
776959,2025-07-28,5,6,1
776964,2025-07-28,4,4,
776957,2025-07-28,3,0,0
778372,2025-07-29,3,4,1
776962,2025-07-29,2,2,
776951,2025-07-29,1,9,1
776953,2025-07-29,2,8,1
776949,2025-07-29,3,6,1
776963,2025-07-29,2,4,1
776954,2025-07-29,5,1,0
776955,2025-07-29,0,4,1
776952,2025-07-29,6,0,0
776956,2025-07-29,1,5,1
776946,2025-07-29,3,0,0
776950,2025-07-29,2,3,1
776945,2025-07-29,2,3,1
776947,2025-07-29,1,1,
776943,2025-07-29,1,1,
776944,2025-07-29,1,6,1
776948,2025-07-30,3,5,1
776940,2025-07-30,1,4,1
776935,2025-07-30,6,1,0
776937,2025-07-30,1,4,1
776936,2025-07-30,0,0,
776939,2025-07-30,2,2,
776929,2025-07-30,5,3,0
776933,2025-07-30,1,1,
776931,2025-07-30,0,4,1
776942,2025-07-30,0,3,1
776938,2025-07-30,1,0,0
776941,2025-07-30,2,2,
776934,2025-07-30,2,0,0
776932,2025-07-30,1,1,
776930,2025-07-30,1,4,1
776927,2025-07-31,4,7,1
776928,2025-07-31,1,3,1
776923,2025-07-31,0,3,1
776921,2025-08-01,0,0,
776915,2025-08-01,0,1,1
776913,2025-08-01,3,0,0
776917,2025-08-01,9,2,0
776920,2025-08-01,5,1,0
776922,2025-08-01,1,0,0
776926,2025-08-01,2,0,0
776924,2025-08-01,0,2,1
776925,2025-08-01,6,4,0
776918,2025-08-01,5,0,0
776919,2025-08-01,15,10,0
776916,2025-08-01,3,2,0
776906,2025-08-01,1,4,1
776914,2025-08-01,0,5,1
776908,2025-08-01,3,2,0
776901,2025-08-02,0,3,1
776902,2025-08-02,0,3,1
776900,2025-08-02,0,3,1
776904,2025-08-02,4,0,0
776912,2025-08-02,2,0,0
776903,2025-08-02,5,2,0
776909,2025-08-02,3,6,1
776911,2025-08-02,4,5,1
776897,2025-08-02,2,0,0
776905,2025-08-02,4,4,
776910,2025-08-02,0,2,1
776907,2025-08-02,3,2,0
776899,2025-08-02,4,2,0
776898,2025-08-02,1,0,0
776896,2025-08-02,6,4,0
776895,2025-08-03,1,6,1
776889,2025-08-03,0,0,
776907,2025-08-03,3,2,0
776894,2025-08-03,3,1,0
776893,2025-08-03,1,2,1
776887,2025-08-03,7,2,0
776892,2025-08-03,4,2,0
776891,2025-08-03,1,6,1
776888,2025-08-03,2,2,
776886,2025-08-03,5,1,0
776881,2025-08-03,4,2,0
776885,2025-08-03,5,0,0
776884,2025-08-03,0,2,1
776883,2025-08-03,3,5,1
776890,2025-08-03,0,1,1
776879,2025-08-04,4,1,0
776874,2025-08-04,2,2,
776875,2025-08-04,5,0,0
776877,2025-08-04,3,3,
776880,2025-08-04,1,7,1
776876,2025-08-04,0,0,
776882,2025-08-04,3,1,0
776878,2025-08-04,1,2,1
776871,2025-08-04,5,4,0
776872,2025-08-04,9,1,0
776867,2025-08-04,1,4,1
776873,2025-08-04,1,5,1
776870,2025-08-04,1,1,
776866,2025-08-05,6,1,0
776861,2025-08-05,6,1,0
776862,2025-08-05,7,2,0
776865,2025-08-05,10,1,0
776868,2025-08-05,0,4,1
776864,2025-08-05,1,1,
776863,2025-08-05,2,2,
776869,2025-08-05,4,1,0
776860,2025-08-05,1,1,
776855,2025-08-05,0,0,
776854,2025-08-05,3,2,0
776848,2025-08-05,7,2,0
776852,2025-08-05,2,3,1
776857,2025-08-05,1,3,1
776858,2025-08-05,2,5,1
776844,2025-08-06,1,2,1
776851,2025-08-06,4,1,0
776846,2025-08-06,3,0,0
776859,2025-08-06,6,4,0
776847,2025-08-06,0,1,1
776845,2025-08-06,2,2,
776836,2025-08-06,6,1,0
776843,2025-08-06,4,4,
776839,2025-08-06,1,3,1
776849,2025-08-06,3,6,1
776850,2025-08-06,0,0,
776856,2025-08-06,3,2,0
776853,2025-08-06,5,2,0
776838,2025-08-06,0,2,1
776841,2025-08-06,2,7,1
776837,2025-08-07,4,0,0
776830,2025-08-07,1,2,1
776840,2025-08-07,0,4,1
776842,2025-08-07,6,2,0
776829,2025-08-08,1,1,
776831,2025-08-08,1,3,1
776835,2025-08-08,2,0,0
776832,2025-08-08,4,3,0
776834,2025-08-08,5,0,0
776833,2025-08-08,9,1,0
776821,2025-08-08,4,1,0
776827,2025-08-08,1,7,1
776828,2025-08-08,2,3,1
776826,2025-08-08,0,3,1
776825,2025-08-08,1,6,1
776820,2025-08-08,5,0,0
776824,2025-08-08,1,0,0
776823,2025-08-08,1,2,1
776822,2025-08-08,0,2,1
778431,2025-08-09,0,3,1
776819,2025-08-09,4,5,1
776815,2025-08-09,2,4,1
776802,2025-08-09,3,0,0
776813,2025-08-09,6,4,0
776812,2025-08-09,1,1,
776811,2025-08-09,11,3,0
776816,2025-08-09,1,0,0
776814,2025-08-09,2,1,0
776817,2025-08-09,4,3,0
776818,2025-08-09,9,0,0
776810,2025-08-09,0,1,1
776809,2025-08-09,4,5,1
776807,2025-08-09,3,4,1
776808,2025-08-09,0,3,1
776805,2025-08-09,1,6,1
776796,2025-08-10,1,2,1
776804,2025-08-10,0,1,1
776801,2025-08-10,4,4,
776803,2025-08-10,1,3,1
776797,2025-08-10,4,0,0
776806,2025-08-10,2,7,1
776798,2025-08-10,1,5,1
776799,2025-08-10,6,5,0
776800,2025-08-10,3,2,0
776793,2025-08-10,5,0,0
776794,2025-08-10,3,12,1
776789,2025-08-10,0,3,1
776791,2025-08-10,3,4,1
776788,2025-08-10,1,3,1
776795,2025-08-10,2,2,
776792,2025-08-11,0,1,1
776790,2025-08-11,0,3,1
776784,2025-08-11,4,2,0
776781,2025-08-11,1,1,
776786,2025-08-11,1,6,1
776783,2025-08-11,0,1,1
776785,2025-08-11,5,1,0
776782,2025-08-11,2,7,1
776779,2025-08-11,0,6,1
776780,2025-08-11,0,0,
776787,2025-08-11,4,1,0
776776,2025-08-12,1,0,0
776777,2025-08-12,0,3,1
776778,2025-08-12,3,3,
776774,2025-08-12,1,5,1
776768,2025-08-12,0,4,1
776772,2025-08-12,5,10,1
776770,2025-08-12,1,4,1
776773,2025-08-12,1,5,1
776771,2025-08-12,0,6,1
776775,2025-08-12,3,0,0
776764,2025-08-12,1,2,1
776769,2025-08-12,2,0,0
776763,2025-08-12,5,5,
776767,2025-08-12,4,1,0
776762,2025-08-12,0,5,1
776759,2025-08-13,7,6,0
776754,2025-08-13,0,0,
776755,2025-08-13,3,6,1
776758,2025-08-13,2,5,1
776746,2025-08-13,2,3,1
776749,2025-08-13,10,0,0
776765,2025-08-13,0,1,1
776761,2025-08-13,0,0,
776766,2025-08-13,6,4,0
776760,2025-08-13,1,1,
776757,2025-08-13,2,0,0
776753,2025-08-13,1,2,1
776756,2025-08-13,9,6,0
776752,2025-08-13,5,4,0
776751,2025-08-13,6,2,0
776750,2025-08-14,0,5,1
776747,2025-08-14,0,0,
776745,2025-08-14,4,5,1
776743,2025-08-14,2,1,0
776748,2025-08-14,1,1,
776744,2025-08-14,2,3,1
776742,2025-08-14,7,1,0
776737,2025-08-15,1,1,
776740,2025-08-15,8,8,
776739,2025-08-15,2,2,
776735,2025-08-15,3,0,0
776736,2025-08-15,4,6,1
776738,2025-08-15,1,0,0
776741,2025-08-15,1,0,0
776733,2025-08-15,3,0,0
776732,2025-08-15,7,0,0
776728,2025-08-15,1,2,1
776731,2025-08-15,4,0,0
776730,2025-08-15,2,4,1
776734,2025-08-15,3,6,1
776727,2025-08-15,1,2,1
776729,2025-08-15,6,6,
776719,2025-08-16,1,1,
776723,2025-08-16,1,11,1
776725,2025-08-16,0,2,1
776726,2025-08-16,0,1,1
776724,2025-08-16,1,7,1
776721,2025-08-16,1,0,0
776722,2025-08-16,2,3,1
776720,2025-08-16,8,1,0
776712,2025-08-16,0,5,1
776716,2025-08-16,2,3,1
776713,2025-08-16,6,5,0
776715,2025-08-16,5,2,0
776711,2025-08-16,0,0,
776717,2025-08-16,0,6,1
776718,2025-08-16,1,5,1
776708,2025-08-17,8,6,0
776714,2025-08-17,1,2,1
776710,2025-08-17,6,1,0
776706,2025-08-17,3,4,1
776709,2025-08-17,0,0,
776705,2025-08-17,5,0,0
776700,2025-08-17,1,8,1
776702,2025-08-17,1,0,0
776698,2025-08-17,3,3,
776704,2025-08-17,1,2,1
776701,2025-08-17,0,1,1
776699,2025-08-17,5,3,0
776703,2025-08-17,0,0,
776697,2025-08-17,2,4,1
776707,2025-08-17,1,7,1
777459,2025-08-18,2,0,0
776692,2025-08-18,0,5,1
776694,2025-08-18,2,2,
776688,2025-08-18,3,2,0
776689,2025-08-18,0,6,1
776695,2025-08-18,2,0,0
776696,2025-08-18,7,1,0
776690,2025-08-18,1,4,1
776693,2025-08-18,2,2,
776681,2025-08-18,3,1,0
776682,2025-08-18,3,0,0
776683,2025-08-18,4,0,0
776691,2025-08-19,2,5,1
776676,2025-08-19,1,3,1
776685,2025-08-19,0,0,
776679,2025-08-19,5,1,0
776686,2025-08-19,6,2,0
776678,2025-08-19,5,0,0
776680,2025-08-19,1,4,1
776684,2025-08-19,3,1,0
776687,2025-08-19,8,4,0
776677,2025-08-19,10,2,0
776675,2025-08-19,2,1,0
776674,2025-08-19,5,3,0
776671,2025-08-19,7,2,0
776668,2025-08-19,4,1,0
776672,2025-08-19,4,4,
776667,2025-08-19,1,4,1
776661,2025-08-20,1,2,1
776662,2025-08-20,1,3,1
776673,2025-08-20,2,7,1
776658,2025-08-20,2,1,0
776670,2025-08-20,1,4,1
776659,2025-08-20,1,5,1
776669,2025-08-20,0,1,1
776664,2025-08-20,2,0,0
776666,2025-08-20,2,3,1
776665,2025-08-20,2,2,
776663,2025-08-20,1,3,1
776660,2025-08-20,0,5,1
776652,2025-08-20,1,1,
776656,2025-08-20,1,6,1
776653,2025-08-21,6,2,0
776657,2025-08-21,4,5,1
776651,2025-08-21,2,1,0
776644,2025-08-21,8,2,0
776650,2025-08-21,3,4,1
776642,2025-08-21,2,8,1
776655,2025-08-21,7,1,0
776654,2025-08-21,2,3,1
776631,2025-08-21,6,3,0
776637,2025-08-22,0,5,1
776648,2025-08-22,3,1,0
776643,2025-08-22,7,3,0
776647,2025-08-22,0,0,
776649,2025-08-22,3,1,0
776646,2025-08-22,3,1,0
776645,2025-08-22,7,2,0
776633,2025-08-22,1,7,1
776639,2025-08-22,4,4,
776641,2025-08-22,1,1,
776634,2025-08-22,2,2,
776640,2025-08-22,2,1,0
776635,2025-08-22,2,4,1
776636,2025-08-22,1,2,1
776638,2025-08-22,1,1,
776627,2025-08-23,5,1,0
776630,2025-08-23,1,0,0
776628,2025-08-23,1,6,1
776625,2025-08-23,1,3,1
776632,2025-08-23,0,5,1
776629,2025-08-23,7,7,
776623,2025-08-23,0,9,1
776619,2025-08-23,2,6,1
776621,2025-08-23,0,1,1
776626,2025-08-23,3,2,0
776622,2025-08-23,0,8,1
776617,2025-08-23,0,3,1
776618,2025-08-23,6,0,0
776620,2025-08-23,1,0,0
776610,2025-08-24,0,4,1
776606,2025-08-24,0,5,1
776612,2025-08-24,1,1,
776613,2025-08-24,0,3,1
776624,2025-08-24,2,0,0
776615,2025-08-24,6,7,1
776614,2025-08-24,0,4,1
776607,2025-08-24,0,7,1
776608,2025-08-24,2,3,1
776611,2025-08-24,0,4,1
776605,2025-08-24,4,1,0
776609,2025-08-24,0,1,1
776603,2025-08-24,1,2,1
776602,2025-08-24,1,11,1
776616,2025-08-24,0,5,1
776604,2025-08-25,4,3,0
776601,2025-08-25,4,0,0
776600,2025-08-25,0,1,1
776597,2025-08-25,0,7,1
776596,2025-08-25,1,6,1
776598,2025-08-25,3,4,1
776599,2025-08-25,0,6,1
776593,2025-08-25,0,6,1
776589,2025-08-25,4,6,1
776592,2025-08-25,2,0,0
776595,2025-08-25,4,9,1
776590,2025-08-25,0,0,
776594,2025-08-25,0,3,1
776591,2025-08-26,2,0,0
776584,2025-08-26,0,3,1
776581,2025-08-26,2,1,0
776588,2025-08-26,1,3,1
776582,2025-08-26,0,4,1
776585,2025-08-26,2,5,1
776583,2025-08-26,0,1,1
776586,2025-08-26,3,6,1
776578,2025-08-26,8,2,0
776575,2025-08-26,0,6,1
776587,2025-08-26,6,1,0
776577,2025-08-26,5,6,1
776576,2025-08-26,2,3,1
776573,2025-08-26,5,5,
776574,2025-08-26,1,2,1
776570,2025-08-27,0,11,1
776580,2025-08-27,3,2,0
776565,2025-08-27,9,1,0
776561,2025-08-27,0,4,1
776579,2025-08-27,1,1,
776567,2025-08-27,8,5,0
776566,2025-08-27,0,4,1
776569,2025-08-27,8,1,0
776572,2025-08-27,0,1,1
776568,2025-08-27,0,1,1
776563,2025-08-27,2,12,1
776571,2025-08-27,0,1,1
776562,2025-08-27,1,4,1
776557,2025-08-27,3,7,1
776559,2025-08-27,0,5,1
776564,2025-08-28,2,2,
776555,2025-08-28,3,3,
776553,2025-08-28,6,4,0
776554,2025-08-28,1,1,
776550,2025-08-28,2,2,
776560,2025-08-28,3,15,1
776558,2025-08-28,4,4,
776556,2025-08-28,6,4,0
776551,2025-08-29,4,2,0
776545,2025-08-29,3,1,0
776552,2025-08-29,1,1,
776546,2025-08-29,0,0,
776549,2025-08-29,0,2,1
776547,2025-08-29,4,0,0
776548,2025-08-29,4,12,1
776544,2025-08-29,5,1,0
776543,2025-08-29,0,0,
776540,2025-08-29,4,3,0
776541,2025-08-29,2,7,1
776542,2025-08-29,9,2,0
776538,2025-08-29,3,2,0
776534,2025-08-29,2,0,0
776533,2025-08-29,6,10,1
776527,2025-08-30,0,0,
776525,2025-08-30,4,0,0
776539,2025-08-30,4,2,0
776535,2025-08-30,8,6,0
776532,2025-08-30,0,1,1
776536,2025-08-30,2,1,0
776531,2025-08-30,1,1,
776530,2025-08-30,1,3,1
776529,2025-08-30,1,1,
776528,2025-08-30,1,1,
776537,2025-08-30,0,1,1
776516,2025-08-30,7,1,0
776526,2025-08-30,3,1,0
776523,2025-08-30,0,0,
776524,2025-08-30,5,2,0
776518,2025-08-31,3,5,1
776513,2025-08-31,0,6,1
776517,2025-08-31,1,4,1
776520,2025-08-31,7,4,0
776515,2025-08-31,4,8,1
776521,2025-08-31,2,2,
776519,2025-08-31,5,0,0
776510,2025-08-31,1,0,0
776512,2025-08-31,4,0,0
776514,2025-08-31,2,1,0
776511,2025-08-31,2,4,1
776507,2025-08-31,0,7,1
776508,2025-08-31,5,0,0
776509,2025-08-31,1,4,1
776522,2025-08-31,0,1,1
776498,2025-09-01,0,2,1
776501,2025-09-01,6,6,
776503,2025-09-01,0,2,1
776505,2025-09-01,3,5,1
776499,2025-09-01,3,4,1
776502,2025-09-01,4,2,0
776497,2025-09-01,3,1,0
776506,2025-09-01,6,2,0
776492,2025-09-01,6,0,0
776500,2025-09-01,3,5,1
776494,2025-09-01,3,3,
776504,2025-09-01,0,5,1
776495,2025-09-01,2,3,1
776490,2025-09-02,6,2,0
776496,2025-09-02,4,4,
776491,2025-09-02,10,8,0
776493,2025-09-02,1,5,1
776482,2025-09-02,2,5,1
776485,2025-09-02,3,2,0
776488,2025-09-02,0,1,1
776487,2025-09-02,3,4,1
776484,2025-09-02,3,3,
776483,2025-09-02,1,0,0
776489,2025-09-02,6,0,0
776486,2025-09-02,5,2,0
776480,2025-09-02,5,2,0
776481,2025-09-02,2,0,0
776477,2025-09-03,4,7,1
776478,2025-09-03,1,3,1
776468,2025-09-03,0,2,1
776465,2025-09-03,7,0,0
776479,2025-09-03,0,2,1
776475,2025-09-03,6,5,0
776474,2025-09-03,7,1,0
776476,2025-09-03,0,9,1
776466,2025-09-03,0,2,1
776473,2025-09-03,0,1,1
776469,2025-09-03,1,2,1
776471,2025-09-03,1,6,1
776470,2025-09-03,0,2,1
776472,2025-09-03,3,1,0
776467,2025-09-03,4,5,1
776459,2025-09-04,0,0,
776461,2025-09-04,0,5,1
776458,2025-09-04,0,2,1
776463,2025-09-04,3,2,0
776462,2025-09-04,4,6,1
776464,2025-09-04,4,1,0
776455,2025-09-05,2,8,1
776450,2025-09-05,5,4,0
776452,2025-09-05,4,4,
776453,2025-09-05,1,2,1
776454,2025-09-05,0,1,1
776457,2025-09-05,5,1,0
776456,2025-09-05,5,1,0
776460,2025-09-05,0,1,1
776451,2025-09-05,5,0,0
776446,2025-09-05,1,2,1
776449,2025-09-05,1,3,1
776445,2025-09-05,6,1,0
776442,2025-09-05,0,2,1
776444,2025-09-05,9,4,0
776448,2025-09-05,1,6,1
776436,2025-09-06,1,2,1
776440,2025-09-06,2,1,0
776433,2025-09-06,4,2,0
776435,2025-09-06,0,6,1
776439,2025-09-06,1,4,1
776441,2025-09-06,2,0,0
776443,2025-09-06,2,0,0
776438,2025-09-06,2,1,0
776437,2025-09-06,2,0,0
776432,2025-09-06,2,0,0
776434,2025-09-06,2,9,1
776447,2025-09-06,2,1,0
776424,2025-09-06,1,4,1
776431,2025-09-06,10,2,0
776430,2025-09-06,8,1,0
776428,2025-09-07,10,1,0
776421,2025-09-07,0,1,1
776427,2025-09-07,4,0,0
776423,2025-09-07,3,4,1
776419,2025-09-07,9,1,0
776429,2025-09-07,1,1,
776425,2025-09-07,3,4,1
776426,2025-09-07,1,4,1
776422,2025-09-07,3,0,0
776416,2025-09-07,0,4,1
776420,2025-09-07,1,2,1
776418,2025-09-07,0,1,1
776417,2025-09-07,8,1,0
776414,2025-09-07,1,3,1
776415,2025-09-07,1,2,1
776413,2025-09-08,0,9,1
776409,2025-09-08,8,2,0
776405,2025-09-08,0,1,1
776412,2025-09-08,0,3,1
776406,2025-09-08,0,4,1
776411,2025-09-08,5,3,0
776407,2025-09-08,2,0,0
776400,2025-09-08,2,0,0
776399,2025-09-08,4,4,
776410,2025-09-08,5,0,0
776408,2025-09-08,1,0,0
776401,2025-09-09,1,1,
776403,2025-09-09,0,2,1
776397,2025-09-09,6,1,0
776404,2025-09-09,0,4,1
776398,2025-09-09,2,2,
776393,2025-09-09,2,0,0
776402,2025-09-09,2,1,0
776388,2025-09-09,4,2,0
776395,2025-09-09,3,5,1
776390,2025-09-09,0,5,1
776392,2025-09-09,2,2,
776391,2025-09-09,3,5,1
776394,2025-09-09,2,5,1
776396,2025-09-09,5,0,0
776389,2025-09-09,0,5,1
776375,2025-09-10,2,5,1
776379,2025-09-10,3,4,1
776374,2025-09-10,4,0,0
776376,2025-09-10,1,3,1
776387,2025-09-10,1,0,0
776382,2025-09-10,2,3,1
776386,2025-09-10,1,0,0
776384,2025-09-10,1,4,1
776383,2025-09-10,2,0,0
776385,2025-09-10,1,0,0
776381,2025-09-10,3,2,0
776378,2025-09-10,4,6,1
776377,2025-09-10,0,1,1
776373,2025-09-10,1,1,
776380,2025-09-10,0,4,1
776372,2025-09-11,2,2,
776364,2025-09-11,0,2,1
776369,2025-09-11,0,4,1
776367,2025-09-11,0,2,1
776368,2025-09-11,1,9,1
776370,2025-09-11,2,1,0
776371,2025-09-11,4,3,0
776365,2025-09-11,0,2,1
776362,2025-09-11,4,4,
776352,2025-09-12,4,6,1
776351,2025-09-12,3,0,0
776354,2025-09-12,1,6,1
776353,2025-09-12,1,1,
776359,2025-09-12,6,3,0
776361,2025-09-12,0,2,1
776366,2025-09-12,1,5,1
776363,2025-09-12,2,0,0
776360,2025-09-12,10,0,0
776355,2025-09-12,2,5,1
776356,2025-09-12,0,5,1
776357,2025-09-12,4,1,0
776358,2025-09-12,0,2,1
776345,2025-09-12,0,1,1
776350,2025-09-12,0,1,1
776338,2025-09-13,1,3,1
776343,2025-09-13,2,1,0
776336,2025-09-13,0,0,
776349,2025-09-13,0,1,1
776347,2025-09-13,3,2,0
776344,2025-09-13,4,1,0
776342,2025-09-13,4,6,1
776348,2025-09-13,1,2,1
776337,2025-09-13,2,0,0
776346,2025-09-13,6,1,0
776339,2025-09-13,4,1,0
776341,2025-09-13,1,9,1
776328,2025-09-13,9,7,0
776333,2025-09-13,2,5,1
776340,2025-09-13,5,5,
776320,2025-09-14,3,3,
776334,2025-09-14,2,2,
776329,2025-09-14,2,5,1
776322,2025-09-14,1,4,1
776335,2025-09-14,0,1,1
776331,2025-09-14,2,2,
776332,2025-09-14,2,0,0
776324,2025-09-14,4,2,0
776326,2025-09-14,3,2,0
776321,2025-09-14,3,1,0
776327,2025-09-14,3,4,1
776325,2025-09-14,6,1,0
776323,2025-09-14,1,7,1
776317,2025-09-14,1,11,1
776330,2025-09-14,3,6,1
776318,2025-09-15,3,0,0
776315,2025-09-15,5,1,0
776316,2025-09-15,0,1,1
776314,2025-09-15,1,1,
776313,2025-09-15,0,2,1
776312,2025-09-15,3,1,0
776319,2025-09-15,3,4,1
776309,2025-09-15,1,1,
776311,2025-09-15,1,3,1
777825,2025-09-16,5,2,0
776307,2025-09-16,0,0,
776303,2025-09-16,2,1,0
776308,2025-09-16,4,1,0
776310,2025-09-16,0,1,1
776304,2025-09-16,2,8,1
776305,2025-09-16,6,3,0
776302,2025-09-16,10,1,0
776306,2025-09-16,6,2,0
776298,2025-09-16,10,4,0
776295,2025-09-16,1,5,1
776300,2025-09-16,0,3,1
776301,2025-09-16,1,6,1
776293,2025-09-16,3,0,0
776294,2025-09-16,5,5,
776297,2025-09-16,0,4,1
776287,2025-09-17,4,4,
776283,2025-09-17,4,1,0
776285,2025-09-17,3,1,0
776279,2025-09-17,0,0,
776286,2025-09-17,0,3,1
776296,2025-09-17,1,0,0
776299,2025-09-17,4,3,0
776290,2025-09-17,1,1,
776288,2025-09-17,6,3,0
776289,2025-09-17,2,3,1
776284,2025-09-17,7,5,0
776291,2025-09-17,1,5,1
776292,2025-09-17,2,5,1
776277,2025-09-17,3,3,
776280,2025-09-17,0,3,1
776275,2025-09-18,1,1,
776276,2025-09-18,1,5,1
776269,2025-09-18,0,3,1
776281,2025-09-18,4,2,0
776272,2025-09-18,1,0,0
776270,2025-09-18,4,2,0
776282,2025-09-18,0,1,1
776278,2025-09-18,3,0,0
776274,2025-09-18,2,1,0
776271,2025-09-18,0,0,
776267,2025-09-19,4,4,
776266,2025-09-19,4,3,0
776268,2025-09-19,6,1,0
776273,2025-09-19,0,1,1
776259,2025-09-19,6,8,1
776261,2025-09-19,2,3,1
776260,2025-09-19,1,10,1
776264,2025-09-19,2,4,1
776251,2025-09-19,0,1,1
776253,2025-09-19,6,7,1
776262,2025-09-19,2,0,0
776263,2025-09-19,2,0,0
776265,2025-09-19,1,7,1
776255,2025-09-19,2,2,
776256,2025-09-19,2,5,1
776258,2025-09-20,3,2,0
777839,2025-09-20,5,0,0
776243,2025-09-20,6,0,0
776252,2025-09-20,3,0,0
776254,2025-09-20,2,3,1
776249,2025-09-20,0,2,1
776247,2025-09-20,2,1,0
776242,2025-09-20,2,2,
776257,2025-09-20,5,0,0
776248,2025-09-20,5,0,0
776245,2025-09-20,0,2,1
776250,2025-09-20,1,2,1
776244,2025-09-20,1,2,1
776241,2025-09-20,1,0,0
776246,2025-09-20,3,2,0
776233,2025-09-20,4,5,1
776238,2025-09-21,3,0,0
776234,2025-09-21,0,10,1
776240,2025-09-21,0,1,1
776239,2025-09-21,0,1,1
776237,2025-09-21,3,1,0
776229,2025-09-21,6,4,0
776225,2025-09-21,2,1,0
776235,2025-09-21,3,0,0
776231,2025-09-21,1,4,1
776226,2025-09-21,3,0,0
776232,2025-09-21,1,2,1
776227,2025-09-21,0,0,
776230,2025-09-21,0,6,1
776228,2025-09-21,7,1,0
776236,2025-09-21,1,3,1
776221,2025-09-22,5,8,1
776222,2025-09-22,3,2,0
776220,2025-09-22,6,5,0
776223,2025-09-23,0,4,1
776218,2025-09-23,1,0,0
776224,2025-09-23,4,2,0
776215,2025-09-23,0,3,1
776216,2025-09-23,0,1,1
776217,2025-09-23,1,1,
776219,2025-09-23,1,1,
776209,2025-09-23,6,6,
776210,2025-09-23,2,1,0
776207,2025-09-23,3,2,0
776213,2025-09-23,1,0,0
776212,2025-09-23,1,1,
776214,2025-09-23,0,6,1
776211,2025-09-23,3,7,1
776208,2025-09-23,1,4,1
776200,2025-09-24,2,0,0
776198,2025-09-24,1,0,0
776203,2025-09-24,3,0,0
776204,2025-09-24,1,3,1
776202,2025-09-24,1,0,0
776201,2025-09-24,1,6,1
776199,2025-09-24,1,5,1
776206,2025-09-24,4,0,0
776205,2025-09-24,2,8,1
776192,2025-09-24,1,1,
776197,2025-09-24,1,3,1
776193,2025-09-24,3,1,0
776194,2025-09-24,1,7,1
776196,2025-09-24,2,3,1
776195,2025-09-24,0,4,1
776190,2025-09-25,0,2,1
776191,2025-09-25,3,2,0
776183,2025-09-25,1,0,0
776182,2025-09-25,9,0,0
776185,2025-09-25,8,0,0
776188,2025-09-25,0,1,1
776189,2025-09-25,4,1,0
776184,2025-09-25,3,4,1
776186,2025-09-25,0,0,
776187,2025-09-25,6,2,0
776178,2025-09-25,4,1,0
776179,2025-09-25,0,6,1
776167,2025-09-26,0,4,1
776176,2025-09-26,0,2,1
776165,2025-09-26,8,2,0
776174,2025-09-26,3,6,1
776177,2025-09-26,2,4,1
776181,2025-09-26,3,1,0
776175,2025-09-26,4,2,0
776173,2025-09-26,2,6,1
776180,2025-09-26,4,1,0
776171,2025-09-26,1,1,
776169,2025-09-26,3,2,0
776170,2025-09-26,2,6,1
776168,2025-09-26,2,1,0
776172,2025-09-26,3,3,
776166,2025-09-26,3,6,1
776162,2025-09-27,0,6,1
776164,2025-09-27,1,3,1
776159,2025-09-27,0,4,1
776146,2025-09-27,2,3,1
776160,2025-09-27,4,2,0
776157,2025-09-27,2,1,0
776161,2025-09-27,2,0,0
776163,2025-09-27,3,0,0
776158,2025-09-27,2,2,
776156,2025-09-27,1,1,
776153,2025-09-27,6,2,0
776152,2025-09-27,1,5,1
776155,2025-09-27,5,0,0
776150,2025-09-27,2,3,1
776154,2025-09-27,3,0,0
776151,2025-09-28,3,4,1
776138,2025-09-28,4,0,0
776137,2025-09-28,0,2,1
776141,2025-09-28,0,0,
776143,2025-09-28,7,0,0
776140,2025-09-28,2,2,
776135,2025-09-28,5,1,0
776145,2025-09-28,4,8,1
776136,2025-09-28,2,9,1
776139,2025-09-28,4,0,0
776147,2025-09-28,4,3,0
776148,2025-09-28,0,4,1
776144,2025-09-28,2,4,1
776149,2025-09-28,0,2,1
776142,2025-09-28,0,1,1
824855,2026-04-15,3,4,1
823071,2026-04-15,1,1,
823722,2026-04-15,7,1,0
824291,2026-04-15,1,1,
823399,2026-04-15,0,2,1
824532,2026-04-15,2,8,1
823477,2026-04-15,5,1,0
823561,2026-04-15,4,3,0
824936,2026-04-15,0,2,1
824615,2026-04-15,3,0,0
823803,2026-04-15,1,0,0
824209,2026-04-15,1,3,1
823314,2026-04-15,6,0,0
825021,2026-04-15,2,2,
823963,2026-04-15,1,2,1
823396,2026-04-16,4,4,
824530,2026-04-16,0,0,
824289,2026-04-16,1,6,1
823560,2026-04-16,2,3,1
823801,2026-04-16,1,1,
824614,2026-04-16,1,1,
825023,2026-04-16,2,3,1
824453,2026-04-16,0,3,1
824208,2026-04-16,3,2,0
823313,2026-04-16,0,4,1
824693,2026-04-17,3,7,1
824454,2026-04-17,0,0,
823476,2026-04-17,7,0,0
822752,2026-04-17,8,3,0
823397,2026-04-17,0,1,1
823559,2026-04-17,0,2,1
823883,2026-04-17,3,1,0
824778,2026-04-17,0,0,
824207,2026-04-17,4,3,0
823720,2026-04-17,2,1,0
824373,2026-04-17,7,1,0
824048,2026-04-17,0,8,1
823152,2026-04-17,2,0,0
825101,2026-04-17,1,3,1
825019,2026-04-17,5,1,0
823558,2026-04-18,0,7,1
823721,2026-04-18,2,4,1
824694,2026-04-18,1,1,
823394,2026-04-18,5,4,0
822751,2026-04-18,3,5,1
825020,2026-04-18,5,3,0
824775,2026-04-18,4,1,0
823882,2026-04-18,3,1,0
824451,2026-04-18,1,3,1
824206,2026-04-18,4,1,0
823151,2026-04-18,0,3,1
823474,2026-04-18,3,1,0
824372,2026-04-18,3,2,0
825098,2026-04-18,1,2,1
824049,2026-04-18,0,0,
822750,2026-04-19,0,3,1
823393,2026-04-19,2,4,1
823556,2026-04-19,0,7,1
824452,2026-04-19,4,6,1
823881,2026-04-19,0,3,1
824205,2026-04-19,4,1,0
823718,2026-04-19,1,3,1
824691,2026-04-19,1,0,0
824371,2026-04-19,3,3,
825018,2026-04-19,7,1,0
824047,2026-04-19,1,0,0
823150,2026-04-19,0,5,1
825100,2026-04-19,10,1,0
824777,2026-04-19,5,1,0
823475,2026-04-19,4,2,0
824776,2026-04-20,2,2,
824450,2026-04-20,7,2,0
822994,2026-04-20,3,1,0
823879,2026-04-20,1,2,1
822749,2026-04-20,2,3,1
824125,2026-04-20,0,1,1
824692,2026-04-20,1,5,1
824370,2026-04-20,5,1,0
824046,2026-04-20,2,2,
823149,2026-04-20,1,3,1
824448,2026-04-21,3,2,0
822995,2026-04-21,5,0,0
823880,2026-04-21,5,1,0
824290,2026-04-21,3,1,0
822747,2026-04-21,3,5,1
824773,2026-04-21,1,0,0
823640,2026-04-21,0,3,1
824127,2026-04-21,3,3,
824690,2026-04-21,0,1,1
822914,2026-04-21,1,5,1
824369,2026-04-21,0,0,
824045,2026-04-21,0,1,1
823148,2026-04-21,2,2,
825099,2026-04-21,8,2,0
823236,2026-04-21,1,3,1
823878,2026-04-22,0,4,1
824449,2026-04-22,2,0,0
822993,2026-04-22,1,5,1
824123,2026-04-22,2,3,1
824044,2026-04-22,0,3,1
823147,2026-04-22,3,2,0
824286,2026-04-22,1,4,1
822748,2026-04-22,8,4,0
824774,2026-04-22,4,0,0
823641,2026-04-22,1,2,1
824688,2026-04-22,2,6,1
822913,2026-04-22,4,2,0
824367,2026-04-22,1,5,1
825097,2026-04-22,4,8,1
823231,2026-04-22,0,0,
822745,2026-04-23,2,2,
824288,2026-04-23,1,2,1
824689,2026-04-23,2,5,1
824368,2026-04-23,4,6,1
825096,2026-04-23,1,1,
823233,2026-04-23,3,0,0
824770,2026-04-23,1,2,1
823639,2026-04-23,2,7,1
822912,2026-04-23,1,6,1
824529,2026-04-24,5,2,0
824854,2026-04-24,2,9,1
822827,2026-04-24,7,4,0
823638,2026-04-24,1,1,
822992,2026-04-24,1,3,1
824932,2026-04-24,3,2,0
824124,2026-04-24,0,5,1
824611,2026-04-24,3,1,0
823800,2026-04-24,3,0,0
822909,2026-04-24,6,1,0
824204,2026-04-24,5,2,0
823069,2026-04-24,2,2,
823962,2026-04-24,0,4,1
823232,2026-04-24,8,3,0
824851,2026-04-25,7,0,0
823070,2026-04-25,6,7,1
822826,2026-04-25,1,1,
823229,2026-04-25,1,1,
822989,2026-04-25,0,2,1
824613,2026-04-25,2,0,0
825093,2026-04-25,1,4,1
822910,2026-04-25,3,2,0
824121,2026-04-25,1,4,1
824203,2026-04-25,2,1,0
823799,2026-04-25,2,2,
824527,2026-04-25,2,6,1
823960,2026-04-25,4,8,1
824933,2026-04-25,3,2,0
824852,2026-04-26,3,1,0
824934,2026-04-26,0,6,1
822824,2026-04-26,2,2,
824528,2026-04-26,2,3,1
823635,2026-04-26,1,1,
823637,2026-04-26,3,0,0
822991,2026-04-26,0,4,1
824612,2026-04-26,0,0,
824202,2026-04-26,0,7,1
823797,2026-04-26,0,5,1
823068,2026-04-26,1,1,
822911,2026-04-26,2,0,0
825094,2026-04-26,6,1,0
823230,2026-04-26,3,1,0
824122,2026-04-26,6,1,0
823959,2026-04-26,0,3,1
824446,2026-04-27,0,2,1
823395,2026-04-27,0,2,1
822825,2026-04-27,3,0,0
823719,2026-04-27,2,7,1
824609,2026-04-27,4,1,0
822906,2026-04-27,4,0,0
823311,2026-04-27,5,6,1
823961,2026-04-27,4,2,0
824447,2026-04-28,1,0,0
824849,2026-04-28,1,4,1
824526,2026-04-28,2,4,1
823390,2026-04-28,6,0,0
823473,2026-04-28,0,1,1
822823,2026-04-28,0,3,1
823636,2026-04-28,0,8,1
824931,2026-04-28,0,2,1
823716,2026-04-28,0,1,1
824610,2026-04-28,1,3,1
823798,2026-04-28,2,5,1
822908,2026-04-28,1,0,0
825017,2026-04-28,0,1,1
823310,2026-04-28,2,2,
823956,2026-04-28,2,0,0
824445,2026-04-29,0,3,1
824608,2026-04-29,1,1,
823717,2026-04-29,1,2,1
822907,2026-04-29,0,2,1
822821,2026-04-29,1,7,1
823958,2026-04-29,2,1,0
823312,2026-04-29,3,3,
824525,2026-04-29,5,0,0
823392,2026-04-29,3,1,0
823633,2026-04-29,9,2,0
824930,2026-04-29,3,2,0
823796,2026-04-29,4,2,0
825015,2026-04-29,1,4,1
824929,2026-04-30,0,2,1
824848,2026-04-30,0,5,1
824850,2026-04-30,11,3,0
823391,2026-04-30,5,3,0
823472,2026-04-30,2,1,0
823471,2026-04-30,2,4,1
824524,2026-04-30,2,3,1
823634,2026-04-30,3,3,
823795,2026-04-30,1,8,1
825016,2026-04-30,2,5,1
823714,2026-04-30,1,2,1
824686,2026-05-01,1,6,1
824287,2026-05-01,4,4,
823389,2026-05-01,0,8,1
822744,2026-05-01,4,0,0
823557,2026-05-01,1,5,1
824772,2026-05-01,1,3,1
822990,2026-05-01,0,2,1
823877,2026-05-01,2,1,0
823713,2026-05-01,6,2,0
823066,2026-05-01,1,4,1
824366,2026-05-01,1,6,1
824041,2026-05-01,0,3,1
825012,2026-05-01,5,4,0
823309,2026-05-01,7,0,0
823146,2026-05-01,4,3,0
823554,2026-05-02,1,6,1
823715,2026-05-02,2,4,1
824685,2026-05-02,0,1,1
825014,2026-05-02,5,4,0
823388,2026-05-02,4,15,1
822746,2026-05-02,3,1,0
824771,2026-05-02,6,1,0
823876,2026-05-02,0,3,1
822988,2026-05-02,0,4,1
823067,2026-05-02,0,3,1
824284,2026-05-02,1,5,1
824365,2026-05-02,8,1,0
823308,2026-05-02,0,0,
824042,2026-05-02,1,3,1
823144,2026-05-02,1,2,1
823711,2026-05-03,0,4,1
824769,2026-05-03,0,1,1
823387,2026-05-03,0,0,
823555,2026-05-03,3,3,
822742,2026-05-03,1,2,1
822987,2026-05-03,1,0,0
823875,2026-05-03,7,0,0
823065,2026-05-03,3,0,0
824687,2026-05-03,2,6,1
824364,2026-05-03,6,5,0
825013,2026-05-03,1,4,1
824043,2026-05-03,2,1,0
823145,2026-05-03,3,1,0
823307,2026-05-03,1,3,1
824285,2026-05-03,0,2,1
824363,2026-05-04,0,0,
824283,2026-05-04,0,0,
822984,2026-05-04,1,3,1
823874,2026-05-04,1,0,0
823552,2026-05-04,0,3,1
824684,2026-05-04,3,3,
824120,2026-05-04,2,4,1
823064,2026-05-04,0,4,1
824201,2026-05-04,8,3,0
824039,2026-05-04,5,0,0
823143,2026-05-04,1,0,0
823228,2026-05-04,1,2,1
824281,2026-05-05,10,3,0
822986,2026-05-05,3,2,0
823469,2026-05-05,0,1,1
823873,2026-05-05,7,4,0
822743,2026-05-05,6,2,0
823553,2026-05-05,3,3,
824682,2026-05-05,1,0,0
824119,2026-05-05,3,4,1
824200,2026-05-05,0,2,1
824040,2026-05-05,2,4,1
825092,2026-05-05,0,2,1
823142,2026-05-05,2,2,
823227,2026-05-05,7,4,0
822985,2026-05-06,0,2,1
823063,2026-05-06,5,0,0
824198,2026-05-06,10,1,0
823226,2026-05-06,1,1,
824036,2026-05-06,1,7,1
823141,2026-05-06,0,1,1
824282,2026-05-06,4,0,0
823470,2026-05-06,2,1,0
823872,2026-05-06,5,3,0
822740,2026-05-06,2,3,1
823550,2026-05-06,6,0,0
824683,2026-05-06,2,4,1
824118,2026-05-06,2,1,0
824361,2026-05-06,4,0,0
825091,2026-05-06,1,0,0
823551,2026-05-07,2,1,0
822741,2026-05-07,3,5,1
824117,2026-05-07,4,1,0
824681,2026-05-07,0,8,1
824362,2026-05-07,2,1,0
825090,2026-05-07,3,2,0
823467,2026-05-07,10,1,0
823870,2026-05-07,2,3,1
824767,2026-05-07,3,3,
823306,2026-05-07,1,1,
824522,2026-05-08,2,0,0
823466,2026-05-08,6,0,0
824846,2026-05-08,3,1,0
822822,2026-05-08,0,2,1
824768,2026-05-08,0,2,1
823871,2026-05-08,3,2,0
824443,2026-05-08,0,4,1
824116,2026-05-08,1,1,
824607,2026-05-08,6,5,0
823794,2026-05-08,0,5,1
822904,2026-05-08,3,1,0
825088,2026-05-08,1,1,
823303,2026-05-08,6,0,0
823957,2026-05-08,1,2,1
823225,2026-05-08,1,2,1
822820,2026-05-09,0,8,1
824847,2026-05-09,5,0,0
824523,2026-05-09,1,3,1
823869,2026-05-09,4,2,0
823468,2026-05-09,3,7,1
824444,2026-05-09,1,1,
822905,2026-05-09,0,5,1
824115,2026-05-09,0,5,1
824606,2026-05-09,1,5,1
823792,2026-05-09,2,0,0
825089,2026-05-09,1,2,1
823304,2026-05-09,1,3,1
823224,2026-05-09,2,1,0
823955,2026-05-09,6,0,0
823868,2026-05-10,2,2,
824845,2026-05-10,1,1,
824765,2026-05-10,3,0,0
823463,2026-05-10,0,5,1
822819,2026-05-10,4,1,0
824520,2026-05-10,0,4,1
824440,2026-05-10,5,2,0
824605,2026-05-10,1,0,0
823793,2026-05-10,2,3,1
822902,2026-05-10,0,1,1
823221,2026-05-10,3,2,0
825085,2026-05-10,0,2,1
823305,2026-05-10,2,0,0
823954,2026-05-10,4,0,0
824113,2026-05-10,3,3,
824441,2026-05-11,0,7,1
824844,2026-05-11,2,0,0
822818,2026-05-11,7,3,0
822901,2026-05-11,1,0,0
824199,2026-05-11,3,1,0
823953,2026-05-11,1,2,1
824442,2026-05-12,0,2,1
824843,2026-05-12,6,0,0
824521,2026-05-12,7,2,0
823385,2026-05-12,0,2,1
824764,2026-05-12,2,0,0
822817,2026-05-12,3,0,0
823632,2026-05-12,2,3,1
824927,2026-05-12,2,5,1
824604,2026-05-12,2,5,1
823712,2026-05-12,0,3,1
823790,2026-05-12,2,6,1
822903,2026-05-12,1,7,1
824197,2026-05-12,7,2,0
825011,2026-05-12,4,3,0
823951,2026-05-12,3,2,0
824841,2026-05-13,0,5,1
824438,2026-05-13,2,3,1
824519,2026-05-13,6,6,
823386,2026-05-13,6,3,0
824763,2026-05-13,1,1,
822815,2026-05-13,0,0,
823631,2026-05-13,2,1,0
824928,2026-05-13,1,1,
824603,2026-05-13,3,5,1
823710,2026-05-13,8,4,0
823791,2026-05-13,0,1,1
822900,2026-05-13,0,3,1
824195,2026-05-13,1,0,0
825010,2026-05-13,1,4,1
823952,2026-05-13,0,4,1
823383,2026-05-14,2,7,1
824517,2026-05-14,0,9,1
823630,2026-05-14,3,6,1
823709,2026-05-14,0,6,1
823789,2026-05-14,0,7,1
824196,2026-05-14,5,1,0
825008,2026-05-14,1,1,
824762,2026-05-14,0,0,
824926,2026-05-14,0,0,
824602,2026-05-14,1,5,1
823950,2026-05-14,2,2,
823384,2026-05-15,3,7,1
822739,2026-05-15,0,1,1
824280,2026-05-15,2,1,0
824439,2026-05-15,3,0,0
822983,2026-05-15,1,6,1
823707,2026-05-15,1,0,0
824925,2026-05-15,0,2,1
823629,2026-05-15,4,0,0
824601,2026-05-15,4,3,0
824194,2026-05-15,0,1,1
823061,2026-05-15,2,3,1
824360,2026-05-15,7,1,0
824037,2026-05-15,4,0,0
823140,2026-05-15,1,0,0
825009,2026-05-15,2,5,1
824278,2026-05-16,0,0,
823060,2026-05-16,1,3,1
824359,2026-05-16,2,3,1
822737,2026-05-16,0,4,1
823382,2026-05-16,5,0,0
822981,2026-05-16,0,1,1
824435,2026-05-16,4,2,0
824193,2026-05-16,0,4,1
824600,2026-05-16,0,7,1
823706,2026-05-16,1,1,
823139,2026-05-16,5,2,0
824924,2026-05-16,1,2,1
823627,2026-05-16,2,5,1
824038,2026-05-16,1,0,0
825007,2026-05-16,5,1,0
822982,2026-05-17,2,5,1
822738,2026-05-17,6,2,0
823381,2026-05-17,2,0,0
824923,2026-05-17,0,7,1
824436,2026-05-17,2,6,1
824279,2026-05-17,4,0,0
823628,2026-05-17,1,1,
824192,2026-05-17,2,0,0
824599,2026-05-17,4,4,
823708,2026-05-17,3,4,1
823058,2026-05-17,2,0,0
824358,2026-05-17,7,2,0
825006,2026-05-17,2,1,0
824034,2026-05-17,7,1,0
823138,2026-05-17,2,0,0
824277,2026-05-18,4,1,0
822980,2026-05-18,4,12,1
823465,2026-05-18,2,2,
823867,2026-05-18,0,12,1
822734,2026-05-18,4,3,0
823549,2026-05-18,4,3,0
824114,2026-05-18,0,0,
823705,2026-05-18,0,3,1
824680,2026-05-18,8,3,0
824357,2026-05-18,2,6,1
824035,2026-05-18,0,0,
823301,2026-05-18,0,1,1
825087,2026-05-18,2,12,1
823137,2026-05-18,0,2,1
823865,2026-05-19,3,4,1
824276,2026-05-19,3,3,
822979,2026-05-19,1,1,
823464,2026-05-19,2,1,0
822736,2026-05-19,5,9,1
823548,2026-05-19,3,5,1
824112,2026-05-19,2,1,0
823704,2026-05-19,2,0,0
824677,2026-05-19,3,0,0
823059,2026-05-19,4,3,0
824356,2026-05-19,8,0,0
824033,2026-05-19,6,4,0
823302,2026-05-19,3,4,1
825086,2026-05-19,3,1,0
823136,2026-05-19,0,1,1
823462,2026-05-20,4,1,0
822977,2026-05-20,1,1,
823703,2026-05-20,1,4,1
824355,2026-05-20,3,4,1
825084,2026-05-20,3,6,1
823134,2026-05-20,2,2,
824273,2026-05-20,0,0,
823866,2026-05-20,3,1,0
822735,2026-05-20,2,4,1
823547,2026-05-20,0,0,
824111,2026-05-20,2,3,1
824678,2026-05-20,4,0,0
823057,2026-05-20,2,0,0
823299,2026-05-20,3,0,0
824032,2026-05-20,3,5,1
824274,2026-05-21,2,0,0
823056,2026-05-21,2,1,0
822733,2026-05-21,2,1,0
823864,2026-05-21,5,2,0
823545,2026-05-21,1,0,0
824031,2026-05-21,0,2,1
825083,2026-05-21,0,0,
824679,2026-05-22,4,0,0
823461,2026-05-22,0,0,
823546,2026-05-22,0,1,1
822816,2026-05-22,1,3,1
824761,2026-05-22,3,6,1
823863,2026-05-22,1,2,1
824842,2026-05-22,4,6,1
824922,2026-05-22,0,0,
824110,2026-05-22,0,0,
823788,2026-05-22,0,5,1
824029,2026-05-22,3,6,1
825082,2026-05-22,1,2,1
823298,2026-05-22,3,3,
823223,2026-05-22,9,3,0
824518,2026-05-23,3,1,0
824516,2026-05-23,1,5,1
824674,2026-05-23,3,0,0
822814,2026-05-23,0,1,1
823458,2026-05-23,0,2,1
823222,2026-05-23,3,9,1
824109,2026-05-23,0,4,1
824760,2026-05-23,4,1,0
824920,2026-05-23,2,0,0
823862,2026-05-23,0,4,1
823787,2026-05-23,4,3,0
823300,2026-05-23,0,2,1
824030,2026-05-23,1,3,1
825080,2026-05-23,2,5,1
822813,2026-05-24,2,1,0
824839,2026-05-24,2,0,0
824840,2026-05-24,4,1,0
824759,2026-05-24,3,4,1
823459,2026-05-24,1,0,0
823544,2026-05-24,0,0,
823861,2026-05-24,0,0,
824108,2026-05-24,1,4,1
823786,2026-05-24,5,1,0
824676,2026-05-24,7,3,0
823220,2026-05-24,4,8,1
825081,2026-05-24,0,7,1
823297,2026-05-24,4,0,0
824921,2026-05-24,1,0,0
824028,2026-05-24,1,1,
823380,2026-05-25,1,1,
824838,2026-05-25,0,0,
824598,2026-05-25,1,3,1
823784,2026-05-25,0,3,1
824107,2026-05-25,2,1,0
823625,2026-05-25,7,0,0
823219,2026-05-25,4,2,0
824437,2026-05-25,8,2,0
823296,2026-05-25,1,0,0
822899,2026-05-25,4,0,0
822812,2026-05-25,2,1,0
823948,2026-05-25,2,1,0
825005,2026-05-25,7,0,0
824434,2026-05-26,4,1,0
824837,2026-05-26,1,6,1
824275,2026-05-26,4,5,1
823379,2026-05-26,1,8,1
824758,2026-05-26,2,2,
822811,2026-05-26,1,2,1
823624,2026-05-26,5,0,0
824597,2026-05-26,2,0,0
824106,2026-05-26,10,1,0
823785,2026-05-26,0,6,1
822898,2026-05-26,4,9,1
825004,2026-05-26,4,0,0
823294,2026-05-26,4,2,0
823216,2026-05-26,3,2,0
823949,2026-05-26,1,10,1
822809,2026-05-27,1,1,
824432,2026-05-27,1,3,1
823783,2026-05-27,1,0,0
825003,2026-05-27,5,0,0
823217,2026-05-27,0,2,1
823295,2026-05-27,0,0,
824836,2026-05-27,0,8,1
824270,2026-05-27,0,3,1
823376,2026-05-27,4,4,
824756,2026-05-27,0,6,1
823626,2026-05-27,1,3,1
824596,2026-05-27,1,8,1
824104,2026-05-27,2,0,0
822897,2026-05-27,2,2,
823947,2026-05-27,1,3,1
824272,2026-05-28,3,1,0
824595,2026-05-28,1,6,1
824757,2026-05-28,2,2,
824834,2026-05-28,1,1,
823378,2026-05-28,1,0,0
822896,2026-05-28,5,1,0
824515,2026-05-29,4,3,0
822732,2026-05-29,4,5,1
823377,2026-05-29,5,4,0
824835,2026-05-29,0,5,1
824433,2026-05-29,3,4,1
822978,2026-05-29,2,1,0
823623,2026-05-29,4,6,1
823055,2026-05-29,4,5,1
824594,2026-05-29,2,1,0
822894,2026-05-29,0,6,1
824191,2026-05-29,3,4,1
824353,2026-05-29,3,1,0
825002,2026-05-29,7,1,0
823135,2026-05-29,1,5,1
823946,2026-05-29,0,4,1
824593,2026-05-30,1,2,1
822731,2026-05-30,3,1,0
822893,2026-05-30,0,3,1
824833,2026-05-30,2,1,0
823375,2026-05-30,7,8,1
824431,2026-05-30,1,1,
822975,2026-05-30,6,3,0
823622,2026-05-30,1,3,1
824190,2026-05-30,2,6,1
823054,2026-05-30,1,1,
824513,2026-05-30,3,2,0
824352,2026-05-30,0,5,1
825000,2026-05-30,1,2,1
823132,2026-05-30,0,4,1
823945,2026-05-30,1,2,1
824832,2026-05-31,0,6,1
822729,2026-05-31,0,3,1
823373,2026-05-31,0,9,1
824430,2026-05-31,3,4,1
822976,2026-05-31,1,3,1
824512,2026-05-31,2,4,1
823621,2026-05-31,1,5,1
824592,2026-05-31,1,0,0
824187,2026-05-31,2,0,0
822895,2026-05-31,0,6,1
824354,2026-05-31,11,5,0
825001,2026-05-31,13,3,0
823133,2026-05-31,0,1,1
823944,2026-05-31,0,6,1
823053,2026-05-31,0,5,1
822974,2026-06-01,7,2,0
822730,2026-06-01,1,3,1
824510,2026-06-01,6,1,0
823702,2026-06-01,4,9,1
823781,2026-06-01,2,8,1
823050,2026-06-01,2,0,0
824027,2026-06-01,3,6,1
825078,2026-06-01,1,0,0
823131,2026-06-01,1,1,
822971,2026-06-02,5,0,0
823460,2026-06-02,2,2,
824754,2026-06-02,4,2,0
822728,2026-06-02,4,0,0
823541,2026-06-02,5,4,0
824511,2026-06-02,3,1,0
824918,2026-06-02,2,3,1
823700,2026-06-02,3,6,1
823782,2026-06-02,0,3,1
823052,2026-06-02,2,2,
824675,2026-06-02,2,1,0
824189,2026-06-02,2,4,1
824026,2026-06-02,8,2,0
825079,2026-06-02,4,2,0
823129,2026-06-02,2,7,1
822727,2026-06-03,1,1,
822973,2026-06-03,6,2,0
823701,2026-06-03,4,0,0
823130,2026-06-03,6,1,0
823456,2026-06-03,0,1,1
824755,2026-06-03,0,8,1
823540,2026-06-03,3,2,0
824509,2026-06-03,2,2,
824917,2026-06-03,2,4,1
823780,2026-06-03,1,0,0
823051,2026-06-03,1,4,1
824671,2026-06-03,2,4,1
824188,2026-06-03,4,3,0
824024,2026-06-03,3,9,1
825077,2026-06-03,5,0,0
822970,2026-06-10,0,4,1
824428,2026-06-10,3,3,
823215,2026-06-10,2,0,0
823287,2026-06-10,2,2,
824831,2026-06-10,0,0,
823372,2026-06-10,2,1,0
824266,2026-06-10,4,3,0
823856,2026-06-10,0,8,1
822804,2026-06-10,6,0,0
823618,2026-06-10,8,2,0
824103,2026-06-10,2,2,
824590,2026-06-10,0,2,1
824348,2026-06-10,1,0,0
824996,2026-06-10,3,0,0
824022,2026-06-10,0,2,1
823619,2026-06-11,4,4,
824265,2026-06-11,0,5,1
823855,2026-06-11,0,2,1
824101,2026-06-11,3,2,0
824346,2026-06-11,6,2,0
823371,2026-06-11,5,4,0
824827,2026-06-11,5,7,1
823370,2026-06-12,2,2,
822726,2026-06-12,8,1,0
824826,2026-06-12,3,7,1
824425,2026-06-12,1,2,1
824752,2026-06-12,1,6,1
824507,2026-06-12,1,2,1
823617,2026-06-12,3,7,1
822803,2026-06-12,3,7,1
824588,2026-06-12,2,8,1
823778,2026-06-12,0,5,1
824102,2026-06-12,9,5,0
823695,2026-06-12,3,2,0
824020,2026-06-12,2,4,1
824997,2026-06-12,0,2,1
823211,2026-06-12,5,0,0
823694,2026-06-13,4,4,
822802,2026-06-13,1,1,
824828,2026-06-13,6,2,0
822725,2026-06-13,3,5,1
823369,2026-06-13,1,2,1
824508,2026-06-13,1,1,
824426,2026-06-13,1,3,1
824749,2026-06-13,2,2,
823616,2026-06-13,2,0,0
824587,2026-06-13,4,0,0
824100,2026-06-13,4,4,
823776,2026-06-13,3,3,
824995,2026-06-13,5,4,0
823213,2026-06-13,6,1,0
824019,2026-06-13,0,1,1
823368,2026-06-14,2,1,0
824823,2026-06-14,2,1,0
822722,2026-06-14,1,6,1
822801,2026-06-14,2,2,
824506,2026-06-14,1,2,1
823615,2026-06-14,1,6,1
824099,2026-06-14,0,4,1
823693,2026-06-14,1,2,1
824586,2026-06-14,1,0,0
823777,2026-06-14,0,4,1
824994,2026-06-14,14,8,0
823212,2026-06-14,0,3,1
824021,2026-06-14,3,3,
824751,2026-06-14,6,2,0
823452,2026-06-15,0,5,1
822724,2026-06-15,3,7,1
824505,2026-06-15,0,9,1
823046,2026-06-15,0,3,1
824666,2026-06-15,0,1,1
822887,2026-06-15,3,2,0
824181,2026-06-15,6,3,0
825071,2026-06-15,2,2,
824993,2026-06-15,1,6,1
823938,2026-06-15,3,3,
823451,2026-06-16,0,8,1
822723,2026-06-16,1,3,1
824750,2026-06-16,3,0,0
823535,2026-06-16,1,11,1
824504,2026-06-16,1,5,1
824912,2026-06-16,5,2,0
823775,2026-06-16,0,1,1
823045,2026-06-16,1,3,1
824667,2026-06-16,5,2,0
822888,2026-06-16,10,2,0
824182,2026-06-16,1,1,
825070,2026-06-16,5,0,0
824991,2026-06-16,1,4,1
823128,2026-06-16,1,1,
823939,2026-06-16,0,0,
823359,2026-07-09,6,4,0
823606,2026-07-09,2,6,1
822954,2026-07-09,7,3,0
824816,2026-07-09,0,1,1
823683,2026-07-09,1,1,
824577,2026-07-09,2,1,0
824251,2026-07-09,1,3,1
823846,2026-07-09,2,6,1
824494,2026-07-09,0,0,
823034,2026-07-09,6,1,0
822877,2026-07-09,1,5,1
823277,2026-07-09,2,1,0
823201,2026-07-09,2,4,1
824252,2026-07-10,2,2,
822709,2026-07-10,2,1,0
824817,2026-07-10,2,3,1
824493,2026-07-10,0,1,1
822955,2026-07-10,1,4,1
823845,2026-07-10,3,0,0
823604,2026-07-10,2,1,0
824575,2026-07-10,0,4,1
822878,2026-07-10,0,3,1
823685,2026-07-10,4,1,0
823033,2026-07-10,1,0,0
823278,2026-07-10,5,2,0
823927,2026-07-10,6,2,0
823200,2026-07-10,1,1,
823357,2026-07-11,5,3,0
823356,2026-07-11,2,2,
823682,2026-07-11,2,3,1
824576,2026-07-11,0,0,
823198,2026-07-11,1,1,
822711,2026-07-11,0,2,1
823603,2026-07-11,2,0,0
822953,2026-07-11,1,2,1
823844,2026-07-11,2,0,0
824249,2026-07-11,4,1,0
824813,2026-07-11,0,4,1
822875,2026-07-11,7,1,0
824492,2026-07-11,1,2,1
823030,2026-07-11,0,4,1
823276,2026-07-11,4,7,1
823926,2026-07-11,1,0,0
823358,2026-07-12,2,14,1
824814,2026-07-12,2,2,
822708,2026-07-12,2,1,0
824491,2026-07-12,4,4,
823602,2026-07-12,0,1,1
822951,2026-07-12,7,0,0
824250,2026-07-12,1,0,0
823842,2026-07-12,3,1,0
823681,2026-07-12,1,3,1
824574,2026-07-12,1,9,1
823029,2026-07-12,2,1,0
822876,2026-07-12,1,4,1
823199,2026-07-12,1,1,
823925,2026-07-12,2,3,1
823274,2026-07-12,3,3,
823443,2026-07-14,3,0,0
823440,2026-07-16,1,0,0
824766,2026-07-17,0,3,1
824737,2026-07-17,3,5,1
823524,2026-07-17,0,1,1
824901,2026-07-17,0,8,1
822789,2026-07-17,8,3,0
823766,2026-07-17,1,1,
824655,2026-07-17,4,1,0
824170,2026-07-17,1,2,1
824090,2026-07-17,2,1,0
824332,2026-07-17,1,1,
824009,2026-07-17,0,1,1
824981,2026-07-17,8,2,0
825060,2026-07-17,3,2,0
823115,2026-07-17,2,0,0
824414,2026-07-18,2,1,0
824412,2026-07-18,3,0,0
824657,2026-07-18,1,5,1
823441,2026-07-18,1,4,1
822790,2026-07-18,0,1,1
824331,2026-07-18,2,8,1
824169,2026-07-18,1,0,0
824088,2026-07-18,1,4,1
825059,2026-07-18,0,5,1
824738,2026-07-18,5,3,0
824899,2026-07-18,3,5,1
823763,2026-07-18,3,2,0
823116,2026-07-18,1,0,0
824979,2026-07-18,0,6,1
824008,2026-07-18,7,0,0
822786,2026-07-19,1,0,0
823523,2026-07-19,3,1,0
823521,2026-07-19,0,1,1
824739,2026-07-19,1,6,1
823439,2026-07-19,5,0,0
824897,2026-07-19,3,4,1
824411,2026-07-19,2,1,0
824168,2026-07-19,4,1,0
824086,2026-07-19,7,2,0
823764,2026-07-19,1,0,0
824653,2026-07-19,0,10,1
824330,2026-07-19,9,1,0
824978,2026-07-19,5,1,0
824007,2026-07-19,1,2,1
823113,2026-07-19,3,3,
825057,2026-07-19,7,0,0
824410,2026-07-20,2,9,1
823522,2026-07-20,5,8,1
822788,2026-07-20,4,1,0
824736,2026-07-20,2,3,1
823436,2026-07-20,1,4,1
824898,2026-07-20,1,2,1
824087,2026-07-20,1,3,1
823762,2026-07-20,1,5,1
824654,2026-07-20,4,3,0
822874,2026-07-20,5,2,0
824167,2026-07-20,4,7,1
824328,2026-07-20,3,3,
825058,2026-07-20,2,0,0
823112,2026-07-20,0,1,1
824006,2026-07-20,2,1,0
824409,2026-07-21,2,2,
823437,2026-07-21,2,1,0
822787,2026-07-21,8,0,0
824895,2026-07-21,5,2,0
824085,2026-07-21,2,1,0
823760,2026-07-21,3,0,0
824652,2026-07-21,0,9,1
822871,2026-07-21,0,9,1
824165,2026-07-21,1,5,1
824329,2026-07-21,6,6,
824005,2026-07-21,1,5,1
825056,2026-07-21,1,3,1
823114,2026-07-21,3,0,0
823518,2026-07-22,2,0,0
823519,2026-07-22,0,0,
824735,2026-07-22,2,6,1
824732,2026-07-22,4,1,0
824083,2026-07-22,0,0,
823761,2026-07-22,2,3,1
824327,2026-07-22,1,0,0
825055,2026-07-22,2,9,1
823110,2026-07-22,2,3,1
824004,2026-07-22,0,0,
824408,2026-07-22,7,4,0
823438,2026-07-22,3,3,
822784,2026-07-22,1,1,
824896,2026-07-22,0,1,1
822873,2026-07-22,3,2,0
824650,2026-07-22,4,1,0
824166,2026-07-22,2,2,
824893,2026-07-23,3,5,1
824406,2026-07-23,0,1,1
822785,2026-07-23,1,2,1
823042,2026-07-23,4,2,0
824247,2026-07-23,0,0,
823759,2026-07-24,4,1,0
824248,2026-07-24,1,2,1
823352,2026-07-24,0,1,1
822707,2026-07-24,2,2,
823434,2026-07-24,1,0,0
824812,2026-07-24,2,3,1
823601,2026-07-24,1,1,
822952,2026-07-24,1,5,1
823843,2026-07-24,2,2,
824733,2026-07-24,0,3,1
824573,2026-07-24,0,5,1
822872,2026-07-24,3,3,
823680,2026-07-24,1,0,0
823031,2026-07-24,1,2,1
823196,2026-07-24,4,5,1
824244,2026-07-25,1,2,1
822704,2026-07-25,2,5,1
823197,2026-07-25,0,9,1
824734,2026-07-25,5,0,0
823841,2026-07-25,2,1,0
823435,2026-07-25,1,1,
822948,2026-07-25,0,2,1
823355,2026-07-25,3,0,0
824811,2026-07-25,0,2,1
823679,2026-07-25,0,0,
824571,2026-07-25,0,0,
823758,2026-07-25,2,3,1
823600,2026-07-25,4,1,0
823027,2026-07-25,0,1,1
822869,2026-07-25,1,5,1
822950,2026-07-26,0,1,1
822706,2026-07-26,4,6,1
823354,2026-07-26,4,8,1
824730,2026-07-26,0,3,1
824810,2026-07-26,2,0,0
824246,2026-07-26,3,4,1
823599,2026-07-26,3,1,0
823840,2026-07-26,1,3,1
823678,2026-07-26,0,7,1
824572,2026-07-26,3,3,
823755,2026-07-26,1,3,1
823028,2026-07-26,2,2,
822870,2026-07-26,1,3,1
823194,2026-07-26,4,1,0
823433,2026-07-26,3,6,1
822868,2026-07-27,2,7,1
824245,2026-07-27,7,5,0
823353,2026-07-27,0,0,
823839,2026-07-27,2,5,1
822705,2026-07-27,3,2,0
823597,2026-07-27,3,3,
824570,2026-07-27,4,4,
823025,2026-07-27,5,1,0
824001,2026-07-27,1,4,1
824977,2026-07-27,0,1,1
823195,2026-07-27,0,3,1
824490,2026-07-28,5,5,
824489,2026-07-28,0,2,1
824243,2026-07-28,0,9,1
823350,2026-07-28,5,0,0
822949,2026-07-28,2,0,0
823838,2026-07-28,0,1,1
822703,2026-07-28,3,8,1
823676,2026-07-28,0,1,1
824569,2026-07-28,3,0,0
823026,2026-07-28,8,1,0
824003,2026-07-28,2,2,
824976,2026-07-28,0,1,1
823275,2026-07-28,4,3,0
823193,2026-07-28,5,0,0
823923,2026-07-28,4,5,1
823837,2026-07-29,6,3,0
823351,2026-07-29,2,0,0
822702,2026-07-29,0,1,1
824242,2026-07-29,0,5,1
823596,2026-07-29,0,2,1
823598,2026-07-29,0,0,
823192,2026-07-29,2,3,1
823273,2026-07-29,0,3,1
822947,2026-07-29,0,3,1
824487,2026-07-29,4,0,0
823677,2026-07-29,4,0,0
824567,2026-07-29,4,0,0
823022,2026-07-29,0,0,
824002,2026-07-29,2,3,1
824973,2026-07-29,1,2,1
823924,2026-07-29,0,3,1
822946,2026-07-30,2,1,0
823674,2026-07-30,3,0,0
824568,2026-07-30,0,0,
823023,2026-07-30,1,1,
824488,2026-07-30,1,2,1
823595,2026-07-30,1,0,0
824894,2026-07-30,3,3,
824974,2026-07-30,3,3,
823271,2026-07-30,4,1,0
823921,2026-07-30,0,5,1
824651,2026-07-31,2,0,0
824486,2026-07-31,4,5,1
824809,2026-07-31,3,2,0
822782,2026-07-31,1,0,0
824407,2026-07-31,0,1,1
822945,2026-07-31,4,1,0
823593,2026-07-31,4,1,0
824892,2026-07-31,1,2,1
824164,2026-07-31,0,6,1
824325,2026-07-31,0,3,1
823999,2026-07-31,6,2,0
824975,2026-07-31,2,1,0
823272,2026-07-31,0,6,1
823922,2026-07-31,3,4,1
823111,2026-07-31,2,3,1
822781,2026-08-01,0,2,1
823109,2026-08-01,1,3,1
822944,2026-08-01,0,1,1
823594,2026-08-01,4,2,0
824485,2026-08-01,3,1,0
824808,2026-08-01,1,0,0
824162,2026-08-01,3,5,1
824405,2026-08-01,2,2,
824890,2026-08-01,0,4,1
824649,2026-08-01,1,1,
824326,2026-08-01,4,8,1
823269,2026-08-01,3,4,1
823920,2026-08-01,2,2,
824000,2026-08-01,1,1,
824972,2026-08-01,4,2,0
824807,2026-08-02,5,0,0
824891,2026-08-02,2,3,1
822783,2026-08-02,1,0,0
824404,2026-08-02,0,5,1
824483,2026-08-02,1,9,1
822943,2026-08-02,3,0,0
823592,2026-08-02,1,0,0
824163,2026-08-02,2,3,1
824648,2026-08-02,2,1,0
824323,2026-08-02,1,2,1
823996,2026-08-02,0,2,1
824971,2026-08-02,6,0,0
823270,2026-08-02,3,5,1
823107,2026-08-02,0,2,1
823919,2026-08-02,5,3,0
823431,2026-08-03,3,0,0
823520,2026-08-03,6,3,0
823757,2026-08-03,4,1,0
824647,2026-08-03,4,7,1
822867,2026-08-03,3,0,0
824160,2026-08-03,3,0,0
824324,2026-08-03,8,2,0
825095,2026-08-03,0,3,1
824805,2026-08-04,0,2,1
824403,2026-08-04,5,2,0
824484,2026-08-04,3,3,
823432,2026-08-04,0,4,1
823517,2026-08-04,0,2,1
824731,2026-08-04,1,7,1
824888,2026-08-04,0,1,1
824084,2026-08-04,1,5,1
823756,2026-08-04,2,4,1
824645,2026-08-04,1,1,
822865,2026-08-04,0,2,1
824161,2026-08-04,2,6,1
824321,2026-08-04,5,7,1
825054,2026-08-04,6,0,0
823108,2026-08-04,4,0,0
824158,2026-08-05,0,3,1
824646,2026-08-05,1,6,1
822866,2026-08-05,0,5,1
824322,2026-08-05,3,0,0
824806,2026-08-05,0,3,1
824402,2026-08-05,3,3,
824482,2026-08-05,1,2,1
823429,2026-08-05,1,2,1
823516,2026-08-05,3,0,0
824728,2026-08-05,0,2,1
824889,2026-08-05,1,4,1
824082,2026-08-05,1,1,
823753,2026-08-05,0,3,1
825052,2026-08-05,0,8,1
823106,2026-08-05,0,0,
824804,2026-08-06,3,1,0
824481,2026-08-06,3,5,1
824401,2026-08-06,6,5,0
823754,2026-08-06,2,4,1
824664,2026-08-06,1,0,0
823105,2026-08-06,4,0,0
823430,2026-08-06,2,6,1
824729,2026-08-06,7,5,0
824885,2026-08-06,0,2,1
824080,2026-08-06,1,2,1
825053,2026-08-06,3,1,0
823349,2026-08-07,6,0,0
823428,2026-08-07,3,2,0
822699,2026-08-07,3,5,1
823515,2026-08-07,0,0,
824727,2026-08-07,1,9,1
823836,2026-08-07,1,1,
824566,2026-08-07,7,1,0
823750,2026-08-07,6,6,
824081,2026-08-07,4,2,0
823024,2026-08-07,2,3,1
822863,2026-08-07,1,0,0
825051,2026-08-07,0,2,1
823266,2026-08-07,4,3,0
823103,2026-08-07,2,0,0
823191,2026-08-07,2,5,1
823514,2026-08-08,2,3,1
824726,2026-08-08,3,2,0
823834,2026-08-08,0,7,1
823426,2026-08-08,2,0,0
823348,2026-08-08,0,8,1
822701,2026-08-08,0,2,1
824079,2026-08-08,2,4,1
823752,2026-08-08,3,3,
823267,2026-08-08,1,3,1
823188,2026-08-08,0,0,
823021,2026-08-08,5,3,0
822864,2026-08-08,1,2,1
824565,2026-08-08,0,0,
825049,2026-08-08,0,0,
823102,2026-08-08,1,1,
822700,2026-08-09,1,3,1
824724,2026-08-09,2,3,1
823345,2026-08-09,10,1,0
823425,2026-08-09,2,4,1
823513,2026-08-09,0,0,
823835,2026-08-09,2,10,1
824078,2026-08-09,4,2,0
824564,2026-08-09,2,5,1
823751,2026-08-09,1,3,1
823020,2026-08-09,1,4,1
822862,2026-08-09,7,3,0
823190,2026-08-09,0,0,
825050,2026-08-09,1,4,1
823104,2026-08-09,2,1,0
823268,2026-08-09,2,4,1
822780,2026-08-10,0,1,1
824887,2026-08-10,7,5,0
823675,2026-08-10,1,2,1
823018,2026-08-10,3,0,0
823998,2026-08-10,1,1,
825048,2026-08-10,0,7,1
824969,2026-08-10,1,3,1
823265,2026-08-10,2,1,0
823189,2026-08-10,1,2,1
823918,2026-08-10,3,2,0
824240,2026-08-11,1,4,1
823832,2026-08-11,0,2,1
822697,2026-08-11,6,4,0
823512,2026-08-11,0,0,
822778,2026-08-11,3,3,
824886,2026-08-11,0,1,1
823673,2026-08-11,5,2,0
824563,2026-08-11,1,4,1
823019,2026-08-11,0,0,
823997,2026-08-11,1,3,1
825046,2026-08-11,0,2,1
824970,2026-08-11,6,2,0
823264,2026-08-11,1,8,1
823186,2026-08-11,1,3,1
823917,2026-08-11,1,1,
823672,2026-08-12,4,7,1
823017,2026-08-12,1,5,1
824967,2026-08-12,7,2,0
825047,2026-08-12,6,2,0
823187,2026-08-12,0,1,1
823263,2026-08-12,2,1,0
824241,2026-08-12,4,3,0
823833,2026-08-12,2,6,1
822698,2026-08-12,4,4,
823511,2026-08-12,5,5,
822779,2026-08-12,1,1,
824883,2026-08-12,0,3,1
824562,2026-08-12,0,1,1
823916,2026-08-12,2,4,1
823994,2026-08-12,2,1,0
824238,2026-08-13,0,1,1
824561,2026-08-13,8,5,0
823829,2026-08-13,2,0,0
823508,2026-08-13,1,0,0
822776,2026-08-13,1,0,0
822696,2026-08-13,0,6,1
823669,2026-08-13,5,1,0
823995,2026-08-13,0,6,1
823915,2026-08-13,2,1,0
824643,2026-08-14,0,0,
824479,2026-08-14,0,0,
823346,2026-08-14,2,7,1
824237,2026-08-14,6,3,0
823591,2026-08-14,1,0,0
824399,2026-08-14,5,3,0
822942,2026-08-14,2,2,
824882,2026-08-14,1,0,0
822777,2026-08-14,0,0,
824159,2026-08-14,2,5,1
823993,2026-08-14,5,5,
824968,2026-08-14,0,3,1
823913,2026-08-14,1,2,1
823185,2026-08-14,2,1,0
824239,2026-08-15,3,3,
824644,2026-08-15,4,3,0
822775,2026-08-15,1,1,
823184,2026-08-15,1,7,1
823588,2026-08-15,1,2,1
822941,2026-08-15,2,1,0
824480,2026-08-15,3,4,1
824400,2026-08-15,1,4,1
824157,2026-08-15,5,2,0
823671,2026-08-15,8,0,0
823347,2026-08-15,1,0,0
824884,2026-08-15,6,2,0
823914,2026-08-15,4,1,0
823990,2026-08-15,0,0,
824966,2026-08-15,1,3,1
822940,2026-08-16,3,1,0
823344,2026-08-16,3,7,1
824880,2026-08-16,1,2,1
822774,2026-08-16,1,1,
823590,2026-08-16,2,4,1
824397,2026-08-16,3,0,0
824236,2026-08-16,3,4,1
824477,2026-08-16,0,0,
823670,2026-08-16,0,5,1
824642,2026-08-16,9,2,0
823182,2026-08-16,6,7,1
824965,2026-08-16,2,2,
823991,2026-08-16,2,0,0
823912,2026-08-16,2,1,0
824156,2026-08-16,2,1,0
824514,2026-08-17,2,1,0
824478,2026-08-17,2,1,0
822939,2026-08-17,6,4,0
823427,2026-08-17,0,2,1
823343,2026-08-17,5,1,0
824725,2026-08-17,0,7,1
823589,2026-08-17,1,2,1
824077,2026-08-17,4,6,1
823668,2026-08-17,2,4,1
824641,2026-08-17,3,4,1
824320,2026-08-17,7,1,0
824803,2026-08-18,1,1,
823341,2026-08-18,1,3,1
824398,2026-08-18,1,7,1
824475,2026-08-18,1,0,0
822938,2026-08-18,8,3,0
823423,2026-08-18,2,1,0
824723,2026-08-18,4,6,1
823586,2026-08-18,3,1,0
824075,2026-08-18,1,0,0
823667,2026-08-18,0,2,1
823749,2026-08-18,0,6,1
822859,2026-08-18,0,5,1
824639,2026-08-18,3,2,0
824154,2026-08-18,3,0,0
824319,2026-08-18,6,4,0
823342,2026-08-19,3,1,0
823587,2026-08-19,1,2,1
823664,2026-08-19,1,4,1
824640,2026-08-19,0,0,
824722,2026-08-19,3,2,0
823424,2026-08-19,0,3,1
824801,2026-08-19,3,2,0
824394,2026-08-19,1,0,0
824476,2026-08-19,2,0,0
822937,2026-08-19,5,7,1
824076,2026-08-19,5,1,0
823748,2026-08-19,7,2,0
822860,2026-08-19,2,0,0
824155,2026-08-19,2,3,1
824318,2026-08-19,4,2,0
824474,2026-08-20,4,0,0
824395,2026-08-20,2,3,1
822934,2026-08-20,3,1,0
824074,2026-08-20,2,6,1
824589,2026-08-20,1,0,0
823747,2026-08-20,4,6,1
824802,2026-08-20,3,1,0
822861,2026-08-20,0,1,1
824153,2026-08-20,14,2,0
823746,2026-08-21,0,2,1
823420,2026-08-21,2,3,1
823510,2026-08-21,1,3,1
824721,2026-08-21,4,5,1
823830,2026-08-21,0,0,
824800,2026-08-21,3,5,1
824559,2026-08-21,4,0,0
824072,2026-08-21,0,2,1
824152,2026-08-21,0,3,1
822857,2026-08-21,0,0,
824317,2026-08-21,4,1,0
825045,2026-08-21,0,6,1
823262,2026-08-21,2,6,1
823911,2026-08-21,2,4,1
823101,2026-08-21,3,5,1
823509,2026-08-22,3,0,0
823743,2026-08-22,1,4,1
823831,2026-08-22,2,4,1
823422,2026-08-22,0,7,1
824798,2026-08-22,1,0,0
822858,2026-08-22,1,0,0
824151,2026-08-22,1,1,
824560,2026-08-22,7,4,0
824073,2026-08-22,1,2,1
823910,2026-08-22,3,4,1
823100,2026-08-22,1,2,1
824718,2026-08-22,2,0,0
825044,2026-08-22,7,2,0
824316,2026-08-22,3,2,0
823261,2026-08-22,5,1,0
824799,2026-08-23,0,0,
823421,2026-08-23,3,0,0
823507,2026-08-23,2,2,
823827,2026-08-23,1,3,1
824071,2026-08-23,5,9,1
824150,2026-08-23,6,6,
824558,2026-08-23,0,0,
822856,2026-08-23,0,5,1
824315,2026-08-23,6,2,0
824720,2026-08-23,3,5,1
823909,2026-08-23,0,4,1
823099,2026-08-23,6,2,0
823258,2026-08-23,1,1,
825043,2026-08-23,3,0,0
823745,2026-08-23,2,1,0
824235,2026-08-24,3,1,0
823828,2026-08-24,1,1,
822695,2026-08-24,2,5,1
824557,2026-08-24,7,2,0
823992,2026-08-24,2,1,0
825041,2026-08-24,2,0,0
823260,2026-08-24,0,0,
824964,2026-08-24,4,1,0
823097,2026-08-24,2,8,1
823183,2026-08-24,0,5,1
824233,2026-08-25,1,3,1
823826,2026-08-25,1,1,
822693,2026-08-25,3,1,0
823505,2026-08-25,3,5,1
822773,2026-08-25,2,1,0
823585,2026-08-25,1,1,
824881,2026-08-25,3,3,
824556,2026-08-25,4,10,1
823016,2026-08-25,12,1,0
823989,2026-08-25,5,6,1
825042,2026-08-25,3,0,0
823259,2026-08-25,0,0,
824962,2026-08-25,0,2,1
823098,2026-08-25,1,1,
823181,2026-08-25,0,3,1
824234,2026-08-26,2,0,0
825039,2026-08-26,0,0,
823180,2026-08-26,2,4,1
823988,2026-08-26,1,3,1
823255,2026-08-26,0,2,1
823096,2026-08-26,6,0,0
823825,2026-08-26,0,2,1
822692,2026-08-26,4,1,0
823506,2026-08-26,2,3,1
822772,2026-08-26,0,3,1
823584,2026-08-26,7,1,0
824878,2026-08-26,3,4,1
824555,2026-08-26,2,6,1
823015,2026-08-26,7,7,
824963,2026-08-26,3,2,0
