pitcher,name,date,game_pk,team,is_starter,bf,ab,h_allowed,hr_allowed,so,hand
657277,Logan Webb,2026-03-25,823244,SF,1,26,24,9,0,7,R
676775,Keaton Winn,2026-03-25,823244,SF,0,4,3,0,0,2,R
664141,JT Brubaker,2026-03-25,823244,SF,0,7,6,1,0,2,R
668873,Caleb Kilian,2026-03-25,823244,SF,0,3,3,0,0,1,R
608331,Max Fried,2026-03-25,823244,NYY,1,23,21,2,0,4,L
656234,Jake Bird,2026-03-25,823244,NYY,0,2,2,0,0,1,R
687396,Brent Headrick,2026-03-25,823244,NYY,0,5,4,1,0,1,L
666808,Camilo Doval,2026-03-25,823244,NYY,0,4,4,0,0,0,R
669461,Matthew Liberatore,2026-03-26,823081,STL,1,24,22,7,1,2,L
694335,Matt Svanson,2026-03-26,823081,STL,0,4,4,3,0,0,R
677865,Justin Bruihl,2026-03-26,823081,STL,0,3,1,1,0,0,L
688297,Chris Roycroft,2026-03-26,823081,STL,0,4,4,3,0,0,R
668941,JoJo Romero,2026-03-26,823081,STL,0,4,4,2,0,0,L
676617,Riley O'Brien,2026-03-26,823081,STL,0,5,5,1,0,2,R
592773,Ryne Stanek,2026-03-26,823081,STL,0,6,3,0,0,1,R
656876,Drew Rasmussen,2026-03-26,823081,TB,1,20,20,4,1,2,R
693855,Ian Seymour,2026-03-26,823081,TB,0,5,5,5,0,0,L
664076,Garrett Cleavinger,2026-03-26,823081,TB,0,3,2,2,0,0,L
643377,Griffin Jax,2026-03-26,823081,TB,0,3,2,1,1,0,R
672782,Yoendrys Gómez,2026-03-26,823081,TB,0,9,8,2,0,1,R
669302,Logan Gilbert,2026-03-26,823163,SEA,1,21,21,5,1,7,R
678606,José A. Ferrer,2026-03-26,823163,SEA,0,4,4,2,0,0,L
642100,Gabe Speier,2026-03-26,823163,SEA,0,6,6,3,0,1,L
668984,Casey Legumina,2026-03-26,823163,SEA,0,6,4,1,0,2,R
681867,Cooper Criswell,2026-03-26,823163,SEA,0,4,3,1,1,1,R
676440,Tanner Bibee,2026-03-26,823163,CLE,1,20,18,4,3,7,R
641401,Connor Brogdon,2026-03-26,823163,CLE,0,4,4,1,0,1,R
542888,Shawn Armstrong,2026-03-26,823163,CLE,0,3,3,1,1,2,R
681870,Erik Sabrowski,2026-03-26,823163,CLE,0,4,4,0,0,3,L
671922,Cade Smith,2026-03-26,823163,CLE,0,3,3,0,0,1,R
601713,Nick Pivetta,2026-03-26,823325,SD,1,19,16,7,0,4,R
676760,Ron Marinaccio,2026-03-26,823325,SD,0,9,9,3,1,2,R
699134,Bradgley Rodriguez,2026-03-26,823325,SD,0,6,6,0,0,3,R
688158,David Morgan,2026-03-26,823325,SD,0,5,4,1,0,1,R
593974,Wandy Peralta,2026-03-26,823325,SD,0,4,4,1,0,0,L
669373,Tarik Skubal,2026-03-26,823325,DET,1,22,22,3,0,6,L
623454,Drew Anderson,2026-03-26,823325,DET,0,8,6,2,1,0,R
663947,Tyler Holton,2026-03-26,823325,DET,0,3,2,0,0,0,L
676684,Will Vest,2026-03-26,823325,DET,0,3,3,0,0,1,R
650911,Cristopher Sánchez,2026-03-26,823486,PHI,1,21,21,3,0,10,L
680742,Jonathan Bowlan,2026-03-26,823486,PHI,0,4,4,1,0,0,R
647315,Zach Pop,2026-03-26,823486,PHI,0,4,3,0,0,0,R
679775,Kyle Backhus,2026-03-26,823486,PHI,0,4,4,3,1,0,L
661395,Jhoan Duran,2026-03-26,823486,PHI,0,3,3,1,0,1,R
543135,Nathan Eovaldi,2026-03-26,823486,TEX,1,22,22,8,2,7,R
656222,Jalen Beeks,2026-03-26,823486,TEX,0,5,5,1,0,2,L
641302,Tyler Alexander,2026-03-26,823486,TEX,0,3,3,0,0,0,L
691945,Carter Baumler,2026-03-26,823486,TEX,0,6,4,1,0,1,R
642547,Freddy Peralta,2026-03-26,823649,NYM,1,21,21,6,2,7,R
668964,Tobias Myers,2026-03-26,823649,NYM,0,10,10,1,1,1,R
472610,Luis García,2026-03-26,823649,NYM,0,6,6,3,0,2,R
694973,Paul Skenes,2026-03-26,823649,PIT,1,9,5,4,0,1,R
670990,Yohan Ramírez,2026-03-26,823649,PIT,0,9,8,1,0,3,R
682254,Mason Montgomery,2026-03-26,823649,PIT,0,8,5,1,0,2,L
676755,Isaac Mattson,2026-03-26,823649,PIT,0,7,5,3,0,1,R
664875,Justin Lawrence,2026-03-26,823649,PIT,0,5,5,2,2,0,R
642397,Gregory Soto,2026-03-26,823649,PIT,0,3,3,0,0,2,L
642701,Dennis Santana,2026-03-26,823649,PIT,0,4,3,0,0,1,R
694819,Jacob Misiorowski,2026-03-26,823812,MIL,1,20,17,2,1,11,R
676879,Aaron Ashby,2026-03-26,823812,MIL,0,3,3,0,0,2,L
681982,Grant Anderson,2026-03-26,823812,MIL,0,3,3,0,0,1,R
669084,DL Hall,2026-03-26,823812,MIL,0,6,4,1,0,3,L
663765,Jake Woodford,2026-03-26,823812,MIL,0,4,4,1,1,3,R
681343,Shane Smith,2026-03-26,823812,CWS,1,11,8,3,0,2,R
656794,Sean Newcomb,2026-03-26,823812,CWS,0,10,8,3,0,1,L
656457,Tyler Gilbert,2026-03-26,823812,CWS,0,6,5,2,1,0,L
663855,Jordan Hicks,2026-03-26,823812,CWS,0,7,3,2,0,0,R
699151,Jedixson Paez,2026-03-26,823812,CWS,0,8,6,2,1,0,R
673929,Jordan Leasure,2026-03-26,823812,CWS,0,3,3,0,0,0,R
808967,Yoshinobu Yamamoto,2026-03-26,823974,LAD,1,21,21,5,1,6,R
595014,Blake Treinen,2026-03-26,823974,LAD,0,4,4,1,0,1,R
694361,Will Klein,2026-03-26,823974,LAD,0,3,3,0,0,1,R
656945,Tanner Scott,2026-03-26,823974,LAD,0,3,3,0,0,0,L
668678,Zac Gallen,2026-03-26,823974,AZ,1,19,17,5,1,2,R
666661,Juan Morillo,2026-03-26,823974,AZ,0,5,4,1,0,1,R
657044,Ryan Thompson,2026-03-26,823974,AZ,0,3,3,0,0,1,R
664199,Taylor Clarke,2026-03-26,823974,AZ,0,5,4,3,1,0,R
694851,Andrew Hoffmann,2026-03-26,823974,AZ,0,8,5,1,0,0,R
686613,Hunter Brown,2026-03-26,824218,HOU,1,22,18,4,0,9,R
805123,AJ Blubaugh,2026-03-26,824218,HOU,0,9,9,2,1,3,R
687911,Bryan King,2026-03-26,824218,HOU,0,6,5,2,0,1,L
685005,Christian Roa,2026-03-26,824218,HOU,0,6,4,1,1,1,R
667755,José Soriano,2026-03-26,824218,LAA,1,24,20,2,0,7,R
700712,Walbert Ureña,2026-03-26,824218,LAA,0,4,3,1,0,1,R
681217,Chase Silseth,2026-03-26,824218,LAA,0,1,1,0,0,0,R
519141,Drew Pomeranz,2026-03-26,824218,LAA,0,3,3,0,0,0,L
605447,Jordan Romano,2026-03-26,824218,LAA,0,4,3,0,0,1,R
671096,Andrew Abbott,2026-03-26,824541,CIN,1,24,23,7,0,4,L
572955,Pierce Johnson,2026-03-26,824541,CIN,0,3,2,2,0,0,R
594580,Sam Moll,2026-03-26,824541,CIN,0,3,3,0,0,1,L
668933,Graham Ashcraft,2026-03-26,824541,CIN,0,3,2,0,0,1,R
683175,Connor Phillips,2026-03-26,824541,CIN,0,5,4,2,0,1,R
656271,Brock Burke,2026-03-26,824541,CIN,0,2,2,1,0,0,L
676979,Garrett Crochet,2026-03-26,824541,BOS,1,24,22,3,0,8,L
686580,Justin Slaten,2026-03-26,824541,BOS,0,4,3,0,0,2,R
676477,Garrett Whitlock,2026-03-26,824541,BOS,0,4,4,1,0,2,R
547973,Aroldis Chapman,2026-03-26,824541,BOS,0,3,3,0,0,0,L
571510,Matthew Boyd,2026-03-26,824704,CHC,1,17,16,6,1,7,L
676962,Ben Brown,2026-03-26,824704,CHC,0,13,12,3,1,3,R
571948,Hoby Milner,2026-03-26,824704,CHC,0,5,4,1,0,0,L
657097,Jacob Webb,2026-03-26,824704,CHC,0,5,5,1,1,2,R
676917,Cade Cavalli,2026-03-26,824704,WSH,1,17,14,3,0,5,R
676571,PJ Poulin,2026-03-26,824704,WSH,0,5,4,1,0,0,L
695418,Brad Lord,2026-03-26,824704,WSH,0,10,10,4,0,1,R
690925,Clayton Beeter,2026-03-26,824704,WSH,0,5,3,0,0,1,R
672335,Cionel Pérez,2026-03-26,824704,WSH,0,3,3,0,0,2,L
669432,Trevor Rogers,2026-03-26,824865,BAL,1,27,22,3,0,5,L
669330,Tyler Wells,2026-03-26,824865,BAL,0,4,3,1,0,1,R
664854,Ryan Helsley,2026-03-26,824865,BAL,0,4,4,1,0,3,R
657746,Joe Ryan,2026-03-26,824865,MIN,1,19,17,1,0,7,R
681892,Kody Funderburk,2026-03-26,824865,MIN,0,4,3,1,0,0,L
623437,Justin Topa,2026-03-26,824865,MIN,0,5,4,2,0,0,R
573124,Taylor Rogers,2026-03-26,824865,MIN,0,4,4,1,0,1,L
592332,Kevin Gausman,2026-03-27,822839,TOR,1,19,19,1,1,11,R
686973,Louis Varland,2026-03-27,822839,TOR,0,4,3,1,0,1,R
643511,Tyler Rogers,2026-03-27,822839,TOR,0,4,3,0,0,0,R
656546,Jeff Hoffman,2026-03-27,822839,TOR,0,5,5,1,1,4,R
622663,Luis Severino,2026-03-27,822839,ATH,1,20,17,3,0,3,R
605130,Scott Barlow,2026-03-27,822839,ATH,0,6,6,1,0,0,R
663687,Hogan Harris,2026-03-27,822839,ATH,0,5,4,0,0,0,L
686993,Justin Sterner,2026-03-27,822839,ATH,0,5,5,3,0,0,R
669923,George Kirby,2026-03-27,823162,SEA,1,22,19,2,1,6,R
660825,Eduard Bazardo,2026-03-27,823162,SEA,0,4,3,0,0,1,R
666374,Matt Brash,2026-03-27,823162,SEA,0,4,4,1,0,0,R
662253,Andrés Muñoz,2026-03-27,823162,SEA,0,4,4,1,0,2,R
668909,Gavin Williams,2026-03-27,823162,CLE,1,22,16,2,1,7,R
670059,Colin Holderman,2026-03-27,823162,CLE,0,5,4,1,1,1,R
688883,Peyton Pallette,2026-03-27,823162,CLE,0,6,6,0,0,2,R
592662,Robbie Ray,2026-03-27,823243,SF,1,21,21,5,1,4,L
676130,José Buttó,2026-03-27,823243,SF,0,4,4,2,1,2,R
669062,Erik Miller,2026-03-27,823243,SF,0,3,3,0,0,0,L
676254,Ryan Walker,2026-03-27,823243,SF,0,3,2,1,0,1,R
621366,Ryan Borucki,2026-03-27,823243,SF,0,3,2,0,0,0,L
657424,Matt Gage,2026-03-27,823243,SF,0,3,2,0,0,0,L
693645,Cam Schlittler,2026-03-27,823243,NYY,1,17,17,1,0,8,R
518585,Fernando Cruz,2026-03-27,823243,NYY,0,3,2,0,0,0,R
657612,Tim Hill,2026-03-27,823243,NYY,0,3,3,0,0,2,L
666808,Camilo Doval,2026-03-27,823243,NYY,0,3,3,0,0,3,R
670280,David Bednar,2026-03-27,823243,NYY,0,4,3,0,0,0,R
650633,Michael King,2026-03-27,823324,SD,1,20,15,1,0,6,R
670970,Adrian Morejon,2026-03-27,823324,SD,0,6,6,1,0,1,L
669093,Jeremiah Estrada,2026-03-27,823324,SD,0,6,3,1,0,2,R
593974,Wandy Peralta,2026-03-27,823324,SD,0,3,3,2,0,0,L
688158,David Morgan,2026-03-27,823324,SD,0,5,4,1,0,0,R
664285,Framber Valdez,2026-03-27,823324,DET,1,25,24,7,0,5,L
646241,Enmanuel De Jesus,2026-03-27,823324,DET,0,4,4,1,0,2,L
640448,Kyle Finnegan,2026-03-27,823324,DET,0,4,3,0,0,2,R
445276,Kenley Jansen,2026-03-27,823324,DET,0,3,3,0,0,3,R
645261,Sandy Alcantara,2026-03-27,823893,MIA,1,25,23,4,0,5,R
677053,Andrew Nardi,2026-03-27,823893,MIA,0,3,3,1,0,2,L
669622,Anthony Bender,2026-03-27,823893,MIA,0,2,2,1,0,1,R
664126,Pete Fairbanks,2026-03-27,823893,MIA,0,4,4,1,0,1,R
607536,Kyle Freeland,2026-03-27,823893,COL,1,21,18,5,0,2,L
623474,Jimmy Herget,2026-03-27,823893,COL,0,6,6,2,0,1,R
657514,Brennan Bernardino,2026-03-27,823893,COL,0,1,1,0,0,0,L
675848,Juan Mejia,2026-03-27,823893,COL,0,7,7,1,0,1,R
686218,Emmet Sheehan,2026-03-27,823971,LAD,1,16,14,5,1,6,R
676263,Jack Dreyer,2026-03-27,823971,LAD,0,5,5,1,0,1,L
676508,Ben Casparius,2026-03-27,823971,LAD,0,4,3,1,0,1,R
656945,Tanner Scott,2026-03-27,823971,LAD,0,1,1,0,0,1,L
681911,Alex Vesia,2026-03-27,823971,LAD,0,4,4,1,0,0,L
683618,Edgardo Henriquez,2026-03-27,823971,LAD,0,3,3,0,0,1,R
621242,Edwin Díaz,2026-03-27,823971,LAD,0,4,3,0,0,2,R
669194,Ryne Nelson,2026-03-27,823971,AZ,1,19,16,2,2,4,R
642528,Jonathan Loáisiga,2026-03-27,823971,AZ,0,4,4,0,0,1,R
657044,Ryan Thompson,2026-03-27,823971,AZ,0,3,3,0,0,0,R
656464,Kevin Ginkel,2026-03-27,823971,AZ,0,5,5,2,0,0,R
681347,Mike Burrows,2026-03-27,824216,HOU,1,26,24,9,2,6,R
682610,Roddery Muñoz,2026-03-27,824216,HOU,0,5,2,0,0,0,R
595345,Steven Okert,2026-03-27,824216,HOU,0,5,5,0,0,3,L
680802,Ryan Weiss,2026-03-27,824216,HOU,0,6,5,2,1,2,R
579328,Yusei Kikuchi,2026-03-27,824216,LAA,1,22,21,8,1,3,L
681217,Chase Silseth,2026-03-27,824216,LAA,0,2,2,0,0,0,R
666171,Ryan Zeferjahn,2026-03-27,824216,LAA,0,6,6,0,0,2,R
696147,Sam Bachman,2026-03-27,824216,LAA,0,5,3,0,0,3,R
605447,Jordan Romano,2026-03-27,824216,LAA,0,3,3,0,0,2,R
519242,Chris Sale,2026-03-27,824946,ATL,1,23,19,3,0,6,L
669276,Dylan Lee,2026-03-27,824946,ATL,0,3,3,0,0,0,L
663158,Robert Suarez,2026-03-27,824946,ATL,0,5,5,2,0,1,R
641755,Tyler Kinley,2026-03-27,824946,ATL,0,3,3,0,0,1,R
666142,Cole Ragans,2026-03-27,824946,KC,1,21,17,6,3,5,L
663559,Bailey Falter,2026-03-27,824946,KC,0,14,14,5,0,4,L
656638,Alex Lange,2026-03-27,824946,KC,0,3,3,0,0,1,R
656302,Dylan Cease,2026-03-28,822838,TOR,1,22,20,3,0,12,R
680755,Braydon Fisher,2026-03-28,822838,TOR,0,1,1,0,0,0,R
689254,Mason Fluharty,2026-03-28,822838,TOR,0,2,2,2,0,0,L
663893,Brendon Little,2026-03-28,822838,TOR,0,5,4,2,1,2,L
667297,Tommy Nance,2026-03-28,822838,TOR,0,4,4,0,0,1,R
643511,Tyler Rogers,2026-03-28,822838,TOR,0,3,3,0,0,2,R
686973,Louis Varland,2026-03-28,822838,TOR,0,4,3,1,0,1,R
693686,Spencer Miles,2026-03-28,822838,TOR,0,4,3,0,0,1,R
605488,Jeffrey Springs,2026-03-28,822838,ATH,1,22,19,5,0,2,L
643410,Mark Leiter Jr.,2026-03-28,822838,ATH,0,5,4,2,0,0,R
665660,Elvis Alvarado,2026-03-28,822838,ATH,0,6,4,1,0,2,R
663687,Hogan Harris,2026-03-28,822838,ATH,0,5,4,2,0,0,L
547184,Michael Kelly,2026-03-28,822838,ATH,0,6,6,2,1,1,R
605130,Scott Barlow,2026-03-28,822838,ATH,0,5,3,1,0,1,R
665622,Luis Medina,2026-03-28,822838,ATH,0,3,2,1,0,1,R
700241,Michael McGreevy,2026-03-28,823082,STL,1,21,19,0,0,5,R
676617,Riley O'Brien,2026-03-28,823082,STL,0,4,4,2,0,0,R
668941,JoJo Romero,2026-03-28,823082,STL,0,3,3,0,0,1,L
694335,Matt Svanson,2026-03-28,823082,STL,0,5,4,2,0,0,R
592773,Ryne Stanek,2026-03-28,823082,STL,0,6,6,3,0,2,R
671212,Joe Boyle,2026-03-28,823082,TB,1,21,21,3,0,4,R
642121,Cole Sulser,2026-03-28,823082,TB,0,10,7,2,0,2,R
641329,Bryan Baker,2026-03-28,823082,TB,0,3,3,0,0,2,R
643377,Griffin Jax,2026-03-28,823082,TB,0,3,1,1,0,0,R
693433,Bryan Woo,2026-03-28,823161,SEA,1,23,22,4,0,9,R
660825,Eduard Bazardo,2026-03-28,823161,SEA,0,5,3,1,0,1,R
642100,Gabe Speier,2026-03-28,823161,SEA,0,1,1,0,0,0,L
668984,Casey Legumina,2026-03-28,823161,SEA,0,4,4,1,0,1,R
677961,Cole Wilcox,2026-03-28,823161,SEA,0,3,3,0,0,1,R
662253,Andrés Muñoz,2026-03-28,823161,SEA,0,5,5,2,1,1,R
676282,Joey Cantillo,2026-03-28,823161,CLE,1,18,15,4,0,5,L
670036,Matt Festa,2026-03-28,823161,CLE,0,5,5,0,0,1,R
682120,Tim Herrin,2026-03-28,823161,CLE,0,4,4,2,0,0,L
681870,Erik Sabrowski,2026-03-28,823161,CLE,0,4,2,0,0,1,L
542888,Shawn Armstrong,2026-03-28,823161,CLE,0,4,3,0,0,1,R
671922,Cade Smith,2026-03-28,823161,CLE,0,6,5,2,0,2,R
641401,Connor Brogdon,2026-03-28,823161,CLE,0,4,4,1,1,2,R
641816,Tyler Mahle,2026-03-28,823241,SF,1,17,16,5,0,5,R
621366,Ryan Borucki,2026-03-28,823241,SF,0,4,4,1,1,1,L
657424,Matt Gage,2026-03-28,823241,SF,0,3,3,0,0,1,L
676775,Keaton Winn,2026-03-28,823241,SF,0,3,3,0,0,1,R
669062,Erik Miller,2026-03-28,823241,SF,0,4,3,1,0,1,L
664141,JT Brubaker,2026-03-28,823241,SF,0,1,1,0,0,0,R
676254,Ryan Walker,2026-03-28,823241,SF,0,3,3,0,0,1,R
701542,Will Warren,2026-03-28,823241,NYY,1,19,17,5,0,3,R
687396,Brent Headrick,2026-03-28,823241,NYY,0,3,3,1,0,1,L
656234,Jake Bird,2026-03-28,823241,NYY,0,5,5,1,0,2,R
657612,Tim Hill,2026-03-28,823241,NYY,0,4,4,1,0,1,L
670280,David Bednar,2026-03-28,823241,NYY,0,4,3,1,0,1,R
681190,Randy Vásquez,2026-03-28,823323,SD,1,23,20,2,0,8,R
606996,Kyle Hart,2026-03-28,823323,SD,0,6,6,0,0,3,L
695243,Mason Miller,2026-03-28,823323,SD,0,4,3,0,0,2,R
656427,Jack Flaherty,2026-03-28,823323,DET,1,21,17,4,0,2,R
676428,Brant Hurter,2026-03-28,823323,DET,0,5,5,2,0,1,L
657756,Connor Seabold,2026-03-28,823323,DET,0,8,8,1,0,3,R
676684,Will Vest,2026-03-28,823323,DET,0,1,1,0,0,0,R
605400,Aaron Nola,2026-03-28,823488,PHI,1,22,20,5,2,7,R
621383,Tanner Banks,2026-03-28,823488,PHI,0,3,3,1,0,0,L
621237,José Alvarado,2026-03-28,823488,PHI,0,4,4,1,0,2,L
641835,Tim Mayza,2026-03-28,823488,PHI,0,8,7,1,0,2,L
661395,Jhoan Duran,2026-03-28,823488,PHI,0,5,5,2,0,2,R
656641,Jacob Latz,2026-03-28,823488,TEX,1,14,13,0,0,3,L
668390,Cole Winn,2026-03-28,823488,TEX,0,5,4,1,0,2,R
656222,Jalen Beeks,2026-03-28,823488,TEX,0,3,3,0,0,1,L
596001,Jakob Junis,2026-03-28,823488,TEX,0,6,6,0,0,2,R
676395,Robert Garcia,2026-03-28,823488,TEX,0,4,3,1,0,1,L
455119,Chris Martin,2026-03-28,823488,TEX,0,3,3,2,0,1,R
641302,Tyler Alexander,2026-03-28,823488,TEX,0,5,4,1,0,1,L
656849,David Peterson,2026-03-28,823651,NYM,1,25,23,6,0,3,L
623211,Huascar Brazobán,2026-03-28,823651,NYM,0,2,2,0,0,1,R
596133,Luke Weaver,2026-03-28,823651,NYM,0,4,4,1,0,0,R
548384,Brooks Raley,2026-03-28,823651,NYM,0,3,3,0,0,2,L
642207,Devin Williams,2026-03-28,823651,NYM,0,5,4,1,0,2,R
472610,Luis García,2026-03-28,823651,NYM,0,6,5,2,0,0,R
663992,Richard Lovelady,2026-03-28,823651,NYM,0,5,5,2,0,1,L
656605,Mitch Keller,2026-03-28,823651,PIT,1,21,21,3,0,3,R
664875,Justin Lawrence,2026-03-28,823651,PIT,0,4,2,0,0,2,R
642397,Gregory Soto,2026-03-28,823651,PIT,0,5,4,0,0,3,L
642701,Dennis Santana,2026-03-28,823651,PIT,0,3,2,0,0,0,R
682995,Hunter Barco,2026-03-28,823651,PIT,0,8,6,3,1,0,L
694477,Chad Patrick,2026-03-28,823811,MIL,1,19,18,5,1,4,R
676879,Aaron Ashby,2026-03-28,823811,MIL,0,7,5,0,0,4,L
672582,Angel Zerpa,2026-03-28,823811,MIL,0,4,4,2,0,0,L
682842,Abner Uribe,2026-03-28,823811,MIL,0,3,3,0,0,2,R
669084,DL Hall,2026-03-28,823811,MIL,0,3,2,0,0,1,L
680732,Sean Burke,2026-03-28,823811,CWS,1,20,19,7,0,5,R
669684,Chris Murphy,2026-03-28,823811,CWS,0,4,3,0,0,1,L
691799,Grant Taylor,2026-03-28,823811,CWS,0,6,5,2,0,1,R
663542,Bryan Hudson,2026-03-28,823811,CWS,0,6,4,2,0,2,L
699151,Jedixson Paez,2026-03-28,823811,CWS,0,1,1,0,0,0,R
622554,Seranthony Domínguez,2026-03-28,823811,CWS,0,4,4,1,0,0,R
691587,Eury Pérez,2026-03-28,823892,MIA,1,27,26,5,2,8,R
676534,Calvin Faucher,2026-03-28,823892,MIA,0,4,4,1,0,1,R
664126,Pete Fairbanks,2026-03-28,823892,MIA,0,3,3,0,0,1,R
547179,Michael Lorenzen,2026-03-28,823892,COL,1,22,19,7,1,4,R
657514,Brennan Bernardino,2026-03-28,823892,COL,0,3,3,1,0,0,L
688642,Zach Agnos,2026-03-28,823892,COL,0,5,4,0,0,2,R
677955,Jaden Hill,2026-03-28,823892,COL,0,6,6,2,0,1,R
607192,Tyler Glasnow,2026-03-28,823973,LAD,1,23,21,4,0,6,R
681911,Alex Vesia,2026-03-28,823973,LAD,0,3,3,0,0,0,L
694361,Will Klein,2026-03-28,823973,LAD,0,4,4,1,0,1,R
621242,Edwin Díaz,2026-03-28,823973,LAD,0,3,3,0,0,0,R
593958,Eduardo Rodriguez,2026-03-28,823973,AZ,1,20,18,4,0,5,L
642528,Jonathan Loáisiga,2026-03-28,823973,AZ,0,4,4,1,0,1,R
605452,Joe Ross,2026-03-28,823973,AZ,0,3,3,0,0,0,R
666661,Juan Morillo,2026-03-28,823973,AZ,0,4,3,1,1,0,R
623149,Paul Sewald,2026-03-28,823973,AZ,0,1,1,0,0,0,R
664299,Cristian Javier,2026-03-28,824213,HOU,1,21,15,4,2,1,R
678906,Kai-Wei Teng,2026-03-28,824213,HOU,0,9,8,1,0,2,R
687911,Bryan King,2026-03-28,824213,HOU,0,4,3,0,0,2,L
650556,Bryan Abreu,2026-03-28,824213,HOU,0,6,4,1,1,3,R
672282,Reid Detmers,2026-03-28,824213,LAA,1,21,20,6,0,9,L
700712,Walbert Ureña,2026-03-28,824213,LAA,0,11,9,4,0,1,R
664192,Joey Lucchesi,2026-03-28,824213,LAA,0,6,4,3,0,0,L
608718,Brent Suter,2026-03-28,824213,LAA,0,6,5,0,0,2,L
663903,Brady Singer,2026-03-28,824540,CIN,1,20,17,5,1,5,R
594580,Sam Moll,2026-03-28,824540,CIN,0,4,3,0,0,0,L
572955,Pierce Johnson,2026-03-28,824540,CIN,0,3,3,1,0,0,R
668933,Graham Ashcraft,2026-03-28,824540,CIN,0,5,4,1,0,2,R
663574,Tony Santillan,2026-03-28,824540,CIN,0,5,3,0,0,3,R
641941,Emilio Pagán,2026-03-28,824540,CIN,0,5,5,1,1,2,R
683175,Connor Phillips,2026-03-28,824540,CIN,0,5,5,0,0,3,R
543243,Sonny Gray,2026-03-28,824540,BOS,1,20,19,6,1,5,R
669711,Greg Weissert,2026-03-28,824540,BOS,0,6,5,2,1,2,R
543056,Danny Coulombe,2026-03-28,824540,BOS,0,4,3,1,0,1,L
670245,Ryan Watson,2026-03-28,824540,BOS,0,10,7,0,0,1,R
547973,Aroldis Chapman,2026-03-28,824540,BOS,0,3,3,0,0,1,L
676477,Garrett Whitlock,2026-03-28,824540,BOS,0,3,3,0,0,1,R
686580,Justin Slaten,2026-03-28,824540,BOS,0,3,2,1,0,1,R
690990,Cade Horton,2026-03-28,824701,CHC,1,22,21,4,1,4,R
664208,Phil Maton,2026-03-28,824701,CHC,0,2,2,0,0,1,R
573204,Caleb Thielbar,2026-03-28,824701,CHC,0,4,3,0,0,1,L
657097,Jacob Webb,2026-03-28,824701,CHC,0,4,2,0,0,0,R
571945,Miles Mikolas,2026-03-28,824701,WSH,1,25,21,6,1,4,R
701552,Andre Granillo,2026-03-28,824701,WSH,0,4,3,1,0,0,R
686610,Ken Waldichuk,2026-03-28,824701,WSH,0,9,7,3,1,2,L
669371,Cole Henry,2026-03-28,824701,WSH,0,3,3,0,0,1,R
680694,Kyle Bradish,2026-03-28,824862,BAL,1,19,15,2,1,4,R
666974,Yennier Cano,2026-03-28,824862,BAL,0,2,2,1,0,1,R
608650,Dietrich Enns,2026-03-28,824862,BAL,0,7,6,1,0,1,L
682274,Yaramil Hiraldo,2026-03-28,824862,BAL,0,1,1,0,0,1,R
689296,Anthony Nunez,2026-03-28,824862,BAL,0,6,6,0,0,3,R
671737,Taj Bradley,2026-03-28,824862,MIN,1,19,16,3,0,9,R
607455,Anthony Banda,2026-03-28,824862,MIN,0,4,2,0,0,2,L
681892,Kody Funderburk,2026-03-28,824862,MIN,0,4,4,2,0,2,L
679358,Eric Orze,2026-03-28,824862,MIN,0,5,4,0,0,0,R
623437,Justin Topa,2026-03-28,824862,MIN,0,3,3,0,0,1,R
663485,Cole Sands,2026-03-28,824862,MIN,0,4,3,0,0,2,R
625643,Reynaldo López,2026-03-28,824945,ATL,1,22,20,3,1,3,R
669276,Dylan Lee,2026-03-28,824945,ATL,0,4,4,1,0,2,L
606303,Joel Payamps,2026-03-28,824945,ATL,0,3,2,1,0,0,R
607481,Aaron Bummer,2026-03-28,824945,ATL,0,3,3,0,0,0,L
674370,Osvaldo Bido,2026-03-28,824945,ATL,0,3,3,0,0,3,R
608379,Michael Wacha,2026-03-28,824945,KC,1,20,19,3,0,7,R
621381,Matt Strahm,2026-03-28,824945,KC,0,4,4,1,0,1,L
668674,Lucas Erceg,2026-03-28,824945,KC,0,4,3,1,0,0,R
608032,Carlos Estévez,2026-03-28,824945,KC,0,7,5,4,1,0,R
641778,Eric Lauer,2026-03-29,822837,TOR,1,20,19,3,1,9,L
680755,Braydon Fisher,2026-03-29,822837,TOR,0,5,5,0,0,2,R
667297,Tommy Nance,2026-03-29,822837,TOR,0,3,3,1,0,1,R
689254,Mason Fluharty,2026-03-29,822837,TOR,0,1,1,0,0,1,L
656546,Jeff Hoffman,2026-03-29,822837,TOR,0,4,4,1,0,2,R
806960,Luis Morales,2026-03-29,822837,ATH,1,20,18,5,3,5,R
669372,J.T. Ginn,2026-03-29,822837,ATH,0,12,11,1,0,2,R
669160,Dustin May,2026-03-29,823079,STL,1,22,21,10,0,3,R
677865,Justin Bruihl,2026-03-29,823079,STL,0,8,7,1,0,2,L
666277,George Soriano,2026-03-29,823079,STL,0,3,3,0,0,0,R
690155,Matt Pushard,2026-03-29,823079,STL,0,7,5,3,0,1,R
688297,Chris Roycroft,2026-03-29,823079,STL,0,8,6,3,0,0,R
571927,Steven Matz,2026-03-29,823079,TB,1,21,20,6,1,2,L
687330,Kevin Kelly,2026-03-29,823079,TB,0,4,4,1,0,1,R
664076,Garrett Cleavinger,2026-03-29,823079,TB,0,6,4,1,0,1,L
669438,Mason Englert,2026-03-29,823079,TB,0,6,6,3,2,1,R
641329,Bryan Baker,2026-03-29,823079,TB,0,3,3,0,0,0,R
676106,Emerson Hancock,2026-03-29,823160,SEA,1,19,17,0,0,9,R
681867,Cooper Criswell,2026-03-29,823160,SEA,0,10,10,2,0,5,R
677944,Slade Cecconi,2026-03-29,823160,CLE,1,24,19,6,1,5,R
688883,Peyton Pallette,2026-03-29,823160,CLE,0,9,7,2,0,1,R
670059,Colin Holderman,2026-03-29,823160,CLE,0,9,8,1,0,2,R
666200,Jesús Luzardo,2026-03-29,823487,PHI,1,25,24,6,2,7,L
647315,Zach Pop,2026-03-29,823487,PHI,0,6,3,1,0,1,R
641745,Brad Keller,2026-03-29,823487,PHI,0,3,3,0,0,1,R
679775,Kyle Backhus,2026-03-29,823487,PHI,0,5,4,1,0,1,L
669022,MacKenzie Gore,2026-03-29,823487,TEX,1,22,18,2,0,7,L
668390,Cole Winn,2026-03-29,823487,TEX,0,2,1,0,0,0,R
691945,Carter Baumler,2026-03-29,823487,TEX,0,9,5,1,0,2,R
455119,Chris Martin,2026-03-29,823487,TEX,0,1,1,0,0,0,R
676395,Robert Garcia,2026-03-29,823487,TEX,0,3,2,0,0,1,L
690997,Nolan McLean,2026-03-29,823647,NYM,1,22,19,4,1,8,R
623211,Huascar Brazobán,2026-03-29,823647,NYM,0,5,5,0,0,0,R
640455,Sean Manaea,2026-03-29,823647,NYM,0,7,5,1,0,2,L
596133,Luke Weaver,2026-03-29,823647,NYM,0,5,2,0,0,1,R
663992,Richard Lovelady,2026-03-29,823647,NYM,0,6,4,2,0,1,L
669387,Carmen Mlodzinski,2026-03-29,823647,PIT,1,20,19,6,0,8,R
670990,Yohan Ramírez,2026-03-29,823647,PIT,0,5,4,0,0,2,R
682254,Mason Montgomery,2026-03-29,823647,PIT,0,5,5,2,0,3,L
676755,Isaac Mattson,2026-03-29,823647,PIT,0,3,3,0,0,2,R
642701,Dennis Santana,2026-03-29,823647,PIT,0,3,3,0,0,1,R
664353,José Urquidy,2026-03-29,823647,PIT,0,4,3,1,0,0,R
687075,Brandon Sproat,2026-03-29,823810,MIL,1,18,14,6,3,3,R
681982,Grant Anderson,2026-03-29,823810,MIL,0,8,7,1,0,3,R
657649,Jared Koenig,2026-03-29,823810,MIL,0,3,3,0,0,3,L
663765,Jake Woodford,2026-03-29,823810,MIL,0,6,6,1,0,1,R
656730,Trevor Megill,2026-03-29,823810,MIL,0,4,4,1,0,2,R
641743,Anthony Kay,2026-03-29,823810,CWS,1,21,17,3,1,5,L
673929,Jordan Leasure,2026-03-29,823810,CWS,0,6,6,2,0,2,R
691799,Grant Taylor,2026-03-29,823810,CWS,0,5,4,1,0,3,R
669684,Chris Murphy,2026-03-29,823810,CWS,0,5,4,3,0,1,L
622554,Seranthony Domínguez,2026-03-29,823810,CWS,0,4,3,2,1,0,R
663855,Jordan Hicks,2026-03-29,823810,CWS,0,1,1,0,0,1,R
676974,Max Meyer,2026-03-29,823891,MIA,1,23,21,5,0,5,R
663969,Tyler Phillips,2026-03-29,823891,MIA,0,8,7,1,0,2,R
667463,John King,2026-03-29,823891,MIA,0,3,3,0,0,2,L
656848,Michael Petersen,2026-03-29,823891,MIA,0,3,3,0,0,2,R
500779,Jose Quintana,2026-03-29,823891,COL,1,19,13,4,0,2,L
623474,Jimmy Herget,2026-03-29,823891,COL,0,2,2,0,0,2,R
622608,Antonio Senzatela,2026-03-29,823891,COL,0,10,9,1,0,3,R
680767,Victor Vodnik,2026-03-29,823891,COL,0,6,5,3,1,1,R
837227,Tatsuya Imai,2026-03-29,824215,HOU,1,15,11,3,0,4,R
682610,Roddery Muñoz,2026-03-29,824215,HOU,0,10,9,3,1,4,R
685005,Christian Roa,2026-03-29,824215,HOU,0,1,1,0,0,1,R
595345,Steven Okert,2026-03-29,824215,HOU,0,3,2,0,0,0,L
805123,AJ Blubaugh,2026-03-29,824215,HOU,0,6,6,0,0,2,R
650556,Bryan Abreu,2026-03-29,824215,HOU,0,3,1,0,0,0,R
687911,Bryan King,2026-03-29,824215,HOU,0,3,3,1,0,2,L
686799,Jack Kochanowicz,2026-03-29,824215,LAA,1,22,17,4,0,3,R
681217,Chase Silseth,2026-03-29,824215,LAA,0,4,4,1,0,1,R
696147,Sam Bachman,2026-03-29,824215,LAA,0,8,6,0,0,2,R
519141,Drew Pomeranz,2026-03-29,824215,LAA,0,8,4,2,0,0,L
695076,Rhett Lowder,2026-03-29,824538,CIN,1,20,18,3,1,5,R
656271,Brock Burke,2026-03-29,824538,CIN,0,5,4,1,0,0,L
572955,Pierce Johnson,2026-03-29,824538,CIN,0,3,3,1,0,0,R
663574,Tony Santillan,2026-03-29,824538,CIN,0,5,3,1,0,2,R
641941,Emilio Pagán,2026-03-29,824538,CIN,0,5,4,1,0,0,R
813349,Connelly Early,2026-03-29,824538,BOS,1,21,19,5,0,6,L
669711,Greg Weissert,2026-03-29,824538,BOS,0,4,3,1,1,1,R
663558,Jovani Morán,2026-03-29,824538,BOS,0,8,7,1,0,2,L
684007,Shota Imanaga,2026-03-29,824700,CHC,1,22,20,6,1,7,L
664208,Phil Maton,2026-03-29,824700,CHC,0,5,2,0,0,1,R
640451,Hunter Harvey,2026-03-29,824700,CHC,0,4,4,1,0,0,R
571948,Hoby Milner,2026-03-29,824700,CHC,0,5,5,2,1,0,L
694037,Daniel Palencia,2026-03-29,824700,CHC,0,4,4,2,0,1,R
663623,Jake Irvin,2026-03-29,824700,WSH,1,20,19,3,2,7,R
676571,PJ Poulin,2026-03-29,824700,WSH,0,3,2,0,0,1,L
681402,Gus Varland,2026-03-29,824700,WSH,0,4,4,0,0,1,R
672335,Cionel Pérez,2026-03-29,824700,WSH,0,4,4,1,1,1,L
690925,Clayton Beeter,2026-03-29,824700,WSH,0,3,3,0,0,0,R
669358,Shane Baz,2026-03-29,824864,BAL,1,21,20,7,0,4,R
664991,Grant Wolfram,2026-03-29,824864,BAL,0,4,4,1,0,2,L
682274,Yaramil Hiraldo,2026-03-29,824864,BAL,0,5,2,1,1,1,R
670329,Rico Garcia,2026-03-29,824864,BAL,0,1,1,0,0,1,R
669330,Tyler Wells,2026-03-29,824864,BAL,0,6,4,2,0,2,R
666974,Yennier Cano,2026-03-29,824864,BAL,0,1,1,0,0,1,R
664854,Ryan Helsley,2026-03-29,824864,BAL,0,5,5,1,0,1,R
641927,Bailey Ober,2026-03-29,824864,MIN,1,17,16,4,1,1,R
690953,Mick Abel,2026-03-29,824864,MIN,0,20,16,8,0,4,R
607455,Anthony Banda,2026-03-29,824864,MIN,0,1,1,0,0,0,L
656550,Grant Holmes,2026-03-29,824944,ATL,1,22,20,5,1,4,R
800311,Didier Fuentes,2026-03-29,824944,ATL,0,15,13,2,0,4,R
607625,Seth Lugo,2026-03-29,824944,KC,1,24,24,5,0,3,R
621381,Matt Strahm,2026-03-29,824944,KC,0,2,2,0,0,0,L
670167,John Schreiber,2026-03-29,824944,KC,0,4,4,1,1,1,R
668674,Lucas Erceg,2026-03-29,824944,KC,0,3,3,1,0,1,R
664074,Cody Ponce,2026-03-30,822834,TOR,1,10,9,1,0,3,R
686973,Louis Varland,2026-03-30,822834,TOR,0,7,7,2,0,3,R
693686,Spencer Miles,2026-03-30,822834,TOR,0,8,7,3,1,2,R
663893,Brendon Little,2026-03-30,822834,TOR,0,7,6,4,0,1,L
643511,Tyler Rogers,2026-03-30,822834,TOR,0,3,3,0,0,1,R
623168,Tyler Heineman,2026-03-30,822834,TOR,0,14,13,7,1,0,R
608372,Tomoyuki Sugano,2026-03-30,822834,COL,1,18,16,2,1,4,R
677955,Jaden Hill,2026-03-30,822834,COL,0,1,1,0,0,0,R
801403,Chase Dollander,2026-03-30,822834,COL,0,19,17,5,3,5,R
681517,Kyle Leahy,2026-03-30,823080,STL,1,24,22,8,0,1,R
694335,Matt Svanson,2026-03-30,823080,STL,0,10,7,1,0,3,R
666277,George Soriano,2026-03-30,823080,STL,0,8,7,1,0,0,R
605280,Clay Holmes,2026-03-30,823080,NYM,1,23,20,4,1,5,R
668964,Tobias Myers,2026-03-30,823080,NYM,0,4,4,0,0,3,R
548384,Brooks Raley,2026-03-30,823080,NYM,0,4,4,1,0,0,L
642207,Devin Williams,2026-03-30,823080,NYM,0,3,3,0,0,1,R
622491,Luis Castillo,2026-03-30,823159,SEA,1,21,19,3,0,7,R
678606,José A. Ferrer,2026-03-30,823159,SEA,0,3,3,1,0,0,L
660825,Eduard Bazardo,2026-03-30,823159,SEA,0,2,1,0,0,0,R
642100,Gabe Speier,2026-03-30,823159,SEA,0,4,4,1,0,2,L
666374,Matt Brash,2026-03-30,823159,SEA,0,4,4,1,0,1,R
677960,Ryan Weathers,2026-03-30,823159,NYY,1,19,17,4,0,7,L
518585,Fernando Cruz,2026-03-30,823159,NYY,0,2,2,0,0,2,R
656234,Jake Bird,2026-03-30,823159,NYY,0,4,4,0,0,0,R
687396,Brent Headrick,2026-03-30,823159,NYY,0,4,4,2,0,2,L
666808,Camilo Doval,2026-03-30,823159,NYY,0,1,1,0,0,0,R
621112,Paul Blackburn,2026-03-30,823159,NYY,0,8,7,3,0,0,R
621111,Walker Buehler,2026-03-30,823320,SD,1,19,16,5,1,3,R
593974,Wandy Peralta,2026-03-30,823320,SD,0,3,3,0,0,0,L
688158,David Morgan,2026-03-30,823320,SD,0,8,7,1,0,2,R
676760,Ron Marinaccio,2026-03-30,823320,SD,0,6,6,0,0,2,R
694738,Landen Roupp,2026-03-30,823320,SF,1,21,19,2,0,7,R
657424,Matt Gage,2026-03-30,823320,SF,0,3,3,0,0,0,L
676775,Keaton Winn,2026-03-30,823320,SF,0,3,3,0,0,3,R
676254,Ryan Walker,2026-03-30,823320,SF,0,5,4,1,1,1,R
592836,Taijuan Walker,2026-03-30,823484,PHI,1,29,25,10,0,2,R
680742,Jonathan Bowlan,2026-03-30,823484,PHI,0,6,6,3,0,1,R
641835,Tim Mayza,2026-03-30,823484,PHI,0,6,6,0,0,2,L
621237,José Alvarado,2026-03-30,823484,PHI,0,6,4,3,0,1,L
664238,Dylan Moore,2026-03-30,823484,PHI,0,3,3,1,0,0,R
656492,Foster Griffin,2026-03-30,823484,WSH,1,21,20,5,1,5,L
695418,Brad Lord,2026-03-30,823484,WSH,0,13,11,1,0,3,R
669371,Cole Henry,2026-03-30,823484,WSH,0,5,4,1,0,1,R
690986,Kyle Harrison,2026-03-30,823809,MIL,1,20,19,4,1,8,L
676879,Aaron Ashby,2026-03-30,823809,MIL,0,7,7,2,1,3,L
672582,Angel Zerpa,2026-03-30,823809,MIL,0,3,3,0,0,2,L
656730,Trevor Megill,2026-03-30,823809,MIL,0,5,4,1,0,1,R
607259,Nick Martinez,2026-03-30,823809,TB,1,24,24,6,1,3,R
643377,Griffin Jax,2026-03-30,823809,TB,0,3,3,0,0,1,R
664076,Garrett Cleavinger,2026-03-30,823809,TB,0,5,3,0,0,2,L
693855,Ian Seymour,2026-03-30,823809,TB,0,3,2,0,0,1,L
687330,Kevin Kelly,2026-03-30,823809,TB,0,1,1,0,0,0,R
663978,Chris Paddack,2026-03-30,823890,MIA,1,21,19,8,2,6,R
669199,Lake Bachar,2026-03-30,823890,MIA,0,11,9,1,0,3,R
667463,John King,2026-03-30,823890,MIA,0,4,3,0,0,0,L
656848,Michael Petersen,2026-03-30,823890,MIA,0,3,3,0,0,1,R
663436,Davis Martin,2026-03-30,823890,CWS,1,21,18,5,1,6,R
656794,Sean Newcomb,2026-03-30,823890,CWS,0,12,11,3,0,5,L
663855,Jordan Hicks,2026-03-30,823890,CWS,0,5,4,0,0,1,R
808963,Roki Sasaki,2026-03-30,823972,LAD,1,18,15,4,0,4,R
656945,Tanner Scott,2026-03-30,823972,LAD,0,4,4,1,0,2,L
680736,Justin Wrobleski,2026-03-30,823972,LAD,0,17,16,4,0,2,L
800048,Parker Messick,2026-03-30,823972,CLE,1,20,20,5,0,5,L
542888,Shawn Armstrong,2026-03-30,823972,CLE,0,4,4,2,0,0,R
681870,Erik Sabrowski,2026-03-30,823972,CLE,0,4,4,0,0,1,L
671922,Cade Smith,2026-03-30,823972,CLE,0,5,5,2,0,0,R
663460,Kris Bubic,2026-03-30,824135,KC,1,22,19,2,1,4,L
663738,Daniel Lynch IV,2026-03-30,824135,KC,0,3,3,0,0,1,L
683232,Nick Mears,2026-03-30,824135,KC,0,3,3,1,0,1,R
670167,John Schreiber,2026-03-30,824135,KC,0,4,4,1,0,0,R
680573,Simeon Woods Richardson,2026-03-30,824135,MIN,1,20,19,5,1,2,R
681892,Kody Funderburk,2026-03-30,824135,MIN,0,7,6,2,1,3,L
623437,Justin Topa,2026-03-30,824135,MIN,0,2,2,0,0,1,R
573124,Taylor Rogers,2026-03-30,824135,MIN,0,3,3,0,0,1,L
621121,Lance McCullers Jr.,2026-03-30,824214,HOU,1,24,23,4,0,9,R
680802,Ryan Weiss,2026-03-30,824214,HOU,0,7,6,0,0,3,R
624133,Ranger Suarez,2026-03-30,824214,BOS,1,20,19,7,2,3,L
670912,Johan Oviedo,2026-03-30,824214,BOS,0,18,15,6,2,3,R
695505,Chase Burns,2026-03-30,824539,CIN,1,19,16,1,0,7,R
683742,Jose Franco,2026-03-30,824539,CIN,0,7,7,3,0,0,R
668933,Graham Ashcraft,2026-03-30,824539,CIN,0,4,4,0,0,3,R
683175,Connor Phillips,2026-03-30,824539,CIN,0,5,3,0,0,1,R
677952,Braxton Ashcraft,2026-03-30,824539,PIT,1,25,20,4,0,3,R
676755,Isaac Mattson,2026-03-30,824539,PIT,0,4,3,0,0,1,R
664875,Justin Lawrence,2026-03-30,824539,PIT,0,3,3,0,0,3,R
665795,Edward Cabrera,2026-03-30,824702,CHC,1,19,18,1,0,5,R
607067,Colin Rea,2026-03-30,824702,CHC,0,13,13,4,1,4,R
696270,Ryan Johnson,2026-03-30,824702,LAA,1,21,16,7,1,2,R
664192,Joey Lucchesi,2026-03-30,824702,LAA,0,7,6,1,0,2,L
641312,Shaun Anderson,2026-03-30,824702,LAA,0,11,9,1,0,1,R
605135,Chris Bassitt,2026-03-30,824863,BAL,1,25,19,6,0,3,R
608650,Dietrich Enns,2026-03-30,824863,BAL,0,7,6,1,0,4,L
670329,Rico Garcia,2026-03-30,824863,BAL,0,6,6,0,0,3,R
669330,Tyler Wells,2026-03-30,824863,BAL,0,6,6,3,0,1,R
683004,Jack Leiter,2026-03-30,824863,TEX,1,24,23,5,1,8,R
596001,Jakob Junis,2026-03-30,824863,TEX,0,3,3,0,0,0,R
656222,Jalen Beeks,2026-03-30,824863,TEX,0,5,5,2,0,1,L
641302,Tyler Alexander,2026-03-30,824863,TEX,0,3,3,0,0,2,L
693821,Bryce Elder,2026-03-30,824943,ATL,1,23,22,5,0,5,R
607481,Aaron Bummer,2026-03-30,824943,ATL,0,4,4,1,0,2,L
663158,Robert Suarez,2026-03-30,824943,ATL,0,4,4,1,0,0,R
628452,Raisel Iglesias,2026-03-30,824943,ATL,0,3,3,0,0,0,R
682052,Jacob Lopez,2026-03-30,824943,ATH,1,22,17,6,0,0,L
686993,Justin Sterner,2026-03-30,824943,ATH,0,3,3,0,0,2,R
665660,Elvis Alvarado,2026-03-30,824943,ATH,0,4,4,1,0,1,R
643410,Mark Leiter Jr.,2026-03-30,824943,ATH,0,3,3,1,0,0,R
547184,Michael Kelly,2026-03-30,824943,ATH,0,4,4,2,0,1,R
647336,Michael Soroka,2026-03-30,825108,AZ,1,20,19,4,0,10,R
656464,Kevin Ginkel,2026-03-30,825108,AZ,0,3,3,0,0,1,R
605452,Joe Ross,2026-03-30,825108,AZ,0,8,7,5,0,1,R
657044,Ryan Thompson,2026-03-30,825108,AZ,0,3,1,1,0,0,R
666661,Juan Morillo,2026-03-30,825108,AZ,0,1,1,0,0,0,R
664199,Taylor Clarke,2026-03-30,825108,AZ,0,3,3,0,0,1,R
623149,Paul Sewald,2026-03-30,825108,AZ,0,3,3,0,0,1,R
434378,Justin Verlander,2026-03-30,825108,DET,1,19,17,6,1,1,R
646241,Enmanuel De Jesus,2026-03-30,825108,DET,0,9,7,3,0,1,L
676428,Brant Hurter,2026-03-30,825108,DET,0,8,8,2,1,0,L
640448,Kyle Finnegan,2026-03-30,825108,DET,0,1,1,0,0,0,R
663947,Tyler Holton,2026-03-30,825108,DET,0,5,3,0,0,1,L
453286,Max Scherzer,2026-03-31,822836,TOR,1,22,21,4,1,4,R
689254,Mason Fluharty,2026-03-31,822836,TOR,0,3,3,1,0,1,L
680755,Braydon Fisher,2026-03-31,822836,TOR,0,4,4,1,0,0,R
656546,Jeff Hoffman,2026-03-31,822836,TOR,0,4,4,1,0,1,R
663372,Ryan Feltner,2026-03-31,822836,COL,1,11,10,1,0,4,R
675848,Juan Mejia,2026-03-31,822836,COL,0,8,7,4,0,0,R
677955,Jaden Hill,2026-03-31,822836,COL,0,4,3,1,0,2,R
657514,Brennan Bernardino,2026-03-31,822836,COL,0,4,4,1,0,1,L
688642,Zach Agnos,2026-03-31,822836,COL,0,13,12,7,0,3,R
669467,Andre Pallante,2026-03-31,823077,STL,1,21,18,3,0,3,R
700669,Gordon Graceffo,2026-03-31,823077,STL,0,2,2,0,0,0,R
592773,Ryne Stanek,2026-03-31,823077,STL,0,4,3,0,0,1,R
668941,JoJo Romero,2026-03-31,823077,STL,0,3,3,0,0,1,L
676617,Riley O'Brien,2026-03-31,823077,STL,0,3,3,0,0,0,R
673540,Kodai Senga,2026-03-31,823077,NYM,1,25,22,4,0,9,R
663992,Richard Lovelady,2026-03-31,823077,NYM,0,9,8,2,1,2,L
669302,Logan Gilbert,2026-03-31,823158,SEA,1,23,20,7,0,6,R
677961,Cole Wilcox,2026-03-31,823158,SEA,0,8,8,2,0,3,R
668984,Casey Legumina,2026-03-31,823158,SEA,0,5,5,0,0,1,R
608331,Max Fried,2026-03-31,823158,NYY,1,25,23,3,0,6,L
687396,Brent Headrick,2026-03-31,823158,NYY,0,4,4,1,0,1,L
657612,Tim Hill,2026-03-31,823158,NYY,0,3,3,0,0,0,L
608566,Germán Márquez,2026-03-31,823322,SD,1,18,17,8,2,1,R
606996,Kyle Hart,2026-03-31,823322,SD,0,11,10,4,0,2,L
699134,Bradgley Rodriguez,2026-03-31,823322,SD,0,6,5,1,0,1,R
669093,Jeremiah Estrada,2026-03-31,823322,SD,0,4,4,1,0,2,R
688158,David Morgan,2026-03-31,823322,SD,0,4,4,2,0,1,R
657277,Logan Webb,2026-03-31,823322,SF,1,25,21,3,0,5,R
664141,JT Brubaker,2026-03-31,823322,SF,0,7,7,2,0,1,R
676130,José Buttó,2026-03-31,823322,SF,0,4,4,1,0,2,R
691725,Andrew Painter,2026-03-31,823485,PHI,1,21,20,4,0,8,R
621383,Tanner Banks,2026-03-31,823485,PHI,0,8,8,3,0,2,L
641745,Brad Keller,2026-03-31,823485,PHI,0,4,3,0,0,0,R
661395,Jhoan Duran,2026-03-31,823485,PHI,0,4,4,1,0,2,R
676571,PJ Poulin,2026-03-31,823485,WSH,1,3,3,0,0,1,L
641793,Zack Littell,2026-03-31,823485,WSH,0,23,21,6,2,1,R
686610,Ken Waldichuk,2026-03-31,823485,WSH,0,6,6,1,0,0,L
605540,Brandon Woodruff,2026-03-31,823807,MIL,1,19,19,4,2,6,R
657649,Jared Koenig,2026-03-31,823807,MIL,0,4,4,1,0,1,L
681982,Grant Anderson,2026-03-31,823807,MIL,0,4,4,1,0,1,R
682842,Abner Uribe,2026-03-31,823807,MIL,0,5,4,1,0,0,R
672582,Angel Zerpa,2026-03-31,823807,MIL,0,4,3,0,0,0,L
663556,Shane McClanahan,2026-03-31,823807,TB,1,19,16,2,0,4,L
642121,Cole Sulser,2026-03-31,823807,TB,0,8,8,4,1,0,R
672782,Yoendrys Gómez,2026-03-31,823807,TB,0,9,7,1,1,2,R
676083,Janson Junk,2026-03-31,823888,MIA,1,19,18,5,0,5,R
677053,Andrew Nardi,2026-03-31,823888,MIA,0,3,3,0,0,2,L
669622,Anthony Bender,2026-03-31,823888,MIA,0,6,5,0,0,1,R
676534,Calvin Faucher,2026-03-31,823888,MIA,0,3,3,0,0,2,R
664126,Pete Fairbanks,2026-03-31,823888,MIA,0,3,3,0,0,3,R
607200,Erick Fedde,2026-03-31,823888,CWS,1,21,20,6,0,4,R
663542,Bryan Hudson,2026-03-31,823888,CWS,0,8,5,1,0,1,L
699151,Jedixson Paez,2026-03-31,823888,CWS,0,7,5,2,1,0,R
660271,Shohei Ohtani,2026-03-31,823969,LAD,1,23,19,1,0,6,R
681911,Alex Vesia,2026-03-31,823969,LAD,0,3,3,0,0,1,L
676263,Jack Dreyer,2026-03-31,823969,LAD,0,4,3,0,0,1,L
621242,Edwin Díaz,2026-03-31,823969,LAD,0,6,4,1,0,2,R
676440,Tanner Bibee,2026-03-31,823969,CLE,1,18,16,4,0,4,R
663465,Kolby Allard,2026-03-31,823969,CLE,0,11,10,2,1,5,L
670036,Matt Festa,2026-03-31,823969,CLE,0,8,8,4,0,2,R
686613,Hunter Brown,2026-03-31,824212,HOU,1,21,19,1,0,8,R
675989,Cody Bolton,2026-03-31,824212,HOU,0,13,12,3,1,5,R
678394,Brayan Bello,2026-03-31,824212,BOS,1,25,22,8,1,2,R
670245,Ryan Watson,2026-03-31,824212,BOS,0,8,6,2,0,2,R
663558,Jovani Morán,2026-03-31,824212,BOS,0,7,7,1,1,2,L
682227,Brandon Williamson,2026-03-31,824537,CIN,1,22,19,6,3,3,L
656271,Brock Burke,2026-03-31,824537,CIN,0,7,6,0,0,2,L
594580,Sam Moll,2026-03-31,824537,CIN,0,3,3,0,0,1,L
572955,Pierce Johnson,2026-03-31,824537,CIN,0,5,5,2,1,1,R
696149,Bubba Chandler,2026-03-31,824537,PIT,1,19,13,0,0,6,R
670990,Yohan Ramírez,2026-03-31,824537,PIT,0,2,2,0,0,2,R
682995,Hunter Barco,2026-03-31,824537,PIT,0,11,10,4,2,3,L
642701,Dennis Santana,2026-03-31,824537,PIT,0,3,3,1,0,0,R
642397,Gregory Soto,2026-03-31,824537,PIT,0,6,4,1,0,1,L
592791,Jameson Taillon,2026-03-31,824699,CHC,1,20,16,2,0,3,R
571948,Hoby Milner,2026-03-31,824699,CHC,0,1,1,0,0,0,L
664208,Phil Maton,2026-03-31,824699,CHC,0,6,4,2,0,1,R
676962,Ben Brown,2026-03-31,824699,CHC,0,12,11,1,0,5,R
667755,José Soriano,2026-03-31,824699,LAA,1,21,18,2,0,4,R
681217,Chase Silseth,2026-03-31,824699,LAA,0,5,4,1,0,1,R
519141,Drew Pomeranz,2026-03-31,824699,LAA,0,5,5,1,0,2,L
605447,Jordan Romano,2026-03-31,824699,LAA,0,3,2,0,0,1,R
621107,Zach Eflin,2026-03-31,824861,BAL,1,17,15,4,1,7,R
664991,Grant Wolfram,2026-03-31,824861,BAL,0,7,7,3,0,2,L
666974,Yennier Cano,2026-03-31,824861,BAL,0,5,5,2,0,0,R
682274,Yaramil Hiraldo,2026-03-31,824861,BAL,0,6,5,2,1,0,R
689296,Anthony Nunez,2026-03-31,824861,BAL,0,8,8,2,1,2,R
594798,Jacob deGrom,2026-03-31,824861,TEX,1,20,20,6,1,7,R
668390,Cole Winn,2026-03-31,824861,TEX,0,5,4,0,0,1,R
596001,Jakob Junis,2026-03-31,824861,TEX,0,4,4,1,0,1,R
676395,Robert Garcia,2026-03-31,824861,TEX,0,3,3,0,0,1,L
455119,Chris Martin,2026-03-31,824861,TEX,0,6,5,2,0,1,R
660761,José Suarez,2026-03-31,824942,ATL,1,18,15,5,0,6,L
606303,Joel Payamps,2026-03-31,824942,ATL,0,4,4,1,1,2,R
527048,Martín Pérez,2026-03-31,824942,ATL,0,14,14,2,0,3,L
650644,Aaron Civale,2026-03-31,824942,ATH,1,20,18,4,1,3,R
663687,Hogan Harris,2026-03-31,824942,ATH,0,5,3,0,0,0,L
686993,Justin Sterner,2026-03-31,824942,ATH,0,5,4,0,0,2,R
605130,Scott Barlow,2026-03-31,824942,ATH,0,3,3,0,0,0,R
643410,Mark Leiter Jr.,2026-03-31,824942,ATH,0,5,5,2,0,1,R
694297,Brandon Pfaadt,2026-03-31,825107,AZ,1,24,23,6,0,3,R
694851,Andrew Hoffmann,2026-03-31,825107,AZ,0,7,6,0,0,3,R
623149,Paul Sewald,2026-03-31,825107,AZ,0,3,3,0,0,3,R
663554,Casey Mize,2026-03-31,825107,DET,1,22,20,4,1,9,R
623454,Drew Anderson,2026-03-31,825107,DET,0,5,5,2,0,2,R
676684,Will Vest,2026-03-31,825107,DET,0,5,3,1,0,0,R
445276,Kenley Jansen,2026-03-31,825107,DET,0,2,2,1,1,1,R
592332,Kevin Gausman,2026-04-01,822835,TOR,1,21,21,2,0,10,R
643511,Tyler Rogers,2026-04-01,822835,TOR,0,5,5,2,0,0,R
667297,Tommy Nance,2026-04-01,822835,TOR,0,4,2,1,0,1,R
689254,Mason Fluharty,2026-04-01,822835,TOR,0,2,2,0,0,2,L
656546,Jeff Hoffman,2026-04-01,822835,TOR,0,3,3,0,0,3,R
663893,Brendon Little,2026-04-01,822835,TOR,0,5,3,1,0,1,L
607536,Kyle Freeland,2026-04-01,822835,COL,1,22,19,5,0,6,L
622608,Antonio Senzatela,2026-04-01,822835,COL,0,7,7,1,0,3,R
680767,Victor Vodnik,2026-04-01,822835,COL,0,4,4,1,0,0,R
657514,Brennan Bernardino,2026-04-01,822835,COL,0,3,3,0,0,0,L
623474,Jimmy Herget,2026-04-01,822835,COL,0,3,3,0,0,0,R
669461,Matthew Liberatore,2026-04-01,823078,STL,1,22,21,3,1,2,L
592773,Ryne Stanek,2026-04-01,823078,STL,0,4,3,1,0,1,R
668941,JoJo Romero,2026-04-01,823078,STL,0,4,4,0,0,1,L
676617,Riley O'Brien,2026-04-01,823078,STL,0,4,4,1,0,2,R
677865,Justin Bruihl,2026-04-01,823078,STL,0,4,3,0,0,0,L
688297,Chris Roycroft,2026-04-01,823078,STL,0,3,1,0,0,0,R
700669,Gordon Graceffo,2026-04-01,823078,STL,0,2,2,0,0,0,R
642547,Freddy Peralta,2026-04-01,823078,NYM,1,21,19,3,0,7,R
623211,Huascar Brazobán,2026-04-01,823078,NYM,0,3,3,1,0,1,R
548384,Brooks Raley,2026-04-01,823078,NYM,0,3,3,0,0,2,L
596133,Luke Weaver,2026-04-01,823078,NYM,0,3,3,0,0,1,R
642207,Devin Williams,2026-04-01,823078,NYM,0,4,3,0,0,1,R
668964,Tobias Myers,2026-04-01,823078,NYM,0,6,5,1,0,1,R
669923,George Kirby,2026-04-01,823157,SEA,1,24,21,5,1,6,R
678606,José A. Ferrer,2026-04-01,823157,SEA,0,3,3,0,0,2,L
681867,Cooper Criswell,2026-04-01,823157,SEA,0,7,7,1,1,1,R
693645,Cam Schlittler,2026-04-01,823157,NYY,1,21,21,2,0,7,R
518585,Fernando Cruz,2026-04-01,823157,NYY,0,2,2,0,0,1,R
666808,Camilo Doval,2026-04-01,823157,NYY,0,5,4,2,0,1,R
670280,David Bednar,2026-04-01,823157,NYY,0,7,7,3,0,1,R
601713,Nick Pivetta,2026-04-01,823321,SD,1,18,16,1,0,8,R
669093,Jeremiah Estrada,2026-04-01,823321,SD,0,3,3,0,0,2,R
670970,Adrian Morejon,2026-04-01,823321,SD,0,8,7,2,0,1,L
695243,Mason Miller,2026-04-01,823321,SD,0,5,5,1,0,3,R
605288,Adrian Houser,2026-04-01,823321,SF,1,25,24,6,0,4,R
668873,Caleb Kilian,2026-04-01,823321,SF,0,5,5,0,0,2,R
676130,José Buttó,2026-04-01,823321,SF,0,8,4,3,1,1,R
621366,Ryan Borucki,2026-04-01,823321,SF,0,1,1,0,0,0,L
650911,Cristopher Sánchez,2026-04-01,823483,PHI,1,24,20,4,0,7,L
680742,Jonathan Bowlan,2026-04-01,823483,PHI,0,4,4,2,0,1,R
641745,Brad Keller,2026-04-01,823483,PHI,0,6,6,3,1,1,R
647315,Zach Pop,2026-04-01,823483,PHI,0,3,3,0,0,1,R
621237,José Alvarado,2026-04-01,823483,PHI,0,3,3,1,0,0,L
661395,Jhoan Duran,2026-04-01,823483,PHI,0,2,2,0,0,1,R
676917,Cade Cavalli,2026-04-01,823483,WSH,1,25,21,5,0,3,R
701552,Andre Granillo,2026-04-01,823483,WSH,0,3,3,1,1,1,R
672335,Cionel Pérez,2026-04-01,823483,WSH,0,5,5,2,1,0,L
690925,Clayton Beeter,2026-04-01,823483,WSH,0,4,4,1,0,0,R
676571,PJ Poulin,2026-04-01,823483,WSH,0,3,1,0,0,0,L
669371,Cole Henry,2026-04-01,823483,WSH,0,5,4,3,0,0,R
694819,Jacob Misiorowski,2026-04-01,823806,MIL,1,25,22,4,1,7,R
681982,Grant Anderson,2026-04-01,823806,MIL,0,3,3,0,0,1,R
676879,Aaron Ashby,2026-04-01,823806,MIL,0,3,2,0,0,0,L
669084,DL Hall,2026-04-01,823806,MIL,0,5,4,1,0,3,L
656876,Drew Rasmussen,2026-04-01,823806,TB,1,20,19,3,1,8,R
693855,Ian Seymour,2026-04-01,823806,TB,0,6,6,1,0,2,L
643377,Griffin Jax,2026-04-01,823806,TB,0,5,3,3,0,0,R
669438,Mason Englert,2026-04-01,823806,TB,0,5,5,2,0,0,R
645261,Sandy Alcantara,2026-04-01,823889,MIA,1,31,30,3,0,7,R
681343,Shane Smith,2026-04-01,823889,CWS,1,19,17,8,1,1,R
608371,Lucas Sims,2026-04-01,823889,CWS,0,9,7,1,0,1,R
669684,Chris Murphy,2026-04-01,823889,CWS,0,10,9,3,0,3,L
673929,Jordan Leasure,2026-04-01,823889,CWS,0,4,4,1,1,1,R
808967,Yoshinobu Yamamoto,2026-04-01,823970,LAD,1,22,20,4,1,2,R
694361,Will Klein,2026-04-01,823970,LAD,0,7,5,1,0,1,R
656945,Tanner Scott,2026-04-01,823970,LAD,0,2,2,1,1,1,L
595014,Blake Treinen,2026-04-01,823970,LAD,0,3,3,0,0,1,R
668909,Gavin Williams,2026-04-01,823970,CLE,1,23,20,2,0,10,R
542888,Shawn Armstrong,2026-04-01,823970,CLE,0,4,4,2,0,1,R
681870,Erik Sabrowski,2026-04-01,823970,CLE,0,1,1,0,0,1,L
671922,Cade Smith,2026-04-01,823970,CLE,0,4,4,1,1,0,R
702070,Noah Cameron,2026-04-01,824136,KC,1,20,19,4,0,5,L
683232,Nick Mears,2026-04-01,824136,KC,0,3,3,0,0,2,R
663738,Daniel Lynch IV,2026-04-01,824136,KC,0,8,5,1,0,2,L
656638,Alex Lange,2026-04-01,824136,KC,0,6,2,1,0,1,R
674444,Steven Cruz,2026-04-01,824136,KC,0,2,2,0,0,1,R
663559,Bailey Falter,2026-04-01,824136,KC,0,6,4,3,1,0,L
668674,Lucas Erceg,2026-04-01,824136,KC,0,2,2,0,0,0,R
657746,Joe Ryan,2026-04-01,824136,MIN,1,20,18,9,0,3,R
689520,Cody Laweryson,2026-04-01,824136,MIN,0,9,5,2,0,2,R
687849,Zak Kent,2026-04-01,824136,MIN,0,11,8,3,2,2,R
607455,Anthony Banda,2026-04-01,824136,MIN,0,4,4,1,0,1,L
681347,Mike Burrows,2026-04-01,824211,HOU,1,24,20,5,0,6,R
805123,AJ Blubaugh,2026-04-01,824211,HOU,0,3,3,0,0,1,R
687911,Bryan King,2026-04-01,824211,HOU,0,3,3,0,0,2,L
678906,Kai-Wei Teng,2026-04-01,824211,HOU,0,4,4,1,1,1,R
650556,Bryan Abreu,2026-04-01,824211,HOU,0,4,4,1,1,3,R
676979,Garrett Crochet,2026-04-01,824211,BOS,1,23,21,6,1,7,L
669711,Greg Weissert,2026-04-01,824211,BOS,0,3,3,0,0,1,R
543056,Danny Coulombe,2026-04-01,824211,BOS,0,4,4,1,1,0,L
676477,Garrett Whitlock,2026-04-01,824211,BOS,0,6,4,1,0,1,R
671096,Andrew Abbott,2026-04-01,824536,CIN,1,24,21,5,1,5,L
683175,Connor Phillips,2026-04-01,824536,CIN,0,3,1,0,0,0,R
668933,Graham Ashcraft,2026-04-01,824536,CIN,0,4,4,1,0,2,R
663574,Tony Santillan,2026-04-01,824536,CIN,0,3,3,0,0,1,R
641941,Emilio Pagán,2026-04-01,824536,CIN,0,7,6,3,1,2,R
694973,Paul Skenes,2026-04-01,824536,PIT,1,20,18,3,0,5,R
682254,Mason Montgomery,2026-04-01,824536,PIT,0,4,3,1,1,1,L
676755,Isaac Mattson,2026-04-01,824536,PIT,0,5,5,1,0,0,R
664875,Justin Lawrence,2026-04-01,824536,PIT,0,3,3,0,0,1,R
642397,Gregory Soto,2026-04-01,824536,PIT,0,3,3,0,0,2,L
571510,Matthew Boyd,2026-04-01,824698,CHC,1,20,18,2,0,10,L
640451,Hunter Harvey,2026-04-01,824698,CHC,0,6,6,1,0,3,R
573204,Caleb Thielbar,2026-04-01,824698,CHC,0,3,3,0,0,2,L
694037,Daniel Palencia,2026-04-01,824698,CHC,0,4,4,1,0,1,R
579328,Yusei Kikuchi,2026-04-01,824698,LAA,1,26,21,6,0,5,L
666171,Ryan Zeferjahn,2026-04-01,824698,LAA,0,5,4,1,0,1,R
608718,Brent Suter,2026-04-01,824698,LAA,0,9,9,3,0,4,L
669432,Trevor Rogers,2026-04-01,824860,BAL,1,24,23,6,0,3,L
544150,Albert Suárez,2026-04-01,824860,BAL,0,12,11,2,1,2,R
543135,Nathan Eovaldi,2026-04-01,824860,TEX,1,23,19,8,1,5,R
641302,Tyler Alexander,2026-04-01,824860,TEX,0,7,3,2,0,0,L
691945,Carter Baumler,2026-04-01,824860,TEX,0,9,8,2,1,2,R
656641,Jacob Latz,2026-04-01,824860,TEX,0,3,3,0,0,0,L
519242,Chris Sale,2026-04-01,824940,ATL,1,19,19,1,1,3,L
663158,Robert Suarez,2026-04-01,824940,ATL,0,3,3,1,0,1,R
669276,Dylan Lee,2026-04-01,824940,ATL,0,4,4,1,0,1,L
628452,Raisel Iglesias,2026-04-01,824940,ATL,0,4,4,1,0,1,R
622663,Luis Severino,2026-04-01,824940,ATH,1,18,13,4,0,7,R
665660,Elvis Alvarado,2026-04-01,824940,ATH,0,4,4,2,0,0,R
663687,Hogan Harris,2026-04-01,824940,ATH,0,6,6,0,0,2,L
665622,Luis Medina,2026-04-01,824940,ATH,0,7,7,1,0,1,R
668678,Zac Gallen,2026-04-01,825106,AZ,1,21,21,4,0,2,R
664199,Taylor Clarke,2026-04-01,825106,AZ,0,4,4,1,0,2,R
666661,Juan Morillo,2026-04-01,825106,AZ,0,3,3,0,0,1,R
642528,Jonathan Loáisiga,2026-04-01,825106,AZ,0,4,4,2,0,0,R
669373,Tarik Skubal,2026-04-01,825106,DET,1,25,25,6,1,3,L
640448,Kyle Finnegan,2026-04-01,825106,DET,0,5,3,0,0,0,R
592662,Robbie Ray,2026-04-02,823242,SF,1,22,19,3,1,7,L
676254,Ryan Walker,2026-04-02,823242,SF,0,2,2,0,0,1,R
694918,Blade Tidwell,2026-04-02,823242,SF,0,9,9,2,0,2,R
656849,David Peterson,2026-04-02,823242,NYM,1,24,20,9,0,5,L
640455,Sean Manaea,2026-04-02,823242,NYM,0,17,15,4,1,2,L
666142,Cole Ragans,2026-04-02,824133,KC,1,20,19,4,0,8,L
621381,Matt Strahm,2026-04-02,824133,KC,0,4,3,0,0,2,L
670167,John Schreiber,2026-04-02,824133,KC,0,6,3,1,0,1,R
674444,Steven Cruz,2026-04-02,824133,KC,0,6,6,3,3,1,R
671737,Taj Bradley,2026-04-02,824133,MIN,1,24,23,5,0,3,R
681892,Kody Funderburk,2026-04-02,824133,MIN,0,3,3,0,0,1,L
663485,Cole Sands,2026-04-02,824133,MIN,0,4,3,2,0,0,R
573124,Taylor Rogers,2026-04-02,824133,MIN,0,1,1,0,0,1,L
623437,Justin Topa,2026-04-02,824133,MIN,0,4,3,0,0,1,R
669194,Ryne Nelson,2026-04-02,825105,AZ,1,21,18,3,2,3,R
656464,Kevin Ginkel,2026-04-02,825105,AZ,0,5,4,3,0,0,R
605452,Joe Ross,2026-04-02,825105,AZ,0,11,8,2,1,1,R
694851,Andrew Hoffmann,2026-04-02,825105,AZ,0,5,4,1,0,2,R
543510,James McCann,2026-04-02,825105,AZ,0,10,9,7,1,0,R
625643,Reynaldo López,2026-04-02,825105,ATL,1,20,19,4,1,3,R
641755,Tyler Kinley,2026-04-02,825105,ATL,0,3,3,0,0,1,R
674370,Osvaldo Bido,2026-04-02,825105,ATL,0,12,10,2,0,1,R
571945,Miles Mikolas,2026-04-03,822758,WSH,1,25,24,11,4,4,R
681402,Gus Varland,2026-04-03,822758,WSH,0,5,4,2,0,1,R
686610,Ken Waldichuk,2026-04-03,822758,WSH,0,9,7,1,1,3,L
701552,Andre Granillo,2026-04-03,822758,WSH,0,9,6,2,0,0,R
686218,Emmet Sheehan,2026-04-03,822758,LAD,1,27,24,7,1,2,R
676263,Jack Dreyer,2026-04-03,822758,LAD,0,1,1,0,0,1,L
595014,Blake Treinen,2026-04-03,822758,LAD,0,4,3,1,0,0,R
683618,Edgardo Henriquez,2026-04-03,822758,LAD,0,7,6,3,0,1,R
676508,Ben Casparius,2026-04-03,822758,LAD,0,3,3,0,0,1,R
669022,MacKenzie Gore,2026-04-03,822919,TEX,1,24,24,6,2,9,L
668390,Cole Winn,2026-04-03,822919,TEX,0,5,5,2,0,1,R
596001,Jakob Junis,2026-04-03,822919,TEX,0,3,3,0,0,1,R
455119,Chris Martin,2026-04-03,822919,TEX,0,5,5,2,1,0,R
663903,Brady Singer,2026-04-03,822919,CIN,1,22,21,6,0,5,R
594580,Sam Moll,2026-04-03,822919,CIN,0,4,3,0,0,1,L
668933,Graham Ashcraft,2026-04-03,822919,CIN,0,5,5,2,0,2,R
663574,Tony Santillan,2026-04-03,822919,CIN,0,3,3,0,0,0,R
641941,Emilio Pagán,2026-04-03,822919,CIN,0,3,3,0,0,1,R
641816,Tyler Mahle,2026-04-03,823240,SF,1,23,21,8,2,4,R
664141,JT Brubaker,2026-04-03,823240,SF,0,8,6,3,1,2,R
657424,Matt Gage,2026-04-03,823240,SF,0,8,7,2,0,2,L
669062,Erik Miller,2026-04-03,823240,SF,0,5,4,2,0,1,L
668873,Caleb Kilian,2026-04-03,823240,SF,0,1,1,0,0,1,R
690997,Nolan McLean,2026-04-03,823240,NYM,1,19,17,1,0,4,R
548384,Brooks Raley,2026-04-03,823240,NYM,0,2,2,0,0,1,L
623211,Huascar Brazobán,2026-04-03,823240,NYM,0,4,4,1,0,1,R
663992,Richard Lovelady,2026-04-03,823240,NYM,0,6,5,2,0,1,L
472610,Luis García,2026-04-03,823240,NYM,0,4,4,1,0,1,R
656605,Mitch Keller,2026-04-03,823406,PIT,1,26,22,6,0,4,R
670990,Yohan Ramírez,2026-04-03,823406,PIT,0,4,3,2,0,0,R
682254,Mason Montgomery,2026-04-03,823406,PIT,0,2,2,0,0,1,L
642701,Dennis Santana,2026-04-03,823406,PIT,0,3,3,0,0,1,R
642397,Gregory Soto,2026-04-03,823406,PIT,0,4,4,1,1,3,L
680694,Kyle Bradish,2026-04-03,823406,BAL,1,19,16,6,0,6,R
608650,Dietrich Enns,2026-04-03,823406,BAL,0,6,2,0,0,2,L
669330,Tyler Wells,2026-04-03,823406,BAL,0,6,6,0,0,2,R
670329,Rico Garcia,2026-04-03,823406,BAL,0,3,3,0,0,0,R
701542,Will Warren,2026-04-03,823568,NYY,1,21,21,4,2,6,R
657612,Tim Hill,2026-04-03,823568,NYY,0,1,1,0,0,0,L
656234,Jake Bird,2026-04-03,823568,NYY,0,3,3,0,0,2,R
687396,Brent Headrick,2026-04-03,823568,NYY,0,3,3,0,0,2,L
642232,Ryan Yarbrough,2026-04-03,823568,NYY,0,3,2,0,0,0,L
691587,Eury Pérez,2026-04-03,823568,MIA,1,20,13,2,1,4,R
663969,Tyler Phillips,2026-04-03,823568,MIA,0,10,8,1,0,3,R
656848,Michael Petersen,2026-04-03,823568,MIA,0,5,4,1,1,1,R
669199,Lake Bachar,2026-04-03,823568,MIA,0,6,4,2,0,2,R
641927,Bailey Ober,2026-04-03,823732,MIN,1,18,16,4,0,4,R
679358,Eric Orze,2026-04-03,823732,MIN,0,8,7,1,0,0,R
623437,Justin Topa,2026-04-03,823732,MIN,0,4,4,2,0,2,R
681892,Kody Funderburk,2026-04-03,823732,MIN,0,1,1,0,0,0,L
607455,Anthony Banda,2026-04-03,823732,MIN,0,5,4,1,0,0,L
689520,Cody Laweryson,2026-04-03,823732,MIN,0,3,3,0,0,1,R
671212,Joe Boyle,2026-04-03,823732,TB,1,25,20,4,0,9,R
685801,Hunter Bigge,2026-04-03,823732,TB,0,3,2,0,0,1,R
687330,Kevin Kelly,2026-04-03,823732,TB,0,7,4,2,0,1,R
672782,Yoendrys Gómez,2026-04-03,823732,TB,0,6,6,1,1,1,R
672282,Reid Detmers,2026-04-03,824056,LAA,1,26,22,3,0,4,L
681217,Chase Silseth,2026-04-03,824056,LAA,0,1,1,0,0,1,R
519141,Drew Pomeranz,2026-04-03,824056,LAA,0,5,4,1,0,0,L
605447,Jordan Romano,2026-04-03,824056,LAA,0,3,3,0,0,2,R
608718,Brent Suter,2026-04-03,824056,LAA,0,7,6,3,0,0,L
693433,Bryan Woo,2026-04-03,824056,SEA,1,23,21,1,0,6,R
666374,Matt Brash,2026-04-03,824056,SEA,0,3,3,0,0,2,R
662253,Andrés Muñoz,2026-04-03,824056,SEA,0,3,3,0,0,3,R
642100,Gabe Speier,2026-04-03,824056,SEA,0,3,2,0,0,1,L
664285,Framber Valdez,2026-04-03,824299,DET,1,24,22,3,0,5,L
676684,Will Vest,2026-04-03,824299,DET,0,4,4,1,0,2,R
640448,Kyle Finnegan,2026-04-03,824299,DET,0,5,4,1,0,1,R
663947,Tyler Holton,2026-04-03,824299,DET,0,3,3,0,0,1,L
700241,Michael McGreevy,2026-04-03,824299,STL,1,20,20,7,1,4,R
677865,Justin Bruihl,2026-04-03,824299,STL,0,4,4,2,0,0,L
666277,George Soriano,2026-04-03,824299,STL,0,4,3,1,0,0,R
700669,Gordon Graceffo,2026-04-03,824299,STL,0,4,2,0,0,0,R
688297,Chris Roycroft,2026-04-03,824299,STL,0,3,3,0,0,1,R
547179,Michael Lorenzen,2026-04-03,824377,COL,1,23,21,12,2,2,R
678368,Valente Bellozo,2026-04-03,824377,COL,0,20,19,1,1,7,R
605400,Aaron Nola,2026-04-03,824377,PHI,1,25,24,5,0,9,R
679775,Kyle Backhus,2026-04-03,824377,PHI,0,2,2,0,0,1,L
641835,Tim Mayza,2026-04-03,824377,PHI,0,3,3,0,0,2,L
647315,Zach Pop,2026-04-03,824377,PHI,0,4,3,0,0,3,R
676282,Joey Cantillo,2026-04-03,824458,CLE,1,21,19,4,0,6,L
670036,Matt Festa,2026-04-03,824458,CLE,0,2,2,0,0,0,R
641401,Connor Brogdon,2026-04-03,824458,CLE,0,3,3,0,0,0,R
542888,Shawn Armstrong,2026-04-03,824458,CLE,0,3,3,0,0,1,R
671922,Cade Smith,2026-04-03,824458,CLE,0,4,4,1,0,3,R
690990,Cade Horton,2026-04-03,824458,CHC,1,4,3,0,0,0,R
607067,Colin Rea,2026-04-03,824458,CHC,0,14,12,4,0,4,R
571948,Hoby Milner,2026-04-03,824458,CHC,0,6,6,2,0,0,L
640451,Hunter Harvey,2026-04-03,824458,CHC,0,5,4,2,2,0,R
657097,Jacob Webb,2026-04-03,824458,CHC,0,5,4,1,0,1,R
691799,Grant Taylor,2026-04-03,824621,CWS,1,3,3,0,0,1,R
680732,Sean Burke,2026-04-03,824621,CWS,0,22,22,4,0,7,R
673929,Jordan Leasure,2026-04-03,824621,CWS,0,5,4,2,1,1,R
656794,Sean Newcomb,2026-04-03,824621,CWS,0,3,3,1,0,0,L
622554,Seranthony Domínguez,2026-04-03,824621,CWS,0,5,5,0,0,2,R
656302,Dylan Cease,2026-04-03,824621,TOR,1,22,19,5,0,6,R
680755,Braydon Fisher,2026-04-03,824621,TOR,0,6,6,2,0,3,R
663893,Brendon Little,2026-04-03,824621,TOR,0,3,3,0,0,1,L
686973,Louis Varland,2026-04-03,824621,TOR,0,3,3,1,0,1,R
643511,Tyler Rogers,2026-04-03,824621,TOR,0,5,3,1,0,0,R
656546,Jeff Hoffman,2026-04-03,824621,TOR,0,4,4,2,0,1,R
543243,Sonny Gray,2026-04-03,824786,BOS,1,22,22,4,0,3,R
669711,Greg Weissert,2026-04-03,824786,BOS,0,3,3,0,0,1,R
686580,Justin Slaten,2026-04-03,824786,BOS,0,3,3,0,0,1,R
547973,Aroldis Chapman,2026-04-03,824786,BOS,0,4,3,0,0,1,L
650633,Michael King,2026-04-03,824786,SD,1,24,22,7,1,5,R
593974,Wandy Peralta,2026-04-03,824786,SD,0,6,6,2,1,2,L
676760,Ron Marinaccio,2026-04-03,824786,SD,0,3,3,0,0,1,R
605488,Jeffrey Springs,2026-04-03,825026,ATH,1,21,19,2,0,7,L
547184,Michael Kelly,2026-04-03,825026,ATH,0,7,4,1,0,2,R
669372,J.T. Ginn,2026-04-03,825026,ATH,0,10,8,3,0,1,R
664299,Cristian Javier,2026-04-03,825026,HOU,1,21,16,6,0,2,R
682610,Roddery Muñoz,2026-04-03,825026,HOU,0,10,8,4,2,2,R
680802,Ryan Weiss,2026-04-03,825026,HOU,0,11,11,3,0,2,R
593958,Eduardo Rodriguez,2026-04-03,825103,AZ,1,26,25,4,0,3,L
666661,Juan Morillo,2026-04-03,825103,AZ,0,3,3,0,0,1,R
623149,Paul Sewald,2026-04-03,825103,AZ,0,4,4,2,2,1,R
657044,Ryan Thompson,2026-04-03,825103,AZ,0,1,1,0,0,0,R
656550,Grant Holmes,2026-04-03,825103,ATL,1,21,18,1,0,4,R
669276,Dylan Lee,2026-04-03,825103,ATL,0,4,4,1,0,1,L
663158,Robert Suarez,2026-04-03,825103,ATL,0,3,3,0,0,0,R
628452,Raisel Iglesias,2026-04-03,825103,ATL,0,3,3,0,0,0,R
663623,Jake Irvin,2026-04-04,822757,WSH,1,22,19,8,0,4,R
695418,Brad Lord,2026-04-04,822757,WSH,0,12,11,5,1,0,R
681402,Gus Varland,2026-04-04,822757,WSH,0,5,5,2,0,2,R
669371,Cole Henry,2026-04-04,822757,WSH,0,7,7,1,0,2,R
607192,Tyler Glasnow,2026-04-04,822757,LAD,1,24,22,4,0,9,R
656945,Tanner Scott,2026-04-04,822757,LAD,0,4,4,1,0,1,L
676508,Ben Casparius,2026-04-04,822757,LAD,0,5,5,2,1,1,R
683618,Edgardo Henriquez,2026-04-04,822757,LAD,0,4,3,1,0,0,R
677958,Kumar Rocker,2026-04-04,822920,TEX,1,23,22,6,0,3,R
656222,Jalen Beeks,2026-04-04,822920,TEX,0,4,4,1,0,0,L
656641,Jacob Latz,2026-04-04,822920,TEX,0,3,3,0,0,2,L
691945,Carter Baumler,2026-04-04,822920,TEX,0,3,3,0,0,1,R
641302,Tyler Alexander,2026-04-04,822920,TEX,0,4,4,1,0,1,L
695076,Rhett Lowder,2026-04-04,822920,CIN,1,23,21,3,0,4,R
668933,Graham Ashcraft,2026-04-04,822920,CIN,0,4,3,0,0,1,R
663574,Tony Santillan,2026-04-04,822920,CIN,0,3,3,0,0,1,R
641941,Emilio Pagán,2026-04-04,822920,CIN,0,5,3,1,0,1,R
694738,Landen Roupp,2026-04-04,823239,SF,1,23,22,7,0,7,R
621366,Ryan Borucki,2026-04-04,823239,SF,0,7,7,3,1,1,L
676775,Keaton Winn,2026-04-04,823239,SF,0,6,5,2,0,1,R
668873,Caleb Kilian,2026-04-04,823239,SF,0,3,3,0,0,1,R
683766,Christian Koss,2026-04-04,823239,SF,0,3,3,0,0,0,R
605280,Clay Holmes,2026-04-04,823239,NYM,1,26,24,3,0,4,R
668964,Tobias Myers,2026-04-04,823239,NYM,0,6,6,0,0,1,R
669387,Carmen Mlodzinski,2026-04-04,823404,PIT,1,21,18,5,0,5,R
682995,Hunter Barco,2026-04-04,823404,PIT,0,10,7,0,0,1,L
676755,Isaac Mattson,2026-04-04,823404,PIT,0,4,3,1,0,1,R
642701,Dennis Santana,2026-04-04,823404,PIT,0,3,3,0,0,1,R
669358,Shane Baz,2026-04-04,823404,BAL,1,25,20,4,0,5,R
670329,Rico Garcia,2026-04-04,823404,BAL,0,2,1,0,0,0,R
664991,Grant Wolfram,2026-04-04,823404,BAL,0,4,4,1,0,2,L
689296,Anthony Nunez,2026-04-04,823404,BAL,0,6,5,1,0,0,R
664854,Ryan Helsley,2026-04-04,823404,BAL,0,4,3,2,0,0,R
677960,Ryan Weathers,2026-04-04,823569,NYY,1,19,16,6,0,4,L
621112,Paul Blackburn,2026-04-04,823569,NYY,0,8,8,3,0,2,R
657612,Tim Hill,2026-04-04,823569,NYY,0,3,3,0,0,0,L
518585,Fernando Cruz,2026-04-04,823569,NYY,0,2,2,0,0,1,R
666808,Camilo Doval,2026-04-04,823569,NYY,0,4,4,3,0,1,R
687396,Brent Headrick,2026-04-04,823569,NYY,0,3,2,0,0,0,L
670280,David Bednar,2026-04-04,823569,NYY,0,7,6,3,0,2,R
676974,Max Meyer,2026-04-04,823569,MIA,1,21,18,3,1,6,R
677053,Andrew Nardi,2026-04-04,823569,MIA,0,4,1,0,0,1,L
669622,Anthony Bender,2026-04-04,823569,MIA,0,4,3,2,0,1,R
667463,John King,2026-04-04,823569,MIA,0,2,1,0,0,1,L
676534,Calvin Faucher,2026-04-04,823569,MIA,0,4,3,0,0,2,R
656848,Michael Petersen,2026-04-04,823569,MIA,0,7,4,1,0,0,R
690953,Mick Abel,2026-04-04,823730,MIN,1,22,17,6,0,3,R
573124,Taylor Rogers,2026-04-04,823730,MIN,0,5,5,3,0,0,L
607455,Anthony Banda,2026-04-04,823730,MIN,0,4,3,0,0,1,L
687849,Zak Kent,2026-04-04,823730,MIN,0,9,7,1,0,0,R
689520,Cody Laweryson,2026-04-04,823730,MIN,0,3,3,0,0,1,R
571927,Steven Matz,2026-04-04,823730,TB,1,22,20,2,0,8,L
642121,Cole Sulser,2026-04-04,823730,TB,0,9,7,1,0,3,R
669438,Mason Englert,2026-04-04,823730,TB,0,3,3,0,0,1,R
686799,Jack Kochanowicz,2026-04-04,824054,LAA,1,23,21,4,0,7,R
664192,Joey Lucchesi,2026-04-04,824054,LAA,0,3,1,0,0,0,L
681217,Chase Silseth,2026-04-04,824054,LAA,0,3,3,0,0,2,R
696147,Sam Bachman,2026-04-04,824054,LAA,0,3,3,1,0,0,R
519141,Drew Pomeranz,2026-04-04,824054,LAA,0,1,1,0,0,0,L
605447,Jordan Romano,2026-04-04,824054,LAA,0,3,3,0,0,1,R
676106,Emerson Hancock,2026-04-04,824054,SEA,1,24,24,6,1,5,R
660825,Eduard Bazardo,2026-04-04,824054,SEA,0,5,5,1,0,2,R
679883,Luinder Avila,2026-04-04,824132,KC,1,18,15,8,1,4,R
663738,Daniel Lynch IV,2026-04-04,824132,KC,0,7,7,1,0,3,L
656638,Alex Lange,2026-04-04,824132,KC,0,8,7,1,0,4,R
670167,John Schreiber,2026-04-04,824132,KC,0,4,2,0,0,0,R
674444,Steven Cruz,2026-04-04,824132,KC,0,3,3,0,0,1,R
694477,Chad Patrick,2026-04-04,824132,MIL,1,20,17,4,0,3,R
676879,Aaron Ashby,2026-04-04,824132,MIL,0,10,9,4,0,3,L
682842,Abner Uribe,2026-04-04,824132,MIL,0,4,4,0,0,1,R
656730,Trevor Megill,2026-04-04,824132,MIL,0,5,3,0,0,2,R
607625,Seth Lugo,2026-04-04,824134,KC,1,21,19,4,0,7,R
683232,Nick Mears,2026-04-04,824134,KC,0,3,3,0,0,0,R
669212,Eli Morgan,2026-04-04,824134,KC,0,12,11,1,0,5,R
701656,Logan Henderson,2026-04-04,824134,MIL,1,9,8,3,0,3,R
687075,Brandon Sproat,2026-04-04,824134,MIL,0,17,13,4,1,4,R
657649,Jared Koenig,2026-04-04,824134,MIL,0,6,4,2,0,0,L
669084,DL Hall,2026-04-04,824134,MIL,0,7,6,1,0,2,L
656427,Jack Flaherty,2026-04-04,824295,DET,1,22,14,3,0,6,R
623454,Drew Anderson,2026-04-04,824295,DET,0,5,4,1,1,1,R
676428,Brant Hurter,2026-04-04,824295,DET,0,3,2,0,0,0,L
676684,Will Vest,2026-04-04,824295,DET,0,4,4,1,0,1,R
663947,Tyler Holton,2026-04-04,824295,DET,0,4,3,1,0,0,L
445276,Kenley Jansen,2026-04-04,824295,DET,0,2,1,0,0,1,R
669160,Dustin May,2026-04-04,824295,STL,1,18,14,7,2,4,R
677865,Justin Bruihl,2026-04-04,824295,STL,0,5,3,0,0,1,L
694335,Matt Svanson,2026-04-04,824295,STL,0,10,9,3,1,1,R
688297,Chris Roycroft,2026-04-04,824295,STL,0,7,5,2,1,2,R
657514,Brennan Bernardino,2026-04-04,824378,COL,1,5,3,1,0,0,L
623474,Jimmy Herget,2026-04-04,824378,COL,0,4,4,0,0,2,R
801403,Chase Dollander,2026-04-04,824378,COL,0,18,17,4,0,6,R
677955,Jaden Hill,2026-04-04,824378,COL,0,3,2,0,0,1,R
675848,Juan Mejia,2026-04-04,824378,COL,0,4,4,1,0,1,R
680767,Victor Vodnik,2026-04-04,824378,COL,0,4,4,1,0,0,R
666200,Jesús Luzardo,2026-04-04,824378,PHI,1,24,24,5,0,11,L
621237,José Alvarado,2026-04-04,824378,PHI,0,2,1,0,0,1,L
641745,Brad Keller,2026-04-04,824378,PHI,0,4,4,1,0,0,R
661395,Jhoan Duran,2026-04-04,824378,PHI,0,3,3,0,0,1,R
691799,Grant Taylor,2026-04-04,824622,CWS,1,3,3,0,0,1,R
641743,Anthony Kay,2026-04-04,824622,CWS,0,19,17,3,1,0,L
669684,Chris Murphy,2026-04-04,824622,CWS,0,5,5,2,0,0,L
663855,Jordan Hicks,2026-04-04,824622,CWS,0,4,2,0,0,0,R
656794,Sean Newcomb,2026-04-04,824622,CWS,0,2,1,0,0,0,L
622554,Seranthony Domínguez,2026-04-04,824622,CWS,0,5,4,1,0,1,R
689254,Mason Fluharty,2026-04-04,824622,TOR,1,6,4,2,0,0,L
681751,Lazaro Estrada,2026-04-04,824622,TOR,0,14,12,0,0,3,R
663893,Brendon Little,2026-04-04,824622,TOR,0,4,4,3,2,1,L
667297,Tommy Nance,2026-04-04,824622,TOR,0,5,5,0,0,1,R
680755,Braydon Fisher,2026-04-04,824622,TOR,0,5,4,2,0,1,R
813349,Connelly Early,2026-04-04,824782,BOS,1,19,15,3,0,4,L
670245,Ryan Watson,2026-04-04,824782,BOS,0,6,5,1,0,1,R
543056,Danny Coulombe,2026-04-04,824782,BOS,0,2,2,0,0,1,L
686580,Justin Slaten,2026-04-04,824782,BOS,0,4,4,1,0,1,R
677161,Zack Kelly,2026-04-04,824782,BOS,0,3,3,0,0,1,R
547973,Aroldis Chapman,2026-04-04,824782,BOS,0,5,5,2,0,1,L
681190,Randy Vásquez,2026-04-04,824782,SD,1,23,21,6,0,3,R
669093,Jeremiah Estrada,2026-04-04,824782,SD,0,3,3,0,0,0,R
670970,Adrian Morejon,2026-04-04,824782,SD,0,5,5,2,0,2,L
695243,Mason Miller,2026-04-04,824782,SD,0,3,3,0,0,3,R
806960,Luis Morales,2026-04-04,825027,ATH,1,22,15,8,1,0,R
665660,Elvis Alvarado,2026-04-04,825027,ATH,0,9,7,3,0,0,R
663687,Hogan Harris,2026-04-04,825027,ATH,0,9,7,4,0,1,L
665622,Luis Medina,2026-04-04,825027,ATH,0,10,8,2,1,4,R
547184,Michael Kelly,2026-04-04,825027,ATH,0,5,4,1,0,0,R
837227,Tatsuya Imai,2026-04-04,825027,HOU,1,22,19,3,0,9,R
678906,Kai-Wei Teng,2026-04-04,825027,HOU,0,9,9,2,0,3,R
595345,Steven Okert,2026-04-04,825027,HOU,0,3,3,0,0,1,L
647336,Michael Soroka,2026-04-04,825104,AZ,1,22,18,4,0,3,R
664199,Taylor Clarke,2026-04-04,825104,AZ,0,3,3,0,0,1,R
642528,Jonathan Loáisiga,2026-04-04,825104,AZ,0,3,3,0,0,0,R
666661,Juan Morillo,2026-04-04,825104,AZ,0,3,3,0,0,1,R
623149,Paul Sewald,2026-04-04,825104,AZ,0,3,3,0,0,2,R
693821,Bryce Elder,2026-04-04,825104,ATL,1,24,23,4,0,8,R
641755,Tyler Kinley,2026-04-04,825104,ATL,0,3,3,0,0,1,R
656492,Foster Griffin,2026-04-05,822756,WSH,1,22,19,5,1,6,L
676571,PJ Poulin,2026-04-05,822756,WSH,0,8,8,2,1,2,L
672335,Cionel Pérez,2026-04-05,822756,WSH,0,5,3,3,0,0,L
690925,Clayton Beeter,2026-04-05,822756,WSH,0,6,5,1,1,2,R
701552,Andre Granillo,2026-04-05,822756,WSH,0,1,1,0,0,0,R
808963,Roki Sasaki,2026-04-05,822756,LAD,1,23,20,5,2,5,R
681911,Alex Vesia,2026-04-05,822756,LAD,0,5,4,1,0,0,L
676263,Jack Dreyer,2026-04-05,822756,LAD,0,4,3,0,0,1,L
656945,Tanner Scott,2026-04-05,822756,LAD,0,4,4,1,0,1,L
621242,Edwin Díaz,2026-04-05,822756,LAD,0,3,3,0,0,1,R
683004,Jack Leiter,2026-04-05,822917,TEX,1,20,19,4,0,9,R
656641,Jacob Latz,2026-04-05,822917,TEX,0,4,3,0,0,1,L
668390,Cole Winn,2026-04-05,822917,TEX,0,4,4,1,0,1,R
676395,Robert Garcia,2026-04-05,822917,TEX,0,4,2,1,0,0,L
455119,Chris Martin,2026-04-05,822917,TEX,0,6,6,3,0,1,R
656222,Jalen Beeks,2026-04-05,822917,TEX,0,1,1,0,0,0,L
695505,Chase Burns,2026-04-05,822917,CIN,1,24,23,5,1,9,R
572955,Pierce Johnson,2026-04-05,822917,CIN,0,3,2,0,0,1,R
594580,Sam Moll,2026-04-05,822917,CIN,0,1,1,0,0,1,L
683175,Connor Phillips,2026-04-05,822917,CIN,0,5,4,1,0,1,R
656271,Brock Burke,2026-04-05,822917,CIN,0,3,3,0,0,3,L
657277,Logan Webb,2026-04-05,823238,SF,1,28,26,7,0,3,R
676775,Keaton Winn,2026-04-05,823238,SF,0,3,3,2,0,0,R
669062,Erik Miller,2026-04-05,823238,SF,0,5,5,3,0,2,L
664141,JT Brubaker,2026-04-05,823238,SF,0,5,4,1,0,0,R
673540,Kodai Senga,2026-04-05,823238,NYM,1,22,20,5,0,7,R
623211,Huascar Brazobán,2026-04-05,823238,NYM,0,4,4,0,0,0,R
596133,Luke Weaver,2026-04-05,823238,NYM,0,3,3,0,0,0,R
642207,Devin Williams,2026-04-05,823238,NYM,0,4,4,2,0,1,R
677952,Braxton Ashcraft,2026-04-05,823405,PIT,1,21,21,4,0,8,R
682254,Mason Montgomery,2026-04-05,823405,PIT,0,6,6,3,0,3,L
664353,José Urquidy,2026-04-05,823405,PIT,0,6,6,1,0,3,R
605135,Chris Bassitt,2026-04-05,823405,BAL,1,15,10,6,1,0,R
700249,Cade Povich,2026-04-05,823405,BAL,0,24,21,4,1,2,L
666974,Yennier Cano,2026-04-05,823405,BAL,0,1,1,0,0,1,R
608331,Max Fried,2026-04-05,823566,NYY,1,27,24,5,0,4,L
518585,Fernando Cruz,2026-04-05,823566,NYY,0,3,2,0,0,2,R
656234,Jake Bird,2026-04-05,823566,NYY,0,3,1,1,0,0,R
642232,Ryan Yarbrough,2026-04-05,823566,NYY,0,6,6,1,0,3,L
664126,Pete Fairbanks,2026-04-05,823566,MIA,1,7,6,3,1,1,R
677053,Andrew Nardi,2026-04-05,823566,MIA,0,3,3,0,0,1,L
663978,Chris Paddack,2026-04-05,823566,MIA,0,22,18,3,0,4,R
667463,John King,2026-04-05,823566,MIA,0,1,1,0,0,0,L
676534,Calvin Faucher,2026-04-05,823566,MIA,0,4,3,0,0,1,R
669622,Anthony Bender,2026-04-05,823566,MIA,0,7,4,1,0,2,R
680573,Simeon Woods Richardson,2026-04-05,823729,MIN,1,26,24,5,1,4,R
681892,Kody Funderburk,2026-04-05,823729,MIN,0,1,1,0,0,0,L
663485,Cole Sands,2026-04-05,823729,MIN,0,6,6,1,0,1,R
623437,Justin Topa,2026-04-05,823729,MIN,0,4,3,2,1,0,R
573124,Taylor Rogers,2026-04-05,823729,MIN,0,4,2,0,0,0,L
607259,Nick Martinez,2026-04-05,823729,TB,1,20,19,1,1,4,R
643377,Griffin Jax,2026-04-05,823729,TB,0,8,7,2,0,0,R
641329,Bryan Baker,2026-04-05,823729,TB,0,3,3,0,0,2,R
687330,Kevin Kelly,2026-04-05,823729,TB,0,3,3,0,0,1,R
691946,George Klassen,2026-04-05,824053,LAA,1,16,11,3,0,4,R
666171,Ryan Zeferjahn,2026-04-05,824053,LAA,0,8,6,0,0,5,R
608718,Brent Suter,2026-04-05,824053,LAA,0,8,7,1,1,3,L
696147,Sam Bachman,2026-04-05,824053,LAA,0,7,7,2,0,2,R
641312,Shaun Anderson,2026-04-05,824053,LAA,0,8,6,1,0,1,R
622491,Luis Castillo,2026-04-05,824053,SEA,1,20,17,6,0,4,R
678606,José A. Ferrer,2026-04-05,824053,SEA,0,7,6,4,0,1,L
677961,Cole Wilcox,2026-04-05,824053,SEA,0,5,4,0,0,2,R
668984,Casey Legumina,2026-04-05,824053,SEA,0,7,6,1,0,0,R
662253,Andrés Muñoz,2026-04-05,824053,SEA,0,3,3,0,0,1,R
666374,Matt Brash,2026-04-05,824053,SEA,0,3,1,0,0,1,R
642100,Gabe Speier,2026-04-05,824053,SEA,0,3,0,0,0,0,L
663460,Kris Bubic,2026-04-05,824131,KC,1,22,19,4,1,8,L
683232,Nick Mears,2026-04-05,824131,KC,0,5,3,1,0,0,R
621381,Matt Strahm,2026-04-05,824131,KC,0,6,5,2,0,1,L
674444,Steven Cruz,2026-04-05,824131,KC,0,5,3,0,0,1,R
668674,Lucas Erceg,2026-04-05,824131,KC,0,6,5,3,0,1,R
690986,Kyle Harrison,2026-04-05,824131,MIL,1,21,18,3,1,6,L
681982,Grant Anderson,2026-04-05,824131,MIL,0,5,4,2,0,1,R
682842,Abner Uribe,2026-04-05,824131,MIL,0,3,3,2,0,1,R
672582,Angel Zerpa,2026-04-05,824131,MIL,0,6,5,1,0,1,L
656730,Trevor Megill,2026-04-05,824131,MIL,0,4,4,1,0,0,R
672456,Keider Montero,2026-04-05,824296,DET,1,17,16,3,0,3,R
646241,Enmanuel De Jesus,2026-04-05,824296,DET,0,11,10,2,0,3,L
657756,Connor Seabold,2026-04-05,824296,DET,0,8,5,1,0,1,R
681517,Kyle Leahy,2026-04-05,824296,STL,1,23,20,5,1,4,R
666277,George Soriano,2026-04-05,824296,STL,0,4,1,1,0,0,R
668941,JoJo Romero,2026-04-05,824296,STL,0,6,5,0,0,1,L
592773,Ryne Stanek,2026-04-05,824296,STL,0,4,3,0,0,2,R
676617,Riley O'Brien,2026-04-05,824296,STL,0,3,3,0,0,1,R
608372,Tomoyuki Sugano,2026-04-05,824379,COL,1,23,22,4,1,5,R
677955,Jaden Hill,2026-04-05,824379,COL,0,4,4,0,0,0,R
657514,Brennan Bernardino,2026-04-05,824379,COL,0,3,3,0,0,2,L
680767,Victor Vodnik,2026-04-05,824379,COL,0,5,5,2,0,3,R
592836,Taijuan Walker,2026-04-05,824379,PHI,1,23,21,7,3,4,R
641835,Tim Mayza,2026-04-05,824379,PHI,0,3,3,0,0,1,L
621383,Tanner Banks,2026-04-05,824379,PHI,0,3,3,0,0,1,L
679775,Kyle Backhus,2026-04-05,824379,PHI,0,3,3,0,0,2,L
677944,Slade Cecconi,2026-04-05,824459,CLE,1,21,19,1,0,6,R
682120,Tim Herrin,2026-04-05,824459,CLE,0,3,3,0,0,2,L
641401,Connor Brogdon,2026-04-05,824459,CLE,0,5,3,1,0,0,R
688883,Peyton Pallette,2026-04-05,824459,CLE,0,4,3,0,0,2,R
665795,Edward Cabrera,2026-04-05,824459,CHC,1,22,16,1,0,4,R
573204,Caleb Thielbar,2026-04-05,824459,CHC,0,5,4,0,0,0,L
571948,Hoby Milner,2026-04-05,824459,CHC,0,3,2,0,0,0,L
694037,Daniel Palencia,2026-04-05,824459,CHC,0,3,3,0,0,1,R
800048,Parker Messick,2026-04-05,824460,CLE,1,20,17,2,1,6,L
670036,Matt Festa,2026-04-05,824460,CLE,0,5,5,2,1,1,R
681870,Erik Sabrowski,2026-04-05,824460,CLE,0,3,3,1,0,1,L
542888,Shawn Armstrong,2026-04-05,824460,CLE,0,6,5,1,1,2,R
671922,Cade Smith,2026-04-05,824460,CLE,0,6,4,1,0,2,R
684007,Shota Imanaga,2026-04-05,824460,CHC,1,19,18,3,0,4,L
676962,Ben Brown,2026-04-05,824460,CHC,0,10,7,2,0,0,R
657097,Jacob Webb,2026-04-05,824460,CHC,0,5,4,3,1,0,R
681799,Ethan Roberts,2026-04-05,824460,CHC,0,3,3,1,0,0,R
663436,Davis Martin,2026-04-05,824620,CWS,1,23,21,4,0,6,R
663542,Bryan Hudson,2026-04-05,824620,CWS,0,4,4,2,0,1,L
673929,Jordan Leasure,2026-04-05,824620,CWS,0,4,4,0,0,1,R
669684,Chris Murphy,2026-04-05,824620,CWS,0,4,3,0,0,1,L
641778,Eric Lauer,2026-04-05,824620,TOR,1,12,9,3,0,0,L
608723,Austin Voth,2026-04-05,824620,TOR,0,12,11,3,0,1,R
573009,Joe Mantiply,2026-04-05,824620,TOR,0,4,4,0,0,3,L
693686,Spencer Miles,2026-04-05,824620,TOR,0,8,8,2,0,2,R
624133,Ranger Suarez,2026-04-05,824781,BOS,1,18,16,6,0,2,L
669711,Greg Weissert,2026-04-05,824781,BOS,0,5,5,2,1,3,R
700413,Tyler Uberstine,2026-04-05,824781,BOS,0,11,10,3,1,2,R
543056,Danny Coulombe,2026-04-05,824781,BOS,0,1,1,0,0,0,L
677161,Zack Kelly,2026-04-05,824781,BOS,0,4,3,1,0,0,R
621111,Walker Buehler,2026-04-05,824781,SD,1,14,11,3,0,4,R
606996,Kyle Hart,2026-04-05,824781,SD,0,9,8,1,0,0,L
699134,Bradgley Rodriguez,2026-04-05,824781,SD,0,8,8,3,0,2,R
593974,Wandy Peralta,2026-04-05,824781,SD,0,3,3,2,0,0,L
669093,Jeremiah Estrada,2026-04-05,824781,SD,0,3,3,0,0,1,R
695243,Mason Miller,2026-04-05,824781,SD,0,3,3,0,0,3,R
682052,Jacob Lopez,2026-04-05,825025,ATH,1,21,16,3,1,6,L
686993,Justin Sterner,2026-04-05,825025,ATH,0,6,5,2,0,1,R
669372,J.T. Ginn,2026-04-05,825025,ATH,0,6,6,2,1,1,R
605130,Scott Barlow,2026-04-05,825025,ATH,0,4,2,2,1,0,R
643410,Mark Leiter Jr.,2026-04-05,825025,ATH,0,5,4,1,0,0,R
663687,Hogan Harris,2026-04-05,825025,ATH,0,7,5,1,0,2,L
665660,Elvis Alvarado,2026-04-05,825025,ATH,0,2,2,0,0,1,R
621121,Lance McCullers Jr.,2026-04-05,825025,HOU,1,18,15,5,0,4,R
595345,Steven Okert,2026-04-05,825025,HOU,0,3,2,1,0,0,L
805123,AJ Blubaugh,2026-04-05,825025,HOU,0,13,10,5,1,1,R
685005,Christian Roa,2026-04-05,825025,HOU,0,5,4,2,0,0,R
687911,Bryan King,2026-04-05,825025,HOU,0,7,6,1,0,1,L
650556,Bryan Abreu,2026-04-05,825025,HOU,0,3,2,2,1,0,R
694297,Brandon Pfaadt,2026-04-05,825102,AZ,1,21,19,6,1,2,R
664199,Taylor Clarke,2026-04-05,825102,AZ,0,4,4,0,0,1,R
657044,Ryan Thompson,2026-04-05,825102,AZ,0,6,5,1,0,1,R
656464,Kevin Ginkel,2026-04-05,825102,AZ,0,4,4,1,0,1,R
642528,Jonathan Loáisiga,2026-04-05,825102,AZ,0,6,6,3,0,1,R
688497,Taylor Rashi,2026-04-05,825102,AZ,0,3,3,0,0,0,R
527048,Martín Pérez,2026-04-05,825102,ATL,1,20,17,5,0,1,L
641755,Tyler Kinley,2026-04-05,825102,ATL,0,5,4,1,0,0,R
669276,Dylan Lee,2026-04-05,825102,ATL,0,5,5,2,0,0,L
663158,Robert Suarez,2026-04-05,825102,ATL,0,3,3,0,0,3,R
628452,Raisel Iglesias,2026-04-05,825102,ATL,0,3,3,0,0,1,R
606303,Joel Payamps,2026-04-05,825102,ATL,0,1,1,1,0,0,R
641793,Zack Littell,2026-04-06,822755,WSH,1,22,19,4,0,6,R
686610,Ken Waldichuk,2026-04-06,822755,WSH,0,10,8,2,2,2,L
701552,Andre Granillo,2026-04-06,822755,WSH,0,6,3,2,0,0,R
672335,Cionel Pérez,2026-04-06,822755,WSH,0,4,4,1,0,0,L
669467,Andre Pallante,2026-04-06,822755,STL,1,22,18,3,0,2,R
677865,Justin Bruihl,2026-04-06,822755,STL,0,5,3,1,0,0,L
668941,JoJo Romero,2026-04-06,822755,STL,0,5,4,2,0,0,L
592773,Ryne Stanek,2026-04-06,822755,STL,0,5,5,3,1,1,R
694335,Matt Svanson,2026-04-06,822755,STL,0,5,5,3,2,1,R
453286,Max Scherzer,2026-04-06,822832,TOR,1,9,8,2,1,2,R
676596,Josh Fleming,2026-04-06,822832,TOR,0,18,14,6,1,1,L
573009,Joe Mantiply,2026-04-06,822832,TOR,0,5,3,1,1,1,L
667297,Tommy Nance,2026-04-06,822832,TOR,0,10,10,6,1,3,R
693686,Spencer Miles,2026-04-06,822832,TOR,0,5,5,2,1,1,R
623168,Tyler Heineman,2026-04-06,822832,TOR,0,3,3,0,0,0,R
680736,Justin Wrobleski,2026-04-06,822832,LAD,1,21,17,2,0,2,L
694361,Will Klein,2026-04-06,822832,LAD,0,8,8,2,0,2,R
683618,Edgardo Henriquez,2026-04-06,822832,LAD,0,3,3,0,0,2,R
500743,Miguel Rojas,2026-04-06,822832,LAD,0,6,4,1,0,0,R
594798,Jacob deGrom,2026-04-06,822918,TEX,1,17,16,1,1,6,R
656222,Jalen Beeks,2026-04-06,822918,TEX,0,4,3,0,0,0,L
641302,Tyler Alexander,2026-04-06,822918,TEX,0,3,3,1,0,1,L
668390,Cole Winn,2026-04-06,822918,TEX,0,1,1,0,0,0,R
676395,Robert Garcia,2026-04-06,822918,TEX,0,3,3,0,0,0,L
596001,Jakob Junis,2026-04-06,822918,TEX,0,3,2,0,0,0,R
669302,Logan Gilbert,2026-04-06,822918,SEA,1,23,23,6,0,5,R
678606,José A. Ferrer,2026-04-06,822918,SEA,0,3,3,0,0,2,L
681867,Cooper Criswell,2026-04-06,822918,SEA,0,5,3,1,0,0,R
663556,Shane McClanahan,2026-04-06,823002,TB,1,17,13,1,0,5,L
687330,Kevin Kelly,2026-04-06,823002,TB,0,3,3,0,0,1,R
693855,Ian Seymour,2026-04-06,823002,TB,0,6,5,2,0,1,L
685801,Hunter Bigge,2026-04-06,823002,TB,0,5,5,0,0,0,R
641329,Bryan Baker,2026-04-06,823002,TB,0,4,4,1,1,2,R
592791,Jameson Taillon,2026-04-06,823002,CHC,1,25,25,7,2,4,R
664208,Phil Maton,2026-04-06,823002,CHC,0,5,4,1,1,1,R
702303,Riley Martin,2026-04-06,823002,CHC,0,3,3,1,0,0,L
605288,Adrian Houser,2026-04-06,823237,SF,1,28,26,9,0,3,R
621366,Ryan Borucki,2026-04-06,823237,SF,0,4,3,2,0,0,L
668873,Caleb Kilian,2026-04-06,823237,SF,0,4,1,0,0,1,R
657424,Matt Gage,2026-04-06,823237,SF,0,3,2,0,0,1,L
694918,Blade Tidwell,2026-04-06,823237,SF,0,4,3,0,0,2,R
691725,Andrew Painter,2026-04-06,823237,PHI,1,21,19,9,0,1,R
641835,Tim Mayza,2026-04-06,823237,PHI,0,3,3,0,0,1,L
680742,Jonathan Bowlan,2026-04-06,823237,PHI,0,3,3,0,0,2,R
621237,José Alvarado,2026-04-06,823237,PHI,0,3,3,0,0,1,L
641745,Brad Keller,2026-04-06,823237,PHI,0,4,4,1,0,2,R
661395,Jhoan Duran,2026-04-06,823237,PHI,0,4,4,1,0,0,R
696149,Bubba Chandler,2026-04-06,823401,PIT,1,21,17,5,0,4,R
670990,Yohan Ramírez,2026-04-06,823401,PIT,0,7,7,2,0,0,R
676755,Isaac Mattson,2026-04-06,823401,PIT,0,5,5,2,0,2,R
664875,Justin Lawrence,2026-04-06,823401,PIT,0,5,5,2,0,2,R
642397,Gregory Soto,2026-04-06,823401,PIT,0,4,3,0,0,1,L
608566,Germán Márquez,2026-04-06,823401,SD,1,21,20,6,0,4,R
676760,Ron Marinaccio,2026-04-06,823401,SD,0,7,6,1,0,1,R
688158,David Morgan,2026-04-06,823401,SD,0,8,5,0,0,1,R
657746,Joe Ryan,2026-04-06,823728,MIN,1,22,19,3,0,7,R
607455,Anthony Banda,2026-04-06,823728,MIN,0,4,4,1,0,1,L
679358,Eric Orze,2026-04-06,823728,MIN,0,3,2,0,0,1,R
681892,Kody Funderburk,2026-04-06,823728,MIN,0,4,1,0,0,0,L
689520,Cody Laweryson,2026-04-06,823728,MIN,0,5,5,0,0,2,R
663554,Casey Mize,2026-04-06,823728,DET,1,24,20,7,1,4,R
623454,Drew Anderson,2026-04-06,823728,DET,0,13,11,2,0,4,R
676428,Brant Hurter,2026-04-06,823728,DET,0,5,3,1,0,2,L
676083,Janson Junk,2026-04-06,823886,MIA,1,28,27,7,1,3,R
663969,Tyler Phillips,2026-04-06,823886,MIA,0,6,5,0,0,1,R
682227,Brandon Williamson,2026-04-06,823886,CIN,1,24,23,3,0,4,L
656271,Brock Burke,2026-04-06,823886,CIN,0,1,1,0,0,1,L
663574,Tony Santillan,2026-04-06,823886,CIN,0,4,3,0,0,1,R
641941,Emilio Pagán,2026-04-06,823886,CIN,0,3,3,0,0,0,R
667755,José Soriano,2026-04-06,824052,LAA,1,26,26,3,1,10,R
681217,Chase Silseth,2026-04-06,824052,LAA,0,5,4,2,1,1,R
605447,Jordan Romano,2026-04-06,824052,LAA,0,1,1,0,0,0,R
519242,Chris Sale,2026-04-06,824052,ATL,1,21,17,5,2,7,L
606303,Joel Payamps,2026-04-06,824052,ATL,0,3,3,0,0,1,R
607481,Aaron Bummer,2026-04-06,824052,ATL,0,3,3,0,0,1,L
674370,Osvaldo Bido,2026-04-06,824052,ATL,0,6,5,0,0,1,R
663372,Ryan Feltner,2026-04-06,824376,COL,1,24,22,7,1,1,R
623474,Jimmy Herget,2026-04-06,824376,COL,0,7,6,2,0,1,R
688642,Zach Agnos,2026-04-06,824376,COL,0,5,5,4,0,0,R
675848,Juan Mejia,2026-04-06,824376,COL,0,6,5,0,0,1,R
675989,Cody Bolton,2026-04-06,824376,HOU,1,17,14,3,0,5,R
680802,Ryan Weiss,2026-04-06,824376,HOU,0,19,17,8,1,4,R
660853,Enyel De Los Santos,2026-04-06,824376,HOU,0,4,4,1,0,0,R
676440,Tanner Bibee,2026-04-06,824456,CLE,1,20,19,5,0,3,R
682120,Tim Herrin,2026-04-06,824456,CLE,0,1,1,0,0,0,L
688883,Peyton Pallette,2026-04-06,824456,CLE,0,8,8,3,1,3,R
663465,Kolby Allard,2026-04-06,824456,CLE,0,10,9,3,1,2,L
608379,Michael Wacha,2026-04-06,824456,KC,1,26,22,3,1,3,R
621381,Matt Strahm,2026-04-06,824456,KC,0,5,4,1,1,1,L
668674,Lucas Erceg,2026-04-06,824456,KC,0,3,3,0,0,1,R
691799,Grant Taylor,2026-04-06,824619,CWS,1,4,4,1,0,1,R
607200,Erick Fedde,2026-04-06,824619,CWS,0,22,21,5,1,4,R
608371,Lucas Sims,2026-04-06,824619,CWS,0,6,6,1,0,2,R
687064,Brandon Young,2026-04-06,824619,BAL,1,18,16,2,0,2,R
669330,Tyler Wells,2026-04-06,824619,BAL,0,7,6,1,0,2,R
670329,Rico Garcia,2026-04-06,824619,BAL,0,3,3,0,0,1,R
664854,Ryan Helsley,2026-04-06,824619,BAL,0,6,4,1,0,1,R
678394,Brayan Bello,2026-04-06,824783,BOS,1,20,15,5,0,5,R
543056,Danny Coulombe,2026-04-06,824783,BOS,0,4,3,2,0,0,L
663558,Jovani Morán,2026-04-06,824783,BOS,0,11,10,1,0,4,L
676477,Garrett Whitlock,2026-04-06,824783,BOS,0,6,4,1,0,2,R
670245,Ryan Watson,2026-04-06,824783,BOS,0,5,4,2,0,0,R
605540,Brandon Woodruff,2026-04-06,824783,MIL,1,27,23,8,0,4,R
676879,Aaron Ashby,2026-04-06,824783,MIL,0,6,5,1,0,0,L
681982,Grant Anderson,2026-04-06,824783,MIL,0,3,3,0,0,0,R
672582,Angel Zerpa,2026-04-06,824783,MIL,0,5,5,2,1,0,L
676917,Cade Cavalli,2026-04-07,822754,WSH,1,20,16,4,0,3,R
687606,Paxton Schultz,2026-04-07,822754,WSH,0,6,4,1,0,1,R
676571,PJ Poulin,2026-04-07,822754,WSH,0,6,4,1,1,2,L
681402,Gus Varland,2026-04-07,822754,WSH,0,5,4,1,1,1,R
690925,Clayton Beeter,2026-04-07,822754,WSH,0,5,3,0,0,0,R
669371,Cole Henry,2026-04-07,822754,WSH,0,5,5,2,0,1,R
669461,Matthew Liberatore,2026-04-07,822754,STL,1,25,22,9,2,6,L
700669,Gordon Graceffo,2026-04-07,822754,STL,0,9,7,1,0,2,R
666277,George Soriano,2026-04-07,822754,STL,0,6,6,0,0,3,R
676617,Riley O'Brien,2026-04-07,822754,STL,0,4,3,0,0,2,R
592332,Kevin Gausman,2026-04-07,822831,TOR,1,24,21,5,0,5,R
689254,Mason Fluharty,2026-04-07,822831,TOR,0,5,5,1,0,2,L
686973,Louis Varland,2026-04-07,822831,TOR,0,4,4,0,0,2,R
656546,Jeff Hoffman,2026-04-07,822831,TOR,0,6,5,2,0,2,R
808967,Yoshinobu Yamamoto,2026-04-07,822831,LAD,1,24,23,5,0,6,R
681911,Alex Vesia,2026-04-07,822831,LAD,0,4,3,0,0,1,L
595014,Blake Treinen,2026-04-07,822831,LAD,0,3,3,0,0,0,R
621242,Edwin Díaz,2026-04-07,822831,LAD,0,5,4,1,0,3,R
543135,Nathan Eovaldi,2026-04-07,822916,TEX,1,26,24,6,1,7,R
656641,Jacob Latz,2026-04-07,822916,TEX,0,6,6,0,0,2,L
596001,Jakob Junis,2026-04-07,822916,TEX,0,5,5,2,0,0,R
669923,George Kirby,2026-04-07,822916,SEA,1,28,28,6,1,4,R
669438,Mason Englert,2026-04-07,822999,TB,1,19,17,7,0,2,R
642121,Cole Sulser,2026-04-07,822999,TB,0,10,9,3,0,2,R
672782,Yoendrys Gómez,2026-04-07,822999,TB,0,16,15,6,2,1,R
665871,Javier Assad,2026-04-07,822999,CHC,1,19,17,1,0,3,R
571948,Hoby Milner,2026-04-07,822999,CHC,0,6,6,2,0,0,L
664208,Phil Maton,2026-04-07,822999,CHC,0,6,5,3,0,1,R
573204,Caleb Thielbar,2026-04-07,822999,CHC,0,1,1,0,0,0,L
657097,Jacob Webb,2026-04-07,822999,CHC,0,4,3,0,0,1,R
592662,Robbie Ray,2026-04-07,823235,SF,1,26,23,3,0,7,L
676254,Ryan Walker,2026-04-07,823235,SF,0,6,5,1,0,1,R
676775,Keaton Winn,2026-04-07,823235,SF,0,3,3,0,0,0,R
650911,Cristopher Sánchez,2026-04-07,823235,PHI,1,24,24,11,0,6,L
647315,Zach Pop,2026-04-07,823235,PHI,0,3,2,0,0,0,R
621383,Tanner Banks,2026-04-07,823235,PHI,0,3,3,0,0,2,L
689147,Orion Kerkering,2026-04-07,823235,PHI,0,6,5,2,0,0,R
694973,Paul Skenes,2026-04-07,823402,PIT,1,23,20,2,1,6,R
676755,Isaac Mattson,2026-04-07,823402,PIT,0,3,3,1,0,0,R
642397,Gregory Soto,2026-04-07,823402,PIT,0,3,3,0,0,1,L
670990,Yohan Ramírez,2026-04-07,823402,PIT,0,3,3,0,0,2,R
601713,Nick Pivetta,2026-04-07,823402,SD,1,20,19,4,0,8,R
699134,Bradgley Rodriguez,2026-04-07,823402,SD,0,4,4,2,0,0,R
593974,Wandy Peralta,2026-04-07,823402,SD,0,4,3,1,0,1,L
670970,Adrian Morejon,2026-04-07,823402,SD,0,7,7,5,0,1,L
676760,Ron Marinaccio,2026-04-07,823402,SD,0,2,2,0,0,0,R
693645,Cam Schlittler,2026-04-07,823567,NYY,1,20,19,5,0,7,R
656234,Jake Bird,2026-04-07,823567,NYY,0,3,3,1,0,1,R
687396,Brent Headrick,2026-04-07,823567,NYY,0,5,3,0,0,3,L
518585,Fernando Cruz,2026-04-07,823567,NYY,0,6,4,0,0,1,R
670280,David Bednar,2026-04-07,823567,NYY,0,3,3,0,0,1,R
650644,Aaron Civale,2026-04-07,823567,ATH,1,22,17,2,1,6,R
686993,Justin Sterner,2026-04-07,823567,ATH,0,7,7,2,0,1,R
643410,Mark Leiter Jr.,2026-04-07,823567,ATH,0,7,7,5,1,0,R
669270,Joel Kuhnel,2026-04-07,823567,ATH,0,1,1,0,0,0,R
642547,Freddy Peralta,2026-04-07,823648,NYM,1,22,17,3,0,5,R
623211,Huascar Brazobán,2026-04-07,823648,NYM,0,3,3,2,0,0,R
472610,Luis García,2026-04-07,823648,NYM,0,7,7,1,0,0,R
548384,Brooks Raley,2026-04-07,823648,NYM,0,4,4,1,0,2,L
642207,Devin Williams,2026-04-07,823648,NYM,0,5,5,2,0,2,R
596133,Luke Weaver,2026-04-07,823648,NYM,0,3,3,0,0,1,R
668678,Zac Gallen,2026-04-07,823648,AZ,1,23,18,5,0,5,R
657044,Ryan Thompson,2026-04-07,823648,AZ,0,3,3,0,0,0,R
666661,Juan Morillo,2026-04-07,823648,AZ,0,3,3,0,0,0,R
642528,Jonathan Loáisiga,2026-04-07,823648,AZ,0,5,4,2,0,1,R
656464,Kevin Ginkel,2026-04-07,823648,AZ,0,3,3,0,0,1,R
623149,Paul Sewald,2026-04-07,823648,AZ,0,2,2,1,0,0,R
671737,Taj Bradley,2026-04-07,823727,MIN,1,27,25,6,0,10,R
573124,Taylor Rogers,2026-04-07,823727,MIN,0,4,4,1,0,2,L
663485,Cole Sands,2026-04-07,823727,MIN,0,3,1,0,0,0,R
679358,Eric Orze,2026-04-07,823727,MIN,0,4,4,2,0,2,R
623437,Justin Topa,2026-04-07,823727,MIN,0,3,2,0,0,0,R
669373,Tarik Skubal,2026-04-07,823727,DET,1,24,22,8,0,7,L
663947,Tyler Holton,2026-04-07,823727,DET,0,4,4,0,0,1,L
657756,Connor Seabold,2026-04-07,823727,DET,0,9,8,2,0,2,R
645261,Sandy Alcantara,2026-04-07,823887,MIA,1,30,28,3,0,6,R
669622,Anthony Bender,2026-04-07,823887,MIA,0,3,1,0,0,1,R
676534,Calvin Faucher,2026-04-07,823887,MIA,0,5,3,2,0,1,R
667463,John King,2026-04-07,823887,MIA,0,3,2,0,0,0,L
671096,Andrew Abbott,2026-04-07,823887,CIN,1,24,22,6,0,2,L
572955,Pierce Johnson,2026-04-07,823887,CIN,0,2,2,0,0,1,R
683742,Jose Franco,2026-04-07,823887,CIN,0,8,6,0,0,2,R
641941,Emilio Pagán,2026-04-07,823887,CIN,0,5,3,0,0,2,R
668933,Graham Ashcraft,2026-04-07,823887,CIN,0,3,3,1,0,0,R
579328,Yusei Kikuchi,2026-04-07,824051,LAA,1,22,20,6,0,8,L
641312,Shaun Anderson,2026-04-07,824051,LAA,0,15,14,5,1,4,R
815083,Mitch Farris,2026-04-07,824051,LAA,0,4,3,1,0,0,L
625643,Reynaldo López,2026-04-07,824051,ATL,1,21,18,3,1,7,R
641755,Tyler Kinley,2026-04-07,824051,ATL,0,3,3,1,0,2,R
669276,Dylan Lee,2026-04-07,824051,ATL,0,2,2,0,0,0,L
663158,Robert Suarez,2026-04-07,824051,ATL,0,4,3,0,0,2,R
607481,Aaron Bummer,2026-04-07,824051,ATL,0,3,1,0,0,0,L
628452,Raisel Iglesias,2026-04-07,824051,ATL,0,6,6,2,0,3,R
607536,Kyle Freeland,2026-04-07,824375,COL,1,24,22,3,1,5,L
622608,Antonio Senzatela,2026-04-07,824375,COL,0,8,8,0,0,3,R
681347,Mike Burrows,2026-04-07,824375,HOU,1,23,22,8,1,3,R
595345,Steven Okert,2026-04-07,824375,HOU,0,4,3,1,0,0,L
678906,Kai-Wei Teng,2026-04-07,824375,HOU,0,3,3,1,1,0,R
685005,Christian Roa,2026-04-07,824375,HOU,0,3,3,0,0,1,R
668909,Gavin Williams,2026-04-07,824457,CLE,1,22,17,1,1,8,R
682120,Tim Herrin,2026-04-07,824457,CLE,0,2,1,0,0,0,L
681870,Erik Sabrowski,2026-04-07,824457,CLE,0,3,3,0,0,2,L
542888,Shawn Armstrong,2026-04-07,824457,CLE,0,5,3,0,0,2,R
671922,Cade Smith,2026-04-07,824457,CLE,0,3,3,0,0,2,R
702070,Noah Cameron,2026-04-07,824457,KC,1,24,23,6,0,5,L
663738,Daniel Lynch IV,2026-04-07,824457,KC,0,4,4,0,0,1,L
683232,Nick Mears,2026-04-07,824457,KC,0,4,3,0,0,2,R
670167,John Schreiber,2026-04-07,824457,KC,0,4,3,2,0,0,R
681343,Shane Smith,2026-04-07,824618,CWS,1,19,13,1,0,8,R
656794,Sean Newcomb,2026-04-07,824618,CWS,0,7,6,2,0,1,L
673929,Jordan Leasure,2026-04-07,824618,CWS,0,4,4,1,0,2,R
663855,Jordan Hicks,2026-04-07,824618,CWS,0,7,7,3,0,2,R
669684,Chris Murphy,2026-04-07,824618,CWS,0,4,3,1,1,0,L
663542,Bryan Hudson,2026-04-07,824618,CWS,0,4,1,0,0,0,L
669432,Trevor Rogers,2026-04-07,824618,BAL,1,25,25,6,0,6,L
666974,Yennier Cano,2026-04-07,824618,BAL,0,3,3,0,0,1,R
664991,Grant Wolfram,2026-04-07,824618,BAL,0,3,2,0,0,2,L
689296,Anthony Nunez,2026-04-07,824618,BAL,0,1,1,0,0,1,R
664854,Ryan Helsley,2026-04-07,824618,BAL,0,4,3,0,0,2,R
676979,Garrett Crochet,2026-04-07,824780,BOS,1,27,23,5,0,7,L
677161,Zack Kelly,2026-04-07,824780,BOS,0,2,2,0,0,0,R
676477,Garrett Whitlock,2026-04-07,824780,BOS,0,3,3,0,0,1,R
547973,Aroldis Chapman,2026-04-07,824780,BOS,0,3,2,0,0,0,L
694819,Jacob Misiorowski,2026-04-07,824780,MIL,1,22,17,2,0,10,R
669084,DL Hall,2026-04-07,824780,MIL,0,9,8,1,0,1,L
663765,Jake Woodford,2026-04-07,824780,MIL,0,1,1,0,0,0,R
571945,Miles Mikolas,2026-04-08,822753,WSH,1,17,14,5,0,3,R
695418,Brad Lord,2026-04-08,822753,WSH,0,10,10,1,1,2,R
672335,Cionel Pérez,2026-04-08,822753,WSH,0,5,3,1,0,1,L
669371,Cole Henry,2026-04-08,822753,WSH,0,7,5,0,0,3,R
676571,PJ Poulin,2026-04-08,822753,WSH,0,3,2,1,0,0,L
700241,Michael McGreevy,2026-04-08,822753,STL,1,21,21,4,0,1,R
694335,Matt Svanson,2026-04-08,822753,STL,0,6,5,0,0,1,R
677865,Justin Bruihl,2026-04-08,822753,STL,0,1,1,0,0,0,L
676617,Riley O'Brien,2026-04-08,822753,STL,0,3,3,0,0,0,R
656302,Dylan Cease,2026-04-08,822833,TOR,1,23,18,4,0,8,R
686973,Louis Varland,2026-04-08,822833,TOR,0,3,2,0,0,1,R
689254,Mason Fluharty,2026-04-08,822833,TOR,0,3,1,0,0,0,L
643511,Tyler Rogers,2026-04-08,822833,TOR,0,7,6,1,0,2,R
656546,Jeff Hoffman,2026-04-08,822833,TOR,0,5,4,1,0,2,R
660271,Shohei Ohtani,2026-04-08,822833,LAD,1,24,23,4,0,2,R
676263,Jack Dreyer,2026-04-08,822833,LAD,0,5,4,3,0,0,L
595014,Blake Treinen,2026-04-08,822833,LAD,0,3,2,0,0,1,R
676508,Ben Casparius,2026-04-08,822833,LAD,0,5,4,1,0,0,R
669022,MacKenzie Gore,2026-04-08,822915,TEX,1,17,15,1,0,9,L
455119,Chris Martin,2026-04-08,822915,TEX,0,3,3,0,0,1,R
681168,Luis Curvelo,2026-04-08,822915,TEX,0,6,6,0,0,2,R
668390,Cole Winn,2026-04-08,822915,TEX,0,4,4,1,0,1,R
693433,Bryan Woo,2026-04-08,822915,SEA,1,22,19,5,0,2,R
678606,José A. Ferrer,2026-04-08,822915,SEA,0,3,2,0,0,0,L
660825,Eduard Bazardo,2026-04-08,822915,SEA,0,3,3,1,0,0,R
642100,Gabe Speier,2026-04-08,822915,SEA,0,3,3,0,0,2,L
671212,Joe Boyle,2026-04-08,823000,TB,1,20,17,4,1,3,R
669947,Jesse Scholtens,2026-04-08,823000,TB,0,17,16,4,0,4,R
607067,Colin Rea,2026-04-08,823000,CHC,1,20,16,2,0,2,R
571948,Hoby Milner,2026-04-08,823000,CHC,0,3,3,0,0,1,L
676962,Ben Brown,2026-04-08,823000,CHC,0,8,8,2,0,3,R
640451,Hunter Harvey,2026-04-08,823000,CHC,0,3,3,1,0,1,R
641816,Tyler Mahle,2026-04-08,823234,SF,1,24,20,3,0,6,R
657424,Matt Gage,2026-04-08,823234,SF,0,3,3,1,0,1,L
668873,Caleb Kilian,2026-04-08,823234,SF,0,3,2,0,0,1,R
694918,Blade Tidwell,2026-04-08,823234,SF,0,3,3,0,0,0,R
669062,Erik Miller,2026-04-08,823234,SF,0,3,3,0,0,2,L
605400,Aaron Nola,2026-04-08,823234,PHI,1,23,22,5,1,3,R
680742,Jonathan Bowlan,2026-04-08,823234,PHI,0,4,4,1,0,1,R
621237,José Alvarado,2026-04-08,823234,PHI,0,5,4,2,0,2,L
647315,Zach Pop,2026-04-08,823234,PHI,0,2,2,1,0,0,R
656605,Mitch Keller,2026-04-08,823403,PIT,1,22,21,3,0,4,R
664875,Justin Lawrence,2026-04-08,823403,PIT,0,7,7,3,1,2,R
664353,José Urquidy,2026-04-08,823403,PIT,0,12,12,4,0,3,R
650633,Michael King,2026-04-08,823403,SD,1,24,21,4,0,4,R
606996,Kyle Hart,2026-04-08,823403,SD,0,5,3,1,0,0,L
669093,Jeremiah Estrada,2026-04-08,823403,SD,0,4,4,1,0,0,R
695243,Mason Miller,2026-04-08,823403,SD,0,3,3,0,0,2,R
701542,Will Warren,2026-04-08,823564,NYY,1,23,20,5,0,5,R
657612,Tim Hill,2026-04-08,823564,NYY,0,5,5,1,0,0,L
666808,Camilo Doval,2026-04-08,823564,NYY,0,4,4,0,0,1,R
687396,Brent Headrick,2026-04-08,823564,NYY,0,4,4,1,0,1,L
670280,David Bednar,2026-04-08,823564,NYY,0,5,4,2,0,2,R
622663,Luis Severino,2026-04-08,823564,ATH,1,22,17,4,0,7,R
605130,Scott Barlow,2026-04-08,823564,ATH,0,5,5,0,0,4,R
663687,Hogan Harris,2026-04-08,823564,ATH,0,4,2,0,0,2,L
665660,Elvis Alvarado,2026-04-08,823564,ATH,0,2,2,0,0,1,R
669270,Joel Kuhnel,2026-04-08,823564,ATH,0,3,3,0,0,1,R
656849,David Peterson,2026-04-08,823646,NYM,1,23,18,6,0,6,L
640455,Sean Manaea,2026-04-08,823646,NYM,0,18,16,5,0,2,L
669194,Ryne Nelson,2026-04-08,823646,AZ,1,24,24,5,0,5,R
657044,Ryan Thompson,2026-04-08,823646,AZ,0,1,1,0,0,0,R
694851,Andrew Hoffmann,2026-04-08,823646,AZ,0,9,7,1,0,2,R
664199,Taylor Clarke,2026-04-08,823646,AZ,0,3,3,1,0,0,R
641927,Bailey Ober,2026-04-08,823726,MIN,1,24,23,5,0,2,R
623437,Justin Topa,2026-04-08,823726,MIN,0,2,2,1,0,0,R
607455,Anthony Banda,2026-04-08,823726,MIN,0,6,6,4,0,1,L
663485,Cole Sands,2026-04-08,823726,MIN,0,2,2,1,0,1,R
689520,Cody Laweryson,2026-04-08,823726,MIN,0,6,5,1,0,2,R
681892,Kody Funderburk,2026-04-08,823726,MIN,0,4,2,0,0,0,L
664285,Framber Valdez,2026-04-08,823726,DET,1,29,26,10,0,2,L
646241,Enmanuel De Jesus,2026-04-08,823726,DET,0,5,3,1,0,1,L
640448,Kyle Finnegan,2026-04-08,823726,DET,0,4,2,0,0,0,R
676684,Will Vest,2026-04-08,823726,DET,0,3,3,0,0,1,R
691587,Eury Pérez,2026-04-08,823885,MIA,1,24,21,6,1,6,R
687473,Ryan Gusto,2026-04-08,823885,MIA,0,3,3,0,0,1,R
677053,Andrew Nardi,2026-04-08,823885,MIA,0,3,3,1,0,0,L
669199,Lake Bachar,2026-04-08,823885,MIA,0,3,3,0,0,2,R
656848,Michael Petersen,2026-04-08,823885,MIA,0,5,5,2,0,2,R
663903,Brady Singer,2026-04-08,823885,CIN,1,17,17,10,1,3,R
594580,Sam Moll,2026-04-08,823885,CIN,0,8,6,0,0,2,L
683175,Connor Phillips,2026-04-08,823885,CIN,0,9,7,1,1,0,R
572955,Pierce Johnson,2026-04-08,823885,CIN,0,4,4,1,0,1,R
672282,Reid Detmers,2026-04-08,824050,LAA,1,22,18,5,1,4,L
666171,Ryan Zeferjahn,2026-04-08,824050,LAA,0,9,7,2,0,2,R
696147,Sam Bachman,2026-04-08,824050,LAA,0,4,3,0,0,1,R
608718,Brent Suter,2026-04-08,824050,LAA,0,7,6,1,0,2,L
656550,Grant Holmes,2026-04-08,824050,ATL,1,28,25,5,1,6,R
606303,Joel Payamps,2026-04-08,824050,ATL,0,1,1,0,0,1,R
660761,José Suarez,2026-04-08,824050,ATL,0,7,7,2,0,3,L
547179,Michael Lorenzen,2026-04-08,824374,COL,1,26,24,7,0,4,R
688642,Zach Agnos,2026-04-08,824374,COL,0,11,11,1,0,2,R
664299,Cristian Javier,2026-04-08,824374,HOU,1,6,6,3,0,1,R
805123,AJ Blubaugh,2026-04-08,824374,HOU,0,10,5,4,0,0,R
660853,Enyel De Los Santos,2026-04-08,824374,HOU,0,9,8,2,1,2,R
685005,Christian Roa,2026-04-08,824374,HOU,0,9,3,0,0,1,R
678906,Kai-Wei Teng,2026-04-08,824374,HOU,0,4,4,0,0,1,R
650556,Bryan Abreu,2026-04-08,824374,HOU,0,6,4,1,0,2,R
676282,Joey Cantillo,2026-04-08,824455,CLE,1,21,19,3,0,9,L
641401,Connor Brogdon,2026-04-08,824455,CLE,0,5,5,0,0,3,R
681870,Erik Sabrowski,2026-04-08,824455,CLE,0,4,4,2,0,1,L
670036,Matt Festa,2026-04-08,824455,CLE,0,5,4,0,0,1,R
666142,Cole Ragans,2026-04-08,824455,KC,1,5,4,2,0,2,L
679883,Luinder Avila,2026-04-08,824455,KC,0,15,14,6,0,2,R
656638,Alex Lange,2026-04-08,824455,KC,0,9,9,3,0,2,R
674444,Steven Cruz,2026-04-08,824455,KC,0,10,8,4,1,3,R
686475,Tyler Tolbert,2026-04-08,824455,KC,0,2,2,1,0,0,R
680732,Sean Burke,2026-04-08,824617,CWS,1,20,17,2,0,3,R
608371,Lucas Sims,2026-04-08,824617,CWS,0,4,3,2,0,1,R
663542,Bryan Hudson,2026-04-08,824617,CWS,0,2,1,0,0,0,L
656794,Sean Newcomb,2026-04-08,824617,CWS,0,4,4,1,0,2,L
663855,Jordan Hicks,2026-04-08,824617,CWS,0,3,2,0,0,0,R
805326,Tyler Schweitzer,2026-04-08,824617,CWS,0,7,6,2,0,1,L
680694,Kyle Bradish,2026-04-08,824617,BAL,1,23,20,6,0,7,R
669330,Tyler Wells,2026-04-08,824617,BAL,0,5,3,0,0,1,R
664991,Grant Wolfram,2026-04-08,824617,BAL,0,4,3,1,0,1,L
689296,Anthony Nunez,2026-04-08,824617,BAL,0,3,3,0,0,1,R
670329,Rico Garcia,2026-04-08,824617,BAL,0,5,3,0,0,2,R
543243,Sonny Gray,2026-04-08,824779,BOS,1,24,22,3,0,2,R
669711,Greg Weissert,2026-04-08,824779,BOS,0,3,3,1,0,2,R
701719,Tyler Samaniego,2026-04-08,824779,BOS,0,4,3,0,0,3,L
670245,Ryan Watson,2026-04-08,824779,BOS,0,3,3,0,0,0,R
675660,Shane Drohan,2026-04-08,824779,MIL,1,15,10,3,0,2,L
681982,Grant Anderson,2026-04-08,824779,MIL,0,6,4,0,0,1,R
676879,Aaron Ashby,2026-04-08,824779,MIL,0,3,3,0,0,2,L
663765,Jake Woodford,2026-04-08,824779,MIL,0,15,13,4,0,1,R
681190,Randy Vásquez,2026-04-09,823319,SD,1,23,22,7,1,8,R
699134,Bradgley Rodriguez,2026-04-09,823319,SD,0,4,4,0,0,1,R
670970,Adrian Morejon,2026-04-09,823319,SD,0,4,4,1,0,0,L
695243,Mason Miller,2026-04-09,823319,SD,0,3,3,0,0,3,R
669093,Jeremiah Estrada,2026-04-09,823319,SD,0,7,4,2,0,1,R
688158,David Morgan,2026-04-09,823319,SD,0,6,4,0,0,1,R
623474,Jimmy Herget,2026-04-09,823319,COL,1,3,3,0,0,0,R
801403,Chase Dollander,2026-04-09,823319,COL,0,20,18,4,0,3,R
677955,Jaden Hill,2026-04-09,823319,COL,0,5,5,0,0,2,R
675848,Juan Mejia,2026-04-09,823319,COL,0,4,3,1,0,1,R
680767,Victor Vodnik,2026-04-09,823319,COL,0,9,6,1,0,0,R
657514,Brennan Bernardino,2026-04-09,823319,COL,0,5,5,2,0,1,L
678368,Valente Bellozo,2026-04-09,823319,COL,0,4,1,1,1,0,R
677960,Ryan Weathers,2026-04-09,823565,NYY,1,30,29,7,0,7,L
621112,Paul Blackburn,2026-04-09,823565,NYY,0,4,4,1,0,1,R
605488,Jeffrey Springs,2026-04-09,823565,ATH,1,25,23,1,0,6,L
686993,Justin Sterner,2026-04-09,823565,ATH,0,4,3,0,0,1,R
663687,Hogan Harris,2026-04-09,823565,ATH,0,3,3,0,0,1,L
690997,Nolan McLean,2026-04-09,823645,NYM,1,23,21,3,0,8,R
596133,Luke Weaver,2026-04-09,823645,NYM,0,5,4,2,0,0,R
472610,Luis García,2026-04-09,823645,NYM,0,5,4,3,0,0,R
663992,Richard Lovelady,2026-04-09,823645,NYM,0,5,5,0,0,1,L
593958,Eduardo Rodriguez,2026-04-09,823645,AZ,1,25,23,5,1,3,L
664199,Taylor Clarke,2026-04-09,823645,AZ,0,4,4,1,0,0,R
688497,Taylor Rashi,2026-04-09,823645,AZ,0,6,6,0,0,3,R
690953,Mick Abel,2026-04-09,823724,MIN,1,25,22,4,0,6,R
670183,Garrett Acton,2026-04-09,823724,MIN,0,8,6,1,0,2,R
679358,Eric Orze,2026-04-09,823724,MIN,0,3,3,0,0,1,R
656427,Jack Flaherty,2026-04-09,823724,DET,1,23,20,5,1,6,R
663947,Tyler Holton,2026-04-09,823724,DET,0,6,5,1,0,2,L
676684,Will Vest,2026-04-09,823724,DET,0,6,5,3,0,1,R
676428,Brant Hurter,2026-04-09,823724,DET,0,1,1,0,0,0,L
676974,Max Meyer,2026-04-09,823884,MIA,1,23,20,4,1,4,R
669622,Anthony Bender,2026-04-09,823884,MIA,0,4,4,1,0,1,R
663969,Tyler Phillips,2026-04-09,823884,MIA,0,12,11,2,0,4,R
695076,Rhett Lowder,2026-04-09,823884,CIN,1,26,24,8,0,2,R
656271,Brock Burke,2026-04-09,823884,CIN,0,2,2,0,0,1,L
683742,Jose Franco,2026-04-09,823884,CIN,0,12,9,4,0,2,R
607625,Seth Lugo,2026-04-09,824130,KC,1,24,20,4,0,4,R
670167,John Schreiber,2026-04-09,824130,KC,0,3,2,0,0,0,R
669212,Eli Morgan,2026-04-09,824130,KC,0,8,7,1,0,1,R
641743,Anthony Kay,2026-04-09,824130,CWS,1,24,20,3,0,6,L
691799,Grant Taylor,2026-04-09,824130,CWS,0,6,6,2,0,1,R
673929,Jordan Leasure,2026-04-09,824130,CWS,0,4,3,0,0,2,R
622554,Seranthony Domínguez,2026-04-09,824130,CWS,0,4,3,0,0,2,R
571578,Patrick Corbin,2026-04-10,822829,TOR,1,21,17,6,2,3,L
667297,Tommy Nance,2026-04-10,822829,TOR,0,3,3,1,0,1,R
573009,Joe Mantiply,2026-04-10,822829,TOR,0,3,3,0,0,3,L
686973,Louis Varland,2026-04-10,822829,TOR,0,4,3,0,0,1,R
680755,Braydon Fisher,2026-04-10,822829,TOR,0,7,6,0,0,4,R
680573,Simeon Woods Richardson,2026-04-10,822829,MIN,1,19,18,6,1,2,R
607455,Anthony Banda,2026-04-10,822829,MIN,0,9,7,3,1,1,L
573124,Taylor Rogers,2026-04-10,822829,MIN,0,7,7,3,0,1,L
623437,Justin Topa,2026-04-10,822829,MIN,0,5,5,2,0,0,R
571927,Steven Matz,2026-04-10,822997,TB,1,20,16,2,0,7,L
643377,Griffin Jax,2026-04-10,822997,TB,0,3,3,0,0,2,R
693855,Ian Seymour,2026-04-10,822997,TB,0,3,3,0,0,1,L
685801,Hunter Bigge,2026-04-10,822997,TB,0,4,4,1,1,1,R
641329,Bryan Baker,2026-04-10,822997,TB,0,5,5,2,0,1,R
661563,Luis Gil,2026-04-10,822997,NYY,1,19,15,3,1,2,R
656234,Jake Bird,2026-04-10,822997,NYY,0,5,5,2,0,2,R
687396,Brent Headrick,2026-04-10,822997,NYY,0,4,3,2,0,1,L
666808,Camilo Doval,2026-04-10,822997,NYY,0,3,3,1,0,0,R
642232,Ryan Yarbrough,2026-04-10,822997,NYY,0,8,6,1,0,0,L
669160,Dustin May,2026-04-10,823076,STL,1,23,22,4,0,4,R
592773,Ryne Stanek,2026-04-10,823076,STL,0,3,3,0,0,1,R
668941,JoJo Romero,2026-04-10,823076,STL,0,5,4,1,0,1,L
676617,Riley O'Brien,2026-04-10,823076,STL,0,3,3,0,0,1,R
813349,Connelly Early,2026-04-10,823076,BOS,1,21,17,5,0,5,L
677161,Zack Kelly,2026-04-10,823076,BOS,0,5,3,2,0,0,R
701719,Tyler Samaniego,2026-04-10,823076,BOS,0,4,2,0,0,1,L
669711,Greg Weissert,2026-04-10,823076,BOS,0,4,4,0,0,1,R
663558,Jovani Morán,2026-04-10,823076,BOS,0,5,4,1,0,2,L
676106,Emerson Hancock,2026-04-10,823156,SEA,1,19,17,4,0,5,R
642100,Gabe Speier,2026-04-10,823156,SEA,0,4,3,1,0,0,L
660825,Eduard Bazardo,2026-04-10,823156,SEA,0,3,3,0,0,0,R
677961,Cole Wilcox,2026-04-10,823156,SEA,0,5,4,3,1,0,R
666374,Matt Brash,2026-04-10,823156,SEA,0,1,1,0,0,0,R
662253,Andrés Muñoz,2026-04-10,823156,SEA,0,5,3,0,0,1,R
837227,Tatsuya Imai,2026-04-10,823156,HOU,1,7,2,1,0,0,R
595345,Steven Okert,2026-04-10,823156,HOU,0,5,5,0,0,2,L
680802,Ryan Weiss,2026-04-10,823156,HOU,0,13,11,4,1,4,R
641585,J.P. France,2026-04-10,823156,HOU,0,15,10,3,0,3,R
660853,Enyel De Los Santos,2026-04-10,823156,HOU,0,4,4,1,0,1,R
621111,Walker Buehler,2026-04-10,823318,SD,1,20,20,3,0,4,R
606996,Kyle Hart,2026-04-10,823318,SD,0,4,3,1,0,0,L
670970,Adrian Morejon,2026-04-10,823318,SD,0,6,6,4,0,0,L
592094,Jason Adam,2026-04-10,823318,SD,0,1,1,0,0,0,R
695243,Mason Miller,2026-04-10,823318,SD,0,3,3,0,0,3,R
608372,Tomoyuki Sugano,2026-04-10,823318,COL,1,22,22,4,2,3,R
622608,Antonio Senzatela,2026-04-10,823318,COL,0,6,4,0,0,3,R
677955,Jaden Hill,2026-04-10,823318,COL,0,1,1,0,0,0,R
675848,Juan Mejia,2026-04-10,823318,COL,0,4,3,2,1,0,R
666200,Jesús Luzardo,2026-04-10,823482,PHI,1,22,19,5,0,8,L
680742,Jonathan Bowlan,2026-04-10,823482,PHI,0,4,4,0,0,1,R
641745,Brad Keller,2026-04-10,823482,PHI,0,3,3,0,0,0,R
689147,Orion Kerkering,2026-04-10,823482,PHI,0,4,3,1,0,0,R
621383,Tanner Banks,2026-04-10,823482,PHI,0,4,4,1,0,1,L
647336,Michael Soroka,2026-04-10,823482,AZ,1,25,21,5,1,10,R
642528,Jonathan Loáisiga,2026-04-10,823482,AZ,0,3,3,0,0,3,R
666661,Juan Morillo,2026-04-10,823482,AZ,0,5,5,1,0,3,R
623149,Paul Sewald,2026-04-10,823482,AZ,0,4,4,1,0,0,R
605280,Clay Holmes,2026-04-10,823643,NYM,1,23,20,5,0,3,R
668964,Tobias Myers,2026-04-10,823643,NYM,0,13,13,4,0,1,R
663992,Richard Lovelady,2026-04-10,823643,NYM,0,1,1,0,0,0,L
669372,J.T. Ginn,2026-04-10,823643,ATH,1,14,13,1,0,4,R
643410,Mark Leiter Jr.,2026-04-10,823643,ATH,0,4,4,1,0,1,R
678022,Jack Perkins,2026-04-10,823643,ATH,0,9,9,3,0,3,R
605130,Scott Barlow,2026-04-10,823643,ATH,0,2,2,0,0,1,R
665660,Elvis Alvarado,2026-04-10,823643,ATH,0,4,4,1,0,1,R
676879,Aaron Ashby,2026-04-10,823808,MIL,1,10,10,3,0,4,L
694477,Chad Patrick,2026-04-10,823808,MIL,0,12,11,3,0,0,R
672582,Angel Zerpa,2026-04-10,823808,MIL,0,5,4,1,0,0,L
682842,Abner Uribe,2026-04-10,823808,MIL,0,4,4,1,0,2,R
656730,Trevor Megill,2026-04-10,823808,MIL,0,5,2,2,0,0,R
668834,Easton McGee,2026-04-10,823808,MIL,0,3,3,1,0,0,R
663623,Jake Irvin,2026-04-10,823808,WSH,1,22,17,2,1,5,R
687606,Paxton Schultz,2026-04-10,823808,WSH,0,5,4,1,0,1,R
672335,Cionel Pérez,2026-04-10,823808,WSH,0,3,3,1,0,0,L
676571,PJ Poulin,2026-04-10,823808,WSH,0,3,3,0,0,0,L
690925,Clayton Beeter,2026-04-10,823808,WSH,0,3,3,0,0,1,R
607192,Tyler Glasnow,2026-04-10,823968,LAD,1,24,23,5,2,7,R
681911,Alex Vesia,2026-04-10,823968,LAD,0,4,3,0,0,3,L
656945,Tanner Scott,2026-04-10,823968,LAD,0,3,3,0,0,2,L
621242,Edwin Díaz,2026-04-10,823968,LAD,0,8,7,4,1,2,R
677958,Kumar Rocker,2026-04-10,823968,TEX,1,21,18,5,2,5,R
676395,Robert Garcia,2026-04-10,823968,TEX,0,6,5,3,0,0,L
656222,Jalen Beeks,2026-04-10,823968,TEX,0,4,4,2,0,0,L
681168,Luis Curvelo,2026-04-10,823968,TEX,0,7,6,4,1,0,R
656641,Jacob Latz,2026-04-10,823968,TEX,0,3,3,1,1,2,L
663460,Kris Bubic,2026-04-10,824128,KC,1,24,23,2,0,11,L
621381,Matt Strahm,2026-04-10,824128,KC,0,3,3,0,0,0,L
668674,Lucas Erceg,2026-04-10,824128,KC,0,3,3,0,0,0,R
663436,Davis Martin,2026-04-10,824128,CWS,1,26,26,7,1,3,R
701474,Duncan Davitt,2026-04-10,824128,CWS,0,3,2,0,0,0,R
672456,Keider Montero,2026-04-10,824297,DET,1,21,20,2,0,7,R
676428,Brant Hurter,2026-04-10,824297,DET,0,3,3,0,0,1,L
640448,Kyle Finnegan,2026-04-10,824297,DET,0,3,2,0,0,0,R
445276,Kenley Jansen,2026-04-10,824297,DET,0,3,3,0,0,1,R
663978,Chris Paddack,2026-04-10,824297,MIA,1,25,24,7,1,4,R
669199,Lake Bachar,2026-04-10,824297,MIA,0,8,7,1,0,3,R
695505,Chase Burns,2026-04-10,824534,CIN,1,27,23,7,2,2,R
683175,Connor Phillips,2026-04-10,824534,CIN,0,6,6,1,0,3,R
594580,Sam Moll,2026-04-10,824534,CIN,0,3,1,0,0,0,L
693312,Kyle Nicolas,2026-04-10,824534,CIN,0,6,4,2,1,1,R
664731,P.J. Higgins,2026-04-10,824534,CIN,0,3,3,0,0,1,R
686799,Jack Kochanowicz,2026-04-10,824534,LAA,1,27,23,2,0,2,R
815083,Mitch Farris,2026-04-10,824534,LAA,0,9,8,2,1,2,L
684007,Shota Imanaga,2026-04-10,824695,CHC,1,19,18,0,0,9,L
573204,Caleb Thielbar,2026-04-10,824695,CHC,0,5,5,3,1,0,L
681799,Ethan Roberts,2026-04-10,824695,CHC,0,4,3,0,0,1,R
702303,Riley Martin,2026-04-10,824695,CHC,0,3,3,0,0,1,L
669387,Carmen Mlodzinski,2026-04-10,824695,PIT,1,23,20,6,0,2,R
682254,Mason Montgomery,2026-04-10,824695,PIT,0,3,2,0,0,2,L
676755,Isaac Mattson,2026-04-10,824695,PIT,0,4,3,0,0,0,R
642397,Gregory Soto,2026-04-10,824695,PIT,0,5,3,0,0,0,L
642701,Dennis Santana,2026-04-10,824695,PIT,0,3,3,0,0,2,R
669358,Shane Baz,2026-04-10,824858,BAL,1,25,23,9,1,4,R
666974,Yennier Cano,2026-04-10,824858,BAL,0,3,3,0,0,1,R
675919,Nick Raquet,2026-04-10,824858,BAL,0,6,5,2,1,0,L
544150,Albert Suárez,2026-04-10,824858,BAL,0,7,7,1,0,1,R
694738,Landen Roupp,2026-04-10,824858,SF,1,25,23,5,0,4,R
676775,Keaton Winn,2026-04-10,824858,SF,0,3,3,0,0,0,R
664141,JT Brubaker,2026-04-10,824858,SF,0,4,2,0,0,1,R
657424,Matt Gage,2026-04-10,824858,SF,0,1,1,0,0,0,L
694918,Blade Tidwell,2026-04-10,824858,SF,0,6,6,3,1,1,R
693821,Bryce Elder,2026-04-10,824941,ATL,1,21,18,4,1,3,R
607481,Aaron Bummer,2026-04-10,824941,ATL,0,1,1,0,0,0,L
641755,Tyler Kinley,2026-04-10,824941,ATL,0,3,3,0,0,0,R
669276,Dylan Lee,2026-04-10,824941,ATL,0,3,3,0,0,1,L
660761,José Suarez,2026-04-10,824941,ATL,0,7,6,4,0,1,L
606303,Joel Payamps,2026-04-10,824941,ATL,0,1,1,0,0,0,R
674370,Osvaldo Bido,2026-04-10,824941,ATL,0,3,2,0,0,0,R
677944,Slade Cecconi,2026-04-10,824941,CLE,1,23,22,7,2,3,R
670036,Matt Festa,2026-04-10,824941,CLE,0,5,5,3,1,0,R
688883,Peyton Pallette,2026-04-10,824941,CLE,0,7,5,2,0,1,R
663465,Kolby Allard,2026-04-10,824941,CLE,0,6,6,3,0,1,L
641778,Eric Lauer,2026-04-11,822830,TOR,1,25,20,5,2,3,L
693686,Spencer Miles,2026-04-11,822830,TOR,0,12,11,1,0,2,R
657746,Joe Ryan,2026-04-11,822830,MIN,1,24,22,2,1,5,R
681892,Kody Funderburk,2026-04-11,822830,MIN,0,5,4,1,0,0,L
663485,Cole Sands,2026-04-11,822830,MIN,0,5,5,2,1,0,R
607259,Nick Martinez,2026-04-11,822996,TB,1,22,19,5,1,4,R
687330,Kevin Kelly,2026-04-11,822996,TB,0,1,1,0,0,1,R
693855,Ian Seymour,2026-04-11,822996,TB,0,5,5,0,0,3,L
643377,Griffin Jax,2026-04-11,822996,TB,0,2,1,0,0,1,R
641329,Bryan Baker,2026-04-11,822996,TB,0,6,5,2,0,0,R
685801,Hunter Bigge,2026-04-11,822996,TB,0,5,3,0,0,0,R
642121,Cole Sulser,2026-04-11,822996,TB,0,4,4,1,0,0,R
608331,Max Fried,2026-04-11,822996,NYY,1,30,28,6,0,6,L
518585,Fernando Cruz,2026-04-11,822996,NYY,0,3,3,1,0,1,R
657612,Tim Hill,2026-04-11,822996,NYY,0,1,1,0,0,0,L
670280,David Bednar,2026-04-11,822996,NYY,0,5,4,2,0,1,R
681517,Kyle Leahy,2026-04-11,823074,STL,1,17,13,3,0,2,R
700669,Gordon Graceffo,2026-04-11,823074,STL,0,10,8,1,0,2,R
677865,Justin Bruihl,2026-04-11,823074,STL,0,3,3,0,0,1,L
694335,Matt Svanson,2026-04-11,823074,STL,0,10,9,6,0,1,R
694363,Jared Shuster,2026-04-11,823074,STL,0,2,2,0,0,0,L
624133,Ranger Suarez,2026-04-11,823074,BOS,1,22,20,3,0,6,L
669711,Greg Weissert,2026-04-11,823074,BOS,0,4,2,0,0,0,R
543056,Danny Coulombe,2026-04-11,823074,BOS,0,1,1,0,0,0,L
676477,Garrett Whitlock,2026-04-11,823074,BOS,0,4,4,1,1,2,R
670245,Ryan Watson,2026-04-11,823074,BOS,0,5,4,1,0,0,R
622491,Luis Castillo,2026-04-11,823155,SEA,1,21,20,10,1,3,R
668984,Casey Legumina,2026-04-11,823155,SEA,0,6,6,2,0,2,R
678606,José A. Ferrer,2026-04-11,823155,SEA,0,4,4,1,0,1,L
660825,Eduard Bazardo,2026-04-11,823155,SEA,0,5,5,2,0,2,R
666374,Matt Brash,2026-04-11,823155,SEA,0,5,4,1,0,0,R
662253,Andrés Muñoz,2026-04-11,823155,SEA,0,6,4,1,0,1,R
621121,Lance McCullers Jr.,2026-04-11,823155,HOU,1,19,17,5,1,4,R
595345,Steven Okert,2026-04-11,823155,HOU,0,3,2,1,1,0,L
678906,Kai-Wei Teng,2026-04-11,823155,HOU,0,3,2,0,0,2,R
687911,Bryan King,2026-04-11,823155,HOU,0,4,3,0,0,1,L
805123,AJ Blubaugh,2026-04-11,823155,HOU,0,3,3,0,0,0,R
650556,Bryan Abreu,2026-04-11,823155,HOU,0,5,2,1,0,1,R
608566,Germán Márquez,2026-04-11,823316,SD,1,20,18,4,3,5,R
593974,Wandy Peralta,2026-04-11,823316,SD,0,6,5,1,0,2,L
676760,Ron Marinaccio,2026-04-11,823316,SD,0,6,6,2,0,2,R
699134,Bradgley Rodriguez,2026-04-11,823316,SD,0,5,4,2,0,1,R
592094,Jason Adam,2026-04-11,823316,SD,0,1,1,0,0,0,R
663372,Ryan Feltner,2026-04-11,823316,COL,1,21,18,7,2,4,R
688642,Zach Agnos,2026-04-11,823316,COL,0,8,5,1,0,0,R
657514,Brennan Bernardino,2026-04-11,823316,COL,0,4,3,1,0,1,L
547179,Michael Lorenzen,2026-04-11,823316,COL,0,4,3,0,0,0,R
623474,Jimmy Herget,2026-04-11,823316,COL,0,3,3,1,0,0,R
592836,Taijuan Walker,2026-04-11,823480,PHI,1,19,17,4,1,6,R
641835,Tim Mayza,2026-04-11,823480,PHI,0,3,3,1,0,1,L
689147,Orion Kerkering,2026-04-11,823480,PHI,0,3,3,0,0,1,R
621237,José Alvarado,2026-04-11,823480,PHI,0,2,1,0,0,0,L
641745,Brad Keller,2026-04-11,823480,PHI,0,6,5,2,0,2,R
661395,Jhoan Duran,2026-04-11,823480,PHI,0,3,3,0,0,1,R
694297,Brandon Pfaadt,2026-04-11,823480,AZ,1,28,24,5,2,6,R
656464,Kevin Ginkel,2026-04-11,823480,AZ,0,4,3,0,0,2,R
657044,Ryan Thompson,2026-04-11,823480,AZ,0,3,3,0,0,3,R
673540,Kodai Senga,2026-04-11,823644,NYM,1,17,15,8,2,3,R
623211,Huascar Brazobán,2026-04-11,823644,NYM,0,9,9,2,0,3,R
548384,Brooks Raley,2026-04-11,823644,NYM,0,4,3,0,0,1,L
518886,Craig Kimbrel,2026-04-11,823644,NYM,0,4,4,1,0,2,R
596133,Luke Weaver,2026-04-11,823644,NYM,0,7,6,3,1,1,R
472610,Luis García,2026-04-11,823644,NYM,0,4,4,1,0,1,R
682052,Jacob Lopez,2026-04-11,823644,ATH,1,25,22,7,2,5,L
669270,Joel Kuhnel,2026-04-11,823644,ATH,0,4,3,1,0,0,R
686993,Justin Sterner,2026-04-11,823644,ATH,0,6,5,2,1,1,R
643410,Mark Leiter Jr.,2026-04-11,823644,ATH,0,3,3,0,0,3,R
665622,Luis Medina,2026-04-11,823644,ATH,0,3,3,0,0,1,R
690986,Kyle Harrison,2026-04-11,823805,MIL,1,19,17,5,0,1,L
681982,Grant Anderson,2026-04-11,823805,MIL,0,2,2,0,0,1,R
687075,Brandon Sproat,2026-04-11,823805,MIL,0,15,12,4,0,3,R
669084,DL Hall,2026-04-11,823805,MIL,0,2,1,0,0,0,L
656492,Foster Griffin,2026-04-11,823805,WSH,1,20,17,1,0,1,L
695418,Brad Lord,2026-04-11,823805,WSH,0,6,5,0,0,3,R
672335,Cionel Pérez,2026-04-11,823805,WSH,0,3,3,0,0,1,L
690925,Clayton Beeter,2026-04-11,823805,WSH,0,7,5,1,1,2,R
686218,Emmet Sheehan,2026-04-11,823967,LAD,1,22,21,4,2,6,R
676263,Jack Dreyer,2026-04-11,823967,LAD,0,3,3,0,0,3,L
656945,Tanner Scott,2026-04-11,823967,LAD,0,3,3,0,0,0,L
595014,Blake Treinen,2026-04-11,823967,LAD,0,4,3,0,0,1,R
681911,Alex Vesia,2026-04-11,823967,LAD,0,1,1,0,0,1,L
683004,Jack Leiter,2026-04-11,823967,TEX,1,19,15,5,2,4,R
641302,Tyler Alexander,2026-04-11,823967,TEX,0,9,8,2,0,2,L
676395,Robert Garcia,2026-04-11,823967,TEX,0,4,3,0,0,0,L
455119,Chris Martin,2026-04-11,823967,TEX,0,4,4,2,0,2,R
608379,Michael Wacha,2026-04-11,824129,KC,1,28,27,4,0,7,R
668674,Lucas Erceg,2026-04-11,824129,KC,0,3,3,0,0,1,R
607200,Erick Fedde,2026-04-11,824129,CWS,1,21,18,3,1,4,R
656794,Sean Newcomb,2026-04-11,824129,CWS,0,6,6,0,0,1,L
663855,Jordan Hicks,2026-04-11,824129,CWS,0,4,3,1,0,1,R
663554,Casey Mize,2026-04-11,824294,DET,1,25,23,6,0,5,R
623454,Drew Anderson,2026-04-11,824294,DET,0,12,10,0,0,2,R
676083,Janson Junk,2026-04-11,824294,MIA,1,22,19,5,1,4,R
667463,John King,2026-04-11,824294,MIA,0,5,3,0,0,2,L
656848,Michael Petersen,2026-04-11,824294,MIA,0,3,3,0,0,0,R
669622,Anthony Bender,2026-04-11,824294,MIA,0,5,4,1,0,0,R
682227,Brandon Williamson,2026-04-11,824535,CIN,1,21,14,3,0,3,L
683175,Connor Phillips,2026-04-11,824535,CIN,0,4,2,0,0,0,R
572955,Pierce Johnson,2026-04-11,824535,CIN,0,5,5,1,0,3,R
668933,Graham Ashcraft,2026-04-11,824535,CIN,0,3,3,1,0,0,R
663574,Tony Santillan,2026-04-11,824535,CIN,0,3,3,0,0,1,R
641941,Emilio Pagán,2026-04-11,824535,CIN,0,4,3,0,0,0,R
691946,George Klassen,2026-04-11,824535,LAA,1,16,11,4,1,2,R
608718,Brent Suter,2026-04-11,824535,LAA,0,12,12,2,0,2,L
666171,Ryan Zeferjahn,2026-04-11,824535,LAA,0,8,8,2,0,1,R
681217,Chase Silseth,2026-04-11,824535,LAA,0,5,1,0,0,1,R
665795,Edward Cabrera,2026-04-11,824697,CHC,1,25,21,8,0,4,R
676962,Ben Brown,2026-04-11,824697,CHC,0,8,7,2,0,3,R
657097,Jacob Webb,2026-04-11,824697,CHC,0,3,3,1,0,2,R
571948,Hoby Milner,2026-04-11,824697,CHC,0,3,3,0,0,0,L
694037,Daniel Palencia,2026-04-11,824697,CHC,0,4,3,0,0,0,R
573204,Caleb Thielbar,2026-04-11,824697,CHC,0,5,4,0,0,3,L
677952,Braxton Ashcraft,2026-04-11,824697,PIT,1,20,19,4,0,9,R
682254,Mason Montgomery,2026-04-11,824697,PIT,0,4,4,1,0,2,L
664875,Justin Lawrence,2026-04-11,824697,PIT,0,4,3,1,0,0,R
642397,Gregory Soto,2026-04-11,824697,PIT,0,1,1,0,0,0,L
676755,Isaac Mattson,2026-04-11,824697,PIT,0,5,5,2,0,1,R
642701,Dennis Santana,2026-04-11,824697,PIT,0,6,4,1,0,0,R
670990,Yohan Ramírez,2026-04-11,824697,PIT,0,10,7,0,0,2,R
605135,Chris Bassitt,2026-04-11,824857,BAL,1,21,20,7,0,2,R
664991,Grant Wolfram,2026-04-11,824857,BAL,0,3,3,0,0,1,L
666974,Yennier Cano,2026-04-11,824857,BAL,0,1,1,0,0,0,R
670329,Rico Garcia,2026-04-11,824857,BAL,0,3,3,0,0,1,R
689296,Anthony Nunez,2026-04-11,824857,BAL,0,4,4,1,0,2,R
664854,Ryan Helsley,2026-04-11,824857,BAL,0,4,4,2,0,0,R
657277,Logan Webb,2026-04-11,824857,SF,1,26,23,5,1,6,R
668873,Caleb Kilian,2026-04-11,824857,SF,0,4,3,1,1,2,R
621366,Ryan Borucki,2026-04-11,824857,SF,0,7,7,3,0,3,L
527048,Martín Pérez,2026-04-11,824939,ATL,1,19,16,2,1,2,L
606303,Joel Payamps,2026-04-11,824939,ATL,0,3,3,2,0,1,R
607481,Aaron Bummer,2026-04-11,824939,ATL,0,4,2,0,0,0,L
674370,Osvaldo Bido,2026-04-11,824939,ATL,0,12,10,2,0,1,R
641755,Tyler Kinley,2026-04-11,824939,ATL,0,3,2,1,0,0,R
800048,Parker Messick,2026-04-11,824939,CLE,1,26,24,4,0,5,L
641401,Connor Brogdon,2026-04-11,824939,CLE,0,1,1,0,0,0,R
681870,Erik Sabrowski,2026-04-11,824939,CLE,0,3,3,0,0,2,L
542888,Shawn Armstrong,2026-04-11,824939,CLE,0,5,4,1,0,2,R
453286,Max Scherzer,2026-04-12,822828,TOR,1,15,11,5,2,3,R
573009,Joe Mantiply,2026-04-12,822828,TOR,0,8,7,2,0,1,L
667297,Tommy Nance,2026-04-12,822828,TOR,0,3,3,0,0,1,R
689254,Mason Fluharty,2026-04-12,822828,TOR,0,3,3,0,0,2,L
686973,Louis Varland,2026-04-12,822828,TOR,0,3,3,0,0,3,R
643511,Tyler Rogers,2026-04-12,822828,TOR,0,3,3,1,0,0,R
656546,Jeff Hoffman,2026-04-12,822828,TOR,0,3,3,0,0,2,R
671737,Taj Bradley,2026-04-12,822828,MIN,1,23,19,5,0,7,R
702193,Andrew Morris,2026-04-12,822828,MIN,0,15,14,6,0,2,R
623437,Justin Topa,2026-04-12,822828,MIN,0,3,3,1,0,0,R
656876,Drew Rasmussen,2026-04-12,822998,TB,1,19,19,1,0,7,R
642121,Cole Sulser,2026-04-12,822998,TB,0,4,3,2,0,0,R
687330,Kevin Kelly,2026-04-12,822998,TB,0,5,5,1,0,0,R
669438,Mason Englert,2026-04-12,822998,TB,0,7,6,3,1,1,R
693645,Cam Schlittler,2026-04-12,822998,NYY,1,23,22,7,0,8,R
642232,Ryan Yarbrough,2026-04-12,822998,NYY,0,5,5,2,0,1,L
666808,Camilo Doval,2026-04-12,822998,NYY,0,3,2,0,0,0,R
687396,Brent Headrick,2026-04-12,822998,NYY,0,5,3,2,0,0,L
669467,Andre Pallante,2026-04-12,823075,STL,1,27,24,9,1,2,R
666277,George Soriano,2026-04-12,823075,STL,0,3,3,0,0,1,R
694363,Jared Shuster,2026-04-12,823075,STL,0,13,11,2,0,1,L
678394,Brayan Bello,2026-04-12,823075,BOS,1,27,24,6,1,2,R
543056,Danny Coulombe,2026-04-12,823075,BOS,0,1,1,0,0,0,L
677161,Zack Kelly,2026-04-12,823075,BOS,0,7,7,1,1,2,R
669302,Logan Gilbert,2026-04-12,823154,SEA,1,24,23,4,1,7,R
678606,José A. Ferrer,2026-04-12,823154,SEA,0,3,3,0,0,0,L
681867,Cooper Criswell,2026-04-12,823154,SEA,0,3,3,1,0,1,R
675989,Cody Bolton,2026-04-12,823154,HOU,1,9,4,1,0,1,R
681151,Jayden Murray,2026-04-12,823154,HOU,0,11,7,2,0,3,R
685005,Christian Roa,2026-04-12,823154,HOU,0,13,11,4,0,2,R
660853,Enyel De Los Santos,2026-04-12,823154,HOU,0,4,4,0,0,0,R
650556,Bryan Abreu,2026-04-12,823154,HOU,0,5,4,1,0,1,R
601713,Nick Pivetta,2026-04-12,823317,SD,1,9,9,0,0,4,R
606996,Kyle Hart,2026-04-12,823317,SD,0,10,8,1,0,1,L
688158,David Morgan,2026-04-12,823317,SD,0,6,5,0,0,4,R
593974,Wandy Peralta,2026-04-12,823317,SD,0,3,3,0,0,1,L
699134,Bradgley Rodriguez,2026-04-12,823317,SD,0,4,4,1,0,2,R
607536,Kyle Freeland,2026-04-12,823317,COL,1,0,0,0,0,0,L
623474,Jimmy Herget,2026-04-12,823317,COL,0,6,2,1,0,0,R
801403,Chase Dollander,2026-04-12,823317,COL,0,4,2,1,0,0,R
678368,Valente Bellozo,2026-04-12,823317,COL,0,24,19,8,3,1,R
657514,Brennan Bernardino,2026-04-12,823317,COL,0,1,1,0,0,0,L
680767,Victor Vodnik,2026-04-12,823317,COL,0,3,2,0,0,1,R
647315,Zach Pop,2026-04-12,823479,PHI,1,9,9,3,0,1,R
691725,Andrew Painter,2026-04-12,823479,PHI,0,19,16,3,0,7,R
621237,José Alvarado,2026-04-12,823479,PHI,0,3,3,2,0,0,L
680742,Jonathan Bowlan,2026-04-12,823479,PHI,0,4,3,1,0,2,R
641835,Tim Mayza,2026-04-12,823479,PHI,0,3,3,0,0,1,L
668678,Zac Gallen,2026-04-12,823479,AZ,1,22,21,8,1,2,R
642528,Jonathan Loáisiga,2026-04-12,823479,AZ,0,3,3,0,0,0,R
664199,Taylor Clarke,2026-04-12,823479,AZ,0,4,4,1,0,0,R
656464,Kevin Ginkel,2026-04-12,823479,AZ,0,3,2,1,0,1,R
657044,Ryan Thompson,2026-04-12,823479,AZ,0,1,1,0,0,0,R
623149,Paul Sewald,2026-04-12,823479,AZ,0,3,3,0,0,2,R
642547,Freddy Peralta,2026-04-12,823642,NYM,1,25,22,4,1,6,R
640455,Sean Manaea,2026-04-12,823642,NYM,0,9,9,0,0,4,L
650644,Aaron Civale,2026-04-12,823642,ATH,1,20,20,4,0,3,R
663687,Hogan Harris,2026-04-12,823642,ATH,0,3,3,0,0,2,L
605130,Scott Barlow,2026-04-12,823642,ATH,0,4,3,0,0,0,R
665660,Elvis Alvarado,2026-04-12,823642,ATH,0,1,1,0,0,0,R
669270,Joel Kuhnel,2026-04-12,823642,ATH,0,3,3,0,0,0,R
605540,Brandon Woodruff,2026-04-12,823804,MIL,1,23,21,3,1,6,R
682842,Abner Uribe,2026-04-12,823804,MIL,0,4,4,2,0,0,R
672582,Angel Zerpa,2026-04-12,823804,MIL,0,7,5,4,0,0,L
676879,Aaron Ashby,2026-04-12,823804,MIL,0,3,3,1,0,1,L
663765,Jake Woodford,2026-04-12,823804,MIL,0,5,5,2,0,0,R
641793,Zack Littell,2026-04-12,823804,WSH,1,21,21,6,3,3,R
686610,Ken Waldichuk,2026-04-12,823804,WSH,0,7,6,1,0,1,L
669371,Cole Henry,2026-04-12,823804,WSH,0,2,1,1,1,0,R
676571,PJ Poulin,2026-04-12,823804,WSH,0,5,5,1,0,0,L
681402,Gus Varland,2026-04-12,823804,WSH,0,3,3,0,0,1,R
808963,Roki Sasaki,2026-04-12,823966,LAD,1,22,17,5,1,6,R
683618,Edgardo Henriquez,2026-04-12,823966,LAD,0,5,3,1,0,0,R
676263,Jack Dreyer,2026-04-12,823966,LAD,0,3,3,0,0,0,L
676508,Ben Casparius,2026-04-12,823966,LAD,0,6,4,2,0,1,R
694361,Will Klein,2026-04-12,823966,LAD,0,8,7,2,0,4,R
594798,Jacob deGrom,2026-04-12,823966,TEX,1,24,21,4,1,9,R
656641,Jacob Latz,2026-04-12,823966,TEX,0,5,4,2,0,0,L
668390,Cole Winn,2026-04-12,823966,TEX,0,5,4,0,0,1,R
596001,Jakob Junis,2026-04-12,823966,TEX,0,4,3,0,0,2,R
702070,Noah Cameron,2026-04-12,824126,KC,1,23,21,6,2,4,L
683232,Nick Mears,2026-04-12,824126,KC,0,3,2,0,0,1,R
670167,John Schreiber,2026-04-12,824126,KC,0,6,3,1,0,1,R
663738,Daniel Lynch IV,2026-04-12,824126,KC,0,4,3,0,0,1,L
656638,Alex Lange,2026-04-12,824126,KC,0,4,3,0,0,2,R
691799,Grant Taylor,2026-04-12,824126,CWS,1,6,6,0,0,2,R
656794,Sean Newcomb,2026-04-12,824126,CWS,0,3,2,1,0,0,L
686563,Jonathan Cannon,2026-04-12,824126,CWS,0,3,0,0,0,0,R
685126,Brandon Eisert,2026-04-12,824126,CWS,0,6,5,3,0,1,L
663855,Jordan Hicks,2026-04-12,824126,CWS,0,5,5,2,0,0,R
663542,Bryan Hudson,2026-04-12,824126,CWS,0,4,4,0,0,3,L
673929,Jordan Leasure,2026-04-12,824126,CWS,0,5,4,0,0,0,R
608371,Lucas Sims,2026-04-12,824126,CWS,0,3,3,0,0,1,R
622554,Seranthony Domínguez,2026-04-12,824126,CWS,0,4,3,0,0,2,R
669373,Tarik Skubal,2026-04-12,824293,DET,1,24,20,2,0,7,L
640448,Kyle Finnegan,2026-04-12,824293,DET,0,5,5,2,0,0,R
657756,Connor Seabold,2026-04-12,824293,DET,0,5,5,2,1,1,R
645261,Sandy Alcantara,2026-04-12,824293,MIA,1,30,28,10,3,4,R
663969,Tyler Phillips,2026-04-12,824293,MIA,0,9,8,2,0,2,R
671096,Andrew Abbott,2026-04-12,824533,CIN,1,18,15,8,1,1,L
693312,Kyle Nicolas,2026-04-12,824533,CIN,0,10,7,1,0,0,R
656271,Brock Burke,2026-04-12,824533,CIN,0,6,5,1,0,0,L
594580,Sam Moll,2026-04-12,824533,CIN,0,9,5,0,0,1,L
683175,Connor Phillips,2026-04-12,824533,CIN,0,3,3,0,0,1,R
667755,José Soriano,2026-04-12,824533,LAA,1,26,23,2,0,10,R
696147,Sam Bachman,2026-04-12,824533,LAA,0,7,4,2,0,1,R
680704,Nick Sandlin,2026-04-12,824533,LAA,0,4,3,1,0,0,R
519141,Drew Pomeranz,2026-04-12,824533,LAA,0,3,3,1,1,1,L
592791,Jameson Taillon,2026-04-12,824696,CHC,1,26,23,6,3,10,R
702303,Riley Martin,2026-04-12,824696,CHC,0,5,5,1,0,2,L
681799,Ethan Roberts,2026-04-12,824696,CHC,0,3,2,0,0,1,R
694037,Daniel Palencia,2026-04-12,824696,CHC,0,4,3,0,0,2,R
696149,Bubba Chandler,2026-04-12,824696,PIT,1,23,20,5,2,4,R
682995,Hunter Barco,2026-04-12,824696,PIT,0,8,6,1,0,1,L
664875,Justin Lawrence,2026-04-12,824696,PIT,0,6,4,1,0,2,R
664353,José Urquidy,2026-04-12,824696,PIT,0,5,4,3,0,0,R
700249,Cade Povich,2026-04-12,824859,BAL,1,24,24,5,0,5,L
689296,Anthony Nunez,2026-04-12,824859,BAL,0,1,1,0,0,1,R
669330,Tyler Wells,2026-04-12,824859,BAL,0,8,8,2,1,1,R
605288,Adrian Houser,2026-04-12,824859,SF,1,21,19,5,1,3,R
657424,Matt Gage,2026-04-12,824859,SF,0,4,3,1,0,1,L
676254,Ryan Walker,2026-04-12,824859,SF,0,5,5,3,0,2,R
669062,Erik Miller,2026-04-12,824859,SF,0,5,4,1,0,1,L
664141,JT Brubaker,2026-04-12,824859,SF,0,4,3,1,0,0,R
519242,Chris Sale,2026-04-12,824938,ATL,1,26,25,8,1,6,L
689266,Dylan Dodd,2026-04-12,824938,ATL,0,10,10,1,0,2,L
676440,Tanner Bibee,2026-04-12,824938,CLE,1,24,23,11,1,4,R
663465,Kolby Allard,2026-04-12,824938,CLE,0,18,16,8,0,1,L
595978,Austin Hedges,2026-04-12,824938,CLE,0,1,1,0,0,0,R
669461,Matthew Liberatore,2026-04-13,823073,STL,1,23,19,6,1,2,L
677865,Justin Bruihl,2026-04-13,823073,STL,0,5,4,1,1,1,L
700669,Gordon Graceffo,2026-04-13,823073,STL,0,5,4,0,0,1,R
681676,Ryan Fernandez,2026-04-13,823073,STL,0,9,9,4,0,2,R
668909,Gavin Williams,2026-04-13,823073,CLE,1,22,20,5,1,4,R
682120,Tim Herrin,2026-04-13,823073,CLE,0,5,4,1,0,1,L
681870,Erik Sabrowski,2026-04-13,823073,CLE,0,3,3,0,0,0,L
683769,Hunter Gaddis,2026-04-13,823073,CLE,0,6,4,2,0,1,R
671922,Cade Smith,2026-04-13,823073,CLE,0,4,4,1,0,0,R
669923,George Kirby,2026-04-13,823153,SEA,1,29,28,7,0,6,R
666374,Matt Brash,2026-04-13,823153,SEA,0,1,1,0,0,0,R
677961,Cole Wilcox,2026-04-13,823153,SEA,0,4,3,0,0,0,R
681347,Mike Burrows,2026-04-13,823153,HOU,1,30,29,11,2,3,R
641585,J.P. France,2026-04-13,823153,HOU,0,8,8,2,0,0,R
694973,Paul Skenes,2026-04-13,823400,PIT,1,20,19,1,1,6,R
664353,José Urquidy,2026-04-13,823400,PIT,0,9,9,6,1,0,R
681895,Evan Sisk,2026-04-13,823400,PIT,0,9,7,1,0,3,L
676917,Cade Cavalli,2026-04-13,823400,WSH,1,12,8,3,0,2,R
687606,Paxton Schultz,2026-04-13,823400,WSH,0,10,10,2,1,4,R
671131,Jackson Rutledge,2026-04-13,823400,WSH,0,12,10,6,0,2,R
695418,Brad Lord,2026-04-13,823400,WSH,0,6,5,3,1,1,R
687377,Orlando Ribalta,2026-04-13,823400,WSH,0,3,3,0,0,0,R
686894,Joey Wiemer,2026-04-13,823400,WSH,0,7,4,2,0,0,R
650911,Cristopher Sánchez,2026-04-13,823481,PHI,1,26,23,6,1,8,L
686751,Seth Johnson,2026-04-13,823481,PHI,0,13,10,4,0,1,R
689147,Orion Kerkering,2026-04-13,823481,PHI,0,5,5,1,0,3,R
665871,Javier Assad,2026-04-13,823481,CHC,1,26,23,11,2,3,R
657097,Jacob Webb,2026-04-13,823481,CHC,0,2,2,0,0,1,R
656212,Charlie Barnes,2026-04-13,823481,CHC,0,17,13,4,0,1,L
701542,Will Warren,2026-04-13,823563,NYY,1,17,15,3,0,6,R
518585,Fernando Cruz,2026-04-13,823563,NYY,0,3,1,0,0,0,R
657612,Tim Hill,2026-04-13,823563,NYY,0,7,7,3,0,0,L
656234,Jake Bird,2026-04-13,823563,NYY,0,7,6,4,1,1,R
666808,Camilo Doval,2026-04-13,823563,NYY,0,6,6,2,1,1,R
621112,Paul Blackburn,2026-04-13,823563,NYY,0,3,3,0,0,0,R
579328,Yusei Kikuchi,2026-04-13,823563,LAA,1,19,15,4,2,3,L
641312,Shaun Anderson,2026-04-13,823563,LAA,0,12,11,4,2,1,R
815083,Mitch Farris,2026-04-13,823563,LAA,0,6,6,2,0,1,L
519141,Drew Pomeranz,2026-04-13,823563,LAA,0,4,4,1,0,2,L
605447,Jordan Romano,2026-04-13,823563,LAA,0,5,3,3,1,0,R
641927,Bailey Ober,2026-04-13,823725,MIN,1,26,24,7,1,7,R
679358,Eric Orze,2026-04-13,823725,MIN,0,7,6,3,0,0,R
670183,Garrett Acton,2026-04-13,823725,MIN,0,7,5,0,0,3,R
676979,Garrett Crochet,2026-04-13,823725,BOS,1,18,14,9,2,0,L
663558,Jovani Morán,2026-04-13,823725,BOS,0,9,7,0,0,2,L
670245,Ryan Watson,2026-04-13,823725,BOS,0,8,8,2,2,2,R
701719,Tyler Samaniego,2026-04-13,823725,BOS,0,6,6,0,0,0,L
680736,Justin Wrobleski,2026-04-13,823964,LAD,1,25,25,2,0,2,L
656945,Tanner Scott,2026-04-13,823964,LAD,0,3,3,1,0,0,L
656849,David Peterson,2026-04-13,823964,NYM,1,25,20,5,1,7,L
518886,Craig Kimbrel,2026-04-13,823964,NYM,0,3,3,1,0,0,R
680702,Joey Gerber,2026-04-13,823964,NYM,0,9,8,2,0,5,R
665152,Dean Kremer,2026-04-13,824856,BAL,1,21,21,6,3,9,R
544150,Albert Suárez,2026-04-13,824856,BAL,0,10,9,4,1,0,R
670329,Rico Garcia,2026-04-13,824856,BAL,0,3,3,0,0,0,R
664854,Ryan Helsley,2026-04-13,824856,BAL,0,3,3,0,0,2,R
669194,Ryne Nelson,2026-04-13,824856,AZ,1,22,19,3,0,7,R
688497,Taylor Rashi,2026-04-13,824856,AZ,0,6,5,3,1,1,R
642528,Jonathan Loáisiga,2026-04-13,824856,AZ,0,5,3,1,1,0,R
694851,Andrew Hoffmann,2026-04-13,824856,AZ,0,5,5,1,1,1,R
656550,Grant Holmes,2026-04-13,824937,ATL,1,17,14,3,0,3,R
607481,Aaron Bummer,2026-04-13,824937,ATL,0,7,7,4,1,2,L
691548,Rolddy Muñoz,2026-04-13,824937,ATL,0,12,11,5,1,3,R
660761,José Suarez,2026-04-13,824937,ATL,0,9,9,4,0,1,L
691587,Eury Pérez,2026-04-13,824937,MIA,1,20,17,7,0,2,R
677053,Andrew Nardi,2026-04-13,824937,MIA,0,3,3,0,0,1,L
676534,Calvin Faucher,2026-04-13,824937,MIA,0,5,2,0,0,2,R
667463,John King,2026-04-13,824937,MIA,0,1,1,0,0,0,L
669199,Lake Bachar,2026-04-13,824937,MIA,0,8,7,1,0,4,R
669622,Anthony Bender,2026-04-13,824937,MIA,0,3,3,1,0,1,R
622663,Luis Severino,2026-04-13,825024,ATH,1,26,23,6,2,7,R
678022,Jack Perkins,2026-04-13,825024,ATH,0,11,10,5,0,4,R
665622,Luis Medina,2026-04-13,825024,ATH,0,5,4,0,0,1,R
543135,Nathan Eovaldi,2026-04-13,825024,TEX,1,26,23,3,0,7,R
681168,Luis Curvelo,2026-04-13,825024,TEX,0,8,8,2,1,1,R
700241,Michael McGreevy,2026-04-14,823072,STL,1,20,19,4,2,2,R
666277,George Soriano,2026-04-14,823072,STL,0,4,3,0,0,1,R
668941,JoJo Romero,2026-04-14,823072,STL,0,5,4,1,0,0,L
592773,Ryne Stanek,2026-04-14,823072,STL,0,6,6,4,0,0,R
694335,Matt Svanson,2026-04-14,823072,STL,0,3,3,0,0,2,R
676617,Riley O'Brien,2026-04-14,823072,STL,0,3,3,0,0,1,R
676282,Joey Cantillo,2026-04-14,823072,CLE,1,21,19,5,2,4,L
542888,Shawn Armstrong,2026-04-14,823072,CLE,0,4,4,1,0,1,R
681870,Erik Sabrowski,2026-04-14,823072,CLE,0,5,4,1,1,2,L
671922,Cade Smith,2026-04-14,823072,CLE,0,5,5,1,0,1,R
682120,Tim Herrin,2026-04-14,823072,CLE,0,1,0,0,0,0,L
650633,Michael King,2026-04-14,823315,SD,1,25,20,4,0,5,R
670970,Adrian Morejon,2026-04-14,823315,SD,0,3,3,0,0,1,L
592094,Jason Adam,2026-04-14,823315,SD,0,3,2,0,0,0,R
695243,Mason Miller,2026-04-14,823315,SD,0,3,3,0,0,1,R
693433,Bryan Woo,2026-04-14,823315,SEA,1,29,28,8,0,3,R
668984,Casey Legumina,2026-04-14,823315,SEA,0,6,6,3,0,1,R
656605,Mitch Keller,2026-04-14,823398,PIT,1,21,16,6,1,3,R
670990,Yohan Ramírez,2026-04-14,823398,PIT,0,6,6,0,0,2,R
682254,Mason Montgomery,2026-04-14,823398,PIT,0,4,4,1,0,2,L
676755,Isaac Mattson,2026-04-14,823398,PIT,0,7,7,2,0,1,R
676571,PJ Poulin,2026-04-14,823398,WSH,1,4,4,2,1,1,L
571945,Miles Mikolas,2026-04-14,823398,WSH,0,14,12,3,1,0,R
680730,Mitchell Parker,2026-04-14,823398,WSH,0,10,10,2,0,5,L
672335,Cionel Pérez,2026-04-14,823398,WSH,0,3,2,0,0,0,L
690925,Clayton Beeter,2026-04-14,823398,WSH,0,2,2,0,0,0,R
681402,Gus Varland,2026-04-14,823398,WSH,0,5,4,1,0,1,R
605400,Aaron Nola,2026-04-14,823478,PHI,1,23,21,8,0,5,R
641835,Tim Mayza,2026-04-14,823478,PHI,0,6,3,1,0,0,L
641745,Brad Keller,2026-04-14,823478,PHI,0,3,3,1,0,2,R
663767,Chase Shugart,2026-04-14,823478,PHI,0,8,7,2,0,3,R
621383,Tanner Banks,2026-04-14,823478,PHI,0,7,6,3,1,1,L
702303,Riley Martin,2026-04-14,823478,CHC,1,3,3,0,0,1,L
607067,Colin Rea,2026-04-14,823478,CHC,0,22,22,4,1,5,R
657097,Jacob Webb,2026-04-14,823478,CHC,0,3,3,2,0,0,R
573204,Caleb Thielbar,2026-04-14,823478,CHC,0,4,3,1,0,2,L
669020,Ryan Rolison,2026-04-14,823478,CHC,0,3,3,1,0,0,L
677960,Ryan Weathers,2026-04-14,823562,NYY,1,22,20,5,4,10,L
621112,Paul Blackburn,2026-04-14,823562,NYY,0,7,6,3,0,1,R
660787,Yerry De los Santos,2026-04-14,823562,NYY,0,9,7,3,1,1,R
687396,Brent Headrick,2026-04-14,823562,NYY,0,5,4,1,0,0,L
672282,Reid Detmers,2026-04-14,823562,LAA,1,25,25,4,0,9,L
681217,Chase Silseth,2026-04-14,823562,LAA,0,3,2,0,0,1,R
666171,Ryan Zeferjahn,2026-04-14,823562,LAA,0,4,4,1,0,2,R
690953,Mick Abel,2026-04-14,823723,MIN,1,26,25,4,0,10,R
573124,Taylor Rogers,2026-04-14,823723,MIN,0,5,4,1,0,1,L
663485,Cole Sands,2026-04-14,823723,MIN,0,4,4,1,0,1,R
543243,Sonny Gray,2026-04-14,823723,BOS,1,22,20,9,2,1,R
681252,Jack Anderson,2026-04-14,823723,BOS,0,11,10,1,1,4,R
547973,Aroldis Chapman,2026-04-14,823723,BOS,0,4,3,0,0,3,L
694819,Jacob Misiorowski,2026-04-14,823802,MIL,1,21,21,5,2,5,R
669084,DL Hall,2026-04-14,823802,MIL,0,2,2,0,0,0,L
672582,Angel Zerpa,2026-04-14,823802,MIL,0,3,3,1,0,1,L
682842,Abner Uribe,2026-04-14,823802,MIL,0,5,5,2,0,1,R
656730,Trevor Megill,2026-04-14,823802,MIL,0,6,5,3,0,0,R
681982,Grant Anderson,2026-04-14,823802,MIL,0,5,4,2,0,0,R
592332,Kevin Gausman,2026-04-14,823802,TOR,1,24,21,6,1,5,R
689254,Mason Fluharty,2026-04-14,823802,TOR,0,4,2,0,0,2,L
680755,Braydon Fisher,2026-04-14,823802,TOR,0,4,4,1,1,2,R
643511,Tyler Rogers,2026-04-14,823802,TOR,0,4,4,1,0,0,R
656546,Jeff Hoffman,2026-04-14,823802,TOR,0,7,4,2,0,1,R
686973,Louis Varland,2026-04-14,823802,TOR,0,6,6,2,0,2,R
808967,Yoshinobu Yamamoto,2026-04-14,823965,LAD,1,28,27,4,1,7,R
595014,Blake Treinen,2026-04-14,823965,LAD,0,1,1,0,0,1,R
681911,Alex Vesia,2026-04-14,823965,LAD,0,3,3,0,0,3,L
690997,Nolan McLean,2026-04-14,823965,NYM,1,25,23,2,0,8,R
548384,Brooks Raley,2026-04-14,823965,NYM,0,6,3,1,0,1,L
676467,Colton Gordon,2026-04-14,824210,HOU,1,19,18,8,2,5,L
805123,AJ Blubaugh,2026-04-14,824210,HOU,0,6,5,1,1,1,R
595345,Steven Okert,2026-04-14,824210,HOU,0,4,3,0,0,1,L
678906,Kai-Wei Teng,2026-04-14,824210,HOU,0,6,4,0,0,2,R
687911,Bryan King,2026-04-14,824210,HOU,0,7,7,3,0,2,L
660853,Enyel De Los Santos,2026-04-14,824210,HOU,0,1,1,0,0,1,R
547179,Michael Lorenzen,2026-04-14,824210,COL,1,18,17,7,1,3,R
622608,Antonio Senzatela,2026-04-14,824210,COL,0,12,12,2,0,3,R
675848,Juan Mejia,2026-04-14,824210,COL,0,4,4,2,0,1,R
688642,Zach Agnos,2026-04-14,824210,COL,0,3,3,0,0,2,R
664285,Framber Valdez,2026-04-14,824292,DET,1,26,24,4,0,1,L
676684,Will Vest,2026-04-14,824292,DET,0,3,3,0,0,3,R
445276,Kenley Jansen,2026-04-14,824292,DET,0,4,4,1,0,0,R
666142,Cole Ragans,2026-04-14,824292,KC,1,21,17,1,0,1,L
621381,Matt Strahm,2026-04-14,824292,KC,0,5,4,1,0,1,L
683232,Nick Mears,2026-04-14,824292,KC,0,6,5,2,0,0,R
663903,Brady Singer,2026-04-14,824531,CIN,1,25,24,6,1,1,R
668933,Graham Ashcraft,2026-04-14,824531,CIN,0,3,3,0,0,2,R
663574,Tony Santillan,2026-04-14,824531,CIN,0,4,3,1,0,1,R
641941,Emilio Pagán,2026-04-14,824531,CIN,0,3,3,0,0,1,R
592662,Robbie Ray,2026-04-14,824531,SF,1,19,15,2,2,6,L
668873,Caleb Kilian,2026-04-14,824531,SF,0,4,3,1,0,1,R
676775,Keaton Winn,2026-04-14,824531,SF,0,3,3,0,0,2,R
676254,Ryan Walker,2026-04-14,824531,SF,0,3,3,0,0,0,R
702273,Noah Schultz,2026-04-14,824616,CWS,1,20,15,3,0,4,L
608371,Lucas Sims,2026-04-14,824616,CWS,0,8,6,3,0,1,R
685126,Brandon Eisert,2026-04-14,824616,CWS,0,8,6,3,0,1,L
663855,Jordan Hicks,2026-04-14,824616,CWS,0,4,4,2,0,0,R
663542,Bryan Hudson,2026-04-14,824616,CWS,0,3,3,1,0,1,L
663556,Shane McClanahan,2026-04-14,824616,TB,1,23,18,2,1,4,L
685801,Hunter Bigge,2026-04-14,824616,TB,0,5,3,0,0,0,R
669438,Mason Englert,2026-04-14,824616,TB,0,4,4,1,0,1,R
672782,Yoendrys Gómez,2026-04-14,824616,TB,0,8,7,2,1,1,R
641329,Bryan Baker,2026-04-14,824616,TB,0,1,1,0,0,0,R
669432,Trevor Rogers,2026-04-14,824853,BAL,1,22,21,9,1,6,L
670329,Rico Garcia,2026-04-14,824853,BAL,0,4,4,0,0,2,R
664991,Grant Wolfram,2026-04-14,824853,BAL,0,4,4,0,0,3,L
666974,Yennier Cano,2026-04-14,824853,BAL,0,3,3,0,0,2,R
675919,Nick Raquet,2026-04-14,824853,BAL,0,4,3,1,0,0,L
518876,Merrill Kelly,2026-04-14,824853,AZ,1,24,19,5,1,3,R
664199,Taylor Clarke,2026-04-14,824853,AZ,0,4,4,0,0,1,R
666661,Juan Morillo,2026-04-14,824853,AZ,0,6,4,2,0,0,R
657044,Ryan Thompson,2026-04-14,824853,AZ,0,1,1,0,0,0,R
623149,Paul Sewald,2026-04-14,824853,AZ,0,3,3,0,0,1,R
625643,Reynaldo López,2026-04-14,824935,ATL,1,21,17,5,0,6,R
669276,Dylan Lee,2026-04-14,824935,ATL,0,3,3,0,0,2,L
641755,Tyler Kinley,2026-04-14,824935,ATL,0,3,3,1,0,0,R
663158,Robert Suarez,2026-04-14,824935,ATL,0,6,6,3,0,1,R
628452,Raisel Iglesias,2026-04-14,824935,ATL,0,3,3,0,0,2,R
676974,Max Meyer,2026-04-14,824935,MIA,1,21,20,5,0,5,R
656848,Michael Petersen,2026-04-14,824935,MIA,0,7,7,1,0,1,R
664126,Pete Fairbanks,2026-04-14,824935,MIA,0,7,6,3,0,1,R
605488,Jeffrey Springs,2026-04-14,825022,ATH,1,23,21,3,0,5,L
686993,Justin Sterner,2026-04-14,825022,ATH,0,3,3,1,0,1,R
663687,Hogan Harris,2026-04-14,825022,ATH,0,4,2,0,0,0,L
665660,Elvis Alvarado,2026-04-14,825022,ATH,0,1,1,0,0,0,R
643410,Mark Leiter Jr.,2026-04-14,825022,ATH,0,3,3,0,0,2,R
669022,MacKenzie Gore,2026-04-14,825022,TEX,1,22,15,3,0,5,L
455119,Chris Martin,2026-04-14,825022,TEX,0,1,1,0,0,1,R
676395,Robert Garcia,2026-04-14,825022,TEX,0,6,5,0,0,3,L
681168,Luis Curvelo,2026-04-14,825022,TEX,0,1,0,0,0,0,R
641302,Tyler Alexander,2026-04-14,825022,TEX,0,5,5,1,0,2,L
669160,Dustin May,2026-04-15,823071,STL,1,21,20,6,0,4,R
677865,Justin Bruihl,2026-04-15,823071,STL,0,5,4,2,0,1,L
668941,JoJo Romero,2026-04-15,823071,STL,0,4,4,0,0,1,L
676617,Riley O'Brien,2026-04-15,823071,STL,0,3,3,0,0,2,R
677944,Slade Cecconi,2026-04-15,823071,CLE,1,20,15,3,0,4,R
641401,Connor Brogdon,2026-04-15,823071,CLE,0,7,5,2,0,0,R
682120,Tim Herrin,2026-04-15,823071,CLE,0,3,1,1,0,0,L
670036,Matt Festa,2026-04-15,823071,CLE,0,11,10,3,0,3,R
681190,Randy Vásquez,2026-04-15,823314,SD,1,21,17,5,0,6,R
676760,Ron Marinaccio,2026-04-15,823314,SD,0,9,8,3,1,2,R
593974,Wandy Peralta,2026-04-15,823314,SD,0,5,4,1,0,1,L
689690,Alek Jacob,2026-04-15,823314,SD,0,9,7,1,0,3,R
676106,Emerson Hancock,2026-04-15,823314,SEA,1,23,22,4,1,6,R
660825,Eduard Bazardo,2026-04-15,823314,SEA,0,3,3,0,0,0,R
642100,Gabe Speier,2026-04-15,823314,SEA,0,4,4,1,0,0,L
662253,Andrés Muñoz,2026-04-15,823314,SEA,0,7,5,4,0,1,R
678606,José A. Ferrer,2026-04-15,823314,SEA,0,1,1,1,0,0,L
682254,Mason Montgomery,2026-04-15,823399,PIT,1,4,4,1,0,1,L
669387,Carmen Mlodzinski,2026-04-15,823399,PIT,0,23,20,2,0,5,R
642397,Gregory Soto,2026-04-15,823399,PIT,0,3,3,0,0,2,L
642701,Dennis Santana,2026-04-15,823399,PIT,0,4,3,0,0,0,R
663623,Jake Irvin,2026-04-15,823399,WSH,1,23,19,4,0,5,R
695418,Brad Lord,2026-04-15,823399,WSH,0,10,9,1,0,2,R
666200,Jesús Luzardo,2026-04-15,823477,PHI,1,27,26,12,1,4,L
679775,Kyle Backhus,2026-04-15,823477,PHI,0,8,8,3,1,3,L
621237,José Alvarado,2026-04-15,823477,PHI,0,3,3,0,0,1,L
664238,Dylan Moore,2026-04-15,823477,PHI,0,5,3,0,0,0,R
684007,Shota Imanaga,2026-04-15,823477,CHC,1,22,21,3,1,11,L
676962,Ben Brown,2026-04-15,823477,CHC,0,6,6,0,0,0,R
681432,Luke Little,2026-04-15,823477,CHC,0,5,5,2,1,1,L
661563,Luis Gil,2026-04-15,823561,NYY,1,22,20,5,3,5,R
657612,Tim Hill,2026-04-15,823561,NYY,0,3,3,0,0,0,L
518585,Fernando Cruz,2026-04-15,823561,NYY,0,4,3,1,0,0,R
687396,Brent Headrick,2026-04-15,823561,NYY,0,3,3,1,0,0,L
670280,David Bednar,2026-04-15,823561,NYY,0,3,3,0,0,2,R
686799,Jack Kochanowicz,2026-04-15,823561,LAA,1,27,23,4,1,6,R
519141,Drew Pomeranz,2026-04-15,823561,LAA,0,4,4,0,0,0,L
605447,Jordan Romano,2026-04-15,823561,LAA,0,4,3,2,0,0,R
680573,Simeon Woods Richardson,2026-04-15,823722,MIN,1,27,23,10,1,3,R
607455,Anthony Banda,2026-04-15,823722,MIN,0,6,5,2,0,1,L
623437,Justin Topa,2026-04-15,823722,MIN,0,4,3,0,0,0,R
681892,Kody Funderburk,2026-04-15,823722,MIN,0,3,3,0,0,2,L
679358,Eric Orze,2026-04-15,823722,MIN,0,3,3,1,0,1,R
813349,Connelly Early,2026-04-15,823722,BOS,1,23,20,2,1,5,L
543056,Danny Coulombe,2026-04-15,823722,BOS,0,3,3,0,0,0,L
676477,Garrett Whitlock,2026-04-15,823722,BOS,0,5,4,1,0,2,R
670245,Ryan Watson,2026-04-15,823722,BOS,0,7,6,3,1,0,R
694477,Chad Patrick,2026-04-15,823803,MIL,1,24,21,3,0,2,R
669084,DL Hall,2026-04-15,823803,MIL,0,2,2,1,0,0,L
676879,Aaron Ashby,2026-04-15,823803,MIL,0,5,4,1,0,3,L
682842,Abner Uribe,2026-04-15,823803,MIL,0,3,3,0,0,1,R
656302,Dylan Cease,2026-04-15,823803,TOR,1,22,19,2,0,6,R
689254,Mason Fluharty,2026-04-15,823803,TOR,0,3,3,1,0,0,L
680755,Braydon Fisher,2026-04-15,823803,TOR,0,1,1,0,0,0,R
643511,Tyler Rogers,2026-04-15,823803,TOR,0,7,6,2,0,0,R
660271,Shohei Ohtani,2026-04-15,823963,LAD,1,22,20,2,0,10,R
595014,Blake Treinen,2026-04-15,823963,LAD,0,4,4,1,0,1,R
656945,Tanner Scott,2026-04-15,823963,LAD,0,3,3,0,0,0,L
669165,Kyle Hurt,2026-04-15,823963,LAD,0,6,5,2,0,3,R
605280,Clay Holmes,2026-04-15,823963,NYM,1,21,19,4,1,4,R
668964,Tobias Myers,2026-04-15,823963,NYM,0,9,9,3,1,2,R
642207,Devin Williams,2026-04-15,823963,NYM,0,5,4,3,1,1,R
681810,Austin Warren,2026-04-15,823963,NYM,0,4,4,2,1,1,R
681293,Spencer Arrighetti,2026-04-15,824209,HOU,1,27,21,3,0,10,R
595345,Steven Okert,2026-04-15,824209,HOU,0,3,3,1,0,1,L
650556,Bryan Abreu,2026-04-15,824209,HOU,0,5,4,0,0,2,R
660853,Enyel De Los Santos,2026-04-15,824209,HOU,0,3,3,0,0,2,R
500779,Jose Quintana,2026-04-15,824209,COL,1,18,12,3,1,1,L
677955,Jaden Hill,2026-04-15,824209,COL,0,2,1,0,0,0,R
685299,Tanner Gordon,2026-04-15,824209,COL,0,14,13,2,0,4,R
656427,Jack Flaherty,2026-04-15,824291,DET,1,22,19,2,0,7,R
663947,Tyler Holton,2026-04-15,824291,DET,0,4,4,2,0,0,L
640448,Kyle Finnegan,2026-04-15,824291,DET,0,5,5,1,0,0,R
445276,Kenley Jansen,2026-04-15,824291,DET,0,4,4,1,0,1,R
607625,Seth Lugo,2026-04-15,824291,KC,1,23,22,5,0,7,R
663738,Daniel Lynch IV,2026-04-15,824291,KC,0,1,1,0,0,1,L
669212,Eli Morgan,2026-04-15,824291,KC,0,6,5,2,1,1,R
695076,Rhett Lowder,2026-04-15,824532,CIN,1,25,24,5,0,4,R
656271,Brock Burke,2026-04-15,824532,CIN,0,3,3,2,0,1,L
668933,Graham Ashcraft,2026-04-15,824532,CIN,0,4,3,1,0,0,R
572955,Pierce Johnson,2026-04-15,824532,CIN,0,4,4,1,0,1,R
641816,Tyler Mahle,2026-04-15,824532,SF,1,24,18,8,4,6,R
694918,Blade Tidwell,2026-04-15,824532,SF,0,3,3,0,0,1,R
621366,Ryan Borucki,2026-04-15,824532,SF,0,3,3,0,0,1,L
664141,JT Brubaker,2026-04-15,824532,SF,0,9,8,2,0,2,R
680732,Sean Burke,2026-04-15,824615,CWS,1,25,21,7,2,2,R
656457,Tyler Gilbert,2026-04-15,824615,CWS,0,9,7,2,1,2,L
663542,Bryan Hudson,2026-04-15,824615,CWS,0,3,3,0,0,1,L
624512,Reese McGuire,2026-04-15,824615,CWS,0,3,3,0,0,0,R
642121,Cole Sulser,2026-04-15,824615,TB,1,9,8,3,0,1,R
669947,Jesse Scholtens,2026-04-15,824615,TB,0,19,16,1,0,3,R
669438,Mason Englert,2026-04-15,824615,TB,0,3,3,1,0,1,R
693855,Ian Seymour,2026-04-15,824615,TB,0,6,4,2,0,1,L
680694,Kyle Bradish,2026-04-15,824855,BAL,1,27,26,7,0,4,R
664991,Grant Wolfram,2026-04-15,824855,BAL,0,4,4,2,0,0,L
666974,Yennier Cano,2026-04-15,824855,BAL,0,1,1,0,0,1,R
689296,Anthony Nunez,2026-04-15,824855,BAL,0,3,3,0,0,1,R
664854,Ryan Helsley,2026-04-15,824855,BAL,0,3,3,0,0,2,R
669330,Tyler Wells,2026-04-15,824855,BAL,0,6,5,3,1,0,R
593958,Eduardo Rodriguez,2026-04-15,824855,AZ,1,25,21,6,1,3,L
656464,Kevin Ginkel,2026-04-15,824855,AZ,0,8,8,2,0,4,R
664199,Taylor Clarke,2026-04-15,824855,AZ,0,3,3,0,0,0,R
657044,Ryan Thompson,2026-04-15,824855,AZ,0,3,3,0,0,0,R
666661,Juan Morillo,2026-04-15,824855,AZ,0,3,3,0,0,1,R
693821,Bryce Elder,2026-04-15,824936,ATL,1,23,20,4,0,7,R
669276,Dylan Lee,2026-04-15,824936,ATL,0,2,1,0,0,1,L
641755,Tyler Kinley,2026-04-15,824936,ATL,0,3,3,0,0,1,R
674370,Osvaldo Bido,2026-04-15,824936,ATL,0,5,4,3,1,0,R
663158,Robert Suarez,2026-04-15,824936,ATL,0,2,2,0,0,0,R
628452,Raisel Iglesias,2026-04-15,824936,ATL,0,4,4,1,0,3,R
663978,Chris Paddack,2026-04-15,824936,MIA,1,19,19,5,1,4,R
667463,John King,2026-04-15,824936,MIA,0,7,6,2,1,1,L
677053,Andrew Nardi,2026-04-15,824936,MIA,0,7,7,4,1,1,L
676534,Calvin Faucher,2026-04-15,824936,MIA,0,3,3,0,0,1,R
669372,J.T. Ginn,2026-04-15,825021,ATH,1,21,17,2,1,3,R
663687,Hogan Harris,2026-04-15,825021,ATH,0,2,2,0,0,1,L
605130,Scott Barlow,2026-04-15,825021,ATH,0,4,4,1,0,1,R
643410,Mark Leiter Jr.,2026-04-15,825021,ATH,0,5,4,2,1,1,R
669270,Joel Kuhnel,2026-04-15,825021,ATH,0,4,4,0,0,2,R
677958,Kumar Rocker,2026-04-15,825021,TEX,1,23,18,4,0,6,R
656222,Jalen Beeks,2026-04-15,825021,TEX,0,5,3,1,0,2,L
668390,Cole Winn,2026-04-15,825021,TEX,0,6,5,2,2,2,R
686560,Gavin Collyer,2026-04-15,825021,TEX,0,1,1,0,0,1,R
656641,Jacob Latz,2026-04-15,825021,TEX,0,3,3,0,0,0,L
621111,Walker Buehler,2026-04-16,823313,SD,1,20,19,5,0,7,R
699134,Bradgley Rodriguez,2026-04-16,823313,SD,0,3,2,1,0,0,R
670970,Adrian Morejon,2026-04-16,823313,SD,0,5,5,0,0,2,L
592094,Jason Adam,2026-04-16,823313,SD,0,5,4,1,0,0,R
695243,Mason Miller,2026-04-16,823313,SD,0,3,3,0,0,3,R
622491,Luis Castillo,2026-04-16,823313,SEA,1,26,23,7,0,3,R
677961,Cole Wilcox,2026-04-16,823313,SEA,0,7,6,2,0,3,R
681867,Cooper Criswell,2026-04-16,823313,SEA,0,4,4,1,0,0,R
677952,Braxton Ashcraft,2026-04-16,823396,PIT,1,25,21,5,0,7,R
681895,Evan Sisk,2026-04-16,823396,PIT,0,3,3,2,0,1,L
670990,Yohan Ramírez,2026-04-16,823396,PIT,0,6,4,1,0,2,R
676755,Isaac Mattson,2026-04-16,823396,PIT,0,4,3,0,0,0,R
664875,Justin Lawrence,2026-04-16,823396,PIT,0,5,4,1,0,0,R
642701,Dennis Santana,2026-04-16,823396,PIT,0,5,5,1,0,0,R
656492,Foster Griffin,2026-04-16,823396,WSH,1,24,23,8,1,7,L
687606,Paxton Schultz,2026-04-16,823396,WSH,0,3,3,2,0,0,R
676571,PJ Poulin,2026-04-16,823396,WSH,0,3,3,2,0,0,L
681402,Gus Varland,2026-04-16,823396,WSH,0,2,2,0,0,0,R
672335,Cionel Pérez,2026-04-16,823396,WSH,0,4,4,1,0,2,L
690925,Clayton Beeter,2026-04-16,823396,WSH,0,7,4,1,0,1,R
687377,Orlando Ribalta,2026-04-16,823396,WSH,0,3,3,1,0,1,R
608331,Max Fried,2026-04-16,823560,NYY,1,22,19,3,1,3,L
518585,Fernando Cruz,2026-04-16,823560,NYY,0,5,4,2,0,2,R
683409,Angel Chivilli,2026-04-16,823560,NYY,0,5,3,1,1,2,R
642232,Ryan Yarbrough,2026-04-16,823560,NYY,0,12,10,3,1,0,L
608718,Brent Suter,2026-04-16,823560,LAA,1,10,8,3,1,2,L
680704,Nick Sandlin,2026-04-16,823560,LAA,0,5,4,1,1,1,R
691951,Sam Aldegheri,2026-04-16,823560,LAA,0,8,7,2,1,2,L
696147,Sam Bachman,2026-04-16,823560,LAA,0,9,9,1,0,2,R
681217,Chase Silseth,2026-04-16,823560,LAA,0,4,4,1,0,1,R
687075,Brandon Sproat,2026-04-16,823801,MIL,1,24,22,4,0,6,R
676879,Aaron Ashby,2026-04-16,823801,MIL,0,2,2,1,0,0,L
656730,Trevor Megill,2026-04-16,823801,MIL,0,3,3,0,0,2,R
672582,Angel Zerpa,2026-04-16,823801,MIL,0,4,4,1,0,0,L
571578,Patrick Corbin,2026-04-16,823801,TOR,1,20,18,4,0,6,L
667297,Tommy Nance,2026-04-16,823801,TOR,0,5,2,1,0,0,R
573009,Joe Mantiply,2026-04-16,823801,TOR,0,4,3,1,0,1,L
686973,Louis Varland,2026-04-16,823801,TOR,0,3,3,1,0,1,R
680802,Ryan Weiss,2026-04-16,824208,HOU,1,16,12,3,1,3,R
685005,Christian Roa,2026-04-16,824208,HOU,0,6,6,3,0,0,R
805123,AJ Blubaugh,2026-04-16,824208,HOU,0,10,8,2,0,2,R
678906,Kai-Wei Teng,2026-04-16,824208,HOU,0,7,7,1,0,0,R
675848,Juan Mejia,2026-04-16,824208,COL,1,6,5,3,0,2,R
801403,Chase Dollander,2026-04-16,824208,COL,0,19,16,1,0,9,R
677955,Jaden Hill,2026-04-16,824208,COL,0,6,4,1,0,1,R
623474,Jimmy Herget,2026-04-16,824208,COL,0,4,3,0,0,1,R
680767,Victor Vodnik,2026-04-16,824208,COL,0,4,3,0,0,0,R
672456,Keider Montero,2026-04-16,824289,DET,1,25,24,7,0,5,R
623454,Drew Anderson,2026-04-16,824289,DET,0,4,2,2,0,0,R
663947,Tyler Holton,2026-04-16,824289,DET,0,2,2,1,1,0,L
646241,Enmanuel De Jesus,2026-04-16,824289,DET,0,5,5,2,0,1,L
657756,Connor Seabold,2026-04-16,824289,DET,0,5,5,1,1,2,R
663460,Kris Bubic,2026-04-16,824289,KC,1,21,18,6,0,3,L
670167,John Schreiber,2026-04-16,824289,KC,0,2,2,1,1,1,R
656638,Alex Lange,2026-04-16,824289,KC,0,5,5,2,0,2,R
683232,Nick Mears,2026-04-16,824289,KC,0,5,4,2,0,0,R
663738,Daniel Lynch IV,2026-04-16,824289,KC,0,3,3,0,0,1,L
668674,Lucas Erceg,2026-04-16,824289,KC,0,6,5,3,0,1,R
800048,Parker Messick,2026-04-16,824453,CLE,1,27,25,2,0,9,L
671922,Cade Smith,2026-04-16,824453,CLE,0,5,4,2,0,0,R
669358,Shane Baz,2026-04-16,824453,BAL,1,26,23,6,1,6,R
671382,Cameron Foster,2026-04-16,824453,BAL,0,8,7,2,0,3,R
669330,Tyler Wells,2026-04-16,824453,BAL,0,1,1,0,0,1,R
695505,Chase Burns,2026-04-16,824530,CIN,1,18,17,2,0,4,R
656271,Brock Burke,2026-04-16,824530,CIN,0,5,5,2,0,2,L
683175,Connor Phillips,2026-04-16,824530,CIN,0,6,4,1,0,2,R
594580,Sam Moll,2026-04-16,824530,CIN,0,3,3,1,0,1,L
693312,Kyle Nicolas,2026-04-16,824530,CIN,0,2,2,0,0,0,R
694738,Landen Roupp,2026-04-16,824530,SF,1,21,17,1,0,6,R
676254,Ryan Walker,2026-04-16,824530,SF,0,3,3,0,0,1,R
676775,Keaton Winn,2026-04-16,824530,SF,0,3,3,0,0,2,R
669062,Erik Miller,2026-04-16,824530,SF,0,4,3,0,0,3,L
673929,Jordan Leasure,2026-04-16,824614,CWS,1,5,4,0,0,0,R
641743,Anthony Kay,2026-04-16,824614,CWS,0,14,12,4,0,1,L
663855,Jordan Hicks,2026-04-16,824614,CWS,0,6,5,1,0,1,R
691799,Grant Taylor,2026-04-16,824614,CWS,0,6,5,1,0,3,R
656794,Sean Newcomb,2026-04-16,824614,CWS,0,6,6,1,0,3,L
622554,Seranthony Domínguez,2026-04-16,824614,CWS,0,5,3,2,1,1,R
608371,Lucas Sims,2026-04-16,824614,CWS,0,4,2,0,0,1,R
571927,Steven Matz,2026-04-16,824614,TB,1,22,21,6,1,4,L
643377,Griffin Jax,2026-04-16,824614,TB,0,4,3,1,0,1,R
687330,Kevin Kelly,2026-04-16,824614,TB,0,7,6,1,1,2,R
641329,Bryan Baker,2026-04-16,824614,TB,0,4,3,0,0,0,R
682052,Jacob Lopez,2026-04-16,825023,ATH,1,22,17,3,0,5,L
665622,Luis Medina,2026-04-16,825023,ATH,0,7,6,2,0,1,R
605130,Scott Barlow,2026-04-16,825023,ATH,0,5,3,1,1,0,R
678022,Jack Perkins,2026-04-16,825023,ATH,0,4,3,0,0,0,R
686993,Justin Sterner,2026-04-16,825023,ATH,0,9,7,4,0,1,R
683004,Jack Leiter,2026-04-16,825023,TEX,1,27,23,7,0,3,R
676395,Robert Garcia,2026-04-16,825023,TEX,0,1,1,0,0,0,L
641302,Tyler Alexander,2026-04-16,825023,TEX,0,3,3,2,0,0,L
596001,Jakob Junis,2026-04-16,825023,TEX,0,7,6,2,0,0,R
656641,Jacob Latz,2026-04-16,825023,TEX,0,2,2,1,0,0,L
615698,Cal Quantrill,2026-04-16,825023,TEX,0,3,3,1,0,0,R
641793,Zack Littell,2026-04-17,822752,WSH,1,23,22,11,2,4,R
687606,Paxton Schultz,2026-04-17,822752,WSH,0,11,11,2,1,1,R
676571,PJ Poulin,2026-04-17,822752,WSH,0,3,3,0,0,1,L
663992,Richard Lovelady,2026-04-17,822752,WSH,0,7,5,2,0,1,L
657277,Logan Webb,2026-04-17,822752,SF,1,27,25,7,1,6,R
657424,Matt Gage,2026-04-17,822752,SF,0,4,4,1,1,1,L
668873,Caleb Kilian,2026-04-17,822752,SF,0,4,3,0,0,2,R
694918,Blade Tidwell,2026-04-17,822752,SF,0,3,2,0,0,0,R
669302,Logan Gilbert,2026-04-17,823152,SEA,1,24,22,7,1,7,R
660825,Eduard Bazardo,2026-04-17,823152,SEA,0,3,3,1,0,2,R
678606,José A. Ferrer,2026-04-17,823152,SEA,0,5,5,3,0,1,L
668984,Casey Legumina,2026-04-17,823152,SEA,0,13,9,4,0,2,R
594798,Jacob deGrom,2026-04-17,823152,TEX,1,17,15,4,0,3,R
686560,Gavin Collyer,2026-04-17,823152,TEX,0,6,5,1,0,2,R
641302,Tyler Alexander,2026-04-17,823152,TEX,0,2,2,1,0,0,L
656222,Jalen Beeks,2026-04-17,823152,TEX,0,4,3,0,0,1,L
668390,Cole Winn,2026-04-17,823152,TEX,0,4,3,0,0,1,R
656641,Jacob Latz,2026-04-17,823152,TEX,0,3,3,0,0,0,L
696149,Bubba Chandler,2026-04-17,823397,PIT,1,22,21,3,0,3,R
682254,Mason Montgomery,2026-04-17,823397,PIT,0,4,4,1,0,2,L
642397,Gregory Soto,2026-04-17,823397,PIT,0,3,3,0,0,0,L
642701,Dennis Santana,2026-04-17,823397,PIT,0,5,4,1,0,1,R
607259,Nick Martinez,2026-04-17,823397,TB,1,26,23,8,0,3,R
643377,Griffin Jax,2026-04-17,823397,TB,0,3,3,1,1,0,R
672782,Yoendrys Gómez,2026-04-17,823397,TB,0,10,7,2,0,3,R
592836,Taijuan Walker,2026-04-17,823476,PHI,1,23,19,7,2,4,R
641835,Tim Mayza,2026-04-17,823476,PHI,0,6,6,1,0,0,L
621383,Tanner Banks,2026-04-17,823476,PHI,0,5,4,1,0,1,L
689147,Orion Kerkering,2026-04-17,823476,PHI,0,5,5,2,1,0,R
663767,Chase Shugart,2026-04-17,823476,PHI,0,4,4,1,1,0,R
527048,Martín Pérez,2026-04-17,823476,ATL,1,26,22,4,0,4,L
660761,José Suarez,2026-04-17,823476,ATL,0,12,11,2,0,1,L
693645,Cam Schlittler,2026-04-17,823559,NYY,1,24,22,3,0,6,R
687396,Brent Headrick,2026-04-17,823559,NYY,0,3,3,0,0,1,L
666808,Camilo Doval,2026-04-17,823559,NYY,0,4,4,1,1,1,R
670280,David Bednar,2026-04-17,823559,NYY,0,4,3,0,0,2,R
608379,Michael Wacha,2026-04-17,823559,KC,1,24,21,3,1,6,R
669212,Eli Morgan,2026-04-17,823559,KC,0,5,3,0,0,0,R
656638,Alex Lange,2026-04-17,823559,KC,0,5,5,2,1,2,R
657746,Joe Ryan,2026-04-17,823720,MIN,1,22,22,3,0,6,R
623437,Justin Topa,2026-04-17,823720,MIN,0,3,3,1,0,0,R
681892,Kody Funderburk,2026-04-17,823720,MIN,0,3,3,0,0,0,L
663485,Cole Sands,2026-04-17,823720,MIN,0,4,3,0,0,2,R
682227,Brandon Williamson,2026-04-17,823720,CIN,1,23,17,3,0,2,L
683175,Connor Phillips,2026-04-17,823720,CIN,0,2,2,0,0,1,R
668933,Graham Ashcraft,2026-04-17,823720,CIN,0,5,4,1,0,0,R
663574,Tony Santillan,2026-04-17,823720,CIN,0,4,4,1,0,0,R
641941,Emilio Pagán,2026-04-17,823720,CIN,0,3,3,0,0,1,R
676083,Janson Junk,2026-04-17,823883,MIA,1,24,21,6,0,3,R
667463,John King,2026-04-17,823883,MIA,0,4,4,0,0,2,L
663969,Tyler Phillips,2026-04-17,823883,MIA,0,8,5,1,0,3,R
664126,Pete Fairbanks,2026-04-17,823883,MIA,0,3,3,0,0,1,R
676534,Calvin Faucher,2026-04-17,823883,MIA,0,7,6,2,0,1,R
689441,Coleman Crow,2026-04-17,823883,MIL,1,21,19,4,0,4,R
669084,DL Hall,2026-04-17,823883,MIL,0,3,3,1,1,1,L
681982,Grant Anderson,2026-04-17,823883,MIL,0,3,2,0,0,0,R
672582,Angel Zerpa,2026-04-17,823883,MIL,0,6,5,2,0,1,L
682842,Abner Uribe,2026-04-17,823883,MIL,0,4,2,0,0,1,R
656730,Trevor Megill,2026-04-17,823883,MIL,0,4,4,1,0,2,R
667755,José Soriano,2026-04-17,824048,LAA,1,23,19,2,0,8,R
681217,Chase Silseth,2026-04-17,824048,LAA,0,1,1,0,0,0,R
641312,Shaun Anderson,2026-04-17,824048,LAA,0,6,6,0,0,2,R
605447,Jordan Romano,2026-04-17,824048,LAA,0,4,4,1,0,3,R
663362,Matt Waldron,2026-04-17,824048,SD,1,21,19,8,1,4,R
688158,David Morgan,2026-04-17,824048,SD,0,8,5,3,1,1,R
593974,Wandy Peralta,2026-04-17,824048,SD,0,7,7,2,0,3,L
699134,Bradgley Rodriguez,2026-04-17,824048,SD,0,3,3,0,0,0,R
606996,Kyle Hart,2026-04-17,824048,SD,0,3,3,0,0,1,L
663567,Peter Lambert,2026-04-17,824207,HOU,1,24,21,7,0,8,R
595345,Steven Okert,2026-04-17,824207,HOU,0,4,3,0,0,0,L
650556,Bryan Abreu,2026-04-17,824207,HOU,0,6,5,2,1,0,R
641585,J.P. France,2026-04-17,824207,HOU,0,8,7,1,1,1,R
681517,Kyle Leahy,2026-04-17,824207,STL,1,22,21,5,3,6,R
677865,Justin Bruihl,2026-04-17,824207,STL,0,3,3,0,0,0,L
668941,JoJo Romero,2026-04-17,824207,STL,0,4,4,1,0,0,L
592773,Ryne Stanek,2026-04-17,824207,STL,0,7,5,2,0,3,R
666277,George Soriano,2026-04-17,824207,STL,0,3,3,0,0,1,R
608372,Tomoyuki Sugano,2026-04-17,824373,COL,1,23,19,9,1,3,R
688642,Zach Agnos,2026-04-17,824373,COL,0,15,13,3,1,4,R
657514,Brennan Bernardino,2026-04-17,824373,COL,0,4,4,1,0,1,L
607192,Tyler Glasnow,2026-04-17,824373,LAD,1,24,22,2,0,7,R
676263,Jack Dreyer,2026-04-17,824373,LAD,0,7,6,0,0,3,L
676440,Tanner Bibee,2026-04-17,824454,CLE,1,25,22,4,0,5,R
683769,Hunter Gaddis,2026-04-17,824454,CLE,0,3,3,0,0,3,R
542888,Shawn Armstrong,2026-04-17,824454,CLE,0,3,0,0,0,0,R
681870,Erik Sabrowski,2026-04-17,824454,CLE,0,4,2,1,0,1,L
641401,Connor Brogdon,2026-04-17,824454,CLE,0,6,6,2,1,2,R
605135,Chris Bassitt,2026-04-17,824454,BAL,1,22,18,4,0,2,R
666974,Yennier Cano,2026-04-17,824454,BAL,0,4,3,1,0,1,R
664991,Grant Wolfram,2026-04-17,824454,BAL,0,5,4,1,0,2,L
689296,Anthony Nunez,2026-04-17,824454,BAL,0,3,3,1,1,1,R
670329,Rico Garcia,2026-04-17,824454,BAL,0,3,3,0,0,0,R
664854,Ryan Helsley,2026-04-17,824454,BAL,0,4,3,0,0,1,R
665795,Edward Cabrera,2026-04-17,824693,CHC,1,25,23,8,0,4,R
702303,Riley Martin,2026-04-17,824693,CHC,0,4,3,1,0,1,L
657097,Jacob Webb,2026-04-17,824693,CHC,0,6,6,4,0,1,R
571948,Hoby Milner,2026-04-17,824693,CHC,0,3,3,1,0,0,L
673540,Kodai Senga,2026-04-17,824693,NYM,1,18,15,6,2,3,R
623211,Huascar Brazobán,2026-04-17,824693,NYM,0,5,5,2,0,1,R
640455,Sean Manaea,2026-04-17,824693,NYM,0,19,17,6,1,2,L
624133,Ranger Suarez,2026-04-17,824778,BOS,1,26,25,2,0,4,L
547973,Aroldis Chapman,2026-04-17,824778,BOS,0,5,4,2,0,1,L
676477,Garrett Whitlock,2026-04-17,824778,BOS,0,3,3,0,0,1,R
663554,Casey Mize,2026-04-17,824778,DET,1,23,21,3,0,7,R
640448,Kyle Finnegan,2026-04-17,824778,DET,0,4,3,0,0,0,R
676428,Brant Hurter,2026-04-17,824778,DET,0,1,1,0,0,0,L
676684,Will Vest,2026-04-17,824778,DET,0,7,6,1,0,2,R
650644,Aaron Civale,2026-04-17,825019,ATH,1,27,25,11,0,4,R
665660,Elvis Alvarado,2026-04-17,825019,ATH,0,11,8,3,1,3,R
686993,Justin Sterner,2026-04-17,825019,ATH,0,8,8,1,0,4,R
663436,Davis Martin,2026-04-17,825019,CWS,1,24,22,3,0,4,R
680951,Doug Nikhazy,2026-04-17,825019,CWS,0,9,7,1,0,1,L
647336,Michael Soroka,2026-04-17,825101,AZ,1,26,25,5,1,5,R
642528,Jonathan Loáisiga,2026-04-17,825101,AZ,0,5,5,3,0,1,R
623149,Paul Sewald,2026-04-17,825101,AZ,0,3,3,0,0,1,R
680755,Braydon Fisher,2026-04-17,825101,TOR,1,4,4,1,0,0,R
641778,Eric Lauer,2026-04-17,825101,TOR,0,22,20,5,1,4,L
693686,Spencer Miles,2026-04-17,825101,TOR,0,7,6,2,0,1,R
573009,Joe Mantiply,2026-04-17,825101,TOR,0,5,4,2,0,1,L
676917,Cade Cavalli,2026-04-18,822751,WSH,1,19,19,7,0,5,R
680730,Mitchell Parker,2026-04-18,822751,WSH,0,13,13,5,1,2,L
681402,Gus Varland,2026-04-18,822751,WSH,0,5,5,2,0,2,R
663992,Richard Lovelady,2026-04-18,822751,WSH,0,7,6,0,0,2,L
672335,Cionel Pérez,2026-04-18,822751,WSH,0,8,8,2,0,0,L
605288,Adrian Houser,2026-04-18,822751,SF,1,27,23,7,1,1,R
621366,Ryan Borucki,2026-04-18,822751,SF,0,1,1,0,0,1,L
669062,Erik Miller,2026-04-18,822751,SF,0,3,3,0,0,2,L
657424,Matt Gage,2026-04-18,822751,SF,0,3,3,0,0,0,L
676254,Ryan Walker,2026-04-18,822751,SF,0,10,8,3,0,2,R
668873,Caleb Kilian,2026-04-18,822751,SF,0,7,6,0,0,2,R
669923,George Kirby,2026-04-18,823151,SEA,1,26,24,7,1,5,R
666374,Matt Brash,2026-04-18,823151,SEA,0,1,1,0,0,0,R
642100,Gabe Speier,2026-04-18,823151,SEA,0,4,2,0,0,1,L
660825,Eduard Bazardo,2026-04-18,823151,SEA,0,5,3,0,0,0,R
678606,José A. Ferrer,2026-04-18,823151,SEA,0,2,2,1,0,0,L
677961,Cole Wilcox,2026-04-18,823151,SEA,0,7,4,3,0,1,R
662253,Andrés Muñoz,2026-04-18,823151,SEA,0,1,1,0,0,1,R
543135,Nathan Eovaldi,2026-04-18,823151,TEX,1,25,24,8,1,3,R
615698,Cal Quantrill,2026-04-18,823151,TEX,0,13,10,3,0,5,R
694973,Paul Skenes,2026-04-18,823394,PIT,1,16,15,3,0,5,R
676742,Cam Sanders,2026-04-18,823394,PIT,0,6,5,3,0,2,R
681895,Evan Sisk,2026-04-18,823394,PIT,0,8,8,4,0,2,L
664875,Justin Lawrence,2026-04-18,823394,PIT,0,6,5,1,0,1,R
642397,Gregory Soto,2026-04-18,823394,PIT,0,4,3,0,0,1,L
676755,Isaac Mattson,2026-04-18,823394,PIT,0,3,3,0,0,0,R
670990,Yohan Ramírez,2026-04-18,823394,PIT,0,13,11,4,1,1,R
656876,Drew Rasmussen,2026-04-18,823394,TB,1,15,13,2,2,3,R
669438,Mason Englert,2026-04-18,823394,TB,0,3,2,0,0,0,R
693855,Ian Seymour,2026-04-18,823394,TB,0,7,7,2,0,3,L
685801,Hunter Bigge,2026-04-18,823394,TB,0,3,3,0,0,0,R
641329,Bryan Baker,2026-04-18,823394,TB,0,6,5,2,0,2,R
642121,Cole Sulser,2026-04-18,823394,TB,0,5,4,0,0,1,R
687330,Kevin Kelly,2026-04-18,823394,TB,0,6,5,0,0,2,R
643377,Griffin Jax,2026-04-18,823394,TB,0,4,3,0,0,2,R
672782,Yoendrys Gómez,2026-04-18,823394,TB,0,5,4,1,0,1,R
650911,Cristopher Sánchez,2026-04-18,823474,PHI,1,28,27,8,0,8,L
621237,José Alvarado,2026-04-18,823474,PHI,0,4,4,1,0,1,L
621383,Tanner Banks,2026-04-18,823474,PHI,0,6,4,1,0,2,L
641745,Brad Keller,2026-04-18,823474,PHI,0,3,2,0,0,1,R
519242,Chris Sale,2026-04-18,823474,ATL,1,26,25,5,1,7,L
669276,Dylan Lee,2026-04-18,823474,ATL,0,3,3,0,0,1,L
663158,Robert Suarez,2026-04-18,823474,ATL,0,3,3,0,0,2,R
701542,Will Warren,2026-04-18,823558,NYY,1,25,25,5,1,11,R
621112,Paul Blackburn,2026-04-18,823558,NYY,0,9,8,2,0,1,R
702070,Noah Cameron,2026-04-18,823558,KC,1,22,20,7,3,3,L
687765,Mitch Spence,2026-04-18,823558,KC,0,21,15,4,1,3,R
671737,Taj Bradley,2026-04-18,823721,MIN,1,25,22,5,0,5,R
623437,Justin Topa,2026-04-18,823721,MIN,0,3,3,1,0,1,R
681892,Kody Funderburk,2026-04-18,823721,MIN,0,3,2,1,0,0,L
679358,Eric Orze,2026-04-18,823721,MIN,0,4,3,2,0,1,R
663485,Cole Sands,2026-04-18,823721,MIN,0,5,4,2,0,0,R
671096,Andrew Abbott,2026-04-18,823721,CIN,1,24,21,6,0,3,L
594580,Sam Moll,2026-04-18,823721,CIN,0,3,2,1,0,1,L
572955,Pierce Johnson,2026-04-18,823721,CIN,0,4,4,1,0,2,R
656271,Brock Burke,2026-04-18,823721,CIN,0,5,4,1,0,1,L
693312,Kyle Nicolas,2026-04-18,823721,CIN,0,3,3,0,0,3,R
663574,Tony Santillan,2026-04-18,823721,CIN,0,3,3,0,0,2,R
645261,Sandy Alcantara,2026-04-18,823882,MIA,1,24,18,4,1,1,R
669622,Anthony Bender,2026-04-18,823882,MIA,0,7,4,1,0,2,R
669199,Lake Bachar,2026-04-18,823882,MIA,0,9,7,0,0,1,R
667463,John King,2026-04-18,823882,MIA,0,4,3,0,0,1,L
605540,Brandon Woodruff,2026-04-18,823882,MIL,1,25,24,3,0,4,R
663765,Jake Woodford,2026-04-18,823882,MIL,0,9,9,5,0,0,R
682842,Abner Uribe,2026-04-18,823882,MIL,0,2,2,0,0,0,R
579328,Yusei Kikuchi,2026-04-18,824049,LAA,1,22,20,4,0,8,L
666171,Ryan Zeferjahn,2026-04-18,824049,LAA,0,7,5,3,0,0,R
680704,Nick Sandlin,2026-04-18,824049,LAA,0,9,6,2,0,2,R
641312,Shaun Anderson,2026-04-18,824049,LAA,0,1,1,0,0,0,R
608566,Germán Márquez,2026-04-18,824049,SD,1,20,18,2,0,5,R
670970,Adrian Morejon,2026-04-18,824049,SD,0,5,4,0,0,2,L
592094,Jason Adam,2026-04-18,824049,SD,0,6,6,3,0,1,R
695243,Mason Miller,2026-04-18,824049,SD,0,5,4,1,0,2,R
621121,Lance McCullers Jr.,2026-04-18,824206,HOU,1,25,20,5,1,4,R
676467,Colton Gordon,2026-04-18,824206,HOU,0,12,11,4,2,5,L
805123,AJ Blubaugh,2026-04-18,824206,HOU,0,5,5,1,0,2,R
669467,Andre Pallante,2026-04-18,824206,STL,1,21,18,3,1,5,R
700669,Gordon Graceffo,2026-04-18,824206,STL,0,6,6,0,0,1,R
694335,Matt Svanson,2026-04-18,824206,STL,0,5,2,0,0,1,R
666277,George Soriano,2026-04-18,824206,STL,0,4,2,1,1,1,R
676617,Riley O'Brien,2026-04-18,824206,STL,0,2,2,0,0,1,R
663372,Ryan Feltner,2026-04-18,824372,COL,1,23,22,5,2,5,R
657514,Brennan Bernardino,2026-04-18,824372,COL,0,4,3,0,0,2,L
677955,Jaden Hill,2026-04-18,824372,COL,0,6,4,1,0,1,R
680767,Victor Vodnik,2026-04-18,824372,COL,0,5,5,2,0,0,R
686218,Emmet Sheehan,2026-04-18,824372,LAD,1,21,18,4,0,4,R
694361,Will Klein,2026-04-18,824372,LAD,0,6,6,3,0,0,R
681911,Alex Vesia,2026-04-18,824372,LAD,0,3,3,0,0,1,L
683618,Edgardo Henriquez,2026-04-18,824372,LAD,0,3,3,0,0,2,R
668909,Gavin Williams,2026-04-18,824451,CLE,1,26,25,3,1,11,R
683769,Hunter Gaddis,2026-04-18,824451,CLE,0,4,4,1,1,2,R
671922,Cade Smith,2026-04-18,824451,CLE,0,3,3,0,0,3,R
665152,Dean Kremer,2026-04-18,824451,BAL,1,22,20,2,1,7,R
544150,Albert Suárez,2026-04-18,824451,BAL,0,7,7,1,1,1,R
592791,Jameson Taillon,2026-04-18,824694,CHC,1,24,21,5,1,4,R
676962,Ben Brown,2026-04-18,824694,CHC,0,10,9,2,0,1,R
573204,Caleb Thielbar,2026-04-18,824694,CHC,0,3,3,0,0,2,L
642547,Freddy Peralta,2026-04-18,824694,NYM,1,23,20,3,1,3,R
548384,Brooks Raley,2026-04-18,824694,NYM,0,3,3,1,1,0,L
596133,Luke Weaver,2026-04-18,824694,NYM,0,2,2,0,0,0,R
518886,Craig Kimbrel,2026-04-18,824694,NYM,0,4,3,1,0,0,R
678394,Brayan Bello,2026-04-18,824775,BOS,1,20,16,5,1,4,R
663558,Jovani Morán,2026-04-18,824775,BOS,0,11,10,1,0,3,L
669711,Greg Weissert,2026-04-18,824775,BOS,0,4,4,1,0,0,R
677161,Zack Kelly,2026-04-18,824775,BOS,0,4,4,1,0,0,R
669373,Tarik Skubal,2026-04-18,824775,DET,1,23,21,4,0,10,L
663947,Tyler Holton,2026-04-18,824775,DET,0,6,6,0,0,2,L
445276,Kenley Jansen,2026-04-18,824775,DET,0,4,4,1,0,0,R
622663,Luis Severino,2026-04-18,825020,ATH,1,25,18,5,2,3,R
663687,Hogan Harris,2026-04-18,825020,ATH,0,6,5,1,1,0,L
669270,Joel Kuhnel,2026-04-18,825020,ATH,0,5,5,1,0,0,R
643410,Mark Leiter Jr.,2026-04-18,825020,ATH,0,4,2,0,0,1,R
678022,Jack Perkins,2026-04-18,825020,ATH,0,11,8,1,0,3,R
607200,Erick Fedde,2026-04-18,825020,CWS,1,20,15,2,1,3,R
656794,Sean Newcomb,2026-04-18,825020,CWS,0,8,8,3,0,0,L
673929,Jordan Leasure,2026-04-18,825020,CWS,0,6,5,2,1,0,R
663542,Bryan Hudson,2026-04-18,825020,CWS,0,6,4,2,0,2,L
622554,Seranthony Domínguez,2026-04-18,825020,CWS,0,5,3,0,0,1,R
663855,Jordan Hicks,2026-04-18,825020,CWS,0,5,4,1,0,0,R
608371,Lucas Sims,2026-04-18,825020,CWS,0,2,0,0,0,0,R
668678,Zac Gallen,2026-04-18,825098,AZ,1,25,24,9,0,3,R
657044,Ryan Thompson,2026-04-18,825098,AZ,0,4,4,1,0,0,R
666661,Juan Morillo,2026-04-18,825098,AZ,0,5,5,1,0,2,R
656464,Kevin Ginkel,2026-04-18,825098,AZ,0,4,4,1,0,2,R
453286,Max Scherzer,2026-04-18,825098,TOR,1,22,21,5,0,1,R
643511,Tyler Rogers,2026-04-18,825098,TOR,0,3,3,0,0,0,R
656546,Jeff Hoffman,2026-04-18,825098,TOR,0,7,6,3,1,2,R
676571,PJ Poulin,2026-04-19,822750,WSH,1,4,4,1,0,0,L
571945,Miles Mikolas,2026-04-19,822750,WSH,0,17,16,4,0,4,R
674841,Andrew Alvarez,2026-04-19,822750,WSH,0,16,16,4,0,5,L
592662,Robbie Ray,2026-04-19,822750,SF,1,26,25,7,1,7,L
676775,Keaton Winn,2026-04-19,822750,SF,0,3,3,0,0,1,R
664141,JT Brubaker,2026-04-19,822750,SF,0,3,3,0,0,0,R
693433,Bryan Woo,2026-04-19,823150,SEA,1,26,23,4,0,6,R
642100,Gabe Speier,2026-04-19,823150,SEA,0,4,4,1,0,2,L
662253,Andrés Muñoz,2026-04-19,823150,SEA,0,4,4,0,0,3,R
669022,MacKenzie Gore,2026-04-19,823150,TEX,1,23,22,7,3,5,L
641302,Tyler Alexander,2026-04-19,823150,TEX,0,3,3,0,0,1,L
656222,Jalen Beeks,2026-04-19,823150,TEX,0,3,3,1,0,1,L
686560,Gavin Collyer,2026-04-19,823150,TEX,0,2,1,0,0,0,R
596001,Jakob Junis,2026-04-19,823150,TEX,0,6,3,0,0,0,R
656605,Mitch Keller,2026-04-19,823393,PIT,1,25,25,5,0,5,R
676755,Isaac Mattson,2026-04-19,823393,PIT,0,3,3,0,0,1,R
696062,Wilber Dotel,2026-04-19,823393,PIT,0,4,4,1,1,1,R
663556,Shane McClanahan,2026-04-19,823393,TB,1,21,21,8,0,5,L
669438,Mason Englert,2026-04-19,823393,TB,0,10,9,2,1,3,R
693855,Ian Seymour,2026-04-19,823393,TB,0,6,6,2,1,1,L
691725,Andrew Painter,2026-04-19,823475,PHI,1,19,17,5,1,4,R
641835,Tim Mayza,2026-04-19,823475,PHI,0,6,5,2,0,2,L
663767,Chase Shugart,2026-04-19,823475,PHI,0,4,3,1,0,1,R
679775,Kyle Backhus,2026-04-19,823475,PHI,0,4,4,0,0,1,L
689147,Orion Kerkering,2026-04-19,823475,PHI,0,4,3,0,0,0,R
686751,Seth Johnson,2026-04-19,823475,PHI,0,3,3,0,0,1,R
656550,Grant Holmes,2026-04-19,823475,ATL,1,19,18,4,1,4,R
607481,Aaron Bummer,2026-04-19,823475,ATL,0,2,2,1,0,0,L
641755,Tyler Kinley,2026-04-19,823475,ATL,0,5,3,0,0,1,R
669276,Dylan Lee,2026-04-19,823475,ATL,0,4,3,0,0,0,L
663158,Robert Suarez,2026-04-19,823475,ATL,0,3,3,0,0,1,R
628452,Raisel Iglesias,2026-04-19,823475,ATL,0,5,4,1,0,1,R
677960,Ryan Weathers,2026-04-19,823556,NYY,1,26,25,5,0,8,L
683409,Angel Chivilli,2026-04-19,823556,NYY,0,8,6,1,0,1,R
666142,Cole Ragans,2026-04-19,823556,KC,1,25,16,4,3,6,L
696131,Mason Black,2026-04-19,823556,KC,0,9,8,3,0,2,R
669212,Eli Morgan,2026-04-19,823556,KC,0,4,3,0,0,1,R
670167,John Schreiber,2026-04-19,823556,KC,0,3,3,0,0,0,R
641927,Bailey Ober,2026-04-19,823718,MIN,1,26,22,3,0,10,R
573124,Taylor Rogers,2026-04-19,823718,MIN,0,2,2,0,0,0,L
702193,Andrew Morris,2026-04-19,823718,MIN,0,9,7,3,0,2,R
670183,Garrett Acton,2026-04-19,823718,MIN,0,8,7,1,0,2,R
663903,Brady Singer,2026-04-19,823718,CIN,1,26,21,5,0,2,R
683175,Connor Phillips,2026-04-19,823718,CIN,0,4,3,0,0,1,R
693312,Kyle Nicolas,2026-04-19,823718,CIN,0,5,5,2,0,1,R
641941,Emilio Pagán,2026-04-19,823718,CIN,0,5,5,2,0,0,R
668933,Graham Ashcraft,2026-04-19,823718,CIN,0,4,3,0,0,1,R
691587,Eury Pérez,2026-04-19,823881,MIA,1,21,20,3,0,7,R
656848,Michael Petersen,2026-04-19,823881,MIA,0,6,6,1,0,1,R
677053,Andrew Nardi,2026-04-19,823881,MIA,0,3,1,1,0,0,L
676534,Calvin Faucher,2026-04-19,823881,MIA,0,1,1,0,0,0,R
664126,Pete Fairbanks,2026-04-19,823881,MIA,0,3,3,0,0,2,R
694819,Jacob Misiorowski,2026-04-19,823881,MIL,1,23,19,4,0,9,R
669084,DL Hall,2026-04-19,823881,MIL,0,5,3,2,0,1,L
681982,Grant Anderson,2026-04-19,823881,MIL,0,2,2,0,0,0,R
692230,Carlos Rodriguez,2026-04-19,823881,MIL,0,8,8,2,0,3,R
700712,Walbert Ureña,2026-04-19,824047,LAA,1,24,22,4,0,8,R
696147,Sam Bachman,2026-04-19,824047,LAA,0,7,7,1,0,3,R
608718,Brent Suter,2026-04-19,824047,LAA,0,3,2,0,0,0,L
650633,Michael King,2026-04-19,824047,SD,1,19,14,1,0,6,R
676760,Ron Marinaccio,2026-04-19,824047,SD,0,5,3,0,0,1,R
606996,Kyle Hart,2026-04-19,824047,SD,0,3,1,1,0,0,L
699134,Bradgley Rodriguez,2026-04-19,824047,SD,0,6,5,0,0,2,R
695243,Mason Miller,2026-04-19,824047,SD,0,3,3,0,0,2,R
681347,Mike Burrows,2026-04-19,824205,HOU,1,19,17,3,0,7,R
595345,Steven Okert,2026-04-19,824205,HOU,0,2,2,1,0,1,L
678906,Kai-Wei Teng,2026-04-19,824205,HOU,0,8,7,1,0,3,R
660853,Enyel De Los Santos,2026-04-19,824205,HOU,0,4,4,1,0,1,R
687911,Bryan King,2026-04-19,824205,HOU,0,11,9,2,0,1,L
669461,Matthew Liberatore,2026-04-19,824205,STL,1,23,20,3,0,4,L
592773,Ryne Stanek,2026-04-19,824205,STL,0,3,3,0,0,0,R
668941,JoJo Romero,2026-04-19,824205,STL,0,5,4,2,1,0,L
676617,Riley O'Brien,2026-04-19,824205,STL,0,4,4,1,0,2,R
677865,Justin Bruihl,2026-04-19,824205,STL,0,3,3,1,0,0,L
700669,Gordon Graceffo,2026-04-19,824205,STL,0,2,2,1,0,0,R
547179,Michael Lorenzen,2026-04-19,824371,COL,1,22,21,7,0,3,R
622608,Antonio Senzatela,2026-04-19,824371,COL,0,9,9,3,0,2,R
623474,Jimmy Herget,2026-04-19,824371,COL,0,5,5,2,0,1,R
680767,Victor Vodnik,2026-04-19,824371,COL,0,7,6,3,0,1,R
808963,Roki Sasaki,2026-04-19,824371,LAD,1,22,19,7,1,2,R
681911,Alex Vesia,2026-04-19,824371,LAD,0,1,1,0,0,0,L
694361,Will Klein,2026-04-19,824371,LAD,0,4,4,1,0,1,R
595014,Blake Treinen,2026-04-19,824371,LAD,0,4,4,4,1,0,R
676263,Jack Dreyer,2026-04-19,824371,LAD,0,2,2,0,0,1,L
621242,Edwin Díaz,2026-04-19,824371,LAD,0,4,3,3,0,0,R
669165,Kyle Hurt,2026-04-19,824371,LAD,0,3,3,0,0,1,R
676282,Joey Cantillo,2026-04-19,824452,CLE,1,22,18,5,1,6,L
670036,Matt Festa,2026-04-19,824452,CLE,0,3,3,0,0,0,R
688883,Peyton Pallette,2026-04-19,824452,CLE,0,6,6,0,0,2,R
681870,Erik Sabrowski,2026-04-19,824452,CLE,0,4,3,0,0,3,L
542888,Shawn Armstrong,2026-04-19,824452,CLE,0,3,3,0,0,1,R
669432,Trevor Rogers,2026-04-19,824452,BAL,1,24,21,6,2,5,L
669330,Tyler Wells,2026-04-19,824452,BAL,0,6,6,0,0,5,R
671382,Cameron Foster,2026-04-19,824452,BAL,0,7,5,2,0,2,R
665871,Javier Assad,2026-04-19,824691,CHC,1,20,19,3,1,3,R
657097,Jacob Webb,2026-04-19,824691,CHC,0,4,4,0,0,2,R
702303,Riley Martin,2026-04-19,824691,CHC,0,4,4,1,0,2,L
656686,Corbin Martin,2026-04-19,824691,CHC,0,4,4,1,0,1,R
573204,Caleb Thielbar,2026-04-19,824691,CHC,0,4,4,1,0,1,L
668964,Tobias Myers,2026-04-19,824691,NYM,1,7,6,1,0,2,R
656849,David Peterson,2026-04-19,824691,NYM,0,13,12,3,0,1,L
623211,Huascar Brazobán,2026-04-19,824691,NYM,0,3,1,0,0,1,R
548384,Brooks Raley,2026-04-19,824691,NYM,0,3,3,1,0,0,L
596133,Luke Weaver,2026-04-19,824691,NYM,0,4,4,0,0,0,R
642207,Devin Williams,2026-04-19,824691,NYM,0,5,5,2,0,3,R
518886,Craig Kimbrel,2026-04-19,824691,NYM,0,2,1,0,0,1,R
676979,Garrett Crochet,2026-04-19,824777,BOS,1,24,22,7,2,8,L
670245,Ryan Watson,2026-04-19,824777,BOS,0,5,5,2,0,0,R
681252,Jack Anderson,2026-04-19,824777,BOS,0,11,10,3,0,0,R
664285,Framber Valdez,2026-04-19,824777,DET,1,23,21,3,1,7,L
640448,Kyle Finnegan,2026-04-19,824777,DET,0,4,4,1,0,1,R
676684,Will Vest,2026-04-19,824777,DET,0,3,2,0,0,0,R
657756,Connor Seabold,2026-04-19,824777,DET,0,5,5,2,0,2,R
605488,Jeffrey Springs,2026-04-19,825018,ATH,1,25,23,9,4,7,L
686930,Mason Barnett,2026-04-19,825018,ATH,0,9,7,1,0,1,R
665622,Luis Medina,2026-04-19,825018,ATH,0,3,3,0,0,1,R
605130,Scott Barlow,2026-04-19,825018,ATH,0,4,3,0,0,2,R
702273,Noah Schultz,2026-04-19,825018,CWS,1,18,17,1,1,6,L
691799,Grant Taylor,2026-04-19,825018,CWS,0,9,8,3,0,3,R
673929,Jordan Leasure,2026-04-19,825018,CWS,0,1,1,0,0,0,R
663542,Bryan Hudson,2026-04-19,825018,CWS,0,4,4,1,0,1,L
622554,Seranthony Domínguez,2026-04-19,825018,CWS,0,5,3,0,0,1,R
669194,Ryne Nelson,2026-04-19,825100,AZ,1,10,9,8,0,1,R
694851,Andrew Hoffmann,2026-04-19,825100,AZ,0,9,8,2,1,3,R
694297,Brandon Pfaadt,2026-04-19,825100,AZ,0,24,21,4,0,3,R
592332,Kevin Gausman,2026-04-19,825100,TOR,1,25,24,7,0,4,R
689254,Mason Fluharty,2026-04-19,825100,TOR,0,5,5,2,1,1,L
667297,Tommy Nance,2026-04-19,825100,TOR,0,3,3,0,0,0,R
680755,Braydon Fisher,2026-04-19,825100,TOR,0,3,3,1,0,0,R
663623,Jake Irvin,2026-04-20,822749,WSH,1,19,17,3,1,4,R
676571,PJ Poulin,2026-04-20,822749,WSH,0,3,2,1,0,0,L
695418,Brad Lord,2026-04-20,822749,WSH,0,11,11,2,0,1,R
642759,Julian Fernández,2026-04-20,822749,WSH,0,7,4,1,0,1,R
693821,Bryce Elder,2026-04-20,822749,ATL,1,27,24,3,1,6,R
607481,Aaron Bummer,2026-04-20,822749,ATL,0,1,1,0,0,0,L
641755,Tyler Kinley,2026-04-20,822749,ATL,0,3,3,0,0,2,R
606303,Joel Payamps,2026-04-20,822749,ATL,0,3,3,0,0,1,R
669947,Jesse Scholtens,2026-04-20,822994,TB,1,26,25,8,1,6,R
694680,Trevor Martin,2026-04-20,822994,TB,0,9,9,2,0,2,R
642121,Cole Sulser,2026-04-20,822994,TB,0,3,3,0,0,0,R
695076,Rhett Lowder,2026-04-20,822994,CIN,1,24,22,5,0,3,R
656271,Brock Burke,2026-04-20,822994,CIN,0,3,3,0,0,2,L
572955,Pierce Johnson,2026-04-20,822994,CIN,0,4,3,0,0,0,R
683175,Connor Phillips,2026-04-20,822994,CIN,0,6,4,1,0,0,R
676106,Emerson Hancock,2026-04-20,823149,SEA,1,20,20,7,3,3,R
678606,José A. Ferrer,2026-04-20,823149,SEA,0,6,5,2,0,0,L
666374,Matt Brash,2026-04-20,823149,SEA,0,4,3,0,0,1,R
668984,Casey Legumina,2026-04-20,823149,SEA,0,6,4,3,0,0,R
681867,Cooper Criswell,2026-04-20,823149,SEA,0,4,4,1,0,0,R
669372,J.T. Ginn,2026-04-20,823149,ATH,1,23,22,6,2,6,R
663687,Hogan Harris,2026-04-20,823149,ATH,0,5,5,0,0,2,L
643410,Mark Leiter Jr.,2026-04-20,823149,ATH,0,5,5,2,0,1,R
669270,Joel Kuhnel,2026-04-20,823149,ATH,0,5,5,2,0,0,R
676974,Max Meyer,2026-04-20,823879,MIA,1,23,18,3,0,8,R
676534,Calvin Faucher,2026-04-20,823879,MIA,0,3,3,1,0,1,R
677053,Andrew Nardi,2026-04-20,823879,MIA,0,4,4,0,0,0,L
669622,Anthony Bender,2026-04-20,823879,MIA,0,2,2,0,0,2,R
664126,Pete Fairbanks,2026-04-20,823879,MIA,0,4,3,1,0,2,R
700241,Michael McGreevy,2026-04-20,823879,STL,1,23,21,5,1,3,R
694335,Matt Svanson,2026-04-20,823879,STL,0,6,4,0,0,0,R
681676,Ryan Fernandez,2026-04-20,823879,STL,0,5,3,1,0,1,R
672282,Reid Detmers,2026-04-20,824046,LAA,1,26,22,5,1,5,L
681217,Chase Silseth,2026-04-20,824046,LAA,0,4,3,1,0,1,R
641312,Shaun Anderson,2026-04-20,824046,LAA,0,8,6,2,0,0,R
656302,Dylan Cease,2026-04-20,824046,TOR,1,22,19,5,0,12,R
680755,Braydon Fisher,2026-04-20,824046,TOR,0,3,2,0,0,0,R
686973,Louis Varland,2026-04-20,824046,TOR,0,4,4,0,0,3,R
643511,Tyler Rogers,2026-04-20,824046,TOR,0,3,3,0,0,0,R
656546,Jeff Hoffman,2026-04-20,824046,TOR,0,4,4,1,0,3,R
607625,Seth Lugo,2026-04-20,824125,KC,1,24,20,1,0,7,R
621381,Matt Strahm,2026-04-20,824125,KC,0,3,3,0,0,3,L
668674,Lucas Erceg,2026-04-20,824125,KC,0,6,3,1,0,0,R
663738,Daniel Lynch IV,2026-04-20,824125,KC,0,4,4,0,0,2,L
670167,John Schreiber,2026-04-20,824125,KC,0,3,3,1,0,0,R
656638,Alex Lange,2026-04-20,824125,KC,0,7,6,3,1,2,R
680694,Kyle Bradish,2026-04-20,824125,BAL,1,27,24,10,1,7,R
670329,Rico Garcia,2026-04-20,824125,BAL,0,4,3,0,0,1,R
664991,Grant Wolfram,2026-04-20,824125,BAL,0,4,3,1,0,1,L
666974,Yennier Cano,2026-04-20,824125,BAL,0,3,3,0,0,0,R
664854,Ryan Helsley,2026-04-20,824125,BAL,0,3,3,0,0,2,R
689296,Anthony Nunez,2026-04-20,824125,BAL,0,7,5,1,0,1,R
671382,Cameron Foster,2026-04-20,824125,BAL,0,6,5,2,0,1,R
500779,Jose Quintana,2026-04-20,824370,COL,1,25,24,8,2,1,L
685299,Tanner Gordon,2026-04-20,824370,COL,0,22,17,7,3,6,R
680736,Justin Wrobleski,2026-04-20,824370,LAD,1,29,29,8,0,3,L
683618,Edgardo Henriquez,2026-04-20,824370,LAD,0,5,5,2,1,2,R
671109,Jake Eder,2026-04-20,824370,LAD,0,5,3,1,0,0,L
677944,Slade Cecconi,2026-04-20,824450,CLE,1,27,24,10,2,2,R
670036,Matt Festa,2026-04-20,824450,CLE,0,7,6,1,0,1,R
682120,Tim Herrin,2026-04-20,824450,CLE,0,5,4,1,0,0,L
641401,Connor Brogdon,2026-04-20,824450,CLE,0,4,4,1,1,1,R
681293,Spencer Arrighetti,2026-04-20,824450,HOU,1,25,20,5,0,3,R
595345,Steven Okert,2026-04-20,824450,HOU,0,4,4,1,0,0,L
805123,AJ Blubaugh,2026-04-20,824450,HOU,0,4,3,0,0,1,R
681151,Jayden Murray,2026-04-20,824450,HOU,0,8,7,2,0,2,R
607067,Colin Rea,2026-04-20,824692,CHC,1,28,26,6,0,5,R
571948,Hoby Milner,2026-04-20,824692,CHC,0,6,4,0,0,0,L
656686,Corbin Martin,2026-04-20,824692,CHC,0,4,3,0,0,0,R
605400,Aaron Nola,2026-04-20,824692,PHI,1,22,17,6,1,5,R
679775,Kyle Backhus,2026-04-20,824692,PHI,0,2,2,0,0,1,L
663767,Chase Shugart,2026-04-20,824692,PHI,0,7,7,1,0,2,R
686751,Seth Johnson,2026-04-20,824692,PHI,0,5,4,1,0,2,R
543243,Sonny Gray,2026-04-20,824776,BOS,1,11,10,3,0,2,R
543056,Danny Coulombe,2026-04-20,824776,BOS,0,4,2,0,0,0,L
677161,Zack Kelly,2026-04-20,824776,BOS,0,6,6,1,0,1,R
663558,Jovani Morán,2026-04-20,824776,BOS,0,3,1,1,0,0,L
669711,Greg Weissert,2026-04-20,824776,BOS,0,3,3,0,0,3,R
676477,Garrett Whitlock,2026-04-20,824776,BOS,0,3,3,0,0,0,R
670245,Ryan Watson,2026-04-20,824776,BOS,0,8,8,4,0,0,R
547973,Aroldis Chapman,2026-04-20,824776,BOS,0,3,3,1,0,1,L
656427,Jack Flaherty,2026-04-20,824776,DET,1,20,14,3,0,3,R
676428,Brant Hurter,2026-04-20,824776,DET,0,10,10,2,0,2,L
663947,Tyler Holton,2026-04-20,824776,DET,0,7,5,4,0,1,L
623454,Drew Anderson,2026-04-20,824776,DET,0,7,7,3,0,1,R
656492,Foster Griffin,2026-04-21,822747,WSH,1,24,23,5,2,3,L
681402,Gus Varland,2026-04-21,822747,WSH,0,4,4,1,0,1,R
672335,Cionel Pérez,2026-04-21,822747,WSH,0,6,4,1,0,0,L
690925,Clayton Beeter,2026-04-21,822747,WSH,0,4,4,1,0,2,R
625643,Reynaldo López,2026-04-21,822747,ATL,1,11,8,5,1,1,R
660761,José Suarez,2026-04-21,822747,ATL,0,13,9,0,0,4,L
689266,Dylan Dodd,2026-04-21,822747,ATL,0,6,5,2,0,2,L
607481,Aaron Bummer,2026-04-21,822747,ATL,0,3,3,0,0,1,L
641656,Ian Hamilton,2026-04-21,822747,ATL,0,7,5,2,0,1,R
606303,Joel Payamps,2026-04-21,822747,ATL,0,6,4,1,1,1,R
677958,Kumar Rocker,2026-04-21,822914,TEX,1,23,22,4,0,5,R
668390,Cole Winn,2026-04-21,822914,TEX,0,4,4,1,0,2,R
656641,Jacob Latz,2026-04-21,822914,TEX,0,3,3,0,0,2,L
596001,Jakob Junis,2026-04-21,822914,TEX,0,4,4,1,0,0,R
669387,Carmen Mlodzinski,2026-04-21,822914,PIT,1,21,18,6,0,6,R
696062,Wilber Dotel,2026-04-21,822914,PIT,0,9,6,1,0,0,R
664875,Justin Lawrence,2026-04-21,822914,PIT,0,3,3,0,0,2,R
681895,Evan Sisk,2026-04-21,822914,PIT,0,4,4,1,0,2,L
571927,Steven Matz,2026-04-21,822995,TB,1,17,13,4,3,4,L
693855,Ian Seymour,2026-04-21,822995,TB,0,4,3,0,0,1,L
643377,Griffin Jax,2026-04-21,822995,TB,0,6,5,1,1,3,R
685801,Hunter Bigge,2026-04-21,822995,TB,0,7,5,2,0,1,R
672782,Yoendrys Gómez,2026-04-21,822995,TB,0,11,7,2,0,2,R
810938,Ben Williamson,2026-04-21,822995,TB,0,4,4,1,1,0,R
695505,Chase Burns,2026-04-21,822995,CIN,1,23,21,4,1,8,R
594580,Sam Moll,2026-04-21,822995,CIN,0,6,6,2,0,0,L
572955,Pierce Johnson,2026-04-21,822995,CIN,0,4,4,1,0,2,R
693312,Kyle Nicolas,2026-04-21,822995,CIN,0,9,4,1,0,2,R
622491,Luis Castillo,2026-04-21,823148,SEA,1,21,19,5,1,6,R
660825,Eduard Bazardo,2026-04-21,823148,SEA,0,5,5,2,0,1,R
642100,Gabe Speier,2026-04-21,823148,SEA,0,5,5,2,1,0,L
677961,Cole Wilcox,2026-04-21,823148,SEA,0,12,10,4,0,3,R
682052,Jacob Lopez,2026-04-21,823148,ATH,1,24,21,7,1,1,L
605130,Scott Barlow,2026-04-21,823148,ATH,0,6,5,1,0,2,R
663687,Hogan Harris,2026-04-21,823148,ATH,0,1,1,0,0,0,L
678022,Jack Perkins,2026-04-21,823148,ATH,0,6,6,0,0,2,R
694738,Landen Roupp,2026-04-21,823236,SF,1,20,15,1,0,7,R
621366,Ryan Borucki,2026-04-21,823236,SF,0,4,4,1,0,1,L
657424,Matt Gage,2026-04-21,823236,SF,0,3,2,0,0,0,L
669062,Erik Miller,2026-04-21,823236,SF,0,5,4,1,0,1,L
676775,Keaton Winn,2026-04-21,823236,SF,0,1,1,0,0,1,R
676254,Ryan Walker,2026-04-21,823236,SF,0,3,3,0,0,2,R
808967,Yoshinobu Yamamoto,2026-04-21,823236,LAD,1,28,25,6,0,7,R
656945,Tanner Scott,2026-04-21,823236,LAD,0,4,3,0,0,1,L
690997,Nolan McLean,2026-04-21,823640,NYM,1,25,25,5,1,10,R
623211,Huascar Brazobán,2026-04-21,823640,NYM,0,4,4,0,0,2,R
642207,Devin Williams,2026-04-21,823640,NYM,0,5,1,1,0,0,R
681810,Austin Warren,2026-04-21,823640,NYM,0,3,3,0,0,3,R
680573,Simeon Woods Richardson,2026-04-21,823640,MIN,1,22,19,4,1,2,R
607455,Anthony Banda,2026-04-21,823640,MIN,0,3,3,0,0,2,L
623437,Justin Topa,2026-04-21,823640,MIN,0,3,3,0,0,1,R
663485,Cole Sands,2026-04-21,823640,MIN,0,6,6,0,0,3,R
663978,Chris Paddack,2026-04-21,823880,MIA,1,24,23,8,1,7,R
667463,John King,2026-04-21,823880,MIA,0,4,4,0,0,2,L
663969,Tyler Phillips,2026-04-21,823880,MIA,0,10,9,2,0,3,R
669160,Dustin May,2026-04-21,823880,STL,1,22,21,6,1,5,R
677865,Justin Bruihl,2026-04-21,823880,STL,0,7,5,0,0,0,L
592773,Ryne Stanek,2026-04-21,823880,STL,0,6,3,1,0,2,R
666277,George Soriano,2026-04-21,823880,STL,0,1,1,0,0,1,R
676617,Riley O'Brien,2026-04-21,823880,STL,0,4,4,1,0,1,R
686799,Jack Kochanowicz,2026-04-21,824045,LAA,1,23,19,5,0,1,R
696147,Sam Bachman,2026-04-21,824045,LAA,0,4,4,0,0,1,R
519141,Drew Pomeranz,2026-04-21,824045,LAA,0,7,6,3,0,1,L
680704,Nick Sandlin,2026-04-21,824045,LAA,0,3,3,0,0,1,R
571578,Patrick Corbin,2026-04-21,824045,TOR,1,18,15,2,0,3,L
693686,Spencer Miles,2026-04-21,824045,TOR,0,5,5,1,0,1,R
689254,Mason Fluharty,2026-04-21,824045,TOR,0,1,1,0,0,1,L
643511,Tyler Rogers,2026-04-21,824045,TOR,0,3,3,0,0,0,R
656546,Jeff Hoffman,2026-04-21,824045,TOR,0,5,3,2,0,1,R
686973,Louis Varland,2026-04-21,824045,TOR,0,1,1,0,0,0,R
663460,Kris Bubic,2026-04-21,824127,KC,1,24,21,5,1,3,L
683232,Nick Mears,2026-04-21,824127,KC,0,3,3,0,0,0,R
621381,Matt Strahm,2026-04-21,824127,KC,0,7,6,3,1,1,L
668674,Lucas Erceg,2026-04-21,824127,KC,0,3,2,0,0,0,R
669358,Shane Baz,2026-04-21,824127,BAL,1,29,24,8,0,4,R
664991,Grant Wolfram,2026-04-21,824127,BAL,0,3,3,1,0,0,L
670329,Rico Garcia,2026-04-21,824127,BAL,0,4,4,1,1,2,R
664854,Ryan Helsley,2026-04-21,824127,BAL,0,3,1,0,0,1,R
672456,Keider Montero,2026-04-21,824290,DET,1,22,21,5,0,3,R
646241,Enmanuel De Jesus,2026-04-21,824290,DET,0,13,11,7,0,1,L
657756,Connor Seabold,2026-04-21,824290,DET,0,6,4,2,0,0,R
668670,Jake Rogers,2026-04-21,824290,DET,0,5,5,2,0,1,R
690986,Kyle Harrison,2026-04-21,824290,MIL,1,17,13,4,0,3,L
681982,Grant Anderson,2026-04-21,824290,MIL,0,5,5,1,0,1,R
656730,Trevor Megill,2026-04-21,824290,MIL,0,3,3,0,0,1,R
676879,Aaron Ashby,2026-04-21,824290,MIL,0,5,3,0,0,2,L
663765,Jake Woodford,2026-04-21,824290,MIL,0,11,11,4,0,2,R
623474,Jimmy Herget,2026-04-21,824369,COL,1,3,3,0,0,3,R
801403,Chase Dollander,2026-04-21,824369,COL,0,24,21,3,0,9,R
675848,Juan Mejia,2026-04-21,824369,COL,0,4,4,1,0,1,R
657514,Brennan Bernardino,2026-04-21,824369,COL,0,5,5,2,0,2,L
681190,Randy Vásquez,2026-04-21,824369,SD,1,24,23,3,0,5,R
592094,Jason Adam,2026-04-21,824369,SD,0,3,3,0,0,1,R
670970,Adrian Morejon,2026-04-21,824369,SD,0,3,3,0,0,2,L
800048,Parker Messick,2026-04-21,824448,CLE,1,20,18,6,0,4,L
542888,Shawn Armstrong,2026-04-21,824448,CLE,0,3,3,0,0,0,R
641401,Connor Brogdon,2026-04-21,824448,CLE,0,3,2,1,0,0,R
682120,Tim Herrin,2026-04-21,824448,CLE,0,4,3,1,0,0,L
688883,Peyton Pallette,2026-04-21,824448,CLE,0,4,3,0,0,0,R
671922,Cade Smith,2026-04-21,824448,CLE,0,5,4,2,0,1,R
680802,Ryan Weiss,2026-04-21,824448,HOU,1,19,15,5,1,4,R
676467,Colton Gordon,2026-04-21,824448,HOU,0,5,5,2,0,1,L
678906,Kai-Wei Teng,2026-04-21,824448,HOU,0,8,7,0,0,2,R
660853,Enyel De Los Santos,2026-04-21,824448,HOU,0,4,3,2,0,0,R
687911,Bryan King,2026-04-21,824448,HOU,0,5,3,2,0,0,L
684007,Shota Imanaga,2026-04-21,824690,CHC,1,26,25,3,1,1,L
702303,Riley Martin,2026-04-21,824690,CHC,0,5,4,1,1,2,L
657097,Jacob Webb,2026-04-21,824690,CHC,0,4,3,2,0,0,R
573204,Caleb Thielbar,2026-04-21,824690,CHC,0,2,2,0,0,0,L
666200,Jesús Luzardo,2026-04-21,824690,PHI,1,24,19,5,0,3,L
689147,Orion Kerkering,2026-04-21,824690,PHI,0,3,1,0,0,0,R
621383,Tanner Banks,2026-04-21,824690,PHI,0,8,6,3,0,1,L
641835,Tim Mayza,2026-04-21,824690,PHI,0,6,5,2,2,1,L
621237,José Alvarado,2026-04-21,824690,PHI,0,5,3,2,0,1,L
641745,Brad Keller,2026-04-21,824690,PHI,0,2,2,0,0,0,R
813349,Connelly Early,2026-04-21,824773,BOS,1,23,19,5,1,4,L
681252,Jack Anderson,2026-04-21,824773,BOS,0,10,10,4,0,2,R
701719,Tyler Samaniego,2026-04-21,824773,BOS,0,6,5,1,0,3,L
661563,Luis Gil,2026-04-21,824773,NYY,1,24,20,2,0,2,R
687396,Brent Headrick,2026-04-21,824773,NYY,0,3,3,1,0,1,L
657612,Tim Hill,2026-04-21,824773,NYY,0,3,3,0,0,0,L
670280,David Bednar,2026-04-21,824773,NYY,0,4,4,1,0,1,R
518876,Merrill Kelly,2026-04-21,825099,AZ,1,26,22,10,3,5,R
664199,Taylor Clarke,2026-04-21,825099,AZ,0,5,4,1,0,0,R
642528,Jonathan Loáisiga,2026-04-21,825099,AZ,0,6,5,1,0,2,R
656464,Kevin Ginkel,2026-04-21,825099,AZ,0,3,3,0,0,1,R
657044,Ryan Thompson,2026-04-21,825099,AZ,0,3,1,1,1,0,R
543510,James McCann,2026-04-21,825099,AZ,0,4,3,1,0,0,R
680732,Sean Burke,2026-04-21,825099,CWS,1,22,21,5,1,3,R
608371,Lucas Sims,2026-04-21,825099,CWS,0,5,3,0,0,1,R
674370,Osvaldo Bido,2026-04-21,825099,CWS,0,13,9,3,1,2,R
641793,Zack Littell,2026-04-22,822748,WSH,1,28,25,7,4,1,R
680730,Mitchell Parker,2026-04-22,822748,WSH,0,6,5,1,0,0,L
642759,Julian Fernández,2026-04-22,822748,WSH,0,3,3,0,0,0,R
800311,Didier Fuentes,2026-04-22,822748,ATL,1,18,17,7,1,7,R
527048,Martín Pérez,2026-04-22,822748,ATL,0,12,12,3,2,4,L
669276,Dylan Lee,2026-04-22,822748,ATL,0,3,3,0,0,0,L
641755,Tyler Kinley,2026-04-22,822748,ATL,0,5,3,0,0,1,R
663158,Robert Suarez,2026-04-22,822748,ATL,0,4,4,1,0,0,R
683004,Jack Leiter,2026-04-22,822913,TEX,1,22,20,5,0,5,R
641302,Tyler Alexander,2026-04-22,822913,TEX,0,7,7,1,0,2,L
686560,Gavin Collyer,2026-04-22,822913,TEX,0,3,2,0,0,0,R
668390,Cole Winn,2026-04-22,822913,TEX,0,4,4,2,0,1,R
656222,Jalen Beeks,2026-04-22,822913,TEX,0,3,3,1,1,1,L
677952,Braxton Ashcraft,2026-04-22,822913,PIT,1,25,23,4,1,5,R
642397,Gregory Soto,2026-04-22,822913,PIT,0,6,6,3,0,3,L
642701,Dennis Santana,2026-04-22,822913,PIT,0,3,3,0,0,2,R
607259,Nick Martinez,2026-04-22,822993,TB,1,30,28,5,0,6,R
687330,Kevin Kelly,2026-04-22,822993,TB,0,3,3,0,0,1,R
682227,Brandon Williamson,2026-04-22,822993,CIN,1,22,17,7,1,3,L
683175,Connor Phillips,2026-04-22,822993,CIN,0,8,7,2,0,1,R
663574,Tony Santillan,2026-04-22,822993,CIN,0,2,2,0,0,0,R
656271,Brock Burke,2026-04-22,822993,CIN,0,3,3,0,0,0,L
669302,Logan Gilbert,2026-04-22,823147,SEA,1,21,17,6,0,3,R
678606,José A. Ferrer,2026-04-22,823147,SEA,0,8,6,2,0,2,L
666374,Matt Brash,2026-04-22,823147,SEA,0,3,3,0,0,0,R
681867,Cooper Criswell,2026-04-22,823147,SEA,0,3,3,0,0,1,R
662253,Andrés Muñoz,2026-04-22,823147,SEA,0,4,4,1,1,1,R
650644,Aaron Civale,2026-04-22,823147,ATH,1,23,21,6,1,5,R
669620,Brady Basso,2026-04-22,823147,ATH,0,3,2,1,0,0,L
643410,Mark Leiter Jr.,2026-04-22,823147,ATH,0,5,5,2,0,1,R
686993,Justin Sterner,2026-04-22,823147,ATH,0,4,4,1,0,2,R
669270,Joel Kuhnel,2026-04-22,823147,ATH,0,5,5,4,0,0,R
641816,Tyler Mahle,2026-04-22,823231,SF,1,26,24,3,0,5,R
668873,Caleb Kilian,2026-04-22,823231,SF,0,4,4,1,0,0,R
676254,Ryan Walker,2026-04-22,823231,SF,0,4,3,0,0,0,R
660271,Shohei Ohtani,2026-04-22,823231,LAD,1,23,23,5,0,7,R
676263,Jack Dreyer,2026-04-22,823231,LAD,0,6,5,3,1,0,L
669165,Kyle Hurt,2026-04-22,823231,LAD,0,3,3,0,0,1,R
605280,Clay Holmes,2026-04-22,823641,NYM,1,27,25,5,1,3,R
548384,Brooks Raley,2026-04-22,823641,NYM,0,4,3,1,0,1,L
596133,Luke Weaver,2026-04-22,823641,NYM,0,6,5,1,0,3,R
687570,Connor Prielipp,2026-04-22,823641,MIN,1,17,17,4,0,6,L
696070,Kendry Rojas,2026-04-22,823641,MIN,0,8,5,2,0,0,L
679358,Eric Orze,2026-04-22,823641,MIN,0,3,3,0,0,2,R
573124,Taylor Rogers,2026-04-22,823641,MIN,0,3,2,1,0,0,L
623437,Justin Topa,2026-04-22,823641,MIN,0,3,2,1,0,0,R
676083,Janson Junk,2026-04-22,823878,MIA,1,17,16,1,0,2,R
677053,Andrew Nardi,2026-04-22,823878,MIA,0,4,4,1,0,2,L
669622,Anthony Bender,2026-04-22,823878,MIA,0,4,4,1,0,1,R
656848,Michael Petersen,2026-04-22,823878,MIA,0,3,3,0,0,3,R
669199,Lake Bachar,2026-04-22,823878,MIA,0,3,2,1,1,0,R
664126,Pete Fairbanks,2026-04-22,823878,MIA,0,2,2,0,0,1,R
681517,Kyle Leahy,2026-04-22,823878,STL,1,25,21,8,0,2,R
700669,Gordon Graceffo,2026-04-22,823878,STL,0,4,4,2,0,0,R
694335,Matt Svanson,2026-04-22,823878,STL,0,3,3,0,0,1,R
681676,Ryan Fernandez,2026-04-22,823878,STL,0,6,6,2,0,2,R
667755,José Soriano,2026-04-22,824044,LAA,1,20,20,7,0,4,R
666171,Ryan Zeferjahn,2026-04-22,824044,LAA,0,6,5,1,0,1,R
681217,Chase Silseth,2026-04-22,824044,LAA,0,4,4,2,0,0,R
608718,Brent Suter,2026-04-22,824044,LAA,0,3,3,0,0,2,L
605447,Jordan Romano,2026-04-22,824044,LAA,0,5,5,2,0,2,R
641778,Eric Lauer,2026-04-22,824044,TOR,1,24,21,7,2,3,L
667297,Tommy Nance,2026-04-22,824044,TOR,0,6,5,1,0,2,R
680755,Braydon Fisher,2026-04-22,824044,TOR,0,4,3,2,0,1,R
573009,Joe Mantiply,2026-04-22,824044,TOR,0,6,5,1,0,2,L
608379,Michael Wacha,2026-04-22,824123,KC,1,25,23,7,1,5,R
669212,Eli Morgan,2026-04-22,824123,KC,0,8,8,3,1,1,R
656638,Alex Lange,2026-04-22,824123,KC,0,3,3,0,0,1,R
696131,Mason Black,2026-04-22,824123,KC,0,4,3,1,0,1,R
605135,Chris Bassitt,2026-04-22,824123,BAL,1,25,23,8,2,3,R
666974,Yennier Cano,2026-04-22,824123,BAL,0,4,4,1,1,0,R
669330,Tyler Wells,2026-04-22,824123,BAL,0,5,5,1,0,0,R
689296,Anthony Nunez,2026-04-22,824123,BAL,0,4,4,0,0,2,R
663554,Casey Mize,2026-04-22,824286,DET,1,23,20,3,0,7,R
640448,Kyle Finnegan,2026-04-22,824286,DET,0,3,3,0,0,1,R
676684,Will Vest,2026-04-22,824286,DET,0,5,5,2,0,0,R
445276,Kenley Jansen,2026-04-22,824286,DET,0,6,4,1,0,1,R
669084,DL Hall,2026-04-22,824286,MIL,1,7,5,0,0,2,L
694477,Chad Patrick,2026-04-22,824286,MIL,0,19,18,6,1,2,R
692230,Carlos Rodriguez,2026-04-22,824286,MIL,0,9,9,3,1,2,R
608372,Tomoyuki Sugano,2026-04-22,824367,COL,1,23,22,5,0,4,R
677955,Jaden Hill,2026-04-22,824367,COL,0,6,5,1,1,3,R
622608,Antonio Senzatela,2026-04-22,824367,COL,0,8,7,1,0,0,R
621111,Walker Buehler,2026-04-22,824367,SD,1,19,16,8,0,2,R
606996,Kyle Hart,2026-04-22,824367,SD,0,9,9,2,0,0,L
688158,David Morgan,2026-04-22,824367,SD,0,9,8,4,0,3,R
593974,Wandy Peralta,2026-04-22,824367,SD,0,5,5,1,1,1,L
676440,Tanner Bibee,2026-04-22,824449,CLE,1,24,22,5,1,3,R
670036,Matt Festa,2026-04-22,824449,CLE,0,4,3,0,0,2,R
683769,Hunter Gaddis,2026-04-22,824449,CLE,0,3,3,0,0,0,R
681870,Erik Sabrowski,2026-04-22,824449,CLE,0,4,4,1,0,1,L
663567,Peter Lambert,2026-04-22,824449,HOU,1,24,21,3,0,8,R
805123,AJ Blubaugh,2026-04-22,824449,HOU,0,3,3,0,0,1,R
595345,Steven Okert,2026-04-22,824449,HOU,0,3,3,1,0,0,L
660853,Enyel De Los Santos,2026-04-22,824449,HOU,0,6,5,1,0,1,R
571510,Matthew Boyd,2026-04-22,824688,CHC,1,19,19,5,0,5,L
676962,Ben Brown,2026-04-22,824688,CHC,0,10,10,3,0,5,R
656686,Corbin Martin,2026-04-22,824688,CHC,0,3,3,0,0,0,R
571948,Hoby Milner,2026-04-22,824688,CHC,0,4,4,1,0,2,L
679775,Kyle Backhus,2026-04-22,824688,PHI,1,5,5,2,0,1,L
592836,Taijuan Walker,2026-04-22,824688,PHI,0,21,20,8,2,1,R
660604,Alan Rangel,2026-04-22,824688,PHI,0,12,12,3,0,5,R
624133,Ranger Suarez,2026-04-22,824774,BOS,1,21,18,5,1,4,L
677161,Zack Kelly,2026-04-22,824774,BOS,0,3,3,0,0,2,R
700842,Eduardo Rivera,2026-04-22,824774,BOS,0,10,10,1,0,3,L
608331,Max Fried,2026-04-22,824774,NYY,1,29,27,3,0,9,L
687396,Brent Headrick,2026-04-22,824774,NYY,0,5,5,2,0,0,L
593958,Eduardo Rodriguez,2026-04-22,825097,AZ,1,24,21,6,2,4,L
664199,Taylor Clarke,2026-04-22,825097,AZ,0,4,4,1,0,0,R
657044,Ryan Thompson,2026-04-22,825097,AZ,0,5,4,2,1,1,R
666661,Juan Morillo,2026-04-22,825097,AZ,0,4,4,1,0,2,R
623149,Paul Sewald,2026-04-22,825097,AZ,0,5,4,1,0,1,R
641743,Anthony Kay,2026-04-22,825097,CWS,1,22,19,8,2,1,L
663855,Jordan Hicks,2026-04-22,825097,CWS,0,3,2,1,0,0,R
663542,Bryan Hudson,2026-04-22,825097,CWS,0,5,4,1,0,2,L
608371,Lucas Sims,2026-04-22,825097,CWS,0,5,5,2,1,2,R
656794,Sean Newcomb,2026-04-22,825097,CWS,0,9,8,4,0,0,L
676917,Cade Cavalli,2026-04-23,822745,WSH,1,23,21,7,0,10,R
663992,Richard Lovelady,2026-04-23,822745,WSH,0,4,3,1,0,1,L
672335,Cionel Pérez,2026-04-23,822745,WSH,0,4,2,1,0,1,L
681402,Gus Varland,2026-04-23,822745,WSH,0,5,5,3,0,1,R
642759,Julian Fernández,2026-04-23,822745,WSH,0,8,8,2,1,2,R
702275,JR Ritchie,2026-04-23,822745,ATL,1,26,24,5,2,7,R
669276,Dylan Lee,2026-04-23,822745,ATL,0,3,3,0,0,2,L
471911,Carlos Carrasco,2026-04-23,822745,ATL,0,3,3,0,0,1,R
594798,Jacob deGrom,2026-04-23,822912,TEX,1,23,22,5,1,10,R
686560,Gavin Collyer,2026-04-23,822912,TEX,0,3,1,0,0,0,R
656222,Jalen Beeks,2026-04-23,822912,TEX,0,3,3,0,0,2,L
596001,Jakob Junis,2026-04-23,822912,TEX,0,3,3,0,0,0,R
682608,Peyton Gray,2026-04-23,822912,TEX,0,3,3,0,0,1,R
696149,Bubba Chandler,2026-04-23,822912,PIT,1,23,19,7,2,4,R
681895,Evan Sisk,2026-04-23,822912,PIT,0,7,5,0,0,2,L
664875,Justin Lawrence,2026-04-23,822912,PIT,0,4,4,1,0,0,R
670990,Yohan Ramírez,2026-04-23,822912,PIT,0,4,4,1,0,1,R
657277,Logan Webb,2026-04-23,823233,SF,1,29,26,7,0,5,R
694918,Blade Tidwell,2026-04-23,823233,SF,0,8,7,1,0,2,R
607192,Tyler Glasnow,2026-04-23,823233,LAD,1,25,24,1,0,9,R
656945,Tanner Scott,2026-04-23,823233,LAD,0,3,3,0,0,0,L
681035,Christian Scott,2026-04-23,823639,NYM,1,10,4,0,0,1,R
668964,Tobias Myers,2026-04-23,823639,NYM,0,9,9,2,0,3,R
656849,David Peterson,2026-04-23,823639,NYM,0,15,14,4,1,2,L
518886,Craig Kimbrel,2026-04-23,823639,NYM,0,5,4,2,0,1,R
623211,Huascar Brazobán,2026-04-23,823639,NYM,0,3,3,1,1,0,R
642207,Devin Williams,2026-04-23,823639,NYM,0,5,5,3,0,2,R
657746,Joe Ryan,2026-04-23,823639,MIN,1,25,22,7,2,5,R
702193,Andrew Morris,2026-04-23,823639,MIN,0,10,9,2,0,4,R
607455,Anthony Banda,2026-04-23,823639,MIN,0,3,2,1,0,0,L
669373,Tarik Skubal,2026-04-23,824288,DET,1,24,24,7,0,5,L
663947,Tyler Holton,2026-04-23,824288,DET,0,5,4,2,0,0,L
572143,Burch Smith,2026-04-23,824288,DET,0,6,4,1,0,1,R
676428,Brant Hurter,2026-04-23,824288,DET,0,1,1,0,0,0,L
687075,Brandon Sproat,2026-04-23,824288,MIL,1,21,19,4,1,4,R
676879,Aaron Ashby,2026-04-23,824288,MIL,0,3,2,1,0,0,L
681982,Grant Anderson,2026-04-23,824288,MIL,0,1,1,0,0,1,R
656730,Trevor Megill,2026-04-23,824288,MIL,0,3,3,0,0,0,R
672582,Angel Zerpa,2026-04-23,824288,MIL,0,4,4,1,1,2,L
682842,Abner Uribe,2026-04-23,824288,MIL,0,2,2,1,1,1,R
663372,Ryan Feltner,2026-04-23,824368,COL,1,9,8,2,0,3,R
688642,Zach Agnos,2026-04-23,824368,COL,0,15,13,4,1,3,R
678020,Seth Halvorsen,2026-04-23,824368,COL,0,4,3,0,0,2,R
675848,Juan Mejia,2026-04-23,824368,COL,0,9,8,3,0,3,R
680767,Victor Vodnik,2026-04-23,824368,COL,0,7,6,4,1,2,R
657514,Brennan Bernardino,2026-04-23,824368,COL,0,2,2,0,0,0,L
663362,Matt Waldron,2026-04-23,824368,SD,1,26,22,8,1,3,R
670970,Adrian Morejon,2026-04-23,824368,SD,0,4,4,1,1,1,L
676760,Ron Marinaccio,2026-04-23,824368,SD,0,9,9,4,0,0,R
695243,Mason Miller,2026-04-23,824368,SD,0,3,3,1,0,0,R
665795,Edward Cabrera,2026-04-23,824689,CHC,1,28,27,6,2,5,R
571948,Hoby Milner,2026-04-23,824689,CHC,0,4,2,0,0,0,L
657097,Jacob Webb,2026-04-23,824689,CHC,0,3,2,1,0,1,R
573204,Caleb Thielbar,2026-04-23,824689,CHC,0,2,1,1,1,0,L
702303,Riley Martin,2026-04-23,824689,CHC,0,4,3,0,0,1,L
665871,Javier Assad,2026-04-23,824689,CHC,0,3,3,0,0,0,R
650911,Cristopher Sánchez,2026-04-23,824689,PHI,1,30,27,12,2,4,L
663767,Chase Shugart,2026-04-23,824689,PHI,0,4,3,1,0,0,R
689147,Orion Kerkering,2026-04-23,824689,PHI,0,5,4,1,0,1,R
641745,Brad Keller,2026-04-23,824689,PHI,0,4,4,1,1,0,R
621237,José Alvarado,2026-04-23,824689,PHI,0,5,4,1,0,1,L
621383,Tanner Banks,2026-04-23,824689,PHI,0,4,3,2,0,1,L
801139,Payton Tolle,2026-04-23,824770,BOS,1,22,21,3,1,11,L
543056,Danny Coulombe,2026-04-23,824770,BOS,0,5,5,3,0,2,L
669711,Greg Weissert,2026-04-23,824770,BOS,0,4,3,2,0,1,R
701719,Tyler Samaniego,2026-04-23,824770,BOS,0,6,6,2,0,1,L
670245,Ryan Watson,2026-04-23,824770,BOS,0,2,2,0,0,2,R
693645,Cam Schlittler,2026-04-23,824770,NYY,1,28,27,4,1,5,R
670280,David Bednar,2026-04-23,824770,NYY,0,3,3,0,0,0,R
647336,Michael Soroka,2026-04-23,825096,AZ,1,22,21,7,0,6,R
656464,Kevin Ginkel,2026-04-23,825096,AZ,0,6,6,1,0,2,R
666661,Juan Morillo,2026-04-23,825096,AZ,0,5,5,1,0,2,R
623149,Paul Sewald,2026-04-23,825096,AZ,0,5,2,1,1,0,R
642528,Jonathan Loáisiga,2026-04-23,825096,AZ,0,1,1,0,0,0,R
663436,Davis Martin,2026-04-23,825096,CWS,1,24,23,6,0,7,R
691799,Grant Taylor,2026-04-23,825096,CWS,0,7,7,2,0,3,R
622554,Seranthony Domínguez,2026-04-23,825096,CWS,0,3,3,0,0,2,R
453286,Max Scherzer,2026-04-24,822827,TOR,1,16,13,6,3,0,R
573009,Joe Mantiply,2026-04-24,822827,TOR,0,6,6,2,0,1,L
693686,Spencer Miles,2026-04-24,822827,TOR,0,9,9,2,0,2,R
667297,Tommy Nance,2026-04-24,822827,TOR,0,3,3,0,0,3,R
689254,Mason Fluharty,2026-04-24,822827,TOR,0,3,3,0,0,2,L
680755,Braydon Fisher,2026-04-24,822827,TOR,0,4,3,0,0,0,R
668909,Gavin Williams,2026-04-24,822827,CLE,1,27,25,7,2,4,R
683769,Hunter Gaddis,2026-04-24,822827,CLE,0,3,3,0,0,0,R
681870,Erik Sabrowski,2026-04-24,822827,CLE,0,3,3,0,0,1,L
671922,Cade Smith,2026-04-24,822827,CLE,0,4,4,2,0,0,R
543135,Nathan Eovaldi,2026-04-24,822909,TEX,1,25,24,6,4,3,R
615698,Cal Quantrill,2026-04-24,822909,TEX,0,12,12,3,1,2,R
622663,Luis Severino,2026-04-24,822909,ATH,1,26,25,6,0,5,R
663687,Hogan Harris,2026-04-24,822909,ATH,0,4,4,2,0,2,L
686993,Justin Sterner,2026-04-24,822909,ATH,0,2,2,0,0,0,R
665622,Luis Medina,2026-04-24,822909,ATH,0,3,3,0,0,0,R
656876,Drew Rasmussen,2026-04-24,822992,TB,1,24,23,5,1,6,R
642121,Cole Sulser,2026-04-24,822992,TB,0,4,4,1,0,0,R
694680,Trevor Martin,2026-04-24,822992,TB,0,7,6,3,1,1,R
641329,Bryan Baker,2026-04-24,822992,TB,0,3,3,0,0,1,R
671737,Taj Bradley,2026-04-24,822992,MIN,1,29,25,7,4,3,R
607455,Anthony Banda,2026-04-24,822992,MIN,0,2,2,0,0,0,L
679358,Eric Orze,2026-04-24,822992,MIN,0,3,3,0,0,2,R
669467,Andre Pallante,2026-04-24,823069,STL,1,23,20,4,1,8,R
677865,Justin Bruihl,2026-04-24,823069,STL,0,5,2,0,0,0,L
666277,George Soriano,2026-04-24,823069,STL,0,2,2,0,0,0,R
700669,Gordon Graceffo,2026-04-24,823069,STL,0,6,6,0,0,2,R
669923,George Kirby,2026-04-24,823069,SEA,1,24,22,5,0,2,R
666374,Matt Brash,2026-04-24,823069,SEA,0,3,3,0,0,0,R
642100,Gabe Speier,2026-04-24,823069,SEA,0,3,3,2,0,1,L
660825,Eduard Bazardo,2026-04-24,823069,SEA,0,1,1,0,0,0,R
662253,Andrés Muñoz,2026-04-24,823069,SEA,0,4,4,1,0,2,R
605288,Adrian Houser,2026-04-24,823232,SF,1,23,21,11,2,3,R
664141,JT Brubaker,2026-04-24,823232,SF,0,13,12,3,0,3,R
668873,Caleb Kilian,2026-04-24,823232,SF,0,5,4,1,0,0,R
621366,Ryan Borucki,2026-04-24,823232,SF,0,5,4,1,0,0,L
645261,Sandy Alcantara,2026-04-24,823232,MIA,1,26,25,9,0,4,R
669199,Lake Bachar,2026-04-24,823232,MIA,0,8,8,2,1,1,R
667463,John King,2026-04-24,823232,MIA,0,4,3,0,0,1,L
642547,Freddy Peralta,2026-04-24,823638,NYM,1,27,24,7,0,8,R
640455,Sean Manaea,2026-04-24,823638,NYM,0,15,12,3,0,7,L
547179,Michael Lorenzen,2026-04-24,823638,COL,1,26,26,7,0,3,R
677955,Jaden Hill,2026-04-24,823638,COL,0,5,5,4,0,0,R
622608,Antonio Senzatela,2026-04-24,823638,COL,0,4,4,0,0,1,R
605540,Brandon Woodruff,2026-04-24,823800,MIL,1,21,19,5,1,3,R
675660,Shane Drohan,2026-04-24,823800,MIL,0,19,18,4,0,2,L
694973,Paul Skenes,2026-04-24,823800,PIT,1,22,22,1,0,7,R
682254,Mason Montgomery,2026-04-24,823800,PIT,0,3,3,0,0,1,L
676755,Isaac Mattson,2026-04-24,823800,PIT,0,4,3,0,0,1,R
686218,Emmet Sheehan,2026-04-24,823962,LAD,1,24,22,4,0,10,R
681911,Alex Vesia,2026-04-24,823962,LAD,0,5,4,2,0,1,L
595014,Blake Treinen,2026-04-24,823962,LAD,0,5,5,3,1,2,R
656945,Tanner Scott,2026-04-24,823962,LAD,0,4,4,2,1,0,L
683618,Edgardo Henriquez,2026-04-24,823962,LAD,0,1,1,0,0,0,R
592791,Jameson Taillon,2026-04-24,823962,CHC,1,21,18,4,1,4,R
669020,Ryan Rolison,2026-04-24,823962,CHC,0,10,10,2,0,1,L
656686,Corbin Martin,2026-04-24,823962,CHC,0,3,3,0,0,1,R
702070,Noah Cameron,2026-04-24,824124,KC,1,28,25,8,0,6,L
683232,Nick Mears,2026-04-24,824124,KC,0,3,1,0,0,0,R
663738,Daniel Lynch IV,2026-04-24,824124,KC,0,1,1,0,0,1,L
621381,Matt Strahm,2026-04-24,824124,KC,0,3,3,0,0,0,L
668674,Lucas Erceg,2026-04-24,824124,KC,0,4,3,0,0,2,R
579328,Yusei Kikuchi,2026-04-24,824124,LAA,1,22,19,5,0,5,L
641312,Shaun Anderson,2026-04-24,824124,LAA,0,5,4,1,0,2,R
666171,Ryan Zeferjahn,2026-04-24,824124,LAA,0,3,3,0,0,2,R
519141,Drew Pomeranz,2026-04-24,824124,LAA,0,6,5,2,0,1,L
621121,Lance McCullers Jr.,2026-04-24,824204,HOU,1,23,19,6,2,3,R
676467,Colton Gordon,2026-04-24,824204,HOU,0,14,11,7,2,0,L
681151,Jayden Murray,2026-04-24,824204,HOU,0,3,3,0,0,0,R
650556,Bryan Abreu,2026-04-24,824204,HOU,0,3,3,0,0,1,R
701542,Will Warren,2026-04-24,824204,NYY,1,24,23,7,0,6,R
518585,Fernando Cruz,2026-04-24,824204,NYY,0,6,6,3,2,3,R
642232,Ryan Yarbrough,2026-04-24,824204,NYY,0,8,7,1,0,2,L
671096,Andrew Abbott,2026-04-24,824529,CIN,1,19,17,6,2,4,L
693312,Kyle Nicolas,2026-04-24,824529,CIN,0,7,4,2,0,0,R
572955,Pierce Johnson,2026-04-24,824529,CIN,0,2,2,0,0,0,R
656271,Brock Burke,2026-04-24,824529,CIN,0,4,3,0,0,1,L
663574,Tony Santillan,2026-04-24,824529,CIN,0,6,6,3,2,1,R
668933,Graham Ashcraft,2026-04-24,824529,CIN,0,4,3,0,0,0,R
664285,Framber Valdez,2026-04-24,824529,DET,1,21,16,4,1,4,L
640448,Kyle Finnegan,2026-04-24,824529,DET,0,6,6,2,1,4,R
676684,Will Vest,2026-04-24,824529,DET,0,5,4,2,1,1,R
676428,Brant Hurter,2026-04-24,824529,DET,0,3,3,1,0,1,L
623454,Drew Anderson,2026-04-24,824529,DET,0,3,3,0,0,2,R
445276,Kenley Jansen,2026-04-24,824529,DET,0,4,4,2,1,1,R
663542,Bryan Hudson,2026-04-24,824611,CWS,1,4,3,1,0,1,L
607200,Erick Fedde,2026-04-24,824611,CWS,0,24,18,3,0,1,R
656794,Sean Newcomb,2026-04-24,824611,CWS,0,1,1,0,0,1,L
673929,Jordan Leasure,2026-04-24,824611,CWS,0,4,4,1,1,1,R
622554,Seranthony Domínguez,2026-04-24,824611,CWS,0,4,4,1,0,2,R
676571,PJ Poulin,2026-04-24,824611,WSH,1,7,6,1,0,1,L
571945,Miles Mikolas,2026-04-24,824611,WSH,0,13,13,4,1,1,R
663992,Richard Lovelady,2026-04-24,824611,WSH,0,4,3,1,0,0,L
683000,Riley Cornelio,2026-04-24,824611,WSH,0,12,5,2,0,1,R
687064,Brandon Young,2026-04-24,824854,BAL,1,25,24,7,1,5,R
666974,Yennier Cano,2026-04-24,824854,BAL,0,1,1,0,0,0,R
552640,Andrew Kittredge,2026-04-24,824854,BAL,0,3,3,0,0,0,R
671382,Cameron Foster,2026-04-24,824854,BAL,0,8,7,3,0,1,R
678394,Brayan Bello,2026-04-24,824854,BOS,1,23,22,13,5,2,R
663558,Jovani Morán,2026-04-24,824854,BOS,0,11,10,3,1,1,L
670245,Ryan Watson,2026-04-24,824854,BOS,0,10,10,4,0,2,R
656550,Grant Holmes,2026-04-24,824932,ATL,1,28,25,7,2,4,R
607481,Aaron Bummer,2026-04-24,824932,ATL,0,4,4,1,0,0,L
606303,Joel Payamps,2026-04-24,824932,ATL,0,4,4,1,0,0,R
663158,Robert Suarez,2026-04-24,824932,ATL,0,5,4,1,0,1,R
691725,Andrew Painter,2026-04-24,824932,PHI,1,28,26,9,1,1,R
679775,Kyle Backhus,2026-04-24,824932,PHI,0,3,3,0,0,0,L
663767,Chase Shugart,2026-04-24,824932,PHI,0,2,1,0,0,0,R
641835,Tim Mayza,2026-04-24,824932,PHI,0,6,5,1,0,1,L
592332,Kevin Gausman,2026-04-25,822826,TOR,1,25,25,6,1,3,R
689254,Mason Fluharty,2026-04-25,822826,TOR,0,1,1,0,0,1,L
643511,Tyler Rogers,2026-04-25,822826,TOR,0,3,3,0,0,1,R
686973,Louis Varland,2026-04-25,822826,TOR,0,7,6,3,0,2,R
676282,Joey Cantillo,2026-04-25,822826,CLE,1,22,21,6,1,4,L
670036,Matt Festa,2026-04-25,822826,CLE,0,5,5,1,0,3,R
688883,Peyton Pallette,2026-04-25,822826,CLE,0,7,5,2,0,1,R
641401,Connor Brogdon,2026-04-25,822826,CLE,0,3,3,0,0,2,R
669022,MacKenzie Gore,2026-04-25,822910,TEX,1,25,21,6,0,7,L
668390,Cole Winn,2026-04-25,822910,TEX,0,3,3,0,0,1,R
656222,Jalen Beeks,2026-04-25,822910,TEX,0,3,3,0,0,1,L
596001,Jakob Junis,2026-04-25,822910,TEX,0,4,4,1,0,0,R
656641,Jacob Latz,2026-04-25,822910,TEX,0,3,3,0,0,1,L
605488,Jeffrey Springs,2026-04-25,822910,ATH,1,26,22,5,1,4,L
605130,Scott Barlow,2026-04-25,822910,ATH,0,3,3,0,0,0,R
643410,Mark Leiter Jr.,2026-04-25,822910,ATH,0,3,3,0,0,1,R
663556,Shane McClanahan,2026-04-25,822989,TB,1,21,19,3,0,7,L
687330,Kevin Kelly,2026-04-25,822989,TB,0,7,7,1,0,1,R
685801,Hunter Bigge,2026-04-25,822989,TB,0,3,3,0,0,2,R
694680,Trevor Martin,2026-04-25,822989,TB,0,5,4,1,0,1,R
641927,Bailey Ober,2026-04-25,822989,MIN,1,22,19,3,1,3,R
573124,Taylor Rogers,2026-04-25,822989,MIN,0,3,2,2,0,0,L
679358,Eric Orze,2026-04-25,822989,MIN,0,4,3,1,0,1,R
670183,Garrett Acton,2026-04-25,822989,MIN,0,5,5,2,0,2,R
669461,Matthew Liberatore,2026-04-25,823070,STL,1,18,17,8,3,3,L
700669,Gordon Graceffo,2026-04-25,823070,STL,0,3,3,2,0,0,R
677865,Justin Bruihl,2026-04-25,823070,STL,0,3,2,0,0,0,L
666277,George Soriano,2026-04-25,823070,STL,0,5,5,2,0,1,R
592773,Ryne Stanek,2026-04-25,823070,STL,0,3,3,1,0,0,R
668941,JoJo Romero,2026-04-25,823070,STL,0,4,3,2,0,0,L
676617,Riley O'Brien,2026-04-25,823070,STL,0,9,7,4,0,1,R
694335,Matt Svanson,2026-04-25,823070,STL,0,3,2,0,0,1,R
693433,Bryan Woo,2026-04-25,823070,SEA,1,18,17,9,4,1,R
678606,José A. Ferrer,2026-04-25,823070,SEA,0,10,8,2,0,1,L
681867,Cooper Criswell,2026-04-25,823070,SEA,0,9,8,3,1,3,R
666374,Matt Brash,2026-04-25,823070,SEA,0,3,2,0,0,1,R
662253,Andrés Muñoz,2026-04-25,823070,SEA,0,3,2,0,0,1,R
592662,Robbie Ray,2026-04-25,823229,SF,1,21,18,4,0,4,L
657424,Matt Gage,2026-04-25,823229,SF,0,5,4,1,0,0,L
676775,Keaton Winn,2026-04-25,823229,SF,0,3,3,0,0,0,R
669062,Erik Miller,2026-04-25,823229,SF,0,4,3,0,0,2,L
676254,Ryan Walker,2026-04-25,823229,SF,0,4,4,1,0,0,R
691587,Eury Pérez,2026-04-25,823229,MIA,1,24,22,7,2,6,R
669622,Anthony Bender,2026-04-25,823229,MIA,0,4,4,2,0,1,R
663969,Tyler Phillips,2026-04-25,823229,MIA,0,11,8,2,1,0,R
694819,Jacob Misiorowski,2026-04-25,823799,MIL,1,26,22,6,0,9,R
676879,Aaron Ashby,2026-04-25,823799,MIL,0,7,7,1,0,4,L
682842,Abner Uribe,2026-04-25,823799,MIL,0,3,3,0,0,1,R
672582,Angel Zerpa,2026-04-25,823799,MIL,0,4,3,1,0,1,L
681982,Grant Anderson,2026-04-25,823799,MIL,0,2,2,1,0,0,R
656605,Mitch Keller,2026-04-25,823799,PIT,1,22,19,5,0,6,R
676755,Isaac Mattson,2026-04-25,823799,PIT,0,3,2,0,0,0,R
682254,Mason Montgomery,2026-04-25,823799,PIT,0,4,3,0,0,1,L
642701,Dennis Santana,2026-04-25,823799,PIT,0,5,4,1,0,1,R
642397,Gregory Soto,2026-04-25,823799,PIT,0,3,3,0,0,1,L
670990,Yohan Ramírez,2026-04-25,823799,PIT,0,3,3,0,0,2,R
808963,Roki Sasaki,2026-04-25,823960,LAD,1,23,21,7,3,5,R
676263,Jack Dreyer,2026-04-25,823960,LAD,0,3,2,0,0,2,L
694361,Will Klein,2026-04-25,823960,LAD,0,5,5,1,0,2,R
669165,Kyle Hurt,2026-04-25,823960,LAD,0,4,4,1,0,1,R
671109,Jake Eder,2026-04-25,823960,LAD,0,3,3,0,0,1,L
607067,Colin Rea,2026-04-25,823960,CHC,1,20,16,6,1,4,R
665871,Javier Assad,2026-04-25,823960,CHC,0,16,14,7,0,2,R
592826,Vince Velasquez,2026-04-25,823960,CHC,0,8,8,1,0,1,R
666142,Cole Ragans,2026-04-25,824121,KC,1,23,23,5,1,11,L
663738,Daniel Lynch IV,2026-04-25,824121,KC,0,3,3,0,0,0,L
670167,John Schreiber,2026-04-25,824121,KC,0,4,4,1,0,1,R
696131,Mason Black,2026-04-25,824121,KC,0,5,5,2,0,2,R
700712,Walbert Ureña,2026-04-25,824121,LAA,1,21,16,6,1,3,R
680704,Nick Sandlin,2026-04-25,824121,LAA,0,4,3,0,0,2,R
681217,Chase Silseth,2026-04-25,824121,LAA,0,6,4,2,0,0,R
641312,Shaun Anderson,2026-04-25,824121,LAA,0,7,6,3,0,1,R
605447,Jordan Romano,2026-04-25,824121,LAA,0,7,5,3,0,0,R
624428,Adam Frazier,2026-04-25,824121,LAA,0,3,2,1,0,0,R
681347,Mike Burrows,2026-04-25,824203,HOU,1,21,18,5,2,8,R
595345,Steven Okert,2026-04-25,824203,HOU,0,3,3,0,0,0,L
678906,Kai-Wei Teng,2026-04-25,824203,HOU,0,3,3,2,1,0,R
656986,Bennett Sousa,2026-04-25,824203,HOU,0,5,1,1,0,0,L
805123,AJ Blubaugh,2026-04-25,824203,HOU,0,7,4,1,0,0,R
681151,Jayden Murray,2026-04-25,824203,HOU,0,6,5,3,0,0,R
677960,Ryan Weathers,2026-04-25,824203,NYY,1,21,21,6,1,4,L
518585,Fernando Cruz,2026-04-25,824203,NYY,0,3,2,0,0,2,R
656234,Jake Bird,2026-04-25,824203,NYY,0,3,3,0,0,1,R
666808,Camilo Doval,2026-04-25,824203,NYY,0,4,3,0,0,1,R
657612,Tim Hill,2026-04-25,824203,NYY,0,4,4,1,1,1,L
663903,Brady Singer,2026-04-25,824527,CIN,1,24,24,8,2,3,R
683175,Connor Phillips,2026-04-25,824527,CIN,0,2,2,0,0,1,R
668933,Graham Ashcraft,2026-04-25,824527,CIN,0,4,3,1,0,1,R
594580,Sam Moll,2026-04-25,824527,CIN,0,3,2,0,0,1,L
641941,Emilio Pagán,2026-04-25,824527,CIN,0,4,4,1,0,0,R
656427,Jack Flaherty,2026-04-25,824527,DET,1,14,10,5,3,4,R
572143,Burch Smith,2026-04-25,824527,DET,0,8,7,1,0,3,R
663947,Tyler Holton,2026-04-25,824527,DET,0,6,5,2,0,0,L
657756,Connor Seabold,2026-04-25,824527,DET,0,4,2,1,0,0,R
623454,Drew Anderson,2026-04-25,824527,DET,0,9,8,1,1,5,R
702273,Noah Schultz,2026-04-25,824613,CWS,1,25,21,4,0,8,L
663855,Jordan Hicks,2026-04-25,824613,CWS,0,5,3,0,0,1,R
699823,Tyler Davis,2026-04-25,824613,CWS,0,4,3,0,0,2,R
691799,Grant Taylor,2026-04-25,824613,CWS,0,3,3,0,0,2,R
673929,Jordan Leasure,2026-04-25,824613,CWS,0,7,4,2,0,2,R
674370,Osvaldo Bido,2026-04-25,824613,CWS,0,1,1,0,0,0,R
663623,Jake Irvin,2026-04-25,824613,WSH,1,23,22,4,0,9,R
680730,Mitchell Parker,2026-04-25,824613,WSH,0,8,5,1,0,3,L
681402,Gus Varland,2026-04-25,824613,WSH,0,4,2,1,0,1,R
672335,Cionel Pérez,2026-04-25,824613,WSH,0,5,3,0,0,1,L
695418,Brad Lord,2026-04-25,824613,WSH,0,4,3,1,0,0,R
669432,Trevor Rogers,2026-04-25,824851,BAL,1,11,9,4,0,2,L
669330,Tyler Wells,2026-04-25,824851,BAL,0,5,5,1,0,1,R
544150,Albert Suárez,2026-04-25,824851,BAL,0,17,13,2,0,2,R
669211,Keegan Akin,2026-04-25,824851,BAL,0,9,9,6,1,2,L
642215,Weston Wilson,2026-04-25,824851,BAL,0,8,8,4,2,0,R
676979,Garrett Crochet,2026-04-25,824851,BOS,1,22,20,3,0,7,L
669711,Greg Weissert,2026-04-25,824851,BOS,0,5,5,2,0,1,R
543056,Danny Coulombe,2026-04-25,824851,BOS,0,4,4,1,0,1,L
701719,Tyler Samaniego,2026-04-25,824851,BOS,0,3,3,0,0,0,L
693821,Bryce Elder,2026-04-25,824933,ATL,1,28,27,6,0,2,R
669276,Dylan Lee,2026-04-25,824933,ATL,0,4,3,1,0,2,L
641755,Tyler Kinley,2026-04-25,824933,ATL,0,5,4,1,0,1,R
660761,José Suarez,2026-04-25,824933,ATL,0,7,6,3,0,3,L
554430,Zack Wheeler,2026-04-25,824933,PHI,1,20,16,3,0,6,R
621383,Tanner Banks,2026-04-25,824933,PHI,0,3,3,3,0,0,L
689147,Orion Kerkering,2026-04-25,824933,PHI,0,5,4,0,0,1,R
621237,José Alvarado,2026-04-25,824933,PHI,0,4,4,1,0,0,L
641745,Brad Keller,2026-04-25,824933,PHI,0,4,4,0,0,1,R
679775,Kyle Backhus,2026-04-25,824933,PHI,0,5,5,2,0,0,L
668678,Zac Gallen,2026-04-25,825093,AZ,1,10,10,1,0,3,R
694297,Brandon Pfaadt,2026-04-25,825093,AZ,0,13,10,2,1,5,R
664199,Taylor Clarke,2026-04-25,825093,AZ,0,7,3,1,0,0,R
642528,Jonathan Loáisiga,2026-04-25,825093,AZ,0,3,3,0,0,1,R
694851,Andrew Hoffmann,2026-04-25,825093,AZ,0,5,4,2,1,1,R
608566,Germán Márquez,2026-04-25,825093,SD,1,26,24,6,1,2,R
670970,Adrian Morejon,2026-04-25,825093,SD,0,5,4,1,0,2,L
592094,Jason Adam,2026-04-25,825093,SD,0,4,4,0,0,0,R
695243,Mason Miller,2026-04-25,825093,SD,0,3,3,0,0,0,R
571578,Patrick Corbin,2026-04-26,822824,TOR,1,20,18,6,0,4,L
680755,Braydon Fisher,2026-04-26,822824,TOR,0,7,5,1,0,2,R
643511,Tyler Rogers,2026-04-26,822824,TOR,0,3,3,0,0,1,R
656546,Jeff Hoffman,2026-04-26,822824,TOR,0,4,3,0,0,1,R
686973,Louis Varland,2026-04-26,822824,TOR,0,4,4,1,0,2,R
677944,Slade Cecconi,2026-04-26,822824,CLE,1,24,22,6,1,5,R
682120,Tim Herrin,2026-04-26,822824,CLE,0,3,3,0,0,1,L
670059,Colin Holderman,2026-04-26,822824,CLE,0,4,4,0,0,2,R
677958,Kumar Rocker,2026-04-26,822911,TEX,1,25,23,6,0,3,R
641302,Tyler Alexander,2026-04-26,822911,TEX,0,5,5,2,0,0,L
686560,Gavin Collyer,2026-04-26,822911,TEX,0,4,4,1,0,1,R
682608,Peyton Gray,2026-04-26,822911,TEX,0,6,3,1,0,1,R
669372,J.T. Ginn,2026-04-26,822911,ATH,1,14,12,3,0,2,R
669270,Joel Kuhnel,2026-04-26,822911,ATH,0,3,2,0,0,1,R
682052,Jacob Lopez,2026-04-26,822911,ATH,0,7,4,1,0,1,L
686993,Justin Sterner,2026-04-26,822911,ATH,0,4,4,1,0,2,R
663687,Hogan Harris,2026-04-26,822911,ATH,0,4,3,0,0,1,L
678022,Jack Perkins,2026-04-26,822911,ATH,0,7,7,1,0,3,R
643377,Griffin Jax,2026-04-26,822991,TB,1,8,7,1,0,2,R
669947,Jesse Scholtens,2026-04-26,822991,TB,0,20,17,3,1,1,R
642121,Cole Sulser,2026-04-26,822991,TB,0,5,5,1,0,2,R
641329,Bryan Baker,2026-04-26,822991,TB,0,3,3,0,0,1,R
680573,Simeon Woods Richardson,2026-04-26,822991,MIN,1,22,19,8,1,2,R
607455,Anthony Banda,2026-04-26,822991,MIN,0,2,2,0,0,1,L
681892,Kody Funderburk,2026-04-26,822991,MIN,0,4,3,0,0,0,L
663485,Cole Sands,2026-04-26,822991,MIN,0,2,2,0,0,0,R
623437,Justin Topa,2026-04-26,822991,MIN,0,4,4,1,0,1,R
700241,Michael McGreevy,2026-04-26,823068,STL,1,22,22,5,1,6,R
694335,Matt Svanson,2026-04-26,823068,STL,0,5,5,2,0,1,R
592773,Ryne Stanek,2026-04-26,823068,STL,0,3,3,0,0,3,R
668941,JoJo Romero,2026-04-26,823068,STL,0,4,4,1,1,2,L
676106,Emerson Hancock,2026-04-26,823068,SEA,1,27,24,7,2,4,R
642100,Gabe Speier,2026-04-26,823068,SEA,0,3,2,0,0,0,L
660825,Eduard Bazardo,2026-04-26,823068,SEA,0,4,4,0,0,1,R
678606,José A. Ferrer,2026-04-26,823068,SEA,0,3,3,0,0,0,L
694738,Landen Roupp,2026-04-26,823230,SF,1,27,25,2,1,6,R
669062,Erik Miller,2026-04-26,823230,SF,0,4,4,0,0,1,L
676974,Max Meyer,2026-04-26,823230,MIA,1,21,19,4,0,5,R
676534,Calvin Faucher,2026-04-26,823230,MIA,0,6,5,2,0,0,R
677053,Andrew Nardi,2026-04-26,823230,MIA,0,7,4,2,1,1,L
669622,Anthony Bender,2026-04-26,823230,MIA,0,3,3,0,0,0,R
690997,Nolan McLean,2026-04-26,823635,NYM,1,21,19,5,0,7,R
623211,Huascar Brazobán,2026-04-26,823635,NYM,0,7,6,2,0,1,R
681810,Austin Warren,2026-04-26,823635,NYM,0,6,6,0,0,1,R
500779,Jose Quintana,2026-04-26,823635,COL,1,20,18,2,1,5,L
675848,Juan Mejia,2026-04-26,823635,COL,0,5,5,0,0,2,R
677955,Jaden Hill,2026-04-26,823635,COL,0,6,5,2,0,1,R
680767,Victor Vodnik,2026-04-26,823635,COL,0,3,3,0,0,2,R
673540,Kodai Senga,2026-04-26,823637,NYM,1,15,11,3,1,1,R
605218,Carl Edwards Jr.,2026-04-26,823637,NYM,0,13,10,0,0,5,R
596133,Luke Weaver,2026-04-26,823637,NYM,0,3,3,1,0,0,R
548384,Brooks Raley,2026-04-26,823637,NYM,0,3,3,0,0,1,L
642207,Devin Williams,2026-04-26,823637,NYM,0,3,3,0,0,2,R
801403,Chase Dollander,2026-04-26,823637,COL,1,26,24,5,0,7,R
678020,Seth Halvorsen,2026-04-26,823637,COL,0,4,3,0,0,0,R
688642,Zach Agnos,2026-04-26,823637,COL,0,4,4,1,0,0,R
690986,Kyle Harrison,2026-04-26,823797,MIL,1,19,18,1,0,12,L
656730,Trevor Megill,2026-04-26,823797,MIL,0,5,4,1,0,2,R
676879,Aaron Ashby,2026-04-26,823797,MIL,0,6,4,0,0,2,L
682842,Abner Uribe,2026-04-26,823797,MIL,0,3,3,0,0,2,R
669387,Carmen Mlodzinski,2026-04-26,823797,PIT,1,18,16,5,0,4,R
681895,Evan Sisk,2026-04-26,823797,PIT,0,6,5,1,0,2,L
676742,Cam Sanders,2026-04-26,823797,PIT,0,8,6,1,0,1,R
664875,Justin Lawrence,2026-04-26,823797,PIT,0,3,3,0,0,0,R
680736,Justin Wrobleski,2026-04-26,823959,LAD,1,27,22,4,0,6,L
683618,Edgardo Henriquez,2026-04-26,823959,LAD,0,5,3,0,0,1,R
676263,Jack Dreyer,2026-04-26,823959,LAD,0,4,3,0,0,1,L
669165,Kyle Hurt,2026-04-26,823959,LAD,0,3,3,0,0,0,R
684007,Shota Imanaga,2026-04-26,823959,CHC,1,25,21,6,0,6,L
571948,Hoby Milner,2026-04-26,823959,CHC,0,4,4,1,1,0,L
605441,Yacksel Ríos,2026-04-26,823959,CHC,0,5,5,0,0,2,R
607625,Seth Lugo,2026-04-26,824122,KC,1,33,32,14,1,3,R
669212,Eli Morgan,2026-04-26,824122,KC,0,2,2,1,0,0,R
683232,Nick Mears,2026-04-26,824122,KC,0,3,3,0,0,1,R
656638,Alex Lange,2026-04-26,824122,KC,0,7,4,1,0,2,R
668674,Lucas Erceg,2026-04-26,824122,KC,0,4,3,0,0,2,R
672282,Reid Detmers,2026-04-26,824122,LAA,1,21,20,5,1,5,L
696147,Sam Bachman,2026-04-26,824122,LAA,0,7,5,3,1,0,R
666171,Ryan Zeferjahn,2026-04-26,824122,LAA,0,6,4,0,0,1,R
608718,Brent Suter,2026-04-26,824122,LAA,0,6,5,2,0,0,L
519141,Drew Pomeranz,2026-04-26,824122,LAA,0,2,2,1,1,0,L
664192,Joey Lucchesi,2026-04-26,824122,LAA,0,4,3,1,1,1,L
681293,Spencer Arrighetti,2026-04-26,824202,HOU,1,26,24,3,1,8,R
687911,Bryan King,2026-04-26,824202,HOU,0,3,3,0,0,1,L
660853,Enyel De Los Santos,2026-04-26,824202,HOU,0,7,7,4,0,0,R
661563,Luis Gil,2026-04-26,824202,NYY,1,20,16,5,2,0,R
621112,Paul Blackburn,2026-04-26,824202,NYY,0,10,10,2,0,2,R
642232,Ryan Yarbrough,2026-04-26,824202,NYY,0,4,4,0,0,2,L
695076,Rhett Lowder,2026-04-26,824528,CIN,1,22,21,6,0,7,R
656271,Brock Burke,2026-04-26,824528,CIN,0,6,4,1,0,1,L
594580,Sam Moll,2026-04-26,824528,CIN,0,3,3,1,1,1,L
572955,Pierce Johnson,2026-04-26,824528,CIN,0,4,3,2,1,1,R
683742,Jose Franco,2026-04-26,824528,CIN,0,9,7,2,1,2,R
672456,Keider Montero,2026-04-26,824528,DET,1,22,20,5,2,5,R
676428,Brant Hurter,2026-04-26,824528,DET,0,3,3,0,0,0,L
676684,Will Vest,2026-04-26,824528,DET,0,3,3,0,0,1,R
640448,Kyle Finnegan,2026-04-26,824528,DET,0,4,4,1,0,1,R
669724,Brenan Hanifee,2026-04-26,824528,DET,0,4,4,1,0,0,R
663542,Bryan Hudson,2026-04-26,824612,CWS,1,3,3,0,0,1,L
680732,Sean Burke,2026-04-26,824612,CWS,0,24,24,3,0,4,R
656794,Sean Newcomb,2026-04-26,824612,CWS,0,3,2,0,0,0,L
622554,Seranthony Domínguez,2026-04-26,824612,CWS,0,4,3,1,1,0,R
656492,Foster Griffin,2026-04-26,824612,WSH,1,26,22,2,0,8,L
681402,Gus Varland,2026-04-26,824612,WSH,0,3,3,0,0,1,R
663992,Richard Lovelady,2026-04-26,824612,WSH,0,5,4,1,0,2,L
687606,Paxton Schultz,2026-04-26,824612,WSH,0,4,4,1,0,2,R
680694,Kyle Bradish,2026-04-26,824852,BAL,1,21,17,4,1,3,R
664991,Grant Wolfram,2026-04-26,824852,BAL,0,3,3,3,0,0,L
666974,Yennier Cano,2026-04-26,824852,BAL,0,3,3,0,0,0,R
689296,Anthony Nunez,2026-04-26,824852,BAL,0,4,3,0,0,1,R
670329,Rico Garcia,2026-04-26,824852,BAL,0,3,3,0,0,1,R
552640,Andrew Kittredge,2026-04-26,824852,BAL,0,3,3,0,0,1,R
813349,Connelly Early,2026-04-26,824852,BOS,1,24,23,4,2,4,L
677161,Zack Kelly,2026-04-26,824852,BOS,0,1,1,0,0,0,R
676477,Garrett Whitlock,2026-04-26,824852,BOS,0,5,5,2,0,1,R
547973,Aroldis Chapman,2026-04-26,824852,BOS,0,3,3,0,0,2,L
519242,Chris Sale,2026-04-26,824934,ATL,1,22,19,1,0,9,L
606303,Joel Payamps,2026-04-26,824934,ATL,0,3,3,0,0,1,R
607481,Aaron Bummer,2026-04-26,824934,ATL,0,5,5,1,1,1,L
663158,Robert Suarez,2026-04-26,824934,ATL,0,3,3,0,0,1,R
605400,Aaron Nola,2026-04-26,824934,PHI,1,25,22,7,2,6,R
663767,Chase Shugart,2026-04-26,824934,PHI,0,3,3,1,0,1,R
641835,Tim Mayza,2026-04-26,824934,PHI,0,4,4,1,0,0,L
676510,Nolan Hoffman,2026-04-26,824934,PHI,0,4,4,1,0,1,R
669194,Ryne Nelson,2026-04-26,825094,AZ,1,24,22,7,2,4,R
656464,Kevin Ginkel,2026-04-26,825094,AZ,0,4,4,1,1,0,R
657044,Ryan Thompson,2026-04-26,825094,AZ,0,4,4,2,0,0,R
666661,Juan Morillo,2026-04-26,825094,AZ,0,4,4,0,0,2,R
642528,Jonathan Loáisiga,2026-04-26,825094,AZ,0,4,4,1,0,0,R
650633,Michael King,2026-04-26,825094,SD,1,22,21,3,2,8,R
688158,David Morgan,2026-04-26,825094,SD,0,5,5,4,1,0,R
699134,Bradgley Rodriguez,2026-04-26,825094,SD,0,5,4,2,0,0,R
676760,Ron Marinaccio,2026-04-26,825094,SD,0,6,6,5,0,0,R
593974,Wandy Peralta,2026-04-26,825094,SD,0,3,2,1,0,0,L
656302,Dylan Cease,2026-04-27,822825,TOR,1,27,23,7,0,5,R
573009,Joe Mantiply,2026-04-27,822825,TOR,0,4,4,1,0,2,L
695445,Chase Lee,2026-04-27,822825,TOR,0,5,5,1,1,1,R
667297,Tommy Nance,2026-04-27,822825,TOR,0,4,3,0,0,0,R
624133,Ranger Suarez,2026-04-27,822825,BOS,1,25,24,1,0,10,L
669711,Greg Weissert,2026-04-27,822825,BOS,0,4,4,1,0,0,R
683004,Jack Leiter,2026-04-27,822906,TEX,1,26,24,8,3,4,R
682608,Peyton Gray,2026-04-27,822906,TEX,0,9,7,1,0,1,R
686560,Gavin Collyer,2026-04-27,822906,TEX,0,3,2,0,0,0,R
608331,Max Fried,2026-04-27,822906,NYY,1,21,19,4,0,5,L
666808,Camilo Doval,2026-04-27,822906,NYY,0,4,4,1,1,2,R
657612,Tim Hill,2026-04-27,822906,NYY,0,5,3,0,0,0,L
670280,David Bednar,2026-04-27,822906,NYY,0,6,6,2,0,1,R
681190,Randy Vásquez,2026-04-27,823311,SD,1,23,20,5,2,4,R
670970,Adrian Morejon,2026-04-27,823311,SD,0,6,5,0,0,2,L
592094,Jason Adam,2026-04-27,823311,SD,0,4,4,0,0,1,R
695243,Mason Miller,2026-04-27,823311,SD,0,6,6,3,0,1,R
571510,Matthew Boyd,2026-04-27,823311,CHC,1,22,20,8,0,4,L
676962,Ben Brown,2026-04-27,823311,CHC,0,9,8,2,0,1,R
664208,Phil Maton,2026-04-27,823311,CHC,0,6,6,3,0,2,R
657097,Jacob Webb,2026-04-27,823311,CHC,0,4,4,1,1,1,R
682254,Mason Montgomery,2026-04-27,823395,PIT,1,3,3,0,0,1,L
664875,Justin Lawrence,2026-04-27,823395,PIT,0,3,3,0,0,1,R
696062,Wilber Dotel,2026-04-27,823395,PIT,0,12,12,0,0,3,R
681895,Evan Sisk,2026-04-27,823395,PIT,0,3,3,1,0,0,L
676755,Isaac Mattson,2026-04-27,823395,PIT,0,1,1,0,0,1,R
642397,Gregory Soto,2026-04-27,823395,PIT,0,3,3,1,0,0,L
642701,Dennis Santana,2026-04-27,823395,PIT,0,8,6,4,2,0,R
676742,Cam Sanders,2026-04-27,823395,PIT,0,1,1,0,0,1,R
669160,Dustin May,2026-04-27,823395,STL,1,24,22,7,0,2,R
681676,Ryan Fernandez,2026-04-27,823395,STL,0,6,6,0,0,4,R
666277,George Soriano,2026-04-27,823395,STL,0,4,4,1,0,1,R
687570,Connor Prielipp,2026-04-27,823719,MIN,1,19,15,1,0,5,L
702193,Andrew Morris,2026-04-27,823719,MIN,0,13,12,4,1,2,R
573124,Taylor Rogers,2026-04-27,823719,MIN,0,3,2,0,0,0,L
622491,Luis Castillo,2026-04-27,823719,SEA,1,25,22,7,2,3,R
677961,Cole Wilcox,2026-04-27,823719,SEA,0,9,7,3,0,1,R
695380,Alex Hoppe,2026-04-27,823719,SEA,0,10,7,2,0,3,R
808967,Yoshinobu Yamamoto,2026-04-27,823961,LAD,1,24,20,5,1,4,R
681911,Alex Vesia,2026-04-27,823961,LAD,0,4,3,0,0,3,L
656945,Tanner Scott,2026-04-27,823961,LAD,0,4,3,0,0,3,L
683618,Edgardo Henriquez,2026-04-27,823961,LAD,0,3,3,0,0,1,R
671109,Jake Eder,2026-04-27,823961,LAD,0,3,3,1,0,0,L
663978,Chris Paddack,2026-04-27,823961,MIA,1,17,16,4,0,1,R
667463,John King,2026-04-27,823961,MIA,0,3,3,0,0,0,L
656848,Michael Petersen,2026-04-27,823961,MIA,0,5,4,0,0,2,R
677053,Andrew Nardi,2026-04-27,823961,MIA,0,5,4,2,0,1,L
676534,Calvin Faucher,2026-04-27,823961,MIA,0,3,3,0,0,1,R
664126,Pete Fairbanks,2026-04-27,823961,MIA,0,5,2,1,0,0,R
663969,Tyler Phillips,2026-04-27,823961,MIA,0,2,2,1,0,1,R
800048,Parker Messick,2026-04-27,824446,CLE,1,22,20,3,0,9,L
670036,Matt Festa,2026-04-27,824446,CLE,0,1,1,0,0,0,R
681870,Erik Sabrowski,2026-04-27,824446,CLE,0,4,3,1,0,1,L
683769,Hunter Gaddis,2026-04-27,824446,CLE,0,4,4,3,1,0,R
670059,Colin Holderman,2026-04-27,824446,CLE,0,6,6,0,0,1,R
571927,Steven Matz,2026-04-27,824446,TB,1,25,24,4,1,2,L
693855,Ian Seymour,2026-04-27,824446,TB,0,4,3,0,0,2,L
641329,Bryan Baker,2026-04-27,824446,TB,0,5,5,2,0,2,R
641743,Anthony Kay,2026-04-27,824609,CWS,1,22,16,7,0,2,L
674370,Osvaldo Bido,2026-04-27,824609,CWS,0,10,10,2,1,2,R
663855,Jordan Hicks,2026-04-27,824609,CWS,0,3,3,2,0,0,R
691799,Grant Taylor,2026-04-27,824609,CWS,0,8,8,3,0,2,R
663542,Bryan Hudson,2026-04-27,824609,CWS,0,1,1,0,0,0,L
686799,Jack Kochanowicz,2026-04-27,824609,LAA,1,25,24,5,0,5,R
680704,Nick Sandlin,2026-04-27,824609,LAA,0,3,2,2,0,0,R
519141,Drew Pomeranz,2026-04-27,824609,LAA,0,5,5,2,2,2,L
820862,José Fermin,2026-04-27,824609,LAA,0,3,3,0,0,2,R
702056,Trey Yesavage,2026-04-28,822823,TOR,1,20,20,4,0,3,R
689254,Mason Fluharty,2026-04-28,822823,TOR,0,3,2,0,0,0,L
656546,Jeff Hoffman,2026-04-28,822823,TOR,0,3,3,0,0,2,R
643511,Tyler Rogers,2026-04-28,822823,TOR,0,3,3,0,0,1,R
686973,Louis Varland,2026-04-28,822823,TOR,0,3,3,0,0,3,R
801139,Payton Tolle,2026-04-28,822823,BOS,1,20,16,3,0,4,L
677161,Zack Kelly,2026-04-28,822823,BOS,0,5,4,1,0,2,R
701719,Tyler Samaniego,2026-04-28,822823,BOS,0,3,3,1,0,0,L
670245,Ryan Watson,2026-04-28,822823,BOS,0,6,5,1,0,1,R
594798,Jacob deGrom,2026-04-28,822908,TEX,1,22,22,3,0,5,R
656222,Jalen Beeks,2026-04-28,822908,TEX,0,4,4,1,1,1,L
596001,Jakob Junis,2026-04-28,822908,TEX,0,3,3,0,0,0,R
668390,Cole Winn,2026-04-28,822908,TEX,0,4,4,1,1,1,R
693645,Cam Schlittler,2026-04-28,822908,NYY,1,23,21,3,0,8,R
687396,Brent Headrick,2026-04-28,822908,NYY,0,5,4,1,0,1,L
518585,Fernando Cruz,2026-04-28,822908,NYY,0,5,4,1,0,2,R
670280,David Bednar,2026-04-28,822908,NYY,0,6,5,2,0,0,R
621111,Walker Buehler,2026-04-28,823310,SD,1,22,18,3,0,4,R
606996,Kyle Hart,2026-04-28,823310,SD,0,4,3,1,0,1,L
688158,David Morgan,2026-04-28,823310,SD,0,4,3,1,0,1,R
593974,Wandy Peralta,2026-04-28,823310,SD,0,6,5,2,1,0,L
676760,Ron Marinaccio,2026-04-28,823310,SD,0,8,7,1,0,1,R
665795,Edward Cabrera,2026-04-28,823310,CHC,1,25,23,6,1,7,R
571948,Hoby Milner,2026-04-28,823310,CHC,0,4,4,0,0,1,L
669020,Ryan Rolison,2026-04-28,823310,CHC,0,6,6,0,0,2,L
677952,Braxton Ashcraft,2026-04-28,823390,PIT,1,22,18,6,2,7,R
682995,Hunter Barco,2026-04-28,823390,PIT,0,23,19,6,0,3,L
681517,Kyle Leahy,2026-04-28,823390,STL,1,23,23,9,2,7,R
700669,Gordon Graceffo,2026-04-28,823390,STL,0,4,4,0,0,0,R
677865,Justin Bruihl,2026-04-28,823390,STL,0,6,5,3,0,1,L
694335,Matt Svanson,2026-04-28,823390,STL,0,4,4,1,1,3,R
666200,Jesús Luzardo,2026-04-28,823473,PHI,1,23,23,2,0,8,L
689147,Orion Kerkering,2026-04-28,823473,PHI,0,3,3,0,0,2,R
641835,Tim Mayza,2026-04-28,823473,PHI,0,3,3,0,0,2,L
641816,Tyler Mahle,2026-04-28,823473,SF,1,22,18,6,0,3,R
657424,Matt Gage,2026-04-28,823473,SF,0,5,4,1,0,1,L
694918,Blade Tidwell,2026-04-28,823473,SF,0,11,10,4,0,2,R
605280,Clay Holmes,2026-04-28,823636,NYM,1,22,21,3,0,6,R
668964,Tobias Myers,2026-04-28,823636,NYM,0,7,6,0,0,2,R
518886,Craig Kimbrel,2026-04-28,823636,NYM,0,3,3,0,0,3,R
641793,Zack Littell,2026-04-28,823636,WSH,1,20,16,5,2,1,R
695418,Brad Lord,2026-04-28,823636,WSH,0,8,8,1,0,1,R
701552,Andre Granillo,2026-04-28,823636,WSH,0,8,6,0,0,1,R
657746,Joe Ryan,2026-04-28,823716,MIN,1,23,22,6,0,6,R
681892,Kody Funderburk,2026-04-28,823716,MIN,0,6,5,1,0,0,L
663485,Cole Sands,2026-04-28,823716,MIN,0,5,5,3,1,1,R
472610,Luis García,2026-04-28,823716,MIN,0,6,5,2,0,0,R
669302,Logan Gilbert,2026-04-28,823716,SEA,1,24,22,6,1,4,R
660825,Eduard Bazardo,2026-04-28,823716,SEA,0,4,4,1,0,0,R
642100,Gabe Speier,2026-04-28,823716,SEA,0,3,3,0,0,0,L
666374,Matt Brash,2026-04-28,823716,SEA,0,3,3,0,0,2,R
681867,Cooper Criswell,2026-04-28,823716,SEA,0,3,3,0,0,1,R
694477,Chad Patrick,2026-04-28,823798,MIL,1,20,14,1,0,5,R
675660,Shane Drohan,2026-04-28,823798,MIL,0,3,3,0,0,1,L
663765,Jake Woodford,2026-04-28,823798,MIL,0,11,11,2,0,2,R
518876,Merrill Kelly,2026-04-28,823798,AZ,1,24,19,6,1,1,R
694851,Andrew Hoffmann,2026-04-28,823798,AZ,0,11,9,8,0,0,R
657044,Ryan Thompson,2026-04-28,823798,AZ,0,2,2,0,0,1,R
664199,Taylor Clarke,2026-04-28,823798,AZ,0,4,4,1,0,0,R
543510,James McCann,2026-04-28,823798,AZ,0,3,3,0,0,0,R
660271,Shohei Ohtani,2026-04-28,823956,LAD,1,27,21,5,0,9,R
656945,Tanner Scott,2026-04-28,823956,LAD,0,4,4,1,0,1,L
595014,Blake Treinen,2026-04-28,823956,LAD,0,4,4,1,0,1,R
676263,Jack Dreyer,2026-04-28,823956,LAD,0,4,4,1,0,2,L
676083,Janson Junk,2026-04-28,823956,MIA,1,23,22,3,0,4,R
669622,Anthony Bender,2026-04-28,823956,MIA,0,3,3,0,0,0,R
656848,Michael Petersen,2026-04-28,823956,MIA,0,4,4,3,0,0,R
667463,John King,2026-04-28,823956,MIA,0,2,2,0,0,0,L
663969,Tyler Phillips,2026-04-28,823956,MIA,0,4,4,1,0,0,R
676440,Tanner Bibee,2026-04-28,824447,CLE,1,22,19,4,0,6,R
682120,Tim Herrin,2026-04-28,824447,CLE,0,6,5,0,0,0,L
641401,Connor Brogdon,2026-04-28,824447,CLE,0,5,5,1,0,0,R
688883,Peyton Pallette,2026-04-28,824447,CLE,0,4,3,0,0,1,R
607259,Nick Martinez,2026-04-28,824447,TB,1,25,23,3,0,4,R
693855,Ian Seymour,2026-04-28,824447,TB,0,4,1,0,0,1,L
687330,Kevin Kelly,2026-04-28,824447,TB,0,1,1,0,0,0,R
642121,Cole Sulser,2026-04-28,824447,TB,0,5,4,1,0,2,R
695505,Chase Burns,2026-04-28,824526,CIN,1,26,25,7,1,9,R
668933,Graham Ashcraft,2026-04-28,824526,CIN,0,4,4,2,0,0,R
663574,Tony Santillan,2026-04-28,824526,CIN,0,5,4,1,0,1,R
656271,Brock Burke,2026-04-28,824526,CIN,0,4,4,1,0,2,L
607536,Kyle Freeland,2026-04-28,824526,COL,1,20,19,5,1,4,L
685299,Tanner Gordon,2026-04-28,824526,COL,0,15,15,6,1,3,R
663436,Davis Martin,2026-04-28,824610,CWS,1,26,24,7,0,7,R
656794,Sean Newcomb,2026-04-28,824610,CWS,0,6,5,1,0,3,L
673929,Jordan Leasure,2026-04-28,824610,CWS,0,4,4,1,1,2,R
622554,Seranthony Domínguez,2026-04-28,824610,CWS,0,3,2,0,0,1,R
667755,José Soriano,2026-04-28,824610,LAA,1,23,20,6,2,6,R
608718,Brent Suter,2026-04-28,824610,LAA,0,4,4,1,1,1,L
664192,Joey Lucchesi,2026-04-28,824610,LAA,0,4,3,2,0,1,L
820862,José Fermin,2026-04-28,824610,LAA,0,7,5,0,0,1,R
669358,Shane Baz,2026-04-28,824849,BAL,1,24,23,6,1,6,R
670329,Rico Garcia,2026-04-28,824849,BAL,0,1,1,0,0,1,R
552640,Andrew Kittredge,2026-04-28,824849,BAL,0,6,5,2,0,3,R
689296,Anthony Nunez,2026-04-28,824849,BAL,0,6,6,3,0,2,R
664854,Ryan Helsley,2026-04-28,824849,BAL,0,3,3,0,0,0,R
678906,Kai-Wei Teng,2026-04-28,824849,HOU,1,13,13,5,0,2,R
595345,Steven Okert,2026-04-28,824849,HOU,0,3,2,2,0,0,L
680802,Ryan Weiss,2026-04-28,824849,HOU,0,15,13,2,1,3,R
656986,Bennett Sousa,2026-04-28,824849,HOU,0,3,3,0,0,3,L
527048,Martín Pérez,2026-04-28,824931,ATL,1,21,17,2,0,5,L
800311,Didier Fuentes,2026-04-28,824931,ATL,0,7,6,0,0,1,R
641755,Tyler Kinley,2026-04-28,824931,ATL,0,5,5,2,0,2,R
607481,Aaron Bummer,2026-04-28,824931,ATL,0,5,5,2,1,0,L
663554,Casey Mize,2026-04-28,824931,DET,1,11,10,3,0,3,R
676428,Brant Hurter,2026-04-28,824931,DET,0,9,8,0,0,1,L
572143,Burch Smith,2026-04-28,824931,DET,0,8,7,2,0,4,R
663947,Tyler Holton,2026-04-28,824931,DET,0,7,7,4,1,1,L
650644,Aaron Civale,2026-04-28,825017,ATH,1,20,19,5,0,3,R
663687,Hogan Harris,2026-04-28,825017,ATH,0,5,3,1,1,1,L
605130,Scott Barlow,2026-04-28,825017,ATH,0,4,3,0,0,1,R
643410,Mark Leiter Jr.,2026-04-28,825017,ATH,0,3,3,0,0,1,R
678022,Jack Perkins,2026-04-28,825017,ATH,0,3,3,0,0,1,R
686993,Justin Sterner,2026-04-28,825017,ATH,0,5,5,2,1,0,R
663460,Kris Bubic,2026-04-28,825017,KC,1,24,19,4,0,6,L
670167,John Schreiber,2026-04-28,825017,KC,0,2,2,0,0,0,R
663738,Daniel Lynch IV,2026-04-28,825017,KC,0,4,4,1,0,0,L
621381,Matt Strahm,2026-04-28,825017,KC,0,6,5,2,0,2,L
683232,Nick Mears,2026-04-28,825017,KC,0,3,3,0,0,2,R
668674,Lucas Erceg,2026-04-28,825017,KC,0,5,4,1,0,1,R
641778,Eric Lauer,2026-04-29,822821,TOR,1,19,18,5,1,1,L
680755,Braydon Fisher,2026-04-29,822821,TOR,0,5,5,1,0,1,R
667297,Tommy Nance,2026-04-29,822821,TOR,0,3,3,1,0,0,R
573009,Joe Mantiply,2026-04-29,822821,TOR,0,3,3,2,0,1,L
693686,Spencer Miles,2026-04-29,822821,TOR,0,7,6,0,0,3,R
678394,Brayan Bello,2026-04-29,822821,BOS,1,18,16,6,0,2,R
669711,Greg Weissert,2026-04-29,822821,BOS,0,4,4,2,1,1,R
663558,Jovani Morán,2026-04-29,822821,BOS,0,11,8,1,0,0,L
676477,Garrett Whitlock,2026-04-29,822821,BOS,0,4,4,1,1,0,R
543135,Nathan Eovaldi,2026-04-29,822907,TEX,1,26,24,4,0,7,R
656641,Jacob Latz,2026-04-29,822907,TEX,0,7,7,1,0,1,L
695684,Elmer Rodríguez,2026-04-29,822907,NYY,1,20,15,4,0,3,R
687396,Brent Headrick,2026-04-29,822907,NYY,0,4,4,0,0,1,L
656234,Jake Bird,2026-04-29,822907,NYY,0,5,5,2,0,0,R
657612,Tim Hill,2026-04-29,822907,NYY,0,1,1,0,0,0,L
518585,Fernando Cruz,2026-04-29,822907,NYY,0,4,4,1,0,2,R
663362,Matt Waldron,2026-04-29,823312,SD,1,22,20,6,1,1,R
670970,Adrian Morejon,2026-04-29,823312,SD,0,4,3,1,0,0,L
699134,Bradgley Rodriguez,2026-04-29,823312,SD,0,6,5,1,0,0,R
592094,Jason Adam,2026-04-29,823312,SD,0,5,4,1,1,1,R
695243,Mason Miller,2026-04-29,823312,SD,0,4,3,0,0,1,R
592791,Jameson Taillon,2026-04-29,823312,CHC,1,25,24,3,2,6,R
656686,Corbin Martin,2026-04-29,823312,CHC,0,3,0,0,0,0,R
676962,Ben Brown,2026-04-29,823312,CHC,0,4,3,0,0,1,R
571948,Hoby Milner,2026-04-29,823312,CHC,0,1,1,0,0,1,L
696149,Bubba Chandler,2026-04-29,823392,PIT,1,22,18,3,1,6,R
681895,Evan Sisk,2026-04-29,823392,PIT,0,6,4,0,0,2,L
606965,Chris Devenski,2026-04-29,823392,PIT,0,4,4,2,0,1,R
642701,Dennis Santana,2026-04-29,823392,PIT,0,3,3,0,0,0,R
670990,Yohan Ramírez,2026-04-29,823392,PIT,0,5,4,1,0,2,R
669467,Andre Pallante,2026-04-29,823392,STL,1,24,24,5,1,6,R
592773,Ryne Stanek,2026-04-29,823392,STL,0,4,2,1,0,0,R
668941,JoJo Romero,2026-04-29,823392,STL,0,4,3,1,0,1,L
666277,George Soriano,2026-04-29,823392,STL,0,6,5,1,0,1,R
676617,Riley O'Brien,2026-04-29,823392,STL,0,4,4,1,0,1,R
656849,David Peterson,2026-04-29,823633,NYM,1,19,16,5,0,5,L
640455,Sean Manaea,2026-04-29,823633,NYM,0,18,15,7,1,4,L
605218,Carl Edwards Jr.,2026-04-29,823633,NYM,0,12,11,3,1,6,R
676917,Cade Cavalli,2026-04-29,823633,WSH,1,27,25,8,1,10,R
672335,Cionel Pérez,2026-04-29,823633,WSH,0,3,3,0,0,0,L
687606,Paxton Schultz,2026-04-29,823633,WSH,0,5,5,2,0,1,R
676571,PJ Poulin,2026-04-29,823633,WSH,0,3,3,0,0,1,L
671737,Taj Bradley,2026-04-29,823717,MIN,1,27,25,4,1,7,R
607455,Anthony Banda,2026-04-29,823717,MIN,0,4,3,0,0,2,L
679358,Eric Orze,2026-04-29,823717,MIN,0,5,3,2,0,1,R
573124,Taylor Rogers,2026-04-29,823717,MIN,0,3,2,1,0,0,L
669923,George Kirby,2026-04-29,823717,SEA,1,25,23,8,0,5,R
660825,Eduard Bazardo,2026-04-29,823717,SEA,0,3,3,1,0,0,R
678606,José A. Ferrer,2026-04-29,823717,SEA,0,2,2,0,0,1,L
666374,Matt Brash,2026-04-29,823717,SEA,0,0,0,0,0,0,R
642100,Gabe Speier,2026-04-29,823717,SEA,0,6,5,3,0,2,L
681867,Cooper Criswell,2026-04-29,823717,SEA,0,1,1,0,0,0,R
662253,Andrés Muñoz,2026-04-29,823717,SEA,0,3,3,0,0,2,R
687075,Brandon Sproat,2026-04-29,823796,MIL,1,20,18,6,2,5,R
669084,DL Hall,2026-04-29,823796,MIL,0,9,8,1,0,3,L
702153,Brian Fitzpatrick,2026-04-29,823796,MIL,0,7,6,2,0,0,L
681982,Grant Anderson,2026-04-29,823796,MIL,0,5,5,2,2,2,R
593958,Eduardo Rodriguez,2026-04-29,823796,AZ,1,23,19,5,0,4,L
656464,Kevin Ginkel,2026-04-29,823796,AZ,0,5,5,1,0,3,R
666661,Juan Morillo,2026-04-29,823796,AZ,0,3,3,0,0,1,R
664199,Taylor Clarke,2026-04-29,823796,AZ,0,3,3,0,0,1,R
623149,Paul Sewald,2026-04-29,823796,AZ,0,3,3,0,0,1,R
607192,Tyler Glasnow,2026-04-29,823958,LAD,1,24,18,3,2,9,R
681911,Alex Vesia,2026-04-29,823958,LAD,0,1,1,0,0,0,L
694361,Will Klein,2026-04-29,823958,LAD,0,10,9,3,0,3,R
669165,Kyle Hurt,2026-04-29,823958,LAD,0,3,3,0,0,1,R
645261,Sandy Alcantara,2026-04-29,823958,MIA,1,27,25,7,0,4,R
677053,Andrew Nardi,2026-04-29,823958,MIA,0,3,2,0,0,1,L
667463,John King,2026-04-29,823958,MIA,0,3,3,0,0,1,L
676534,Calvin Faucher,2026-04-29,823958,MIA,0,5,1,0,0,0,R
668909,Gavin Williams,2026-04-29,824445,CLE,1,29,28,5,0,9,R
681870,Erik Sabrowski,2026-04-29,824445,CLE,0,1,1,0,0,1,L
671922,Cade Smith,2026-04-29,824445,CLE,0,4,4,1,0,2,R
656876,Drew Rasmussen,2026-04-29,824445,TB,1,24,22,6,0,6,R
668984,Casey Legumina,2026-04-29,824445,TB,0,5,4,1,0,0,R
672782,Yoendrys Gómez,2026-04-29,824445,TB,0,8,8,2,0,1,R
682227,Brandon Williamson,2026-04-29,824525,CIN,1,16,12,4,0,4,L
682825,Luis Mey,2026-04-29,824525,CIN,0,9,7,1,1,4,R
683742,Jose Franco,2026-04-29,824525,CIN,0,14,12,4,1,3,R
624431,Jose Trevino,2026-04-29,824525,CIN,0,9,9,6,0,0,R
608372,Tomoyuki Sugano,2026-04-29,824525,COL,1,22,19,4,0,2,R
657514,Brennan Bernardino,2026-04-29,824525,COL,0,5,5,1,0,1,L
675848,Juan Mejia,2026-04-29,824525,COL,0,4,4,1,0,3,R
623474,Jimmy Herget,2026-04-29,824525,COL,0,7,7,4,1,3,R
607200,Erick Fedde,2026-04-29,824608,CWS,1,26,26,5,2,6,R
663542,Bryan Hudson,2026-04-29,824608,CWS,0,4,4,1,0,2,L
699823,Tyler Davis,2026-04-29,824608,CWS,0,2,2,0,0,0,R
622554,Seranthony Domínguez,2026-04-29,824608,CWS,0,3,3,0,0,1,R
579328,Yusei Kikuchi,2026-04-29,824608,LAA,1,9,8,2,0,1,L
815083,Mitch Farris,2026-04-29,824608,LAA,0,14,12,3,0,3,L
681217,Chase Silseth,2026-04-29,824608,LAA,0,4,2,0,0,0,R
696147,Sam Bachman,2026-04-29,824608,LAA,0,2,2,0,0,0,R
666171,Ryan Zeferjahn,2026-04-29,824608,LAA,0,8,7,1,0,4,R
519141,Drew Pomeranz,2026-04-29,824608,LAA,0,4,2,1,0,0,L
702275,JR Ritchie,2026-04-29,824930,ATL,1,25,21,5,1,4,R
669276,Dylan Lee,2026-04-29,824930,ATL,0,5,5,0,0,4,L
625643,Reynaldo López,2026-04-29,824930,ATL,0,6,6,0,0,2,R
669373,Tarik Skubal,2026-04-29,824930,DET,1,24,24,5,1,7,L
640448,Kyle Finnegan,2026-04-29,824930,DET,0,5,3,0,0,1,R
445276,Kenley Jansen,2026-04-29,824930,DET,0,2,1,1,1,0,R
622663,Luis Severino,2026-04-29,825015,ATH,1,25,23,4,0,8,R
669270,Joel Kuhnel,2026-04-29,825015,ATH,0,7,5,2,0,0,R
643410,Mark Leiter Jr.,2026-04-29,825015,ATH,0,2,1,0,0,1,R
608379,Michael Wacha,2026-04-29,825015,KC,1,25,20,8,1,5,R
679883,Luinder Avila,2026-04-29,825015,KC,0,5,5,2,0,2,R
656638,Alex Lange,2026-04-29,825015,KC,0,4,3,0,0,0,R
696131,Mason Black,2026-04-29,825015,KC,0,4,4,1,0,0,R
694973,Paul Skenes,2026-04-30,823391,PIT,1,23,22,7,2,9,R
670990,Yohan Ramírez,2026-04-30,823391,PIT,0,4,4,1,0,1,R
682254,Mason Montgomery,2026-04-30,823391,PIT,0,4,3,0,0,0,L
676755,Isaac Mattson,2026-04-30,823391,PIT,0,7,5,3,0,0,R
606965,Chris Devenski,2026-04-30,823391,PIT,0,6,6,2,0,2,R
690928,Hunter Dobbins,2026-04-30,823391,STL,1,19,14,2,0,4,R
677865,Justin Bruihl,2026-04-30,823391,STL,0,3,3,1,0,0,L
700669,Gordon Graceffo,2026-04-30,823391,STL,0,5,4,0,0,1,R
668941,JoJo Romero,2026-04-30,823391,STL,0,4,3,1,1,2,L
592773,Ryne Stanek,2026-04-30,823391,STL,0,4,4,1,0,1,R
694335,Matt Svanson,2026-04-30,823391,STL,0,5,5,2,0,0,R
641835,Tim Mayza,2026-04-30,823471,PHI,1,9,8,2,0,2,L
676510,Nolan Hoffman,2026-04-30,823471,PHI,0,11,9,4,0,1,R
680742,Jonathan Bowlan,2026-04-30,823471,PHI,0,5,3,1,0,1,R
670950,Trevor Richards,2026-04-30,823471,PHI,0,11,10,3,0,3,R
641745,Brad Keller,2026-04-30,823471,PHI,0,4,3,0,0,3,R
621237,José Alvarado,2026-04-30,823471,PHI,0,5,4,2,0,1,L
663767,Chase Shugart,2026-04-30,823471,PHI,0,4,4,1,0,1,R
605288,Adrian Houser,2026-04-30,823471,SF,1,19,17,4,2,2,R
621366,Ryan Borucki,2026-04-30,823471,SF,0,4,3,2,0,0,L
668873,Caleb Kilian,2026-04-30,823471,SF,0,7,7,1,0,2,R
676775,Keaton Winn,2026-04-30,823471,SF,0,10,6,2,0,0,R
657424,Matt Gage,2026-04-30,823471,SF,0,2,0,0,0,0,L
650911,Cristopher Sánchez,2026-04-30,823472,PHI,1,27,24,4,0,7,L
689147,Orion Kerkering,2026-04-30,823472,PHI,0,4,4,2,0,0,R
621383,Tanner Banks,2026-04-30,823472,PHI,0,6,6,2,0,2,L
663767,Chase Shugart,2026-04-30,823472,PHI,0,1,1,0,0,1,R
657277,Logan Webb,2026-04-30,823472,SF,1,27,25,7,1,6,R
669062,Erik Miller,2026-04-30,823472,SF,0,3,3,0,0,1,L
676254,Ryan Walker,2026-04-30,823472,SF,0,5,5,3,0,1,R
642547,Freddy Peralta,2026-04-30,823634,NYM,1,25,22,4,0,6,R
548384,Brooks Raley,2026-04-30,823634,NYM,0,3,3,0,0,2,L
596133,Luke Weaver,2026-04-30,823634,NYM,0,5,5,2,1,1,R
642207,Devin Williams,2026-04-30,823634,NYM,0,3,3,1,0,0,R
571945,Miles Mikolas,2026-04-30,823634,WSH,1,16,15,3,1,3,R
680730,Mitchell Parker,2026-04-30,823634,WSH,0,12,9,2,0,0,L
663992,Richard Lovelady,2026-04-30,823634,WSH,0,3,3,1,0,0,L
681402,Gus Varland,2026-04-30,823634,WSH,0,5,5,1,0,1,R
641927,Bailey Ober,2026-04-30,823714,MIN,1,24,22,4,1,2,R
607455,Anthony Banda,2026-04-30,823714,MIN,0,3,3,1,0,0,L
702193,Andrew Morris,2026-04-30,823714,MIN,0,5,5,1,0,0,R
623437,Justin Topa,2026-04-30,823714,MIN,0,3,2,0,0,0,R
592332,Kevin Gausman,2026-04-30,823714,TOR,1,23,21,4,2,2,R
667297,Tommy Nance,2026-04-30,823714,TOR,0,4,4,0,0,3,R
689254,Mason Fluharty,2026-04-30,823714,TOR,0,6,4,3,0,1,L
573009,Joe Mantiply,2026-04-30,823714,TOR,0,2,1,0,0,0,L
605540,Brandon Woodruff,2026-04-30,823795,MIL,1,6,5,1,0,2,R
681982,Grant Anderson,2026-04-30,823795,MIL,0,2,2,0,0,2,R
675660,Shane Drohan,2026-04-30,823795,MIL,0,16,16,5,0,4,L
656730,Trevor Megill,2026-04-30,823795,MIL,0,3,3,0,0,1,R
702153,Brian Fitzpatrick,2026-04-30,823795,MIL,0,4,3,0,0,2,L
663765,Jake Woodford,2026-04-30,823795,MIL,0,3,3,0,0,2,R
647336,Michael Soroka,2026-04-30,823795,AZ,1,21,19,10,1,2,R
691769,Philip Abner,2026-04-30,823795,AZ,0,8,7,1,0,1,L
642528,Jonathan Loáisiga,2026-04-30,823795,AZ,0,4,3,1,0,1,R
694297,Brandon Pfaadt,2026-04-30,823795,AZ,0,4,4,1,1,2,R
543510,James McCann,2026-04-30,823795,AZ,0,6,4,1,0,0,R
671096,Andrew Abbott,2026-04-30,824524,CIN,1,25,23,5,1,5,L
683175,Connor Phillips,2026-04-30,824524,CIN,0,5,3,0,0,3,R
663574,Tony Santillan,2026-04-30,824524,CIN,0,3,3,1,0,1,R
641941,Emilio Pagán,2026-04-30,824524,CIN,0,6,5,3,0,0,R
547179,Michael Lorenzen,2026-04-30,824524,COL,1,23,20,4,2,5,R
622608,Antonio Senzatela,2026-04-30,824524,COL,0,7,6,1,0,1,R
680767,Victor Vodnik,2026-04-30,824524,COL,0,6,5,2,0,1,R
605135,Chris Bassitt,2026-04-30,824848,BAL,1,27,26,7,0,7,R
670329,Rico Garcia,2026-04-30,824848,BAL,0,1,1,0,0,0,R
689296,Anthony Nunez,2026-04-30,824848,BAL,0,7,7,3,0,0,R
664744,Jose Espada,2026-04-30,824848,BAL,0,4,4,2,0,0,R
663567,Peter Lambert,2026-04-30,824848,HOU,1,18,15,2,0,3,R
595345,Steven Okert,2026-04-30,824848,HOU,0,5,4,2,1,0,L
805123,AJ Blubaugh,2026-04-30,824848,HOU,0,3,3,0,0,1,R
669920,Jason Alexander,2026-04-30,824848,HOU,0,11,8,2,1,1,R
687064,Brandon Young,2026-04-30,824850,BAL,1,25,22,9,2,2,R
671382,Cameron Foster,2026-04-30,824850,BAL,0,10,9,3,0,2,R
669211,Keegan Akin,2026-04-30,824850,BAL,0,4,4,1,0,1,L
669330,Tyler Wells,2026-04-30,824850,BAL,0,4,4,1,0,0,R
666974,Yennier Cano,2026-04-30,824850,BAL,0,3,3,0,0,2,R
621121,Lance McCullers Jr.,2026-04-30,824850,HOU,1,24,20,2,0,9,R
650556,Bryan Abreu,2026-04-30,824850,HOU,0,7,5,2,0,3,R
660853,Enyel De Los Santos,2026-04-30,824850,HOU,0,5,4,1,0,2,R
675989,Cody Bolton,2026-04-30,824850,HOU,0,5,3,1,0,0,R
693821,Bryce Elder,2026-04-30,824929,ATL,1,26,23,6,0,5,R
641755,Tyler Kinley,2026-04-30,824929,ATL,0,6,5,2,0,1,R
606303,Joel Payamps,2026-04-30,824929,ATL,0,4,3,2,0,1,R
607481,Aaron Bummer,2026-04-30,824929,ATL,0,3,1,0,0,1,L
660761,José Suarez,2026-04-30,824929,ATL,0,6,4,2,0,2,L
664285,Framber Valdez,2026-04-30,824929,DET,1,25,24,6,0,8,L
623454,Drew Anderson,2026-04-30,824929,DET,0,8,7,1,0,2,R
640448,Kyle Finnegan,2026-04-30,824929,DET,0,4,4,1,0,1,R
605488,Jeffrey Springs,2026-04-30,825016,ATH,1,16,14,5,1,4,L
665622,Luis Medina,2026-04-30,825016,ATH,0,13,10,3,0,1,R
605130,Scott Barlow,2026-04-30,825016,ATH,0,4,3,0,0,0,R
669620,Brady Basso,2026-04-30,825016,ATH,0,5,5,1,1,0,L
678022,Jack Perkins,2026-04-30,825016,ATH,0,4,4,1,0,1,R
702070,Noah Cameron,2026-04-30,825016,KC,1,27,25,9,0,5,L
670167,John Schreiber,2026-04-30,825016,KC,0,7,6,2,0,0,R
656638,Alex Lange,2026-04-30,825016,KC,0,3,3,0,0,0,R
663623,Jake Irvin,2026-05-01,822744,WSH,1,25,21,6,0,5,R
672335,Cionel Pérez,2026-05-01,822744,WSH,0,8,8,2,0,0,L
701552,Andre Granillo,2026-05-01,822744,WSH,0,8,7,3,0,1,R
687606,Paxton Schultz,2026-05-01,822744,WSH,0,5,5,1,0,1,R
694819,Jacob Misiorowski,2026-05-01,822744,MIL,1,18,16,0,0,8,R
676879,Aaron Ashby,2026-05-01,822744,MIL,0,12,10,2,0,4,L
668834,Easton McGee,2026-05-01,822744,MIL,0,3,2,0,0,1,R
663556,Shane McClanahan,2026-05-01,822990,TB,1,20,20,5,0,5,L
693855,Ian Seymour,2026-05-01,822990,TB,0,4,4,1,0,0,L
642121,Cole Sulser,2026-05-01,822990,TB,0,3,3,0,0,1,R
641329,Bryan Baker,2026-05-01,822990,TB,0,3,3,0,0,1,R
592662,Robbie Ray,2026-05-01,822990,SF,1,22,21,4,2,5,L
664141,JT Brubaker,2026-05-01,822990,SF,0,6,6,1,0,1,R
669461,Matthew Liberatore,2026-05-01,823066,STL,1,23,20,5,0,4,L
666277,George Soriano,2026-05-01,823066,STL,0,5,4,0,0,1,R
700669,Gordon Graceffo,2026-05-01,823066,STL,0,5,4,1,0,1,R
694335,Matt Svanson,2026-05-01,823066,STL,0,4,4,1,0,0,R
686218,Emmet Sheehan,2026-05-01,823066,LAD,1,22,22,8,2,8,R
676263,Jack Dreyer,2026-05-01,823066,LAD,0,6,6,2,0,1,L
683618,Edgardo Henriquez,2026-05-01,823066,LAD,0,7,5,2,0,0,R
669165,Kyle Hurt,2026-05-01,823066,LAD,0,3,3,0,0,2,R
693433,Bryan Woo,2026-05-01,823146,SEA,1,25,25,7,2,2,R
677961,Cole Wilcox,2026-05-01,823146,SEA,0,5,3,0,0,1,R
678606,José A. Ferrer,2026-05-01,823146,SEA,0,6,6,3,0,1,L
695380,Alex Hoppe,2026-05-01,823146,SEA,0,3,3,0,0,3,R
666142,Cole Ragans,2026-05-01,823146,KC,1,23,20,4,3,8,L
683232,Nick Mears,2026-05-01,823146,KC,0,3,2,0,0,0,R
663738,Daniel Lynch IV,2026-05-01,823146,KC,0,5,5,2,1,2,L
621381,Matt Strahm,2026-05-01,823146,KC,0,4,3,0,0,2,L
668674,Lucas Erceg,2026-05-01,823146,KC,0,3,3,0,0,1,R
608566,Germán Márquez,2026-05-01,823309,SD,1,23,17,5,2,2,R
593974,Wandy Peralta,2026-05-01,823309,SD,0,7,6,0,0,2,L
676760,Ron Marinaccio,2026-05-01,823309,SD,0,10,9,3,0,1,R
702273,Noah Schultz,2026-05-01,823309,CWS,1,22,19,2,0,2,L
699823,Tyler Davis,2026-05-01,823309,CWS,0,3,3,0,0,1,R
674370,Osvaldo Bido,2026-05-01,823309,CWS,0,7,6,3,0,1,R
663855,Jordan Hicks,2026-05-01,823309,CWS,0,4,4,1,0,1,R
656605,Mitch Keller,2026-05-01,823389,PIT,1,26,25,3,0,6,R
664875,Justin Lawrence,2026-05-01,823389,PIT,0,3,3,0,0,0,R
681895,Evan Sisk,2026-05-01,823389,PIT,0,3,3,0,0,2,L
663903,Brady Singer,2026-05-01,823389,CIN,1,19,17,7,2,1,R
687209,Zach Maxwell,2026-05-01,823389,CIN,0,8,6,3,2,1,R
594580,Sam Moll,2026-05-01,823389,CIN,0,2,2,0,0,1,L
572955,Pierce Johnson,2026-05-01,823389,CIN,0,7,5,2,0,0,R
682825,Luis Mey,2026-05-01,823389,CIN,0,4,3,0,0,1,R
624431,Jose Trevino,2026-05-01,823389,CIN,0,4,3,0,0,1,R
701542,Will Warren,2026-05-01,823557,NYY,1,23,22,3,1,9,R
518585,Fernando Cruz,2026-05-01,823557,NYY,0,2,2,0,0,0,R
666808,Camilo Doval,2026-05-01,823557,NYY,0,3,3,0,0,2,R
656234,Jake Bird,2026-05-01,823557,NYY,0,4,3,0,0,1,R
700249,Cade Povich,2026-05-01,823557,BAL,1,20,18,7,2,4,L
544150,Albert Suárez,2026-05-01,823557,BAL,0,13,9,1,0,3,R
669330,Tyler Wells,2026-05-01,823557,BAL,0,7,7,3,0,1,R
680573,Simeon Woods Richardson,2026-05-01,823713,MIN,1,25,23,9,2,2,R
573124,Taylor Rogers,2026-05-01,823713,MIN,0,4,4,1,0,0,L
679358,Eric Orze,2026-05-01,823713,MIN,0,9,8,1,0,1,R
472610,Luis García,2026-05-01,823713,MIN,0,3,3,0,0,0,R
571578,Patrick Corbin,2026-05-01,823713,TOR,1,23,21,6,1,4,L
680755,Braydon Fisher,2026-05-01,823713,TOR,0,2,2,0,0,1,R
656546,Jeff Hoffman,2026-05-01,823713,TOR,0,6,5,3,0,1,R
643511,Tyler Rogers,2026-05-01,823713,TOR,0,3,3,0,0,2,R
686973,Louis Varland,2026-05-01,823713,TOR,0,5,4,1,0,2,R
691587,Eury Pérez,2026-05-01,823877,MIA,1,22,20,4,0,6,R
806188,Cade Gibson,2026-05-01,823877,MIA,0,11,9,5,1,1,L
669199,Lake Bachar,2026-05-01,823877,MIA,0,7,7,0,0,3,R
554430,Zack Wheeler,2026-05-01,823877,PHI,1,23,21,3,0,8,R
689147,Orion Kerkering,2026-05-01,823877,PHI,0,4,3,0,0,1,R
680742,Jonathan Bowlan,2026-05-01,823877,PHI,0,5,3,2,0,0,R
621237,José Alvarado,2026-05-01,823877,PHI,0,3,3,2,0,1,L
641745,Brad Keller,2026-05-01,823877,PHI,0,5,4,1,0,2,R
700712,Walbert Ureña,2026-05-01,824041,LAA,1,19,16,2,0,4,R
608718,Brent Suter,2026-05-01,824041,LAA,0,4,4,2,0,1,L
681217,Chase Silseth,2026-05-01,824041,LAA,0,2,2,1,0,0,R
820862,José Fermin,2026-05-01,824041,LAA,0,4,4,1,1,1,R
680704,Nick Sandlin,2026-05-01,824041,LAA,0,6,5,1,0,0,R
681035,Christian Scott,2026-05-01,824041,NYM,1,19,18,3,1,8,R
623211,Huascar Brazobán,2026-05-01,824041,NYM,0,3,3,0,0,1,R
548384,Brooks Raley,2026-05-01,824041,NYM,0,3,3,0,0,1,L
596133,Luke Weaver,2026-05-01,824041,NYM,0,3,3,0,0,2,R
642207,Devin Williams,2026-05-01,824041,NYM,0,3,3,0,0,2,R
656427,Jack Flaherty,2026-05-01,824287,DET,1,19,15,5,1,4,R
646241,Enmanuel De Jesus,2026-05-01,824287,DET,0,4,3,0,0,1,L
669724,Brenan Hanifee,2026-05-01,824287,DET,0,4,3,1,0,1,R
676428,Brant Hurter,2026-05-01,824287,DET,0,4,3,0,0,2,L
572143,Burch Smith,2026-05-01,824287,DET,0,9,9,3,0,3,R
669022,MacKenzie Gore,2026-05-01,824287,TEX,1,18,15,4,0,3,L
668390,Cole Winn,2026-05-01,824287,TEX,0,4,3,1,0,1,R
656222,Jalen Beeks,2026-05-01,824287,TEX,0,6,6,1,0,1,L
641302,Tyler Alexander,2026-05-01,824287,TEX,0,4,4,1,0,0,L
596001,Jakob Junis,2026-05-01,824287,TEX,0,3,3,0,0,0,R
656641,Jacob Latz,2026-05-01,824287,TEX,0,3,3,0,0,1,L
500779,Jose Quintana,2026-05-01,824366,COL,1,23,22,5,1,3,L
688642,Zach Agnos,2026-05-01,824366,COL,0,7,5,1,0,1,R
677955,Jaden Hill,2026-05-01,824366,COL,0,4,2,1,0,1,R
675848,Juan Mejia,2026-05-01,824366,COL,0,7,5,2,1,1,R
656550,Grant Holmes,2026-05-01,824366,ATL,1,25,22,7,1,4,R
683627,Anthony Molina,2026-05-01,824366,ATL,0,6,5,0,0,0,R
800311,Didier Fuentes,2026-05-01,824366,ATL,0,3,2,0,0,0,R
663158,Robert Suarez,2026-05-01,824366,ATL,0,4,4,1,0,1,R
607067,Colin Rea,2026-05-01,824686,CHC,1,25,25,8,0,6,R
669020,Ryan Rolison,2026-05-01,824686,CHC,0,6,5,3,1,2,L
664208,Phil Maton,2026-05-01,824686,CHC,0,3,3,0,0,2,R
657097,Jacob Webb,2026-05-01,824686,CHC,0,7,6,0,0,3,R
668678,Zac Gallen,2026-05-01,824686,AZ,1,21,18,7,0,3,R
657044,Ryan Thompson,2026-05-01,824686,AZ,0,6,5,1,0,0,R
805299,Brandyn Garcia,2026-05-01,824686,AZ,0,6,6,0,0,2,L
656464,Kevin Ginkel,2026-05-01,824686,AZ,0,3,3,0,0,0,R
687562,Jake Bennett,2026-05-01,824772,BOS,1,20,18,5,1,3,L
677161,Zack Kelly,2026-05-01,824772,BOS,0,6,6,2,0,2,R
543056,Danny Coulombe,2026-05-01,824772,BOS,0,3,3,1,0,0,L
676477,Garrett Whitlock,2026-05-01,824772,BOS,0,5,5,2,0,0,R
547973,Aroldis Chapman,2026-05-01,824772,BOS,0,4,4,1,0,1,L
681347,Mike Burrows,2026-05-01,824772,HOU,1,26,24,8,1,3,R
656986,Bennett Sousa,2026-05-01,824772,HOU,0,3,3,0,0,1,L
687911,Bryan King,2026-05-01,824772,HOU,0,4,4,2,0,0,L
669372,J.T. Ginn,2026-05-01,825012,ATH,1,23,18,5,0,4,R
663687,Hogan Harris,2026-05-01,825012,ATH,0,6,5,2,0,2,L
686993,Justin Sterner,2026-05-01,825012,ATH,0,5,4,1,1,1,R
669620,Brady Basso,2026-05-01,825012,ATH,0,6,5,3,0,1,L
669270,Joel Kuhnel,2026-05-01,825012,ATH,0,5,4,0,0,1,R
676282,Joey Cantillo,2026-05-01,825012,CLE,1,20,16,5,1,2,L
682120,Tim Herrin,2026-05-01,825012,CLE,0,5,4,1,0,0,L
670036,Matt Festa,2026-05-01,825012,CLE,0,2,2,0,0,0,R
683769,Hunter Gaddis,2026-05-01,825012,CLE,0,4,2,2,0,0,R
681870,Erik Sabrowski,2026-05-01,825012,CLE,0,3,3,0,0,2,L
641401,Connor Brogdon,2026-05-01,825012,CLE,0,4,4,1,0,1,R
671922,Cade Smith,2026-05-01,825012,CLE,0,4,4,0,0,1,R
656492,Foster Griffin,2026-05-02,822746,WSH,1,26,22,3,0,3,L
695418,Brad Lord,2026-05-02,822746,WSH,0,12,10,4,0,2,R
687377,Orlando Ribalta,2026-05-02,822746,WSH,0,3,3,0,0,1,R
690986,Kyle Harrison,2026-05-02,822746,MIL,1,24,23,7,0,5,L
681982,Grant Anderson,2026-05-02,822746,MIL,0,3,3,1,0,0,R
669084,DL Hall,2026-05-02,822746,MIL,0,1,1,0,0,0,L
656730,Trevor Megill,2026-05-02,822746,MIL,0,3,3,0,0,0,R
682842,Abner Uribe,2026-05-02,822746,MIL,0,5,5,1,0,1,R
643377,Griffin Jax,2026-05-02,822988,TB,1,10,9,1,0,2,R
669947,Jesse Scholtens,2026-05-02,822988,TB,0,12,12,4,0,3,R
687330,Kevin Kelly,2026-05-02,822988,TB,0,5,5,1,0,1,R
664076,Garrett Cleavinger,2026-05-02,822988,TB,0,4,4,1,0,1,L
668984,Casey Legumina,2026-05-02,822988,TB,0,3,3,0,0,1,R
694738,Landen Roupp,2026-05-02,822988,SF,1,22,19,8,0,6,R
657424,Matt Gage,2026-05-02,822988,SF,0,3,2,0,0,0,L
621366,Ryan Borucki,2026-05-02,822988,SF,0,4,4,0,0,1,L
666619,Gregory Santos,2026-05-02,822988,SF,0,6,4,1,0,1,R
700241,Michael McGreevy,2026-05-02,823067,STL,1,20,17,3,0,3,R
592773,Ryne Stanek,2026-05-02,823067,STL,0,5,4,1,0,1,R
668941,JoJo Romero,2026-05-02,823067,STL,0,3,3,0,0,2,L
676617,Riley O'Brien,2026-05-02,823067,STL,0,7,7,4,0,2,R
808963,Roki Sasaki,2026-05-02,823067,LAD,1,26,23,5,1,4,R
681911,Alex Vesia,2026-05-02,823067,LAD,0,4,3,0,0,1,L
671109,Jake Eder,2026-05-02,823067,LAD,0,4,4,1,0,0,L
676106,Emerson Hancock,2026-05-02,823144,SEA,1,27,27,6,0,14,R
660825,Eduard Bazardo,2026-05-02,823144,SEA,0,3,3,0,0,1,R
662253,Andrés Muñoz,2026-05-02,823144,SEA,0,5,5,2,0,1,R
681867,Cooper Criswell,2026-05-02,823144,SEA,0,3,2,0,0,1,R
607625,Seth Lugo,2026-05-02,823144,KC,1,25,23,8,0,6,R
679883,Luinder Avila,2026-05-02,823144,KC,0,6,6,0,0,1,R
621381,Matt Strahm,2026-05-02,823144,KC,0,3,3,0,0,0,L
668674,Lucas Erceg,2026-05-02,823144,KC,0,3,3,0,0,2,R
650633,Michael King,2026-05-02,823308,SD,1,25,22,7,0,5,R
699134,Bradgley Rodriguez,2026-05-02,823308,SD,0,3,2,0,0,0,R
606996,Kyle Hart,2026-05-02,823308,SD,0,3,3,0,0,1,L
669093,Jeremiah Estrada,2026-05-02,823308,SD,0,3,3,0,0,3,R
680732,Sean Burke,2026-05-02,823308,CWS,1,23,22,4,0,8,R
663542,Bryan Hudson,2026-05-02,823308,CWS,0,3,3,0,0,0,L
691799,Grant Taylor,2026-05-02,823308,CWS,0,7,5,2,0,2,R
622554,Seranthony Domínguez,2026-05-02,823308,CWS,0,2,2,0,0,1,R
669387,Carmen Mlodzinski,2026-05-02,823388,PIT,1,28,25,8,1,10,R
606965,Chris Devenski,2026-05-02,823388,PIT,0,2,2,1,1,0,R
670990,Yohan Ramírez,2026-05-02,823388,PIT,0,7,7,2,0,2,R
642397,Gregory Soto,2026-05-02,823388,PIT,0,3,3,0,0,1,L
695076,Rhett Lowder,2026-05-02,823388,CIN,1,13,9,5,0,1,R
683175,Connor Phillips,2026-05-02,823388,CIN,0,4,0,0,0,0,R
594580,Sam Moll,2026-05-02,823388,CIN,0,8,7,2,0,2,L
656271,Brock Burke,2026-05-02,823388,CIN,0,10,9,6,0,2,L
668933,Graham Ashcraft,2026-05-02,823388,CIN,0,4,3,0,0,2,R
683742,Jose Franco,2026-05-02,823388,CIN,0,4,4,1,0,2,R
624431,Jose Trevino,2026-05-02,823388,CIN,0,11,10,5,0,0,R
677960,Ryan Weathers,2026-05-02,823554,NYY,1,21,19,3,1,5,L
656234,Jake Bird,2026-05-02,823554,NYY,0,4,3,1,0,0,R
666808,Camilo Doval,2026-05-02,823554,NYY,0,3,2,0,0,1,R
657612,Tim Hill,2026-05-02,823554,NYY,0,1,1,0,0,0,L
621112,Paul Blackburn,2026-05-02,823554,NYY,0,7,6,0,0,2,R
680694,Kyle Bradish,2026-05-02,823554,BAL,1,21,17,6,2,4,R
669211,Keegan Akin,2026-05-02,823554,BAL,0,4,4,2,1,0,L
664991,Grant Wolfram,2026-05-02,823554,BAL,0,3,3,0,0,2,L
689296,Anthony Nunez,2026-05-02,823554,BAL,0,4,2,2,0,0,R
608650,Dietrich Enns,2026-05-02,823554,BAL,0,3,3,1,0,1,L
675919,Nick Raquet,2026-05-02,823554,BAL,0,4,3,0,0,1,L
687570,Connor Prielipp,2026-05-02,823715,MIN,1,20,17,3,2,4,L
623437,Justin Topa,2026-05-02,823715,MIN,0,3,3,1,1,1,R
681892,Kody Funderburk,2026-05-02,823715,MIN,0,5,4,0,0,0,L
472610,Luis García,2026-05-02,823715,MIN,0,4,3,3,0,0,R
607455,Anthony Banda,2026-05-02,823715,MIN,0,7,6,2,1,0,L
804619,John Klein,2026-05-02,823715,MIN,0,3,3,0,0,0,R
656302,Dylan Cease,2026-05-02,823715,TOR,1,28,27,7,1,7,R
689254,Mason Fluharty,2026-05-02,823715,TOR,0,3,3,0,0,0,L
693686,Spencer Miles,2026-05-02,823715,TOR,0,3,3,0,0,0,R
676974,Max Meyer,2026-05-02,823876,MIA,1,22,21,1,0,7,R
669622,Anthony Bender,2026-05-02,823876,MIA,0,3,3,0,0,2,R
677053,Andrew Nardi,2026-05-02,823876,MIA,0,3,3,0,0,1,L
691725,Andrew Painter,2026-05-02,823876,PHI,1,25,22,7,1,7,R
621383,Tanner Banks,2026-05-02,823876,PHI,0,6,5,2,0,1,L
670950,Trevor Richards,2026-05-02,823876,PHI,0,8,6,1,0,2,R
672282,Reid Detmers,2026-05-02,824042,LAA,1,27,26,9,0,8,L
696147,Sam Bachman,2026-05-02,824042,LAA,0,5,5,0,0,3,R
666171,Ryan Zeferjahn,2026-05-02,824042,LAA,0,7,5,0,0,1,R
690997,Nolan McLean,2026-05-02,824042,NYM,1,18,17,6,0,6,R
668964,Tobias Myers,2026-05-02,824042,NYM,0,12,11,3,0,0,R
623211,Huascar Brazobán,2026-05-02,824042,NYM,0,4,4,0,0,1,R
518886,Craig Kimbrel,2026-05-02,824042,NYM,0,5,4,1,0,1,R
681810,Austin Warren,2026-05-02,824042,NYM,0,5,4,2,0,0,R
672456,Keider Montero,2026-05-02,824284,DET,1,26,24,5,1,2,R
623454,Drew Anderson,2026-05-02,824284,DET,0,9,9,2,0,3,R
677958,Kumar Rocker,2026-05-02,824284,TEX,1,12,12,7,1,2,R
615698,Cal Quantrill,2026-05-02,824284,TEX,0,12,10,2,0,2,R
682608,Peyton Gray,2026-05-02,824284,TEX,0,9,8,2,0,2,R
686560,Gavin Collyer,2026-05-02,824284,TEX,0,4,4,1,0,1,R
657514,Brennan Bernardino,2026-05-02,824365,COL,1,5,5,3,1,1,L
801403,Chase Dollander,2026-05-02,824365,COL,0,26,22,8,1,3,R
685299,Tanner Gordon,2026-05-02,824365,COL,0,10,10,1,1,4,R
519242,Chris Sale,2026-05-02,824365,ATL,1,27,24,3,0,11,L
669276,Dylan Lee,2026-05-02,824365,ATL,0,3,3,0,0,1,L
676702,Hunter Stratton,2026-05-02,824365,ATL,0,3,3,1,0,1,R
684007,Shota Imanaga,2026-05-02,824685,CHC,1,26,25,4,0,5,L
676962,Ben Brown,2026-05-02,824685,CHC,0,6,6,0,0,1,R
669194,Ryne Nelson,2026-05-02,824685,AZ,1,23,21,4,1,4,R
656464,Kevin Ginkel,2026-05-02,824685,AZ,0,2,1,0,0,0,R
664199,Taylor Clarke,2026-05-02,824685,AZ,0,3,2,0,0,1,R
666661,Juan Morillo,2026-05-02,824685,AZ,0,4,3,1,0,2,R
642528,Jonathan Loáisiga,2026-05-02,824685,AZ,0,1,1,0,0,0,R
813349,Connelly Early,2026-05-02,824771,BOS,1,20,17,6,1,3,L
670245,Ryan Watson,2026-05-02,824771,BOS,0,13,12,3,1,4,R
701719,Tyler Samaniego,2026-05-02,824771,BOS,0,9,8,3,0,0,L
681293,Spencer Arrighetti,2026-05-02,824771,HOU,1,23,17,5,0,4,R
660853,Enyel De Los Santos,2026-05-02,824771,HOU,0,6,6,1,0,1,R
656986,Bennett Sousa,2026-05-02,824771,HOU,0,3,2,2,0,0,L
678906,Kai-Wei Teng,2026-05-02,824771,HOU,0,5,4,0,0,2,R
687911,Bryan King,2026-05-02,824771,HOU,0,3,3,0,0,0,L
682052,Jacob Lopez,2026-05-02,825014,ATH,1,25,23,8,2,5,L
605130,Scott Barlow,2026-05-02,825014,ATH,0,6,4,0,0,1,R
663687,Hogan Harris,2026-05-02,825014,ATH,0,4,3,2,0,0,L
806960,Luis Morales,2026-05-02,825014,ATH,0,13,9,4,1,2,R
677944,Slade Cecconi,2026-05-02,825014,CLE,1,25,24,10,2,3,R
670036,Matt Festa,2026-05-02,825014,CLE,0,2,1,0,0,0,R
682120,Tim Herrin,2026-05-02,825014,CLE,0,4,4,1,0,1,L
683769,Hunter Gaddis,2026-05-02,825014,CLE,0,4,3,2,0,1,R
670059,Colin Holderman,2026-05-02,825014,CLE,0,6,6,1,0,0,R
676571,PJ Poulin,2026-05-03,822742,WSH,1,8,7,1,0,2,L
641793,Zack Littell,2026-05-03,822742,WSH,0,13,10,1,0,1,R
680730,Mitchell Parker,2026-05-03,822742,WSH,0,6,6,0,0,2,L
681402,Gus Varland,2026-05-03,822742,WSH,0,3,3,1,0,0,R
663992,Richard Lovelady,2026-05-03,822742,WSH,0,3,3,1,0,1,L
701656,Logan Henderson,2026-05-03,822742,MIL,1,21,21,3,0,8,R
702153,Brian Fitzpatrick,2026-05-03,822742,MIL,0,7,7,4,0,0,L
663765,Jake Woodford,2026-05-03,822742,MIL,0,3,2,0,0,1,R
571927,Steven Matz,2026-05-03,822987,TB,1,22,20,4,0,1,L
685801,Hunter Bigge,2026-05-03,822987,TB,0,8,8,2,0,3,R
641329,Bryan Baker,2026-05-03,822987,TB,0,3,3,0,0,1,R
693855,Ian Seymour,2026-05-03,822987,TB,0,3,3,0,0,0,L
641816,Tyler Mahle,2026-05-03,822987,SF,1,22,21,4,0,5,R
657424,Matt Gage,2026-05-03,822987,SF,0,3,2,0,0,1,L
676775,Keaton Winn,2026-05-03,822987,SF,0,3,3,1,0,0,R
676254,Ryan Walker,2026-05-03,822987,SF,0,5,2,1,0,0,R
668873,Caleb Kilian,2026-05-03,822987,SF,0,6,5,2,0,0,R
669160,Dustin May,2026-05-03,823065,STL,1,25,22,7,0,3,R
677865,Justin Bruihl,2026-05-03,823065,STL,0,5,3,0,0,2,L
694363,Jared Shuster,2026-05-03,823065,STL,0,10,9,3,0,0,L
680736,Justin Wrobleski,2026-05-03,823065,LAD,1,24,23,6,0,0,L
694361,Will Klein,2026-05-03,823065,LAD,0,7,6,1,0,0,R
595014,Blake Treinen,2026-05-03,823065,LAD,0,1,1,0,0,0,R
656945,Tanner Scott,2026-05-03,823065,LAD,0,3,3,0,0,2,L
622491,Luis Castillo,2026-05-03,823145,SEA,1,26,22,6,0,5,R
695380,Alex Hoppe,2026-05-03,823145,SEA,0,4,4,1,0,1,R
677961,Cole Wilcox,2026-05-03,823145,SEA,0,5,3,0,0,0,R
689546,Nick Davila,2026-05-03,823145,SEA,0,4,3,1,0,1,R
663460,Kris Bubic,2026-05-03,823145,KC,1,26,24,4,0,7,L
670167,John Schreiber,2026-05-03,823145,KC,0,3,2,0,0,0,R
663738,Daniel Lynch IV,2026-05-03,823145,KC,0,4,4,0,0,3,L
656288,Griffin Canning,2026-05-03,823307,SD,1,19,16,3,1,7,R
670970,Adrian Morejon,2026-05-03,823307,SD,0,8,8,2,1,4,L
592094,Jason Adam,2026-05-03,823307,SD,0,4,4,1,0,1,R
695243,Mason Miller,2026-05-03,823307,SD,0,4,4,1,0,3,R
641743,Anthony Kay,2026-05-03,823307,CWS,1,21,20,7,2,5,L
673929,Jordan Leasure,2026-05-03,823307,CWS,0,3,3,0,0,1,R
699823,Tyler Davis,2026-05-03,823307,CWS,0,4,3,0,0,0,R
663542,Bryan Hudson,2026-05-03,823307,CWS,0,5,5,2,0,2,L
677952,Braxton Ashcraft,2026-05-03,823387,PIT,1,27,25,4,0,6,R
642397,Gregory Soto,2026-05-03,823387,PIT,0,4,4,0,0,2,L
695505,Chase Burns,2026-05-03,823387,CIN,1,24,23,3,0,7,R
663574,Tony Santillan,2026-05-03,823387,CIN,0,6,4,2,0,0,R
608331,Max Fried,2026-05-03,823555,NYY,1,24,21,6,0,6,L
518585,Fernando Cruz,2026-05-03,823555,NYY,0,3,3,1,0,0,R
687396,Brent Headrick,2026-05-03,823555,NYY,0,5,5,1,0,1,L
670280,David Bednar,2026-05-03,823555,NYY,0,4,4,1,0,2,R
694346,Trey Gibson,2026-05-03,823555,BAL,1,21,19,4,2,2,R
664991,Grant Wolfram,2026-05-03,823555,BAL,0,5,5,3,0,0,L
666974,Yennier Cano,2026-05-03,823555,BAL,0,2,2,0,0,0,R
670329,Rico Garcia,2026-05-03,823555,BAL,0,3,3,0,0,1,R
552640,Andrew Kittredge,2026-05-03,823555,BAL,0,8,7,7,1,0,R
608650,Dietrich Enns,2026-05-03,823555,BAL,0,4,2,1,0,0,L
657746,Joe Ryan,2026-05-03,823711,MIN,1,2,1,0,0,1,R
702193,Andrew Morris,2026-05-03,823711,MIN,0,14,13,2,0,3,R
573124,Taylor Rogers,2026-05-03,823711,MIN,0,12,11,4,0,3,L
679358,Eric Orze,2026-05-03,823711,MIN,0,6,5,1,0,2,R
681892,Kody Funderburk,2026-05-03,823711,MIN,0,1,1,0,0,0,L
623437,Justin Topa,2026-05-03,823711,MIN,0,6,6,4,1,0,R
702056,Trey Yesavage,2026-05-03,823711,TOR,1,20,17,5,0,6,R
680755,Braydon Fisher,2026-05-03,823711,TOR,0,5,4,2,0,1,R
573009,Joe Mantiply,2026-05-03,823711,TOR,0,4,4,1,0,0,L
667297,Tommy Nance,2026-05-03,823711,TOR,0,4,4,0,0,2,R
656546,Jeff Hoffman,2026-05-03,823711,TOR,0,3,3,1,0,0,R
663978,Chris Paddack,2026-05-03,823875,MIA,1,18,14,6,1,1,R
667463,John King,2026-05-03,823875,MIA,0,4,4,1,0,1,L
663969,Tyler Phillips,2026-05-03,823875,MIA,0,13,13,4,0,3,R
694795,Josh Ekness,2026-05-03,823875,MIA,0,3,3,0,0,0,R
676534,Calvin Faucher,2026-05-03,823875,MIA,0,3,3,0,0,1,R
666200,Jesús Luzardo,2026-05-03,823875,PHI,1,27,26,8,1,10,L
663767,Chase Shugart,2026-05-03,823875,PHI,0,5,5,1,0,0,R
689147,Orion Kerkering,2026-05-03,823875,PHI,0,3,3,0,0,0,R
686799,Jack Kochanowicz,2026-05-03,824043,LAA,1,28,24,5,1,6,R
642048,Tayler Saucedo,2026-05-03,824043,LAA,0,3,2,0,0,2,L
680704,Nick Sandlin,2026-05-03,824043,LAA,0,6,5,2,1,0,R
519141,Drew Pomeranz,2026-05-03,824043,LAA,0,3,3,0,0,1,L
605280,Clay Holmes,2026-05-03,824043,NYM,1,26,23,4,0,6,R
596133,Luke Weaver,2026-05-03,824043,NYM,0,5,5,1,0,3,R
548384,Brooks Raley,2026-05-03,824043,NYM,0,4,4,1,0,2,L
663947,Tyler Holton,2026-05-03,824285,DET,1,3,3,1,0,1,L
669724,Brenan Hanifee,2026-05-03,824285,DET,0,6,6,1,0,1,R
676428,Brant Hurter,2026-05-03,824285,DET,0,12,11,2,0,2,L
676568,Ricky Vanasco,2026-05-03,824285,DET,0,7,6,1,0,2,R
640448,Kyle Finnegan,2026-05-03,824285,DET,0,4,4,1,0,1,R
572143,Burch Smith,2026-05-03,824285,DET,0,4,4,1,0,0,R
683004,Jack Leiter,2026-05-03,824285,TEX,1,26,25,5,1,10,R
641302,Tyler Alexander,2026-05-03,824285,TEX,0,4,4,3,0,0,L
686560,Gavin Collyer,2026-05-03,824285,TEX,0,3,3,0,0,2,R
607536,Kyle Freeland,2026-05-03,824364,COL,1,24,21,8,2,7,L
622608,Antonio Senzatela,2026-05-03,824364,COL,0,11,9,3,0,1,R
680767,Victor Vodnik,2026-05-03,824364,COL,0,3,2,0,0,1,R
623474,Jimmy Herget,2026-05-03,824364,COL,0,7,6,3,0,0,R
675911,Spencer Strider,2026-05-03,824364,ATL,1,19,14,4,1,6,R
607481,Aaron Bummer,2026-05-03,824364,ATL,0,6,5,3,1,2,L
800311,Didier Fuentes,2026-05-03,824364,ATL,0,2,1,0,0,0,R
669276,Dylan Lee,2026-05-03,824364,ATL,0,3,3,0,0,2,L
625643,Reynaldo López,2026-05-03,824364,ATL,0,5,4,1,0,1,R
641755,Tyler Kinley,2026-05-03,824364,ATL,0,4,4,1,1,2,R
663158,Robert Suarez,2026-05-03,824364,ATL,0,4,4,2,0,0,R
571510,Matthew Boyd,2026-05-03,824687,CHC,1,22,21,4,1,5,L
664208,Phil Maton,2026-05-03,824687,CHC,0,6,4,1,0,1,R
571948,Hoby Milner,2026-05-03,824687,CHC,0,4,4,1,0,0,L
656686,Corbin Martin,2026-05-03,824687,CHC,0,5,4,1,1,2,R
518876,Merrill Kelly,2026-05-03,824687,AZ,1,24,21,8,1,5,R
657044,Ryan Thompson,2026-05-03,824687,AZ,0,2,2,0,0,0,R
694297,Brandon Pfaadt,2026-05-03,824687,AZ,0,14,10,4,0,1,R
623149,Paul Sewald,2026-05-03,824687,AZ,0,2,2,0,0,2,R
624133,Ranger Suarez,2026-05-03,824769,BOS,1,16,15,3,0,3,L
701719,Tyler Samaniego,2026-05-03,824769,BOS,0,4,2,1,0,0,L
669711,Greg Weissert,2026-05-03,824769,BOS,0,6,5,3,0,1,R
663558,Jovani Morán,2026-05-03,824769,BOS,0,3,2,0,0,1,L
676477,Garrett Whitlock,2026-05-03,824769,BOS,0,5,4,1,0,2,R
547973,Aroldis Chapman,2026-05-03,824769,BOS,0,4,4,1,0,2,L
677161,Zack Kelly,2026-05-03,824769,BOS,0,5,2,1,0,0,R
675989,Cody Bolton,2026-05-03,824769,HOU,1,12,11,4,0,3,R
805123,AJ Blubaugh,2026-05-03,824769,HOU,0,15,12,2,1,5,R
595345,Steven Okert,2026-05-03,824769,HOU,0,4,4,1,0,1,L
660853,Enyel De Los Santos,2026-05-03,824769,HOU,0,4,4,1,0,1,R
650556,Bryan Abreu,2026-05-03,824769,HOU,0,8,5,1,0,1,R
650644,Aaron Civale,2026-05-03,825013,ATH,1,26,24,7,1,3,R
686993,Justin Sterner,2026-05-03,825013,ATH,0,3,3,0,0,1,R
643410,Mark Leiter Jr.,2026-05-03,825013,ATH,0,3,3,0,0,1,R
669270,Joel Kuhnel,2026-05-03,825013,ATH,0,4,3,0,0,0,R
800048,Parker Messick,2026-05-03,825013,CLE,1,21,21,6,3,6,L
688883,Peyton Pallette,2026-05-03,825013,CLE,0,8,5,2,0,1,R
670059,Colin Holderman,2026-05-03,825013,CLE,0,9,9,3,0,2,R
607259,Nick Martinez,2026-05-04,822984,TB,1,21,20,5,0,4,R
693855,Ian Seymour,2026-05-04,822984,TB,0,7,6,2,0,2,L
687330,Kevin Kelly,2026-05-04,822984,TB,0,2,2,0,0,1,R
642121,Cole Sulser,2026-05-04,822984,TB,0,3,3,0,0,1,R
668984,Casey Legumina,2026-05-04,822984,TB,0,4,4,3,0,0,R
641329,Bryan Baker,2026-05-04,822984,TB,0,1,1,0,0,0,R
641778,Eric Lauer,2026-05-04,822984,TOR,1,19,18,5,1,2,L
693686,Spencer Miles,2026-05-04,822984,TOR,0,7,7,3,0,1,R
689254,Mason Fluharty,2026-05-04,822984,TOR,0,2,2,1,0,1,L
667297,Tommy Nance,2026-05-04,822984,TOR,0,3,3,1,0,1,R
573009,Joe Mantiply,2026-05-04,822984,TOR,0,3,3,1,0,0,L
681517,Kyle Leahy,2026-05-04,823064,STL,1,25,22,6,0,5,R
666277,George Soriano,2026-05-04,823064,STL,0,4,3,1,0,1,R
668941,JoJo Romero,2026-05-04,823064,STL,0,4,3,1,0,0,L
592773,Ryne Stanek,2026-05-04,823064,STL,0,3,3,0,0,1,R
700669,Gordon Graceffo,2026-05-04,823064,STL,0,4,4,3,1,0,R
676617,Riley O'Brien,2026-05-04,823064,STL,0,2,2,0,0,0,R
694477,Chad Patrick,2026-05-04,823064,MIL,1,20,16,7,0,4,R
669084,DL Hall,2026-05-04,823064,MIL,0,6,6,0,0,2,L
675660,Shane Drohan,2026-05-04,823064,MIL,0,6,5,1,0,1,L
681982,Grant Anderson,2026-05-04,823064,MIL,0,2,2,1,0,0,R
663765,Jake Woodford,2026-05-04,823064,MIL,0,5,5,2,0,2,R
669302,Logan Gilbert,2026-05-04,823143,SEA,1,25,23,6,4,4,R
678606,José A. Ferrer,2026-05-04,823143,SEA,0,5,5,1,0,1,L
660825,Eduard Bazardo,2026-05-04,823143,SEA,0,3,3,1,0,1,R
662253,Andrés Muñoz,2026-05-04,823143,SEA,0,4,4,1,0,2,R
702275,JR Ritchie,2026-05-04,823143,ATL,1,24,17,4,1,2,R
641755,Tyler Kinley,2026-05-04,823143,ATL,0,5,4,1,1,2,R
607481,Aaron Bummer,2026-05-04,823143,ATL,0,5,4,2,0,1,L
471911,Carlos Carrasco,2026-05-04,823143,ATL,0,5,5,1,0,1,R
686790,Trevor McDonald,2026-05-04,823228,SF,1,24,23,2,1,8,R
676775,Keaton Winn,2026-05-04,823228,SF,0,3,3,0,0,0,R
668873,Caleb Kilian,2026-05-04,823228,SF,0,4,4,1,1,2,R
681190,Randy Vásquez,2026-05-04,823228,SD,1,24,20,5,1,2,R
606996,Kyle Hart,2026-05-04,823228,SD,0,1,1,0,0,1,L
699134,Bradgley Rodriguez,2026-05-04,823228,SD,0,4,4,0,0,0,R
593974,Wandy Peralta,2026-05-04,823228,SD,0,4,3,1,0,1,L
693645,Cam Schlittler,2026-05-04,823552,NYY,1,25,22,7,0,4,R
656234,Jake Bird,2026-05-04,823552,NYY,0,1,1,0,0,1,R
657612,Tim Hill,2026-05-04,823552,NYY,0,4,4,1,0,2,L
666808,Camilo Doval,2026-05-04,823552,NYY,0,4,4,1,0,1,R
621112,Paul Blackburn,2026-05-04,823552,NYY,0,4,4,1,0,0,R
669358,Shane Baz,2026-05-04,823552,BAL,1,26,20,5,1,4,R
666974,Yennier Cano,2026-05-04,823552,BAL,0,3,3,1,0,0,R
669211,Keegan Akin,2026-05-04,823552,BAL,0,2,2,0,0,0,L
642152,Lou Trivino III,2026-05-04,823552,BAL,0,9,6,4,0,0,R
642215,Weston Wilson,2026-05-04,823552,BAL,0,1,1,0,0,0,R
676083,Janson Junk,2026-05-04,823874,MIA,1,22,22,5,1,6,R
667463,John King,2026-05-04,823874,MIA,0,2,2,0,0,0,L
676534,Calvin Faucher,2026-05-04,823874,MIA,0,4,4,1,0,1,R
669199,Lake Bachar,2026-05-04,823874,MIA,0,7,7,1,0,1,R
605400,Aaron Nola,2026-05-04,823874,PHI,1,21,21,5,0,5,R
621383,Tanner Banks,2026-05-04,823874,PHI,0,4,4,0,0,1,L
621237,José Alvarado,2026-05-04,823874,PHI,0,3,3,0,0,1,L
641745,Brad Keller,2026-05-04,823874,PHI,0,4,4,2,0,0,R
667755,José Soriano,2026-05-04,824039,LAA,1,23,20,8,2,5,R
815083,Mitch Farris,2026-05-04,824039,LAA,0,18,18,7,0,3,L
608718,Brent Suter,2026-05-04,824039,LAA,0,4,4,1,0,1,L
663436,Davis Martin,2026-05-04,824039,CWS,1,25,25,5,0,10,R
656794,Sean Newcomb,2026-05-04,824039,CWS,0,6,6,0,0,4,L
608379,Michael Wacha,2026-05-04,824120,KC,1,26,25,4,1,3,R
621381,Matt Strahm,2026-05-04,824120,KC,0,3,3,0,0,0,L
656638,Alex Lange,2026-05-04,824120,KC,0,3,3,1,0,0,R
676440,Tanner Bibee,2026-05-04,824120,CLE,1,19,17,5,1,4,R
670036,Matt Festa,2026-05-04,824120,CLE,0,7,6,1,1,1,R
641401,Connor Brogdon,2026-05-04,824120,CLE,0,6,6,1,0,1,R
688883,Peyton Pallette,2026-05-04,824120,CLE,0,4,3,0,0,1,R
595345,Steven Okert,2026-05-04,824201,HOU,1,6,5,3,0,1,L
680802,Ryan Weiss,2026-05-04,824201,HOU,0,25,21,8,2,5,R
678906,Kai-Wei Teng,2026-05-04,824201,HOU,0,7,7,1,0,2,R
650556,Bryan Abreu,2026-05-04,824201,HOU,0,4,4,1,0,3,R
656986,Bennett Sousa,2026-05-04,824201,HOU,0,3,3,0,0,0,L
808967,Yoshinobu Yamamoto,2026-05-04,824201,LAD,1,23,22,5,1,8,R
669165,Kyle Hurt,2026-05-04,824201,LAD,0,4,3,0,0,2,R
595014,Blake Treinen,2026-05-04,824201,LAD,0,4,3,0,0,3,R
676263,Jack Dreyer,2026-05-04,824201,LAD,0,4,4,1,0,2,L
663947,Tyler Holton,2026-05-04,824283,DET,1,5,5,2,0,1,L
680744,Ty Madden,2026-05-04,824283,DET,0,20,20,4,0,7,R
676568,Ricky Vanasco,2026-05-04,824283,DET,0,6,5,3,1,0,R
646241,Enmanuel De Jesus,2026-05-04,824283,DET,0,8,7,3,0,2,L
445276,Kenley Jansen,2026-05-04,824283,DET,0,3,2,0,0,1,R
801139,Payton Tolle,2026-05-04,824283,BOS,1,25,23,1,0,8,L
676477,Garrett Whitlock,2026-05-04,824283,BOS,0,6,5,2,0,2,R
547973,Aroldis Chapman,2026-05-04,824283,BOS,0,3,3,0,0,1,L
608372,Tomoyuki Sugano,2026-05-04,824363,COL,1,20,18,3,1,1,R
677955,Jaden Hill,2026-05-04,824363,COL,0,3,3,1,0,2,R
675848,Juan Mejia,2026-05-04,824363,COL,0,6,6,0,0,5,R
657514,Brennan Bernardino,2026-05-04,824363,COL,0,3,3,0,0,0,L
623211,Huascar Brazobán,2026-05-04,824363,NYM,1,4,3,0,0,0,R
681810,Austin Warren,2026-05-04,824363,NYM,0,7,7,1,0,3,R
656849,David Peterson,2026-05-04,824363,NYM,0,15,15,3,0,6,L
518886,Craig Kimbrel,2026-05-04,824363,NYM,0,4,4,1,0,1,R
642207,Devin Williams,2026-05-04,824363,NYM,0,3,3,0,0,1,R
665795,Edward Cabrera,2026-05-04,824684,CHC,1,27,25,9,2,8,R
571948,Hoby Milner,2026-05-04,824684,CHC,0,3,2,0,0,0,L
664208,Phil Maton,2026-05-04,824684,CHC,0,1,1,0,0,0,R
676962,Ben Brown,2026-05-04,824684,CHC,0,5,4,1,0,1,R
669020,Ryan Rolison,2026-05-04,824684,CHC,0,3,3,0,0,3,L
695534,Chase Petty,2026-05-04,824684,CIN,1,23,21,4,1,1,R
656271,Brock Burke,2026-05-04,824684,CIN,0,3,2,0,0,1,L
668933,Graham Ashcraft,2026-05-04,824684,CIN,0,8,5,0,0,2,R
641941,Emilio Pagán,2026-05-04,824684,CIN,0,4,3,2,1,1,R
676917,Cade Cavalli,2026-05-05,822743,WSH,1,22,17,5,0,2,R
687606,Paxton Schultz,2026-05-05,822743,WSH,0,7,6,0,0,1,R
701552,Andre Granillo,2026-05-05,822743,WSH,0,11,10,4,1,0,R
687377,Orlando Ribalta,2026-05-05,822743,WSH,0,6,4,1,0,1,R
671737,Taj Bradley,2026-05-05,822743,MIN,1,25,23,4,0,8,R
679358,Eric Orze,2026-05-05,822743,MIN,0,5,5,2,0,1,R
607455,Anthony Banda,2026-05-05,822743,MIN,0,3,3,0,0,1,L
472610,Luis García,2026-05-05,822743,MIN,0,3,2,0,0,0,R
656876,Drew Rasmussen,2026-05-05,822986,TB,1,25,24,7,1,5,R
685801,Hunter Bigge,2026-05-05,822986,TB,0,4,3,0,0,2,R
668984,Casey Legumina,2026-05-05,822986,TB,0,5,4,1,0,0,R
642121,Cole Sulser,2026-05-05,822986,TB,0,3,3,0,0,0,R
592332,Kevin Gausman,2026-05-05,822986,TOR,1,24,22,6,0,3,R
656546,Jeff Hoffman,2026-05-05,822986,TOR,0,4,4,1,0,1,R
643511,Tyler Rogers,2026-05-05,822986,TOR,0,5,5,4,0,0,R
686973,Louis Varland,2026-05-05,822986,TOR,0,2,2,0,0,1,R
669923,George Kirby,2026-05-05,823142,SEA,1,26,25,5,0,5,R
678606,José A. Ferrer,2026-05-05,823142,SEA,0,3,3,0,0,2,L
662253,Andrés Muñoz,2026-05-05,823142,SEA,0,5,4,1,1,2,R
693821,Bryce Elder,2026-05-05,823142,ATL,1,23,19,2,1,9,R
669276,Dylan Lee,2026-05-05,823142,ATL,0,3,3,0,0,3,L
663158,Robert Suarez,2026-05-05,823142,ATL,0,3,3,0,0,2,R
628452,Raisel Iglesias,2026-05-05,823142,ATL,0,4,4,1,0,2,R
657277,Logan Webb,2026-05-05,823227,SF,1,20,19,7,1,4,R
664141,JT Brubaker,2026-05-05,823227,SF,0,7,4,2,0,1,R
621366,Ryan Borucki,2026-05-05,823227,SF,0,4,4,2,0,0,L
666619,Gregory Santos,2026-05-05,823227,SF,0,8,8,2,0,0,R
666711,Joel Peguero,2026-05-05,823227,SF,0,4,4,1,0,0,R
621111,Walker Buehler,2026-05-05,823227,SD,1,23,23,7,1,5,R
669093,Jeremiah Estrada,2026-05-05,823227,SD,0,6,6,1,1,2,R
592094,Jason Adam,2026-05-05,823227,SD,0,3,3,0,0,0,R
676760,Ron Marinaccio,2026-05-05,823227,SD,0,3,3,0,0,1,R
650911,Cristopher Sánchez,2026-05-05,823469,PHI,1,29,26,3,0,10,L
661395,Jhoan Duran,2026-05-05,823469,PHI,0,7,4,1,0,2,R
622663,Luis Severino,2026-05-05,823469,ATH,1,24,22,7,1,3,R
605130,Scott Barlow,2026-05-05,823469,ATH,0,3,3,0,0,1,R
643410,Mark Leiter Jr.,2026-05-05,823469,ATH,0,6,4,3,0,1,R
621053,Tyler Ferguson,2026-05-05,823469,ATH,0,8,8,4,2,1,R
695684,Elmer Rodríguez,2026-05-05,823553,NYY,1,24,18,6,0,2,R
687396,Brent Headrick,2026-05-05,823553,NYY,0,4,4,0,0,3,L
657612,Tim Hill,2026-05-05,823553,NYY,0,3,3,2,0,0,L
518585,Fernando Cruz,2026-05-05,823553,NYY,0,6,4,1,0,1,R
670280,David Bednar,2026-05-05,823553,NYY,0,6,6,1,0,2,R
594798,Jacob deGrom,2026-05-05,823553,TEX,1,27,26,7,2,7,R
656222,Jalen Beeks,2026-05-05,823553,TEX,0,4,3,1,0,0,L
641302,Tyler Alexander,2026-05-05,823553,TEX,0,5,4,1,1,0,L
645261,Sandy Alcantara,2026-05-05,823873,MIA,1,25,22,8,0,5,R
669622,Anthony Bender,2026-05-05,823873,MIA,0,2,2,0,0,0,R
656848,Michael Petersen,2026-05-05,823873,MIA,0,3,3,0,0,2,R
694795,Josh Ekness,2026-05-05,823873,MIA,0,3,3,0,0,2,R
687531,William Kempner,2026-05-05,823873,MIA,0,3,3,0,0,1,R
677053,Andrew Nardi,2026-05-05,823873,MIA,0,7,5,2,0,0,L
605135,Chris Bassitt,2026-05-05,823873,BAL,1,21,16,6,0,3,R
669211,Keegan Akin,2026-05-05,823873,BAL,0,3,3,0,0,1,L
689296,Anthony Nunez,2026-05-05,823873,BAL,0,6,6,2,2,1,R
664991,Grant Wolfram,2026-05-05,823873,BAL,0,2,2,0,0,2,L
552640,Andrew Kittredge,2026-05-05,823873,BAL,0,4,3,1,0,1,R
670329,Rico Garcia,2026-05-05,823873,BAL,0,5,4,0,0,2,R
691951,Sam Aldegheri,2026-05-05,824040,LAA,1,18,15,4,0,0,L
820862,José Fermin,2026-05-05,824040,LAA,0,4,4,1,0,2,R
519141,Drew Pomeranz,2026-05-05,824040,LAA,0,5,5,2,0,1,L
696147,Sam Bachman,2026-05-05,824040,LAA,0,7,7,1,1,3,R
666171,Ryan Zeferjahn,2026-05-05,824040,LAA,0,7,4,0,0,3,R
607200,Erick Fedde,2026-05-05,824040,CWS,1,21,19,6,3,2,R
699823,Tyler Davis,2026-05-05,824040,CWS,0,4,4,0,0,1,R
673929,Jordan Leasure,2026-05-05,824040,CWS,0,3,3,0,0,2,R
663542,Bryan Hudson,2026-05-05,824040,CWS,0,3,3,1,0,0,L
663568,Stephen Kolek,2026-05-05,824119,KC,1,22,22,4,1,3,R
683232,Nick Mears,2026-05-05,824119,KC,0,3,3,0,0,1,R
663738,Daniel Lynch IV,2026-05-05,824119,KC,0,4,3,0,0,0,L
668674,Lucas Erceg,2026-05-05,824119,KC,0,4,3,0,0,1,R
668909,Gavin Williams,2026-05-05,824119,CLE,1,27,25,8,2,7,R
670059,Colin Holderman,2026-05-05,824119,CLE,0,6,6,0,0,3,R
663567,Peter Lambert,2026-05-05,824200,HOU,1,27,23,3,0,4,R
687911,Bryan King,2026-05-05,824200,HOU,0,9,9,3,0,2,L
660271,Shohei Ohtani,2026-05-05,824200,LAD,1,26,25,4,2,8,R
681911,Alex Vesia,2026-05-05,824200,LAD,0,3,3,0,0,1,L
664285,Framber Valdez,2026-05-05,824281,DET,1,22,19,9,3,3,L
669724,Brenan Hanifee,2026-05-05,824281,DET,0,11,10,2,0,2,R
572143,Burch Smith,2026-05-05,824281,DET,0,7,7,1,0,4,R
646241,Enmanuel De Jesus,2026-05-05,824281,DET,0,3,3,0,0,2,L
663558,Jovani Morán,2026-05-05,824281,BOS,1,8,6,3,1,3,L
678394,Brayan Bello,2026-05-05,824281,BOS,0,25,24,4,0,7,R
687941,Alec Gamboa,2026-05-05,824281,BOS,0,3,3,0,0,2,L
592791,Jameson Taillon,2026-05-05,824682,CHC,1,23,22,5,2,5,R
665871,Javier Assad,2026-05-05,824682,CHC,0,4,4,0,0,1,R
657097,Jacob Webb,2026-05-05,824682,CHC,0,4,4,0,0,1,R
694037,Daniel Palencia,2026-05-05,824682,CHC,0,4,4,1,0,0,R
669020,Ryan Rolison,2026-05-05,824682,CHC,0,4,3,0,0,2,L
671096,Andrew Abbott,2026-05-05,824682,CIN,1,24,20,4,0,4,L
683175,Connor Phillips,2026-05-05,824682,CIN,0,7,6,2,0,2,R
663574,Tony Santillan,2026-05-05,824682,CIN,0,5,5,1,1,1,R
641941,Emilio Pagán,2026-05-05,824682,CIN,0,0,0,0,0,0,R
683742,Jose Franco,2026-05-05,824682,CIN,0,5,3,0,0,0,R
594580,Sam Moll,2026-05-05,824682,CIN,0,1,1,1,0,0,L
593958,Eduardo Rodriguez,2026-05-05,825092,AZ,1,26,23,2,0,7,L
642528,Jonathan Loáisiga,2026-05-05,825092,AZ,0,3,3,0,0,0,R
805299,Brandyn Garcia,2026-05-05,825092,AZ,0,3,3,0,0,2,L
696149,Bubba Chandler,2026-05-05,825092,PIT,1,22,15,2,0,4,R
670990,Yohan Ramírez,2026-05-05,825092,PIT,0,7,4,2,0,0,R
681895,Evan Sisk,2026-05-05,825092,PIT,0,6,5,2,0,0,L
642701,Dennis Santana,2026-05-05,825092,PIT,0,6,6,3,0,0,R
571945,Miles Mikolas,2026-05-06,822740,WSH,1,19,19,3,1,3,R
680730,Mitchell Parker,2026-05-06,822740,WSH,0,8,8,0,0,2,L
687849,Zak Kent,2026-05-06,822740,WSH,0,4,4,0,0,0,R
641927,Bailey Ober,2026-05-06,822740,MIN,1,23,21,6,1,3,R
702193,Andrew Morris,2026-05-06,822740,MIN,0,4,4,2,0,1,R
681892,Kody Funderburk,2026-05-06,822740,MIN,0,4,3,0,0,2,L
623437,Justin Topa,2026-05-06,822740,MIN,0,8,6,4,1,1,R
472610,Luis García,2026-05-06,822740,MIN,0,4,4,2,2,0,R
663556,Shane McClanahan,2026-05-06,822985,TB,1,20,19,2,0,4,L
687330,Kevin Kelly,2026-05-06,822985,TB,0,5,5,2,0,0,R
664076,Garrett Cleavinger,2026-05-06,822985,TB,0,1,1,0,0,1,L
641329,Bryan Baker,2026-05-06,822985,TB,0,3,3,0,0,1,R
693855,Ian Seymour,2026-05-06,822985,TB,0,3,3,0,0,1,L
571578,Patrick Corbin,2026-05-06,822985,TOR,1,22,19,5,0,1,L
680755,Braydon Fisher,2026-05-06,822985,TOR,0,5,4,0,0,2,R
686973,Louis Varland,2026-05-06,822985,TOR,0,6,4,1,0,0,R
689254,Mason Fluharty,2026-05-06,822985,TOR,0,1,1,0,0,0,L
669467,Andre Pallante,2026-05-06,823063,STL,1,27,24,8,1,3,R
694363,Jared Shuster,2026-05-06,823063,STL,0,7,7,1,0,1,L
694335,Matt Svanson,2026-05-06,823063,STL,0,6,5,2,0,2,R
687075,Brandon Sproat,2026-05-06,823063,MIL,1,16,12,1,0,5,R
669084,DL Hall,2026-05-06,823063,MIL,0,3,3,0,0,1,L
676879,Aaron Ashby,2026-05-06,823063,MIL,0,7,6,0,0,1,L
656730,Trevor Megill,2026-05-06,823063,MIL,0,5,5,2,0,2,R
682842,Abner Uribe,2026-05-06,823063,MIL,0,4,4,1,0,0,R
693433,Bryan Woo,2026-05-06,823141,SEA,1,21,19,1,0,9,R
681867,Cooper Criswell,2026-05-06,823141,SEA,0,3,3,0,0,1,R
660825,Eduard Bazardo,2026-05-06,823141,SEA,0,5,4,3,0,1,R
678606,José A. Ferrer,2026-05-06,823141,SEA,0,3,3,0,0,1,L
527048,Martín Pérez,2026-05-06,823141,ATL,1,22,21,5,1,5,L
641755,Tyler Kinley,2026-05-06,823141,ATL,0,3,3,2,0,0,R
800311,Didier Fuentes,2026-05-06,823141,ATL,0,9,8,2,0,4,R
605288,Adrian Houser,2026-05-06,823226,SF,1,23,21,3,1,3,R
676775,Keaton Winn,2026-05-06,823226,SF,0,3,2,0,0,0,R
657424,Matt Gage,2026-05-06,823226,SF,0,2,2,1,0,0,L
676254,Ryan Walker,2026-05-06,823226,SF,0,7,5,2,1,0,R
666711,Joel Peguero,2026-05-06,823226,SF,0,3,3,0,0,1,R
699134,Bradgley Rodriguez,2026-05-06,823226,SD,1,3,3,0,0,0,R
663362,Matt Waldron,2026-05-06,823226,SD,0,17,17,2,1,7,R
670970,Adrian Morejon,2026-05-06,823226,SD,0,7,7,1,0,4,L
695243,Mason Miller,2026-05-06,823226,SD,0,3,3,0,0,2,R
554430,Zack Wheeler,2026-05-06,823470,PHI,1,25,24,5,1,4,R
641835,Tim Mayza,2026-05-06,823470,PHI,0,2,2,0,0,1,L
621237,José Alvarado,2026-05-06,823470,PHI,0,4,3,1,0,2,L
689147,Orion Kerkering,2026-05-06,823470,PHI,0,1,1,0,0,0,R
641745,Brad Keller,2026-05-06,823470,PHI,0,6,4,1,0,1,R
605488,Jeffrey Springs,2026-05-06,823470,ATH,1,23,23,8,1,4,L
686993,Justin Sterner,2026-05-06,823470,ATH,0,2,2,0,0,0,R
678022,Jack Perkins,2026-05-06,823470,ATH,0,8,7,2,0,2,R
663687,Hogan Harris,2026-05-06,823470,ATH,0,4,4,2,0,0,L
701542,Will Warren,2026-05-06,823550,NYY,1,22,18,7,2,7,R
660787,Yerry De los Santos,2026-05-06,823550,NYY,0,12,11,1,0,5,R
642232,Ryan Yarbrough,2026-05-06,823550,NYY,0,6,5,0,0,2,L
543135,Nathan Eovaldi,2026-05-06,823550,TEX,1,27,26,3,1,8,R
656641,Jacob Latz,2026-05-06,823550,TEX,0,4,3,0,0,1,L
691587,Eury Pérez,2026-05-06,823872,MIA,1,24,18,4,1,6,R
690978,Dax Fulton,2026-05-06,823872,MIA,0,16,14,3,0,3,L
687064,Brandon Young,2026-05-06,823872,BAL,1,25,22,4,0,5,R
664991,Grant Wolfram,2026-05-06,823872,BAL,0,4,4,2,0,0,L
689296,Anthony Nunez,2026-05-06,823872,BAL,0,4,4,0,0,1,R
670329,Rico Garcia,2026-05-06,823872,BAL,0,3,2,0,0,1,R
700712,Walbert Ureña,2026-05-06,824036,LAA,1,22,18,2,0,5,R
608718,Brent Suter,2026-05-06,824036,LAA,0,5,3,1,0,0,L
519141,Drew Pomeranz,2026-05-06,824036,LAA,0,2,1,0,0,1,L
681217,Chase Silseth,2026-05-06,824036,LAA,0,7,7,1,0,4,R
702273,Noah Schultz,2026-05-06,824036,CWS,1,21,17,7,1,3,L
674370,Osvaldo Bido,2026-05-06,824036,CWS,0,9,7,0,0,0,R
663855,Jordan Hicks,2026-05-06,824036,CWS,0,3,2,0,0,1,R
691799,Grant Taylor,2026-05-06,824036,CWS,0,5,3,1,0,1,R
666142,Cole Ragans,2026-05-06,824118,KC,1,13,11,1,0,4,L
679883,Luinder Avila,2026-05-06,824118,KC,0,9,7,2,0,2,R
670167,John Schreiber,2026-05-06,824118,KC,0,6,6,2,0,0,R
656638,Alex Lange,2026-05-06,824118,KC,0,5,4,0,0,0,R
672021,Eric Cerantola,2026-05-06,824118,KC,0,4,3,1,0,2,R
676282,Joey Cantillo,2026-05-06,824118,CLE,1,19,15,3,0,1,L
670036,Matt Festa,2026-05-06,824118,CLE,0,3,3,0,0,2,R
681870,Erik Sabrowski,2026-05-06,824118,CLE,0,5,4,0,0,2,L
683769,Hunter Gaddis,2026-05-06,824118,CLE,0,3,2,0,0,0,R
671922,Cade Smith,2026-05-06,824118,CLE,0,4,4,1,0,3,R
621121,Lance McCullers Jr.,2026-05-06,824198,HOU,1,15,12,4,1,4,R
669920,Jason Alexander,2026-05-06,824198,HOU,0,23,21,9,1,5,R
660853,Enyel De Los Santos,2026-05-06,824198,HOU,0,3,3,0,0,0,R
663967,César Salazar,2026-05-06,824198,HOU,0,4,4,1,1,0,R
607192,Tyler Glasnow,2026-05-06,824198,LAD,1,4,4,1,1,2,R
676263,Jack Dreyer,2026-05-06,824198,LAD,0,7,7,1,0,1,L
683618,Edgardo Henriquez,2026-05-06,824198,LAD,0,6,6,1,0,1,R
669165,Kyle Hurt,2026-05-06,824198,LAD,0,3,3,0,0,2,R
595014,Blake Treinen,2026-05-06,824198,LAD,0,5,5,2,0,0,R
656945,Tanner Scott,2026-05-06,824198,LAD,0,3,3,0,0,0,L
592779,Brock Stewart,2026-05-06,824198,LAD,0,3,3,0,0,2,R
656427,Jack Flaherty,2026-05-06,824282,DET,1,21,18,3,0,10,R
623454,Drew Anderson,2026-05-06,824282,DET,0,8,5,1,0,3,R
676428,Brant Hurter,2026-05-06,824282,DET,0,2,2,0,0,1,L
640448,Kyle Finnegan,2026-05-06,824282,DET,0,4,2,0,0,0,R
572143,Burch Smith,2026-05-06,824282,DET,0,4,3,0,0,1,R
543243,Sonny Gray,2026-05-06,824282,BOS,1,20,18,4,0,2,R
701719,Tyler Samaniego,2026-05-06,824282,BOS,0,7,6,0,0,3,L
677161,Zack Kelly,2026-05-06,824282,BOS,0,5,3,0,0,2,R
669711,Greg Weissert,2026-05-06,824282,BOS,0,3,3,0,0,0,R
547179,Michael Lorenzen,2026-05-06,824361,COL,1,26,23,11,1,2,R
688642,Zach Agnos,2026-05-06,824361,COL,0,18,15,4,1,1,R
642547,Freddy Peralta,2026-05-06,824361,NYM,1,21,19,4,0,1,R
668964,Tobias Myers,2026-05-06,824361,NYM,0,7,7,5,2,0,R
548384,Brooks Raley,2026-05-06,824361,NYM,0,4,3,0,0,2,L
596133,Luke Weaver,2026-05-06,824361,NYM,0,4,4,1,0,2,R
640455,Sean Manaea,2026-05-06,824361,NYM,0,5,4,3,0,1,L
642207,Devin Williams,2026-05-06,824361,NYM,0,2,2,0,0,2,R
607067,Colin Rea,2026-05-06,824683,CHC,1,24,21,6,1,5,R
657097,Jacob Webb,2026-05-06,824683,CHC,0,5,5,0,0,1,R
664208,Phil Maton,2026-05-06,824683,CHC,0,3,3,0,0,1,R
656686,Corbin Martin,2026-05-06,824683,CHC,0,3,3,3,1,0,R
571948,Hoby Milner,2026-05-06,824683,CHC,0,6,3,1,0,1,L
663423,Trent Thornton,2026-05-06,824683,CHC,0,2,2,0,0,0,R
663903,Brady Singer,2026-05-06,824683,CIN,1,25,23,6,1,6,R
594580,Sam Moll,2026-05-06,824683,CIN,0,3,3,2,0,0,L
572955,Pierce Johnson,2026-05-06,824683,CIN,0,1,1,0,0,0,R
622088,Tejay Antone,2026-05-06,824683,CIN,0,3,3,0,0,2,R
668933,Graham Ashcraft,2026-05-06,824683,CIN,0,5,5,2,1,1,R
656271,Brock Burke,2026-05-06,824683,CIN,0,5,1,0,0,1,L
647336,Michael Soroka,2026-05-06,825091,AZ,1,27,25,7,1,6,R
656464,Kevin Ginkel,2026-05-06,825091,AZ,0,2,2,0,0,0,R
666661,Juan Morillo,2026-05-06,825091,AZ,0,4,3,0,0,0,R
664199,Taylor Clarke,2026-05-06,825091,AZ,0,3,3,0,0,1,R
694973,Paul Skenes,2026-05-06,825091,PIT,1,26,26,2,0,7,R
642397,Gregory Soto,2026-05-06,825091,PIT,0,4,3,0,0,1,L
663623,Jake Irvin,2026-05-07,822741,WSH,1,22,20,8,1,2,R
663992,Richard Lovelady,2026-05-07,822741,WSH,0,5,1,0,0,1,L
687377,Orlando Ribalta,2026-05-07,822741,WSH,0,4,4,1,0,1,R
676571,PJ Poulin,2026-05-07,822741,WSH,0,5,4,1,0,2,L
681402,Gus Varland,2026-05-07,822741,WSH,0,5,5,1,0,2,R
680573,Simeon Woods Richardson,2026-05-07,822741,MIN,1,18,13,4,0,2,R
607455,Anthony Banda,2026-05-07,822741,MIN,0,4,2,0,0,0,L
804619,John Klein,2026-05-07,822741,MIN,0,6,5,2,1,1,R
573124,Taylor Rogers,2026-05-07,822741,MIN,0,7,7,2,0,2,L
650633,Michael King,2026-05-07,823306,SD,1,21,19,1,1,6,R
699134,Bradgley Rodriguez,2026-05-07,823306,SD,0,5,5,2,0,2,R
593974,Wandy Peralta,2026-05-07,823306,SD,0,4,2,1,0,0,L
592094,Jason Adam,2026-05-07,823306,SD,0,5,4,1,0,0,R
669461,Matthew Liberatore,2026-05-07,823306,STL,1,21,18,3,0,6,L
666277,George Soriano,2026-05-07,823306,STL,0,3,3,1,0,1,R
668941,JoJo Romero,2026-05-07,823306,STL,0,3,3,0,0,1,L
676617,Riley O'Brien,2026-05-07,823306,STL,0,3,3,0,0,1,R
691725,Andrew Painter,2026-05-07,823467,PHI,1,20,17,7,3,2,R
621383,Tanner Banks,2026-05-07,823467,PHI,0,9,8,4,0,2,L
663767,Chase Shugart,2026-05-07,823467,PHI,0,9,8,2,1,2,R
680742,Jonathan Bowlan,2026-05-07,823467,PHI,0,3,3,0,0,1,R
596117,Garrett Stubbs,2026-05-07,823467,PHI,0,3,3,0,0,0,R
669372,J.T. Ginn,2026-05-07,823467,ATH,1,27,26,4,1,8,R
621139,Brooks Kriske,2026-05-07,823467,ATH,0,5,5,2,0,1,R
621112,Paul Blackburn,2026-05-07,823551,NYY,1,5,2,0,0,0,R
694341,Brendan Beck,2026-05-07,823551,NYY,0,13,10,2,1,1,R
657612,Tim Hill,2026-05-07,823551,NYY,0,7,7,2,0,1,L
687396,Brent Headrick,2026-05-07,823551,NYY,0,5,4,0,0,1,L
656234,Jake Bird,2026-05-07,823551,NYY,0,4,3,0,0,0,R
666808,Camilo Doval,2026-05-07,823551,NYY,0,5,5,2,0,1,R
669022,MacKenzie Gore,2026-05-07,823551,TEX,1,25,22,6,0,3,L
656222,Jalen Beeks,2026-05-07,823551,TEX,0,3,2,1,0,1,L
668390,Cole Winn,2026-05-07,823551,TEX,0,3,3,2,0,0,R
641302,Tyler Alexander,2026-05-07,823551,TEX,0,5,4,3,0,1,L
682608,Peyton Gray,2026-05-07,823551,TEX,0,6,5,2,0,1,R
686560,Gavin Collyer,2026-05-07,823551,TEX,0,1,1,0,0,0,R
676974,Max Meyer,2026-05-07,823870,MIA,1,22,20,6,0,5,R
677053,Andrew Nardi,2026-05-07,823870,MIA,0,3,3,0,0,1,L
656848,Michael Petersen,2026-05-07,823870,MIA,0,3,3,0,0,1,R
694795,Josh Ekness,2026-05-07,823870,MIA,0,5,4,2,0,0,R
676534,Calvin Faucher,2026-05-07,823870,MIA,0,4,4,1,0,1,R
700249,Cade Povich,2026-05-07,823870,BAL,1,14,11,3,1,1,L
666974,Yennier Cano,2026-05-07,823870,BAL,0,6,6,0,0,0,R
608650,Dietrich Enns,2026-05-07,823870,BAL,0,7,6,0,0,1,L
669211,Keegan Akin,2026-05-07,823870,BAL,0,5,5,2,0,1,L
552640,Andrew Kittredge,2026-05-07,823870,BAL,0,4,4,1,0,1,R
607625,Seth Lugo,2026-05-07,824117,KC,1,22,18,7,0,5,R
663738,Daniel Lynch IV,2026-05-07,824117,KC,0,4,3,0,0,2,L
656638,Alex Lange,2026-05-07,824117,KC,0,5,4,1,0,1,R
672021,Eric Cerantola,2026-05-07,824117,KC,0,10,7,1,1,3,R
683232,Nick Mears,2026-05-07,824117,KC,0,4,4,2,0,0,R
677944,Slade Cecconi,2026-05-07,824117,CLE,1,23,20,6,0,3,R
682120,Tim Herrin,2026-05-07,824117,CLE,0,3,1,1,0,0,L
641401,Connor Brogdon,2026-05-07,824117,CLE,0,7,6,2,2,1,R
683769,Hunter Gaddis,2026-05-07,824117,CLE,0,5,4,3,0,0,R
681870,Erik Sabrowski,2026-05-07,824117,CLE,0,1,1,0,0,1,L
671922,Cade Smith,2026-05-07,824117,CLE,0,3,3,0,0,2,R
500779,Jose Quintana,2026-05-07,824362,COL,1,22,18,5,0,2,L
675848,Juan Mejia,2026-05-07,824362,COL,0,5,3,0,0,2,R
657514,Brennan Bernardino,2026-05-07,824362,COL,0,1,1,0,0,0,L
622608,Antonio Senzatela,2026-05-07,824362,COL,0,8,7,1,0,2,R
681035,Christian Scott,2026-05-07,824362,NYM,1,19,17,3,0,6,R
623211,Huascar Brazobán,2026-05-07,824362,NYM,0,6,4,1,0,1,R
681810,Austin Warren,2026-05-07,824362,NYM,0,5,3,0,0,1,R
518886,Craig Kimbrel,2026-05-07,824362,NYM,0,7,6,3,1,2,R
684007,Shota Imanaga,2026-05-07,824681,CHC,1,28,25,6,1,10,L
663423,Trent Thornton,2026-05-07,824681,CHC,0,5,4,1,0,0,R
668970,Gavin Hollowell,2026-05-07,824681,CHC,0,11,7,2,1,1,R
694037,Daniel Palencia,2026-05-07,824681,CHC,0,1,1,0,0,1,R
695076,Rhett Lowder,2026-05-07,824681,CIN,1,13,9,1,1,1,R
683175,Connor Phillips,2026-05-07,824681,CIN,0,8,6,4,0,0,R
682825,Luis Mey,2026-05-07,824681,CIN,0,9,7,1,0,1,R
683742,Jose Franco,2026-05-07,824681,CIN,0,8,7,1,0,1,R
687562,Jake Bennett,2026-05-07,824767,BOS,1,22,19,6,0,1,L
669711,Greg Weissert,2026-05-07,824767,BOS,0,3,2,2,0,0,R
701719,Tyler Samaniego,2026-05-07,824767,BOS,0,2,2,0,0,0,L
670245,Ryan Watson,2026-05-07,824767,BOS,0,15,13,5,1,2,R
643377,Griffin Jax,2026-05-07,824767,TB,1,17,16,4,0,3,R
685801,Hunter Bigge,2026-05-07,824767,TB,0,6,6,0,0,1,R
687330,Kevin Kelly,2026-05-07,824767,TB,0,4,4,1,0,0,R
664076,Garrett Cleavinger,2026-05-07,824767,TB,0,4,3,2,0,1,L
642121,Cole Sulser,2026-05-07,824767,TB,0,3,3,0,0,1,R
668678,Zac Gallen,2026-05-07,825090,AZ,1,28,25,6,2,5,R
805299,Brandyn Garcia,2026-05-07,825090,AZ,0,3,3,1,0,1,L
657044,Ryan Thompson,2026-05-07,825090,AZ,0,3,3,0,0,2,R
623149,Paul Sewald,2026-05-07,825090,AZ,0,4,3,0,0,0,R
656605,Mitch Keller,2026-05-07,825090,PIT,1,23,21,4,1,4,R
642701,Dennis Santana,2026-05-07,825090,PIT,0,3,2,0,0,0,R
682254,Mason Montgomery,2026-05-07,825090,PIT,0,4,3,1,0,0,L
676755,Isaac Mattson,2026-05-07,825090,PIT,0,1,1,0,0,1,R
642397,Gregory Soto,2026-05-07,825090,PIT,0,3,3,0,0,1,L
656302,Dylan Cease,2026-05-08,822822,TOR,1,25,25,5,0,10,R
656546,Jeff Hoffman,2026-05-08,822822,TOR,0,4,4,1,0,1,R
686973,Louis Varland,2026-05-08,822822,TOR,0,3,3,0,0,0,R
672282,Reid Detmers,2026-05-08,822822,LAA,1,20,12,2,0,3,L
820862,José Fermin,2026-05-08,822822,LAA,0,4,4,0,0,2,R
608718,Brent Suter,2026-05-08,822822,LAA,0,3,3,0,0,2,L
489446,Kirby Yates,2026-05-08,822822,LAA,0,4,4,1,0,1,R
666201,Alek Manoah,2026-05-08,822822,LAA,0,3,3,0,0,1,R
677958,Kumar Rocker,2026-05-08,822904,TEX,1,18,15,4,1,3,R
615698,Cal Quantrill,2026-05-08,822904,TEX,0,16,14,3,0,2,R
641302,Tyler Alexander,2026-05-08,822904,TEX,0,3,3,1,0,0,L
596001,Jakob Junis,2026-05-08,822904,TEX,0,5,4,1,0,1,R
676962,Ben Brown,2026-05-08,822904,CHC,1,13,12,0,0,3,R
669020,Ryan Rolison,2026-05-08,822904,CHC,0,4,2,1,0,0,L
665871,Javier Assad,2026-05-08,822904,CHC,0,12,11,1,0,1,R
681799,Ethan Roberts,2026-05-08,822904,CHC,0,4,3,0,0,0,R
592662,Robbie Ray,2026-05-08,823225,SF,1,23,19,4,1,7,L
676775,Keaton Winn,2026-05-08,823225,SF,0,3,3,0,0,1,R
657424,Matt Gage,2026-05-08,823225,SF,0,4,3,0,0,0,L
668873,Caleb Kilian,2026-05-08,823225,SF,0,6,4,1,0,0,R
669387,Carmen Mlodzinski,2026-05-08,823225,PIT,1,23,23,7,1,1,R
664875,Justin Lawrence,2026-05-08,823225,PIT,0,4,3,3,0,0,R
681895,Evan Sisk,2026-05-08,823225,PIT,0,4,4,1,0,1,L
676742,Cam Sanders,2026-05-08,823225,PIT,0,4,4,1,0,3,R
656288,Griffin Canning,2026-05-08,823303,SD,1,22,20,7,0,5,R
673513,Yuki Matsui,2026-05-08,823303,SD,0,11,9,3,0,2,L
593974,Wandy Peralta,2026-05-08,823303,SD,0,4,4,1,0,0,L
676760,Ron Marinaccio,2026-05-08,823303,SD,0,3,3,0,0,2,R
700241,Michael McGreevy,2026-05-08,823303,STL,1,21,19,1,0,9,R
700669,Gordon Graceffo,2026-05-08,823303,STL,0,6,6,0,0,0,R
592773,Ryne Stanek,2026-05-08,823303,STL,0,3,3,0,0,1,R
666200,Jesús Luzardo,2026-05-08,823466,PHI,1,18,15,6,1,6,L
680742,Jonathan Bowlan,2026-05-08,823466,PHI,0,5,5,1,0,1,R
641835,Tim Mayza,2026-05-08,823466,PHI,0,7,7,1,1,2,L
661395,Jhoan Duran,2026-05-08,823466,PHI,0,4,4,1,0,2,R
621237,José Alvarado,2026-05-08,823466,PHI,0,4,3,0,0,2,L
689147,Orion Kerkering,2026-05-08,823466,PHI,0,4,4,1,0,1,R
641745,Brad Keller,2026-05-08,823466,PHI,0,6,6,3,0,2,R
801403,Chase Dollander,2026-05-08,823466,COL,1,24,19,3,1,5,R
677955,Jaden Hill,2026-05-08,823466,COL,0,4,4,1,0,0,R
657514,Brennan Bernardino,2026-05-08,823466,COL,0,4,3,2,0,1,L
623474,Jimmy Herget,2026-05-08,823466,COL,0,5,5,2,1,2,R
680767,Victor Vodnik,2026-05-08,823466,COL,0,7,6,0,0,2,R
675848,Juan Mejia,2026-05-08,823466,COL,0,4,4,1,0,1,R
694819,Jacob Misiorowski,2026-05-08,823794,MIL,1,22,20,2,0,11,R
675660,Shane Drohan,2026-05-08,823794,MIL,0,10,10,1,0,3,L
608331,Max Fried,2026-05-08,823794,NYY,1,26,23,6,0,5,L
665645,Kervin Castro,2026-05-08,823794,NYY,0,8,8,2,0,2,R
702281,Robby Snelling,2026-05-08,823871,MIA,1,22,18,5,1,2,L
669622,Anthony Bender,2026-05-08,823871,MIA,0,3,3,0,0,1,R
667463,John King,2026-05-08,823871,MIA,0,3,2,0,0,1,L
663969,Tyler Phillips,2026-05-08,823871,MIA,0,9,8,1,0,2,R
656492,Foster Griffin,2026-05-08,823871,WSH,1,27,26,4,1,9,L
695418,Brad Lord,2026-05-08,823871,WSH,0,6,6,1,0,2,R
676571,PJ Poulin,2026-05-08,823871,WSH,0,2,1,0,0,0,L
686218,Emmet Sheehan,2026-05-08,823957,LAD,1,20,19,6,0,7,R
681911,Alex Vesia,2026-05-08,823957,LAD,0,1,1,0,0,0,L
669165,Kyle Hurt,2026-05-08,823957,LAD,0,5,5,2,0,1,R
694361,Will Klein,2026-05-08,823957,LAD,0,5,4,1,0,1,R
592779,Brock Stewart,2026-05-08,823957,LAD,0,4,3,0,0,1,R
656945,Tanner Scott,2026-05-08,823957,LAD,0,3,3,0,0,1,L
519242,Chris Sale,2026-05-08,823957,ATL,1,27,26,5,1,7,L
607481,Aaron Bummer,2026-05-08,823957,ATL,0,3,3,0,0,0,L
663460,Kris Bubic,2026-05-08,824116,KC,1,24,20,4,0,5,L
683232,Nick Mears,2026-05-08,824116,KC,0,2,2,1,0,0,R
679883,Luinder Avila,2026-05-08,824116,KC,0,4,4,1,0,1,R
670167,John Schreiber,2026-05-08,824116,KC,0,4,4,1,0,0,R
668674,Lucas Erceg,2026-05-08,824116,KC,0,5,4,1,0,0,R
672456,Keider Montero,2026-05-08,824116,DET,1,22,21,3,0,4,R
663947,Tyler Holton,2026-05-08,824116,DET,0,3,3,0,0,1,L
640448,Kyle Finnegan,2026-05-08,824116,DET,0,4,3,3,0,0,R
676428,Brant Hurter,2026-05-08,824116,DET,0,7,6,2,0,1,L
800048,Parker Messick,2026-05-08,824443,CLE,1,24,23,7,0,7,L
670036,Matt Festa,2026-05-08,824443,CLE,0,5,5,3,1,2,R
670059,Colin Holderman,2026-05-08,824443,CLE,0,3,2,0,0,1,R
682120,Tim Herrin,2026-05-08,824443,CLE,0,4,4,1,0,0,L
671922,Cade Smith,2026-05-08,824443,CLE,0,4,4,2,0,1,R
687570,Connor Prielipp,2026-05-08,824443,MIN,1,23,19,4,1,6,L
681892,Kody Funderburk,2026-05-08,824443,MIN,0,5,5,1,0,0,L
679358,Eric Orze,2026-05-08,824443,MIN,0,3,3,1,0,0,R
607455,Anthony Banda,2026-05-08,824443,MIN,0,6,4,2,0,0,L
672782,Yoendrys Gómez,2026-05-08,824443,MIN,0,1,1,0,0,0,R
666157,Nick Lodolo,2026-05-08,824522,CIN,1,21,19,5,2,2,L
572955,Pierce Johnson,2026-05-08,824522,CIN,0,6,5,0,0,2,R
622088,Tejay Antone,2026-05-08,824522,CIN,0,4,4,1,0,0,R
663574,Tony Santillan,2026-05-08,824522,CIN,0,4,4,4,2,0,R
624431,Jose Trevino,2026-05-08,824522,CIN,0,5,5,3,0,0,R
681347,Mike Burrows,2026-05-08,824522,HOU,1,25,24,3,0,6,R
805123,AJ Blubaugh,2026-05-08,824522,HOU,0,4,4,1,0,1,R
701121,Logan VanWey,2026-05-08,824522,HOU,0,4,4,1,0,2,R
680732,Sean Burke,2026-05-08,824607,CWS,1,23,19,6,2,4,R
656794,Sean Newcomb,2026-05-08,824607,CWS,0,6,5,1,0,0,L
699823,Tyler Davis,2026-05-08,824607,CWS,0,6,5,2,1,0,R
670950,Trevor Richards,2026-05-08,824607,CWS,0,6,6,3,1,1,R
622554,Seranthony Domínguez,2026-05-08,824607,CWS,0,3,3,0,0,2,R
676106,Emerson Hancock,2026-05-08,824607,SEA,1,26,23,5,1,4,R
660825,Eduard Bazardo,2026-05-08,824607,SEA,0,3,3,1,0,0,R
695380,Alex Hoppe,2026-05-08,824607,SEA,0,7,6,3,0,1,R
681006,Josh Simpson,2026-05-08,824607,SEA,0,4,4,1,1,2,L
813349,Connelly Early,2026-05-08,824768,BOS,1,26,24,4,0,8,L
676477,Garrett Whitlock,2026-05-08,824768,BOS,0,3,3,0,0,2,R
547973,Aroldis Chapman,2026-05-08,824768,BOS,0,3,3,0,0,2,L
669947,Jesse Scholtens,2026-05-08,824768,TB,1,21,16,2,2,4,R
669438,Mason Englert,2026-05-08,824768,TB,0,13,13,3,0,3,R
680694,Kyle Bradish,2026-05-08,824846,BAL,1,28,26,5,0,10,R
694346,Trey Gibson,2026-05-08,824846,BAL,0,10,9,3,0,2,R
682052,Jacob Lopez,2026-05-08,824846,ATH,1,21,19,3,2,5,L
686993,Justin Sterner,2026-05-08,824846,ATH,0,2,2,0,0,0,R
605130,Scott Barlow,2026-05-08,824846,ATH,0,3,3,0,0,1,R
669270,Joel Kuhnel,2026-05-08,824846,ATH,0,3,3,0,0,0,R
678022,Jack Perkins,2026-05-08,824846,ATH,0,4,3,1,0,2,R
663687,Hogan Harris,2026-05-08,824846,ATH,0,2,1,0,0,1,L
669194,Ryne Nelson,2026-05-08,825088,AZ,1,23,22,2,1,7,R
666661,Juan Morillo,2026-05-08,825088,AZ,0,4,4,0,0,2,R
805299,Brandyn Garcia,2026-05-08,825088,AZ,0,3,3,0,0,0,L
656464,Kevin Ginkel,2026-05-08,825088,AZ,0,4,4,3,0,1,R
642528,Jonathan Loáisiga,2026-05-08,825088,AZ,0,2,2,0,0,0,R
690997,Nolan McLean,2026-05-08,825088,NYM,1,22,20,3,1,6,R
596133,Luke Weaver,2026-05-08,825088,NYM,0,6,4,1,0,1,R
548384,Brooks Raley,2026-05-08,825088,NYM,0,4,4,1,0,0,L
642207,Devin Williams,2026-05-08,825088,NYM,0,3,3,0,0,1,R
668964,Tobias Myers,2026-05-08,825088,NYM,0,3,3,0,0,2,R
702056,Trey Yesavage,2026-05-09,822820,TOR,1,17,14,4,0,6,R
689254,Mason Fluharty,2026-05-09,822820,TOR,0,3,3,0,0,2,L
680755,Braydon Fisher,2026-05-09,822820,TOR,0,3,3,0,0,0,R
573009,Joe Mantiply,2026-05-09,822820,TOR,0,3,3,0,0,0,L
643511,Tyler Rogers,2026-05-09,822820,TOR,0,6,6,3,0,0,R
667297,Tommy Nance,2026-05-09,822820,TOR,0,5,5,3,0,1,R
686799,Jack Kochanowicz,2026-05-09,822820,LAA,1,25,21,9,0,0,R
815083,Mitch Farris,2026-05-09,822820,LAA,0,15,15,6,2,2,L
624428,Adam Frazier,2026-05-09,822820,LAA,0,9,8,5,1,0,R
683004,Jack Leiter,2026-05-09,822905,TEX,1,23,18,4,0,6,R
656222,Jalen Beeks,2026-05-09,822905,TEX,0,4,4,0,0,1,L
668390,Cole Winn,2026-05-09,822905,TEX,0,3,3,0,0,1,R
686560,Gavin Collyer,2026-05-09,822905,TEX,0,8,7,1,0,1,R
665795,Edward Cabrera,2026-05-09,822905,CHC,1,21,20,7,2,6,R
657097,Jacob Webb,2026-05-09,822905,CHC,0,6,5,2,0,1,R
681799,Ethan Roberts,2026-05-09,822905,CHC,0,7,5,0,0,0,R
694738,Landen Roupp,2026-05-09,823224,SF,1,18,15,3,0,8,R
621366,Ryan Borucki,2026-05-09,823224,SF,0,4,3,2,0,0,L
676254,Ryan Walker,2026-05-09,823224,SF,0,5,4,3,0,1,R
657424,Matt Gage,2026-05-09,823224,SF,0,3,3,1,0,1,L
664141,JT Brubaker,2026-05-09,823224,SF,0,6,5,4,0,1,R
666619,Gregory Santos,2026-05-09,823224,SF,0,8,7,2,0,0,R
683766,Christian Koss,2026-05-09,823224,SF,0,7,7,5,0,0,R
677952,Braxton Ashcraft,2026-05-09,823224,PIT,1,26,26,6,1,6,R
681895,Evan Sisk,2026-05-09,823224,PIT,0,3,3,0,0,1,L
676742,Cam Sanders,2026-05-09,823224,PIT,0,8,4,1,0,0,R
681190,Randy Vásquez,2026-05-09,823304,SD,1,20,20,6,0,6,R
669093,Jeremiah Estrada,2026-05-09,823304,SD,0,3,3,0,0,1,R
592094,Jason Adam,2026-05-09,823304,SD,0,3,3,0,0,0,R
670970,Adrian Morejon,2026-05-09,823304,SD,0,4,3,1,0,1,L
695243,Mason Miller,2026-05-09,823304,SD,0,7,5,0,0,4,R
669160,Dustin May,2026-05-09,823304,STL,1,24,22,3,1,7,R
677865,Justin Bruihl,2026-05-09,823304,STL,0,4,4,1,0,2,L
694335,Matt Svanson,2026-05-09,823304,STL,0,4,4,1,1,1,R
605400,Aaron Nola,2026-05-09,823468,PHI,1,22,20,6,1,4,R
641835,Tim Mayza,2026-05-09,823468,PHI,0,1,1,0,0,0,L
621383,Tanner Banks,2026-05-09,823468,PHI,0,6,6,0,0,3,L
663767,Chase Shugart,2026-05-09,823468,PHI,0,4,3,0,0,3,R
689147,Orion Kerkering,2026-05-09,823468,PHI,0,3,3,0,0,1,R
607536,Kyle Freeland,2026-05-09,823468,COL,1,25,24,10,3,4,L
685299,Tanner Gordon,2026-05-09,823468,COL,0,13,13,4,0,3,R
690986,Kyle Harrison,2026-05-09,823792,MIL,1,20,16,4,1,6,L
694477,Chad Patrick,2026-05-09,823792,MIL,0,10,9,2,0,5,R
669084,DL Hall,2026-05-09,823792,MIL,0,4,3,0,0,1,L
676879,Aaron Ashby,2026-05-09,823792,MIL,0,7,6,1,0,3,L
693645,Cam Schlittler,2026-05-09,823792,NYY,1,21,21,2,0,6,R
687396,Brent Headrick,2026-05-09,823792,NYY,0,6,5,1,1,1,L
666808,Camilo Doval,2026-05-09,823792,NYY,0,4,4,2,0,0,R
670280,David Bednar,2026-05-09,823792,NYY,0,3,3,0,0,1,R
518585,Fernando Cruz,2026-05-09,823792,NYY,0,3,2,1,0,0,R
657612,Tim Hill,2026-05-09,823792,NYY,0,2,1,0,0,0,L
676083,Janson Junk,2026-05-09,823869,MIA,1,26,23,7,1,6,R
669199,Lake Bachar,2026-05-09,823869,MIA,0,4,3,0,0,2,R
677053,Andrew Nardi,2026-05-09,823869,MIA,0,3,3,0,0,0,L
656848,Michael Petersen,2026-05-09,823869,MIA,0,6,6,4,0,0,R
667463,John King,2026-05-09,823869,MIA,0,1,1,0,0,0,L
663992,Richard Lovelady,2026-05-09,823869,WSH,1,7,6,1,0,3,L
641793,Zack Littell,2026-05-09,823869,WSH,0,18,16,5,1,0,R
680730,Mitchell Parker,2026-05-09,823869,WSH,0,9,8,5,2,1,L
687849,Zak Kent,2026-05-09,823869,WSH,0,4,3,1,0,1,R
605483,Blake Snell,2026-05-09,823955,LAD,1,18,16,6,0,5,L
676263,Jack Dreyer,2026-05-09,823955,LAD,0,4,4,1,0,0,L
683618,Edgardo Henriquez,2026-05-09,823955,LAD,0,7,6,1,0,1,R
801434,Paul Gervase,2026-05-09,823955,LAD,0,14,13,4,0,5,R
675911,Spencer Strider,2026-05-09,823955,ATL,1,21,19,1,0,8,R
669276,Dylan Lee,2026-05-09,823955,ATL,0,4,4,1,0,0,L
625643,Reynaldo López,2026-05-09,823955,ATL,0,10,9,4,1,1,R
608379,Michael Wacha,2026-05-09,824115,KC,1,27,24,2,0,6,R
621381,Matt Strahm,2026-05-09,824115,KC,0,5,5,2,0,1,L
674444,Steven Cruz,2026-05-09,824115,KC,0,3,3,0,0,2,R
572143,Burch Smith,2026-05-09,824115,DET,1,4,4,3,1,0,R
663947,Tyler Holton,2026-05-09,824115,DET,0,5,5,1,0,0,L
680744,Ty Madden,2026-05-09,824115,DET,0,21,19,2,1,5,R
676440,Tanner Bibee,2026-05-09,824444,CLE,1,22,19,1,1,9,R
683769,Hunter Gaddis,2026-05-09,824444,CLE,0,3,3,0,0,1,R
670059,Colin Holderman,2026-05-09,824444,CLE,0,3,3,0,0,2,R
681870,Erik Sabrowski,2026-05-09,824444,CLE,0,3,3,0,0,2,L
688883,Peyton Pallette,2026-05-09,824444,CLE,0,8,7,1,0,3,R
657746,Joe Ryan,2026-05-09,824444,MIN,1,24,20,2,0,5,R
702193,Andrew Morris,2026-05-09,824444,MIN,0,3,2,0,0,1,R
573124,Taylor Rogers,2026-05-09,824444,MIN,0,3,3,0,0,1,L
672782,Yoendrys Gómez,2026-05-09,824444,MIN,0,1,1,0,0,0,R
681892,Kody Funderburk,2026-05-09,824444,MIN,0,3,0,0,0,0,L
679358,Eric Orze,2026-05-09,824444,MIN,0,8,5,0,0,0,R
472610,Luis García,2026-05-09,824444,MIN,0,3,3,0,0,0,R
695505,Chase Burns,2026-05-09,824523,CIN,1,23,20,4,1,2,R
656271,Brock Burke,2026-05-09,824523,CIN,0,3,3,0,0,1,L
668933,Graham Ashcraft,2026-05-09,824523,CIN,0,3,3,0,0,2,R
572955,Pierce Johnson,2026-05-09,824523,CIN,0,3,3,0,0,0,R
681293,Spencer Arrighetti,2026-05-09,824523,HOU,1,24,20,5,0,5,R
660853,Enyel De Los Santos,2026-05-09,824523,HOU,0,3,3,0,0,2,R
595345,Steven Okert,2026-05-09,824523,HOU,0,3,3,0,0,0,L
650556,Bryan Abreu,2026-05-09,824523,HOU,0,1,1,0,0,0,R
641743,Anthony Kay,2026-05-09,824606,CWS,1,20,16,3,0,5,L
691799,Grant Taylor,2026-05-09,824606,CWS,0,7,6,0,0,3,R
663542,Bryan Hudson,2026-05-09,824606,CWS,0,5,4,1,0,1,L
805326,Tyler Schweitzer,2026-05-09,824606,CWS,0,3,3,0,0,0,L
622491,Luis Castillo,2026-05-09,824606,SEA,1,18,17,5,2,6,R
681006,Josh Simpson,2026-05-09,824606,SEA,0,4,4,1,1,1,L
689546,Nick Davila,2026-05-09,824606,SEA,0,4,4,1,0,0,R
660761,José Suarez,2026-05-09,824606,SEA,0,11,5,2,0,3,L
669358,Shane Baz,2026-05-09,824847,BAL,1,22,18,5,1,5,R
642152,Lou Trivino III,2026-05-09,824847,BAL,0,9,9,2,0,3,R
608650,Dietrich Enns,2026-05-09,824847,BAL,0,5,5,2,0,1,L
552640,Andrew Kittredge,2026-05-09,824847,BAL,0,6,5,2,0,1,R
650644,Aaron Civale,2026-05-09,824847,ATH,1,23,19,6,0,6,R
663687,Hogan Harris,2026-05-09,824847,ATH,0,3,3,0,0,2,L
605130,Scott Barlow,2026-05-09,824847,ATH,0,4,3,0,0,2,R
643410,Mark Leiter Jr.,2026-05-09,824847,ATH,0,6,6,3,0,1,R
669270,Joel Kuhnel,2026-05-09,824847,ATH,0,3,3,0,0,0,R
518876,Merrill Kelly,2026-05-09,825089,AZ,1,26,23,3,0,6,R
664199,Taylor Clarke,2026-05-09,825089,AZ,0,3,3,0,0,0,R
623149,Paul Sewald,2026-05-09,825089,AZ,0,3,3,0,0,2,R
605280,Clay Holmes,2026-05-09,825089,NYM,1,24,22,5,0,6,R
681810,Austin Warren,2026-05-09,825089,NYM,0,5,5,1,0,1,R
518886,Craig Kimbrel,2026-05-09,825089,NYM,0,5,3,0,0,1,R
693686,Spencer Miles,2026-05-10,822819,TOR,1,11,11,2,0,2,R
667297,Tommy Nance,2026-05-10,822819,TOR,0,3,3,0,0,0,R
641778,Eric Lauer,2026-05-10,822819,TOR,0,21,19,5,3,4,L
667755,José Soriano,2026-05-10,822819,LAA,1,29,28,5,0,7,R
696147,Sam Bachman,2026-05-10,822819,LAA,0,1,1,0,0,0,R
666171,Ryan Zeferjahn,2026-05-10,822819,LAA,0,3,3,0,0,2,R
594798,Jacob deGrom,2026-05-10,822902,TEX,1,24,24,3,0,10,R
656641,Jacob Latz,2026-05-10,822902,TEX,0,6,6,0,0,1,L
592791,Jameson Taillon,2026-05-10,822902,CHC,1,22,19,4,0,4,R
571948,Hoby Milner,2026-05-10,822902,CHC,0,3,3,1,0,0,L
664208,Phil Maton,2026-05-10,822902,CHC,0,4,3,0,0,2,R
694037,Daniel Palencia,2026-05-10,822902,CHC,0,4,4,2,1,1,R
641816,Tyler Mahle,2026-05-10,823221,SF,1,24,22,5,2,8,R
676775,Keaton Winn,2026-05-10,823221,SF,0,4,4,1,0,0,R
656529,Sam Hentges,2026-05-10,823221,SF,0,2,1,0,0,0,L
668873,Caleb Kilian,2026-05-10,823221,SF,0,5,3,0,0,0,R
666711,Joel Peguero,2026-05-10,823221,SF,0,7,5,1,0,0,R
681916,Dylan Smith,2026-05-10,823221,SF,0,3,2,0,0,0,R
621366,Ryan Borucki,2026-05-10,823221,SF,0,7,5,0,0,1,L
696149,Bubba Chandler,2026-05-10,823221,PIT,1,21,20,5,1,3,R
676755,Isaac Mattson,2026-05-10,823221,PIT,0,4,4,3,0,0,R
682254,Mason Montgomery,2026-05-10,823221,PIT,0,5,5,0,0,1,L
642701,Dennis Santana,2026-05-10,823221,PIT,0,4,4,2,0,0,R
642397,Gregory Soto,2026-05-10,823221,PIT,0,4,4,0,0,1,L
670990,Yohan Ramírez,2026-05-10,823221,PIT,0,12,7,1,0,2,R
664875,Justin Lawrence,2026-05-10,823221,PIT,0,4,3,2,0,1,R
621111,Walker Buehler,2026-05-10,823305,SD,1,21,21,3,1,2,R
676760,Ron Marinaccio,2026-05-10,823305,SD,0,6,6,0,0,3,R
699134,Bradgley Rodriguez,2026-05-10,823305,SD,0,3,3,0,0,0,R
669093,Jeremiah Estrada,2026-05-10,823305,SD,0,3,2,0,0,2,R
670970,Adrian Morejon,2026-05-10,823305,SD,0,1,1,0,0,0,L
681517,Kyle Leahy,2026-05-10,823305,STL,1,21,17,2,0,5,R
592773,Ryne Stanek,2026-05-10,823305,STL,0,3,3,0,0,2,R
668941,JoJo Romero,2026-05-10,823305,STL,0,4,4,0,0,2,L
666277,George Soriano,2026-05-10,823305,STL,0,3,2,0,0,1,R
676617,Riley O'Brien,2026-05-10,823305,STL,0,5,5,2,1,3,R
700669,Gordon Graceffo,2026-05-10,823305,STL,0,3,0,0,0,0,R
650911,Cristopher Sánchez,2026-05-10,823463,PHI,1,27,27,6,0,7,L
680742,Jonathan Bowlan,2026-05-10,823463,PHI,0,3,3,0,0,1,R
661395,Jhoan Duran,2026-05-10,823463,PHI,0,3,3,0,0,2,R
608372,Tomoyuki Sugano,2026-05-10,823463,COL,1,22,20,7,3,2,R
678020,Seth Halvorsen,2026-05-10,823463,COL,0,6,5,2,0,0,R
688642,Zach Agnos,2026-05-10,823463,COL,0,7,7,1,0,1,R
701656,Logan Henderson,2026-05-10,823793,MIL,1,19,18,4,1,5,R
669084,DL Hall,2026-05-10,823793,MIL,0,5,3,1,0,0,L
656730,Trevor Megill,2026-05-10,823793,MIL,0,4,3,0,0,1,R
676879,Aaron Ashby,2026-05-10,823793,MIL,0,4,4,1,0,3,L
682842,Abner Uribe,2026-05-10,823793,MIL,0,4,3,0,0,1,R
607074,Carlos Rodón,2026-05-10,823793,NYY,1,21,13,2,0,4,L
656234,Jake Bird,2026-05-10,823793,NYY,0,2,2,0,0,2,R
621112,Paul Blackburn,2026-05-10,823793,NYY,0,4,3,1,0,1,R
518585,Fernando Cruz,2026-05-10,823793,NYY,0,5,5,1,0,3,R
657612,Tim Hill,2026-05-10,823793,NYY,0,3,3,1,0,0,L
670280,David Bednar,2026-05-10,823793,NYY,0,3,3,1,1,2,R
645261,Sandy Alcantara,2026-05-10,823868,MIA,1,24,22,5,0,3,R
676534,Calvin Faucher,2026-05-10,823868,MIA,0,6,5,0,0,0,R
677053,Andrew Nardi,2026-05-10,823868,MIA,0,3,3,1,0,2,L
694795,Josh Ekness,2026-05-10,823868,MIA,0,1,1,0,0,0,R
676917,Cade Cavalli,2026-05-10,823868,WSH,1,25,21,4,0,4,R
676571,PJ Poulin,2026-05-10,823868,WSH,0,1,1,0,0,0,L
687377,Orlando Ribalta,2026-05-10,823868,WSH,0,3,3,0,0,1,R
681402,Gus Varland,2026-05-10,823868,WSH,0,5,3,2,0,1,R
687606,Paxton Schultz,2026-05-10,823868,WSH,0,2,2,0,0,1,R
680736,Justin Wrobleski,2026-05-10,823954,LAD,1,34,32,7,2,7,L
670090,Wyatt Mills,2026-05-10,823954,LAD,0,3,3,2,0,0,R
693821,Bryce Elder,2026-05-10,823954,ATL,1,22,18,1,0,8,R
663158,Robert Suarez,2026-05-10,823954,ATL,0,6,4,0,0,0,R
641755,Tyler Kinley,2026-05-10,823954,ATL,0,5,4,1,1,1,R
628452,Raisel Iglesias,2026-05-10,823954,ATL,0,3,3,0,0,1,R
702070,Noah Cameron,2026-05-10,824113,KC,1,20,17,4,0,4,L
670167,John Schreiber,2026-05-10,824113,KC,0,4,3,0,0,1,R
683232,Nick Mears,2026-05-10,824113,KC,0,4,4,2,1,1,R
663738,Daniel Lynch IV,2026-05-10,824113,KC,0,5,4,2,0,1,L
656638,Alex Lange,2026-05-10,824113,KC,0,5,4,0,0,0,R
674444,Steven Cruz,2026-05-10,824113,KC,0,5,4,1,0,2,R
669724,Brenan Hanifee,2026-05-10,824113,DET,1,4,4,2,0,0,R
676428,Brant Hurter,2026-05-10,824113,DET,0,5,4,0,0,1,L
623454,Drew Anderson,2026-05-10,824113,DET,0,11,10,5,0,4,R
646241,Enmanuel De Jesus,2026-05-10,824113,DET,0,7,7,0,0,1,L
640448,Kyle Finnegan,2026-05-10,824113,DET,0,6,4,1,0,0,R
445276,Kenley Jansen,2026-05-10,824113,DET,0,3,3,0,0,2,R
668909,Gavin Williams,2026-05-10,824440,CLE,1,27,26,10,0,6,R
680916,Franco Aleman,2026-05-10,824440,CLE,0,6,6,2,0,1,R
682120,Tim Herrin,2026-05-10,824440,CLE,0,5,3,1,0,1,L
702193,Andrew Morris,2026-05-10,824440,MIN,1,3,3,0,0,0,R
696070,Kendry Rojas,2026-05-10,824440,MIN,0,17,14,5,0,5,L
701519,Travis Adams,2026-05-10,824440,MIN,0,10,8,4,0,2,R
607455,Anthony Banda,2026-05-10,824440,MIN,0,4,4,0,0,2,L
472610,Luis García,2026-05-10,824440,MIN,0,6,4,2,0,0,R
672782,Yoendrys Gómez,2026-05-10,824440,MIN,0,3,3,0,0,0,R
671096,Andrew Abbott,2026-05-10,824520,CIN,1,21,20,3,0,5,L
622088,Tejay Antone,2026-05-10,824520,CIN,0,3,3,0,0,2,R
594580,Sam Moll,2026-05-10,824520,CIN,0,3,3,0,0,1,L
668933,Graham Ashcraft,2026-05-10,824520,CIN,0,3,3,0,0,2,R
678906,Kai-Wei Teng,2026-05-10,824520,HOU,1,15,13,5,0,1,R
805123,AJ Blubaugh,2026-05-10,824520,HOU,0,5,4,1,0,0,R
675989,Cody Bolton,2026-05-10,824520,HOU,0,11,8,2,1,4,R
681151,Jayden Murray,2026-05-10,824520,HOU,0,4,4,1,0,0,R
701121,Logan VanWey,2026-05-10,824520,HOU,0,3,3,0,0,1,R
663436,Davis Martin,2026-05-10,824605,CWS,1,23,20,3,0,9,R
656794,Sean Newcomb,2026-05-10,824605,CWS,0,4,4,1,0,1,L
663542,Bryan Hudson,2026-05-10,824605,CWS,0,4,4,1,0,1,L
622554,Seranthony Domínguez,2026-05-10,824605,CWS,0,6,5,2,0,1,R
669302,Logan Gilbert,2026-05-10,824605,SEA,1,19,19,1,0,9,R
678606,José A. Ferrer,2026-05-10,824605,SEA,0,6,5,2,0,0,L
660825,Eduard Bazardo,2026-05-10,824605,SEA,0,6,3,2,1,1,R
801139,Payton Tolle,2026-05-10,824765,BOS,1,20,19,6,1,4,L
677161,Zack Kelly,2026-05-10,824765,BOS,0,3,2,1,0,0,R
701719,Tyler Samaniego,2026-05-10,824765,BOS,0,2,1,0,0,0,L
686580,Justin Slaten,2026-05-10,824765,BOS,0,3,3,0,0,1,R
669711,Greg Weissert,2026-05-10,824765,BOS,0,3,2,0,0,0,R
663558,Jovani Morán,2026-05-10,824765,BOS,0,4,3,0,0,0,L
607259,Nick Martinez,2026-05-10,824765,TB,1,25,23,7,0,3,R
687330,Kevin Kelly,2026-05-10,824765,TB,0,4,4,0,0,1,R
664076,Garrett Cleavinger,2026-05-10,824765,TB,0,3,3,0,0,3,L
641329,Bryan Baker,2026-05-10,824765,TB,0,5,4,1,0,1,R
669211,Keegan Akin,2026-05-10,824845,BAL,1,3,3,0,0,2,L
605135,Chris Bassitt,2026-05-10,824845,BAL,0,23,20,4,0,6,R
689296,Anthony Nunez,2026-05-10,824845,BAL,0,5,3,0,0,1,R
670329,Rico Garcia,2026-05-10,824845,BAL,0,4,3,0,0,1,R
622663,Luis Severino,2026-05-10,824845,ATH,1,25,20,6,0,4,R
686993,Justin Sterner,2026-05-10,824845,ATH,0,3,2,0,0,2,R
665622,Luis Medina,2026-05-10,824845,ATH,0,6,6,0,0,4,R
593958,Eduardo Rodriguez,2026-05-10,825085,AZ,1,31,28,4,0,4,L
666661,Juan Morillo,2026-05-10,825085,AZ,0,3,2,0,0,0,R
623211,Huascar Brazobán,2026-05-10,825085,NYM,1,6,3,0,0,0,R
668964,Tobias Myers,2026-05-10,825085,NYM,0,4,3,1,0,2,R
656849,David Peterson,2026-05-10,825085,NYM,0,22,22,4,0,3,L
640455,Sean Manaea,2026-05-10,825085,NYM,0,4,3,0,0,2,L
592332,Kevin Gausman,2026-05-11,822818,TOR,1,24,23,10,1,5,R
689254,Mason Fluharty,2026-05-11,822818,TOR,0,4,4,1,0,0,L
680755,Braydon Fisher,2026-05-11,822818,TOR,0,5,4,1,0,0,R
573009,Joe Mantiply,2026-05-11,822818,TOR,0,4,4,0,0,0,L
684320,Yariel Rodríguez,2026-05-11,822818,TOR,0,3,2,0,0,2,R
656876,Drew Rasmussen,2026-05-11,822818,TB,1,23,22,4,1,6,R
693855,Ian Seymour,2026-05-11,822818,TB,0,4,3,2,1,1,L
685801,Hunter Bigge,2026-05-11,822818,TB,0,5,5,0,0,1,R
641329,Bryan Baker,2026-05-11,822818,TB,0,3,3,0,0,2,R
596001,Jakob Junis,2026-05-11,822901,TEX,1,10,10,2,0,2,R
656222,Jalen Beeks,2026-05-11,822901,TEX,0,5,4,1,0,1,L
682608,Peyton Gray,2026-05-11,822901,TEX,0,9,9,1,0,2,R
668390,Cole Winn,2026-05-11,822901,TEX,0,6,5,2,0,1,R
641302,Tyler Alexander,2026-05-11,822901,TEX,0,5,5,0,0,2,L
647336,Michael Soroka,2026-05-11,822901,AZ,1,22,21,3,0,5,R
805299,Brandyn Garcia,2026-05-11,822901,AZ,0,2,2,0,0,1,L
664199,Taylor Clarke,2026-05-11,822901,AZ,0,3,3,1,0,0,R
623149,Paul Sewald,2026-05-11,822901,AZ,0,4,3,0,0,1,R
808963,Roki Sasaki,2026-05-11,823953,LAD,1,23,21,6,1,5,R
595014,Blake Treinen,2026-05-11,823953,LAD,0,3,3,0,0,0,R
681911,Alex Vesia,2026-05-11,823953,LAD,0,5,4,3,0,1,L
694361,Will Klein,2026-05-11,823953,LAD,0,3,3,1,0,1,R
676263,Jack Dreyer,2026-05-11,823953,LAD,0,4,4,1,0,0,L
670090,Wyatt Mills,2026-05-11,823953,LAD,0,9,4,1,0,0,R
686790,Trevor McDonald,2026-05-11,823953,SF,1,26,24,9,1,4,R
657424,Matt Gage,2026-05-11,823953,SF,0,5,5,0,0,1,L
676775,Keaton Winn,2026-05-11,823953,SF,0,4,4,1,0,1,R
664141,JT Brubaker,2026-05-11,823953,SF,0,3,3,0,0,1,R
663567,Peter Lambert,2026-05-11,824199,HOU,1,27,26,6,1,6,R
595345,Steven Okert,2026-05-11,824199,HOU,0,3,3,0,0,1,L
687911,Bryan King,2026-05-11,824199,HOU,0,4,4,1,0,0,L
669923,George Kirby,2026-05-11,824199,SEA,1,23,21,7,0,7,R
689546,Nick Davila,2026-05-11,824199,SEA,0,4,4,1,0,1,R
681867,Cooper Criswell,2026-05-11,824199,SEA,0,3,3,0,0,1,R
660825,Eduard Bazardo,2026-05-11,824199,SEA,0,4,3,0,0,3,R
662253,Andrés Muñoz,2026-05-11,824199,SEA,0,4,4,1,0,1,R
676282,Joey Cantillo,2026-05-11,824441,CLE,1,24,23,5,0,4,L
670036,Matt Festa,2026-05-11,824441,CLE,0,6,4,1,0,1,R
670059,Colin Holderman,2026-05-11,824441,CLE,0,5,4,1,0,3,R
688883,Peyton Pallette,2026-05-11,824441,CLE,0,5,5,2,0,1,R
608718,Brent Suter,2026-05-11,824441,LAA,1,8,7,2,0,1,L
820862,José Fermin,2026-05-11,824441,LAA,0,6,3,1,0,0,R
489446,Kirby Yates,2026-05-11,824441,LAA,0,5,4,2,0,1,R
666201,Alek Manoah,2026-05-11,824441,LAA,0,22,17,2,0,2,R
687064,Brandon Young,2026-05-11,824844,BAL,1,22,19,3,1,5,R
608650,Dietrich Enns,2026-05-11,824844,BAL,0,6,6,1,0,1,L
670329,Rico Garcia,2026-05-11,824844,BAL,0,3,3,0,0,2,R
689296,Anthony Nunez,2026-05-11,824844,BAL,0,3,3,1,0,1,R
677960,Ryan Weathers,2026-05-11,824844,NYY,1,23,20,1,0,9,L
687396,Brent Headrick,2026-05-11,824844,NYY,0,4,4,2,1,1,L
666808,Camilo Doval,2026-05-11,824844,NYY,0,3,3,0,0,1,R
571578,Patrick Corbin,2026-05-12,822817,TOR,1,23,22,9,0,1,L
667297,Tommy Nance,2026-05-12,822817,TOR,0,7,5,0,0,3,R
656546,Jeff Hoffman,2026-05-12,822817,TOR,0,5,5,2,1,2,R
643511,Tyler Rogers,2026-05-12,822817,TOR,0,3,2,0,0,1,R
686973,Louis Varland,2026-05-12,822817,TOR,0,5,4,1,0,1,R
680755,Braydon Fisher,2026-05-12,822817,TOR,0,5,3,1,0,0,R
663556,Shane McClanahan,2026-05-12,822817,TB,1,18,17,1,0,7,L
668984,Casey Legumina,2026-05-12,822817,TB,0,8,8,3,0,2,R
642121,Cole Sulser,2026-05-12,822817,TB,0,3,2,2,0,0,R
687330,Kevin Kelly,2026-05-12,822817,TB,0,4,4,1,0,1,R
693855,Ian Seymour,2026-05-12,822817,TB,0,4,4,0,0,2,L
664076,Garrett Cleavinger,2026-05-12,822817,TB,0,4,2,0,0,0,L
669022,MacKenzie Gore,2026-05-12,822903,TEX,1,28,27,3,1,5,L
686560,Gavin Collyer,2026-05-12,822903,TEX,0,4,1,1,0,0,R
656641,Jacob Latz,2026-05-12,822903,TEX,0,3,2,0,0,0,L
668678,Zac Gallen,2026-05-12,822903,AZ,1,24,21,6,2,4,R
657044,Ryan Thompson,2026-05-12,822903,AZ,0,3,3,2,0,1,R
694297,Brandon Pfaadt,2026-05-12,822903,AZ,0,11,11,2,0,5,R
694973,Paul Skenes,2026-05-12,823385,PIT,1,26,25,2,0,10,R
642397,Gregory Soto,2026-05-12,823385,PIT,0,5,5,2,0,0,L
547179,Michael Lorenzen,2026-05-12,823385,COL,1,21,19,5,0,5,R
678020,Seth Halvorsen,2026-05-12,823385,COL,0,3,3,0,0,1,R
680767,Victor Vodnik,2026-05-12,823385,COL,0,6,5,3,0,0,R
677955,Jaden Hill,2026-05-12,823385,COL,0,1,1,0,0,0,R
623474,Jimmy Herget,2026-05-12,823385,COL,0,5,4,1,0,1,R
642547,Freddy Peralta,2026-05-12,823632,NYM,1,25,23,7,1,7,R
548384,Brooks Raley,2026-05-12,823632,NYM,0,5,5,2,0,1,L
681810,Austin Warren,2026-05-12,823632,NYM,0,9,7,1,0,3,R
656427,Jack Flaherty,2026-05-12,823632,DET,1,20,17,6,0,2,R
663947,Tyler Holton,2026-05-12,823632,DET,0,4,4,0,0,3,L
572143,Burch Smith,2026-05-12,823632,DET,0,5,3,1,0,1,R
646241,Enmanuel De Jesus,2026-05-12,823632,DET,0,6,6,2,0,1,L
676568,Ricky Vanasco,2026-05-12,823632,DET,0,9,8,4,0,1,R
668670,Jake Rogers,2026-05-12,823632,DET,0,1,1,0,0,0,R
641927,Bailey Ober,2026-05-12,823712,MIN,1,29,29,2,0,7,R
691587,Eury Pérez,2026-05-12,823712,MIA,1,25,21,3,1,8,R
694795,Josh Ekness,2026-05-12,823712,MIA,0,6,3,0,0,1,R
669199,Lake Bachar,2026-05-12,823712,MIA,0,4,4,1,0,1,R
687075,Brandon Sproat,2026-05-12,823790,MIL,1,23,21,6,1,6,R
675660,Shane Drohan,2026-05-12,823790,MIL,0,2,2,0,0,2,L
694477,Chad Patrick,2026-05-12,823790,MIL,0,3,3,0,0,1,R
656730,Trevor Megill,2026-05-12,823790,MIL,0,5,5,2,0,3,R
682842,Abner Uribe,2026-05-12,823790,MIL,0,4,3,0,0,1,R
699134,Bradgley Rodriguez,2026-05-12,823790,SD,1,3,3,0,0,1,R
663362,Matt Waldron,2026-05-12,823790,SD,0,17,14,8,1,3,R
593974,Wandy Peralta,2026-05-12,823790,SD,0,9,9,2,0,2,L
673513,Yuki Matsui,2026-05-12,823790,SD,0,7,7,1,0,3,L
808967,Yoshinobu Yamamoto,2026-05-12,823951,LAD,1,25,25,6,3,8,R
595014,Blake Treinen,2026-05-12,823951,LAD,0,5,4,2,0,0,R
683618,Edgardo Henriquez,2026-05-12,823951,LAD,0,4,4,1,0,1,R
676263,Jack Dreyer,2026-05-12,823951,LAD,0,4,4,1,0,2,L
605288,Adrian Houser,2026-05-12,823951,SF,1,23,18,3,1,4,R
657424,Matt Gage,2026-05-12,823951,SF,0,1,1,0,0,1,L
666711,Joel Peguero,2026-05-12,823951,SF,0,3,2,0,0,0,R
656529,Sam Hentges,2026-05-12,823951,SF,0,6,4,1,0,2,L
668873,Caleb Kilian,2026-05-12,823951,SF,0,4,4,0,0,1,R
837227,Tatsuya Imai,2026-05-12,824197,HOU,1,21,16,5,2,3,R
681151,Jayden Murray,2026-05-12,824197,HOU,0,13,13,4,0,0,R
805123,AJ Blubaugh,2026-05-12,824197,HOU,0,11,7,2,0,1,R
693433,Bryan Woo,2026-05-12,824197,SEA,1,24,22,4,0,9,R
695380,Alex Hoppe,2026-05-12,824197,SEA,0,6,6,0,0,2,R
682445,Domingo Gonzalez,2026-05-12,824197,SEA,0,5,4,1,0,1,R
677944,Slade Cecconi,2026-05-12,824442,CLE,1,18,17,5,0,7,R
683769,Hunter Gaddis,2026-05-12,824442,CLE,0,5,5,1,0,0,R
682120,Tim Herrin,2026-05-12,824442,CLE,0,3,2,1,0,1,L
681870,Erik Sabrowski,2026-05-12,824442,CLE,0,5,3,0,0,3,L
680916,Franco Aleman,2026-05-12,824442,CLE,0,4,3,1,1,0,R
671922,Cade Smith,2026-05-12,824442,CLE,0,4,4,0,0,2,R
700712,Walbert Ureña,2026-05-12,824442,LAA,1,18,17,3,1,4,R
681217,Chase Silseth,2026-05-12,824442,LAA,0,5,3,0,0,0,R
519141,Drew Pomeranz,2026-05-12,824442,LAA,0,5,3,1,0,0,L
820862,José Fermin,2026-05-12,824442,LAA,0,3,3,0,0,0,R
663903,Brady Singer,2026-05-12,824521,CIN,1,18,16,6,3,2,R
594580,Sam Moll,2026-05-12,824521,CIN,0,4,3,2,1,0,L
682825,Luis Mey,2026-05-12,824521,CIN,0,9,8,2,1,5,R
683175,Connor Phillips,2026-05-12,824521,CIN,0,7,6,1,0,2,R
663574,Tony Santillan,2026-05-12,824521,CIN,0,2,2,1,1,1,R
572955,Pierce Johnson,2026-05-12,824521,CIN,0,5,4,1,0,0,R
571945,Miles Mikolas,2026-05-12,824521,WSH,1,16,14,3,0,2,R
695418,Brad Lord,2026-05-12,824521,WSH,0,11,10,2,0,3,R
687606,Paxton Schultz,2026-05-12,824521,WSH,0,9,8,2,0,3,R
687849,Zak Kent,2026-05-12,824521,WSH,0,6,6,3,0,2,R
607200,Erick Fedde,2026-05-12,824604,CWS,1,22,21,6,2,2,R
805326,Tyler Schweitzer,2026-05-12,824604,CWS,0,4,3,2,0,0,L
691799,Grant Taylor,2026-05-12,824604,CWS,0,8,8,3,0,3,R
622554,Seranthony Domínguez,2026-05-12,824604,CWS,0,3,3,0,0,0,R
663542,Bryan Hudson,2026-05-12,824604,CWS,0,3,3,0,0,0,L
663568,Stephen Kolek,2026-05-12,824604,KC,1,23,20,5,2,6,R
679883,Luinder Avila,2026-05-12,824604,KC,0,5,4,0,0,2,R
663738,Daniel Lynch IV,2026-05-12,824604,KC,0,4,4,1,0,2,L
621381,Matt Strahm,2026-05-12,824604,KC,0,4,4,1,1,1,L
663558,Jovani Morán,2026-05-12,824764,BOS,1,4,4,1,1,2,L
678394,Brayan Bello,2026-05-12,824764,BOS,0,24,23,4,0,5,R
701719,Tyler Samaniego,2026-05-12,824764,BOS,0,3,2,0,0,1,L
677161,Zack Kelly,2026-05-12,824764,BOS,0,3,3,0,0,1,R
554430,Zack Wheeler,2026-05-12,824764,PHI,1,27,26,6,0,4,R
621237,José Alvarado,2026-05-12,824764,PHI,0,2,2,0,0,1,L
661395,Jhoan Duran,2026-05-12,824764,PHI,0,5,4,1,0,2,R
669432,Trevor Rogers,2026-05-12,824843,BAL,1,21,18,6,2,3,L
677020,Josh Walker,2026-05-12,824843,BAL,0,7,6,1,0,3,L
666974,Yennier Cano,2026-05-12,824843,BAL,0,3,3,1,0,0,R
552640,Andrew Kittredge,2026-05-12,824843,BAL,0,3,3,0,0,0,R
669330,Tyler Wells,2026-05-12,824843,BAL,0,5,3,1,0,1,R
701542,Will Warren,2026-05-12,824843,NYY,1,24,23,4,0,6,R
518585,Fernando Cruz,2026-05-12,824843,NYY,0,4,4,0,0,1,R
656234,Jake Bird,2026-05-12,824843,NYY,0,3,3,2,0,0,R
657612,Tim Hill,2026-05-12,824843,NYY,0,2,2,0,0,0,L
670280,David Bednar,2026-05-12,824843,NYY,0,3,3,0,0,1,R
656550,Grant Holmes,2026-05-12,824927,ATL,1,17,13,1,1,5,R
800311,Didier Fuentes,2026-05-12,824927,ATL,0,10,9,0,0,3,R
669276,Dylan Lee,2026-05-12,824927,ATL,0,3,3,0,0,0,L
628452,Raisel Iglesias,2026-05-12,824927,ATL,0,3,3,0,0,1,R
607067,Colin Rea,2026-05-12,824927,CHC,1,20,19,7,2,1,R
669020,Ryan Rolison,2026-05-12,824927,CHC,0,7,6,2,0,2,L
657097,Jacob Webb,2026-05-12,824927,CHC,0,3,3,0,0,1,R
663423,Trent Thornton,2026-05-12,824927,CHC,0,5,5,2,0,1,R
605488,Jeffrey Springs,2026-05-12,825011,ATH,1,25,22,7,0,5,L
669270,Joel Kuhnel,2026-05-12,825011,ATH,0,5,5,3,1,1,R
621139,Brooks Kriske,2026-05-12,825011,ATH,0,6,5,0,0,1,R
605130,Scott Barlow,2026-05-12,825011,ATH,0,3,3,1,0,1,R
643410,Mark Leiter Jr.,2026-05-12,825011,ATH,0,3,3,0,0,1,R
669467,Andre Pallante,2026-05-12,825011,STL,1,21,18,4,0,4,R
592773,Ryne Stanek,2026-05-12,825011,STL,0,4,3,0,0,1,R
668941,JoJo Romero,2026-05-12,825011,STL,0,3,3,0,0,2,L
666277,George Soriano,2026-05-12,825011,STL,0,5,5,2,1,0,R
676617,Riley O'Brien,2026-05-12,825011,STL,0,3,2,0,0,0,R
656302,Dylan Cease,2026-05-13,822815,TOR,1,26,22,3,0,9,R
686973,Louis Varland,2026-05-13,822815,TOR,0,6,5,2,0,2,R
643511,Tyler Rogers,2026-05-13,822815,TOR,0,4,3,1,0,1,R
689254,Mason Fluharty,2026-05-13,822815,TOR,0,1,1,0,0,0,L
656546,Jeff Hoffman,2026-05-13,822815,TOR,0,5,5,2,0,0,R
643377,Griffin Jax,2026-05-13,822815,TB,1,20,15,4,0,1,R
685801,Hunter Bigge,2026-05-13,822815,TB,0,3,3,0,0,0,R
664076,Garrett Cleavinger,2026-05-13,822815,TB,0,3,2,1,0,1,L
687330,Kevin Kelly,2026-05-13,822815,TB,0,1,1,0,0,0,R
641329,Bryan Baker,2026-05-13,822815,TB,0,6,1,0,0,1,R
642121,Cole Sulser,2026-05-13,822815,TB,0,4,4,0,0,0,R
605156,Aaron Brooks,2026-05-13,822815,TB,0,4,2,1,1,0,R
677958,Kumar Rocker,2026-05-13,822900,TEX,1,21,17,3,0,3,R
668390,Cole Winn,2026-05-13,822900,TEX,0,5,5,2,0,1,R
656222,Jalen Beeks,2026-05-13,822900,TEX,0,4,2,1,0,0,L
682608,Peyton Gray,2026-05-13,822900,TEX,0,2,1,0,0,0,R
641302,Tyler Alexander,2026-05-13,822900,TEX,0,5,4,0,0,1,L
656641,Jacob Latz,2026-05-13,822900,TEX,0,4,3,3,0,0,L
615698,Cal Quantrill,2026-05-13,822900,TEX,0,4,4,1,0,1,R
669194,Ryne Nelson,2026-05-13,822900,AZ,1,26,25,4,1,8,R
656464,Kevin Ginkel,2026-05-13,822900,AZ,0,3,3,0,0,1,R
623149,Paul Sewald,2026-05-13,822900,AZ,0,6,5,3,0,1,R
666661,Juan Morillo,2026-05-13,822900,AZ,0,1,1,1,0,0,R
656605,Mitch Keller,2026-05-13,823386,PIT,1,24,23,7,1,3,R
681895,Evan Sisk,2026-05-13,823386,PIT,0,4,4,0,0,2,L
684049,Brandan Bidois,2026-05-13,823386,PIT,0,4,3,2,1,0,R
664875,Justin Lawrence,2026-05-13,823386,PIT,0,7,6,2,0,0,R
500779,Jose Quintana,2026-05-13,823386,COL,1,19,16,5,0,2,L
622608,Antonio Senzatela,2026-05-13,823386,COL,0,10,10,1,1,2,R
677955,Jaden Hill,2026-05-13,823386,COL,0,3,3,0,0,1,R
657514,Brennan Bernardino,2026-05-13,823386,COL,0,3,3,0,0,0,L
681035,Christian Scott,2026-05-13,823631,NYM,1,22,19,7,0,5,R
623211,Huascar Brazobán,2026-05-13,823631,NYM,0,7,7,0,0,2,R
596133,Luke Weaver,2026-05-13,823631,NYM,0,5,4,1,0,1,R
642207,Devin Williams,2026-05-13,823631,NYM,0,4,3,0,0,1,R
548384,Brooks Raley,2026-05-13,823631,NYM,0,4,3,0,0,1,L
664285,Framber Valdez,2026-05-13,823631,DET,1,28,25,5,0,7,L
640448,Kyle Finnegan,2026-05-13,823631,DET,0,4,4,1,0,1,R
445276,Kenley Jansen,2026-05-13,823631,DET,0,3,3,0,0,3,R
623454,Drew Anderson,2026-05-13,823631,DET,0,2,2,1,0,1,R
680573,Simeon Woods Richardson,2026-05-13,823710,MIN,1,19,15,7,1,1,R
701519,Travis Adams,2026-05-13,823710,MIN,0,10,10,2,0,3,R
623437,Justin Topa,2026-05-13,823710,MIN,0,7,6,1,0,2,R
472610,Luis García,2026-05-13,823710,MIN,0,7,7,1,0,1,R
676974,Max Meyer,2026-05-13,823710,MIA,1,27,25,7,2,9,R
663969,Tyler Phillips,2026-05-13,823710,MIA,0,4,4,0,0,1,R
667463,John King,2026-05-13,823710,MIA,0,4,4,1,1,1,L
694795,Josh Ekness,2026-05-13,823710,MIA,0,4,3,0,0,2,R
694819,Jacob Misiorowski,2026-05-13,823791,MIL,1,25,25,4,0,10,R
676879,Aaron Ashby,2026-05-13,823791,MIL,0,3,3,0,0,2,L
682842,Abner Uribe,2026-05-13,823791,MIL,0,6,5,2,1,1,R
650633,Michael King,2026-05-13,823791,SD,1,25,23,6,0,5,R
669093,Jeremiah Estrada,2026-05-13,823791,SD,0,4,4,1,0,0,R
592094,Jason Adam,2026-05-13,823791,SD,0,4,4,1,0,0,R
695243,Mason Miller,2026-05-13,823791,SD,0,4,4,1,0,2,R
660271,Shohei Ohtani,2026-05-13,823952,LAD,1,26,24,4,0,8,R
656945,Tanner Scott,2026-05-13,823952,LAD,0,4,4,1,0,0,L
669165,Kyle Hurt,2026-05-13,823952,LAD,0,4,4,1,0,2,R
592662,Robbie Ray,2026-05-13,823952,SF,1,23,20,7,2,2,L
666711,Joel Peguero,2026-05-13,823952,SF,0,4,3,0,0,0,R
663941,Tristan Beck,2026-05-13,823952,SF,0,8,8,2,0,0,R
621121,Lance McCullers Jr.,2026-05-13,824195,HOU,1,24,22,7,2,6,R
595345,Steven Okert,2026-05-13,824195,HOU,0,4,4,0,0,2,L
660853,Enyel De Los Santos,2026-05-13,824195,HOU,0,4,4,0,0,2,R
687911,Bryan King,2026-05-13,824195,HOU,0,7,4,1,0,0,L
650556,Bryan Abreu,2026-05-13,824195,HOU,0,4,3,0,0,1,R
682243,Bryce Miller,2026-05-13,824195,SEA,1,25,23,8,1,3,R
681867,Cooper Criswell,2026-05-13,824195,SEA,0,4,3,1,0,0,R
689546,Nick Davila,2026-05-13,824195,SEA,0,3,3,0,0,0,R
660825,Eduard Bazardo,2026-05-13,824195,SEA,0,5,3,1,0,0,R
681006,Josh Simpson,2026-05-13,824195,SEA,0,2,1,0,0,0,L
662253,Andrés Muñoz,2026-05-13,824195,SEA,0,4,4,1,0,3,R
695380,Alex Hoppe,2026-05-13,824195,SEA,0,1,1,1,0,0,R
800048,Parker Messick,2026-05-13,824438,CLE,1,25,21,4,1,7,L
670036,Matt Festa,2026-05-13,824438,CLE,0,1,1,0,0,0,R
681870,Erik Sabrowski,2026-05-13,824438,CLE,0,4,3,0,0,3,L
671922,Cade Smith,2026-05-13,824438,CLE,0,3,3,0,0,3,R
672282,Reid Detmers,2026-05-13,824438,LAA,1,25,21,5,1,6,L
696147,Sam Bachman,2026-05-13,824438,LAA,0,4,4,0,0,1,R
666171,Ryan Zeferjahn,2026-05-13,824438,LAA,0,4,4,1,0,2,R
666157,Nick Lodolo,2026-05-13,824519,CIN,1,22,17,6,1,6,L
622088,Tejay Antone,2026-05-13,824519,CIN,0,8,8,2,0,2,R
656271,Brock Burke,2026-05-13,824519,CIN,0,7,7,1,0,1,L
668933,Graham Ashcraft,2026-05-13,824519,CIN,0,3,2,0,0,1,R
663574,Tony Santillan,2026-05-13,824519,CIN,0,4,4,1,1,0,R
663623,Jake Irvin,2026-05-13,824519,WSH,1,18,13,4,1,4,R
680730,Mitchell Parker,2026-05-13,824519,WSH,0,10,9,0,0,2,L
663992,Richard Lovelady,2026-05-13,824519,WSH,0,4,3,1,0,0,L
687377,Orlando Ribalta,2026-05-13,824519,WSH,0,3,3,0,0,1,R
681402,Gus Varland,2026-05-13,824519,WSH,0,4,4,1,0,0,R
676571,PJ Poulin,2026-05-13,824519,WSH,0,5,4,1,0,1,L
702273,Noah Schultz,2026-05-13,824603,CWS,1,19,13,2,0,3,L
699823,Tyler Davis,2026-05-13,824603,CWS,0,6,5,0,0,2,R
663855,Jordan Hicks,2026-05-13,824603,CWS,0,5,4,1,0,3,R
656794,Sean Newcomb,2026-05-13,824603,CWS,0,4,3,0,0,1,L
622554,Seranthony Domínguez,2026-05-13,824603,CWS,0,5,5,2,1,1,R
607625,Seth Lugo,2026-05-13,824603,KC,1,25,21,8,0,4,R
674444,Steven Cruz,2026-05-13,824603,KC,0,5,4,0,0,2,R
670167,John Schreiber,2026-05-13,824603,KC,0,6,5,2,1,1,R
656638,Alex Lange,2026-05-13,824603,KC,0,3,2,0,0,1,R
543243,Sonny Gray,2026-05-13,824763,BOS,1,20,19,2,1,6,R
686580,Justin Slaten,2026-05-13,824763,BOS,0,4,4,1,0,0,R
676477,Garrett Whitlock,2026-05-13,824763,BOS,0,3,3,0,0,1,R
547973,Aroldis Chapman,2026-05-13,824763,BOS,0,5,3,0,0,3,L
691725,Andrew Painter,2026-05-13,824763,PHI,1,19,17,4,1,4,R
621383,Tanner Banks,2026-05-13,824763,PHI,0,3,3,1,0,1,L
689147,Orion Kerkering,2026-05-13,824763,PHI,0,3,3,2,1,0,R
641745,Brad Keller,2026-05-13,824763,PHI,0,3,3,0,0,3,R
641835,Tim Mayza,2026-05-13,824763,PHI,0,3,3,1,0,0,L
680694,Kyle Bradish,2026-05-13,824841,BAL,1,21,18,1,0,7,R
669211,Keegan Akin,2026-05-13,824841,BAL,0,3,3,0,0,0,L
608650,Dietrich Enns,2026-05-13,824841,BAL,0,3,2,0,0,0,L
666974,Yennier Cano,2026-05-13,824841,BAL,0,4,3,0,0,0,R
608331,Max Fried,2026-05-13,824841,NYY,1,13,11,5,0,2,L
621112,Paul Blackburn,2026-05-13,824841,NYY,0,10,8,2,1,1,R
642232,Ryan Yarbrough,2026-05-13,824841,NYY,0,13,13,3,0,4,L
702275,JR Ritchie,2026-05-13,824928,ATL,1,18,15,2,0,4,R
641755,Tyler Kinley,2026-05-13,824928,ATL,0,3,3,1,0,0,R
527048,Martín Pérez,2026-05-13,824928,ATL,0,3,3,0,0,2,L
669276,Dylan Lee,2026-05-13,824928,ATL,0,3,3,0,0,2,L
663158,Robert Suarez,2026-05-13,824928,ATL,0,5,4,1,0,2,R
628452,Raisel Iglesias,2026-05-13,824928,ATL,0,3,2,0,0,0,R
684007,Shota Imanaga,2026-05-13,824928,CHC,1,24,24,5,1,6,L
664208,Phil Maton,2026-05-13,824928,CHC,0,5,5,3,1,1,R
669372,J.T. Ginn,2026-05-13,825010,ATH,1,25,23,9,0,3,R
686993,Justin Sterner,2026-05-13,825010,ATH,0,4,3,2,0,1,R
663687,Hogan Harris,2026-05-13,825010,ATH,0,2,2,1,0,1,L
665622,Luis Medina,2026-05-13,825010,ATH,0,3,3,0,0,0,R
678022,Jack Perkins,2026-05-13,825010,ATH,0,5,4,1,0,1,R
669461,Matthew Liberatore,2026-05-13,825010,STL,1,24,22,9,1,5,L
694335,Matt Svanson,2026-05-13,825010,STL,0,4,4,1,0,1,R
677865,Justin Bruihl,2026-05-13,825010,STL,0,3,3,2,0,0,L
700669,Gordon Graceffo,2026-05-13,825010,STL,0,6,5,1,1,0,R
682254,Mason Montgomery,2026-05-14,823383,PIT,1,4,4,1,0,3,L
681895,Evan Sisk,2026-05-14,823383,PIT,0,3,3,0,0,1,L
669387,Carmen Mlodzinski,2026-05-14,823383,PIT,0,20,17,4,0,2,R
642701,Dennis Santana,2026-05-14,823383,PIT,0,3,3,0,0,0,R
670990,Yohan Ramírez,2026-05-14,823383,PIT,0,3,2,0,0,1,R
801403,Chase Dollander,2026-05-14,823383,COL,1,9,8,5,1,0,R
657514,Brennan Bernardino,2026-05-14,823383,COL,0,6,6,2,0,0,L
680767,Victor Vodnik,2026-05-14,823383,COL,0,5,4,2,0,1,R
685299,Tanner Gordon,2026-05-14,823383,COL,0,15,14,3,0,5,R
675848,Juan Mejia,2026-05-14,823383,COL,0,3,3,0,0,1,R
690997,Nolan McLean,2026-05-14,823630,NYM,1,28,24,6,1,7,R
668964,Tobias Myers,2026-05-14,823630,NYM,0,4,4,1,1,1,R
518886,Craig Kimbrel,2026-05-14,823630,NYM,0,3,3,0,0,1,R
672456,Keider Montero,2026-05-14,823630,DET,1,20,18,4,2,2,R
663947,Tyler Holton,2026-05-14,823630,DET,0,3,3,2,1,0,L
646241,Enmanuel De Jesus,2026-05-14,823630,DET,0,5,3,1,0,0,L
669724,Brenan Hanifee,2026-05-14,823630,DET,0,4,4,1,1,0,R
676568,Ricky Vanasco,2026-05-14,823630,DET,0,7,6,2,1,0,R
805673,Zebby Matthews,2026-05-14,823709,MIN,1,25,24,4,0,5,R
696070,Kendry Rojas,2026-05-14,823709,MIN,0,9,7,1,0,3,L
666129,Braxton Garrett,2026-05-14,823709,MIA,1,13,8,4,0,3,L
676534,Calvin Faucher,2026-05-14,823709,MIA,0,6,6,2,0,1,R
669622,Anthony Bender,2026-05-14,823709,MIA,0,6,6,0,0,1,R
669199,Lake Bachar,2026-05-14,823709,MIA,0,6,6,0,0,2,R
667463,John King,2026-05-14,823709,MIA,0,7,6,3,0,0,L
690986,Kyle Harrison,2026-05-14,823789,MIL,1,20,20,5,0,7,L
669084,DL Hall,2026-05-14,823789,MIL,0,4,3,0,0,1,L
681982,Grant Anderson,2026-05-14,823789,MIL,0,5,4,1,0,0,R
702153,Brian Fitzpatrick,2026-05-14,823789,MIL,0,9,8,1,0,2,L
656288,Griffin Canning,2026-05-14,823789,SD,1,14,10,5,0,2,R
676760,Ron Marinaccio,2026-05-14,823789,SD,0,12,10,4,0,2,R
673513,Yuki Matsui,2026-05-14,823789,SD,0,7,6,0,0,3,L
663362,Matt Waldron,2026-05-14,823789,SD,0,7,7,1,0,4,R
686218,Emmet Sheehan,2026-05-14,823950,LAD,1,23,20,2,1,6,R
683618,Edgardo Henriquez,2026-05-14,823950,LAD,0,3,3,0,0,1,R
681911,Alex Vesia,2026-05-14,823950,LAD,0,4,3,0,0,1,L
656945,Tanner Scott,2026-05-14,823950,LAD,0,3,3,0,0,2,L
694738,Landen Roupp,2026-05-14,823950,SF,1,24,22,6,1,7,R
657424,Matt Gage,2026-05-14,823950,SF,0,4,3,2,0,1,L
621366,Ryan Borucki,2026-05-14,823950,SF,0,4,4,0,0,0,L
664141,JT Brubaker,2026-05-14,823950,SF,0,3,2,0,0,1,R
681347,Mike Burrows,2026-05-14,824196,HOU,1,27,24,8,2,4,R
675989,Cody Bolton,2026-05-14,824196,HOU,0,15,13,3,0,2,R
622491,Luis Castillo,2026-05-14,824196,SEA,1,24,21,4,1,6,R
689546,Nick Davila,2026-05-14,824196,SEA,0,5,4,0,0,0,R
682445,Domingo Gonzalez,2026-05-14,824196,SEA,0,8,7,1,0,2,R
695505,Chase Burns,2026-05-14,824517,CIN,1,23,20,2,0,7,R
594580,Sam Moll,2026-05-14,824517,CIN,0,3,3,0,0,1,L
682825,Luis Mey,2026-05-14,824517,CIN,0,5,4,1,0,2,R
683175,Connor Phillips,2026-05-14,824517,CIN,0,3,3,0,0,0,R
656492,Foster Griffin,2026-05-14,824517,WSH,1,23,19,7,2,7,L
687849,Zak Kent,2026-05-14,824517,WSH,0,10,10,2,1,2,R
686894,Joey Wiemer,2026-05-14,824517,WSH,0,9,8,5,1,0,R
641743,Anthony Kay,2026-05-14,824602,CWS,1,27,22,6,0,4,L
699823,Tyler Davis,2026-05-14,824602,CWS,0,3,3,0,0,0,R
656794,Sean Newcomb,2026-05-14,824602,CWS,0,7,7,1,0,1,L
663460,Kris Bubic,2026-05-14,824602,KC,1,20,17,5,1,4,L
679883,Luinder Avila,2026-05-14,824602,KC,0,7,5,0,0,2,R
656638,Alex Lange,2026-05-14,824602,KC,0,3,3,1,0,0,R
668674,Lucas Erceg,2026-05-14,824602,KC,0,4,4,2,0,1,R
624133,Ranger Suarez,2026-05-14,824762,BOS,1,21,20,4,0,8,L
686580,Justin Slaten,2026-05-14,824762,BOS,0,3,3,1,0,1,R
676477,Garrett Whitlock,2026-05-14,824762,BOS,0,3,3,0,0,2,R
701719,Tyler Samaniego,2026-05-14,824762,BOS,0,3,3,2,1,0,L
677161,Zack Kelly,2026-05-14,824762,BOS,0,6,5,2,0,1,R
670245,Ryan Watson,2026-05-14,824762,BOS,0,3,3,0,0,2,R
666200,Jesús Luzardo,2026-05-14,824762,PHI,1,23,20,4,0,4,L
641745,Brad Keller,2026-05-14,824762,PHI,0,4,4,1,0,2,R
621237,José Alvarado,2026-05-14,824762,PHI,0,6,5,2,0,1,L
661395,Jhoan Duran,2026-05-14,824762,PHI,0,4,3,0,0,3,R
519242,Chris Sale,2026-05-14,824926,ATL,1,25,23,5,0,8,L
625643,Reynaldo López,2026-05-14,824926,ATL,0,7,6,1,1,1,R
607481,Aaron Bummer,2026-05-14,824926,ATL,0,4,4,0,0,1,L
676962,Ben Brown,2026-05-14,824926,CHC,1,15,13,1,0,7,R
571948,Hoby Milner,2026-05-14,824926,CHC,0,7,7,1,0,1,L
664208,Phil Maton,2026-05-14,824926,CHC,0,4,4,1,0,2,R
657097,Jacob Webb,2026-05-14,824926,CHC,0,4,4,1,0,1,R
694037,Daniel Palencia,2026-05-14,824926,CHC,0,4,4,1,0,2,R
682052,Jacob Lopez,2026-05-14,825008,ATH,1,23,19,4,2,2,L
686993,Justin Sterner,2026-05-14,825008,ATH,0,3,3,1,0,0,R
643410,Mark Leiter Jr.,2026-05-14,825008,ATH,0,3,3,0,0,2,R
605130,Scott Barlow,2026-05-14,825008,ATH,0,4,4,1,0,0,R
678022,Jack Perkins,2026-05-14,825008,ATH,0,6,5,3,0,0,R
669270,Joel Kuhnel,2026-05-14,825008,ATH,0,2,1,0,0,0,R
700241,Michael McGreevy,2026-05-14,825008,STL,1,23,22,5,1,3,R
592773,Ryne Stanek,2026-05-14,825008,STL,0,3,2,1,1,1,R
668941,JoJo Romero,2026-05-14,825008,STL,0,6,5,3,0,0,L
694335,Matt Svanson,2026-05-14,825008,STL,0,4,4,1,0,2,R
676617,Riley O'Brien,2026-05-14,825008,STL,0,4,3,0,0,2,R
641793,Zack Littell,2026-05-15,822739,WSH,1,20,17,2,0,3,R
674841,Andrew Alvarez,2026-05-15,822739,WSH,0,13,12,3,0,5,L
681402,Gus Varland,2026-05-15,822739,WSH,0,3,1,0,0,1,R
663992,Richard Lovelady,2026-05-15,822739,WSH,0,3,2,1,0,1,L
669358,Shane Baz,2026-05-15,822739,BAL,1,30,26,6,1,4,R
677020,Josh Walker,2026-05-15,822739,BAL,0,3,3,0,0,1,L
693855,Ian Seymour,2026-05-15,822983,TB,1,8,8,2,1,2,L
669947,Jesse Scholtens,2026-05-15,822983,TB,0,21,21,5,1,4,R
668984,Casey Legumina,2026-05-15,822983,TB,0,6,6,0,0,0,R
676083,Janson Junk,2026-05-15,822983,MIA,1,28,24,10,2,4,R
656848,Michael Petersen,2026-05-15,822983,MIA,0,3,3,0,0,1,R
677053,Andrew Nardi,2026-05-15,822983,MIA,0,4,4,1,0,2,L
669160,Dustin May,2026-05-15,823061,STL,1,26,21,4,0,3,R
666277,George Soriano,2026-05-15,823061,STL,0,3,3,1,0,1,R
668941,JoJo Romero,2026-05-15,823061,STL,0,5,4,0,0,1,L
676617,Riley O'Brien,2026-05-15,823061,STL,0,3,3,1,0,0,R
592773,Ryne Stanek,2026-05-15,823061,STL,0,5,4,1,0,2,R
700669,Gordon Graceffo,2026-05-15,823061,STL,0,4,3,0,0,0,R
608379,Michael Wacha,2026-05-15,823061,KC,1,23,21,5,2,5,R
663738,Daniel Lynch IV,2026-05-15,823061,KC,0,5,4,1,0,2,L
683232,Nick Mears,2026-05-15,823061,KC,0,5,4,2,0,1,R
621381,Matt Strahm,2026-05-15,823061,KC,0,4,3,1,0,1,L
670167,John Schreiber,2026-05-15,823061,KC,0,1,1,0,0,0,R
668674,Lucas Erceg,2026-05-15,823061,KC,0,5,5,2,0,2,R
674444,Steven Cruz,2026-05-15,823061,KC,0,4,2,1,0,0,R
676106,Emerson Hancock,2026-05-15,823140,SEA,1,22,21,5,0,6,R
681867,Cooper Criswell,2026-05-15,823140,SEA,0,5,5,2,0,0,R
678606,José A. Ferrer,2026-05-15,823140,SEA,0,3,3,0,0,1,L
695380,Alex Hoppe,2026-05-15,823140,SEA,0,5,5,2,0,0,R
681190,Randy Vásquez,2026-05-15,823140,SD,1,22,21,4,0,3,R
670970,Adrian Morejon,2026-05-15,823140,SD,0,4,3,0,0,1,L
592094,Jason Adam,2026-05-15,823140,SD,0,4,3,1,0,1,R
695243,Mason Miller,2026-05-15,823140,SD,0,7,6,2,0,4,R
677952,Braxton Ashcraft,2026-05-15,823384,PIT,1,28,25,7,1,5,R
682254,Mason Montgomery,2026-05-15,823384,PIT,0,5,5,1,1,0,L
642397,Gregory Soto,2026-05-15,823384,PIT,0,7,5,2,0,0,L
642701,Dennis Santana,2026-05-15,823384,PIT,0,4,4,4,0,0,R
684049,Brandan Bidois,2026-05-15,823384,PIT,0,3,3,0,0,2,R
605400,Aaron Nola,2026-05-15,823384,PHI,1,18,14,6,2,2,R
641835,Tim Mayza,2026-05-15,823384,PHI,0,5,5,1,1,2,L
680742,Jonathan Bowlan,2026-05-15,823384,PHI,0,6,6,2,0,2,R
663767,Chase Shugart,2026-05-15,823384,PHI,0,7,7,1,0,1,R
621237,José Alvarado,2026-05-15,823384,PHI,0,4,4,1,0,3,L
689147,Orion Kerkering,2026-05-15,823384,PHI,0,4,3,0,0,1,R
605280,Clay Holmes,2026-05-15,823629,NYM,1,23,20,7,0,8,R
681810,Austin Warren,2026-05-15,823629,NYM,0,7,6,1,0,2,R
668964,Tobias Myers,2026-05-15,823629,NYM,0,7,6,0,0,1,R
518886,Craig Kimbrel,2026-05-15,823629,NYM,0,4,4,2,1,0,R
693645,Cam Schlittler,2026-05-15,823629,NYY,1,24,22,2,1,9,R
518585,Fernando Cruz,2026-05-15,823629,NYY,0,5,5,1,0,1,R
670280,David Bednar,2026-05-15,823629,NYY,0,5,4,2,0,0,R
657746,Joe Ryan,2026-05-15,823707,MIN,1,22,21,4,0,7,R
573124,Taylor Rogers,2026-05-15,823707,MIN,0,5,5,2,0,0,L
702193,Andrew Morris,2026-05-15,823707,MIN,0,6,6,3,0,0,R
607455,Anthony Banda,2026-05-15,823707,MIN,0,3,3,0,0,0,L
672782,Yoendrys Gómez,2026-05-15,823707,MIN,0,1,1,0,0,1,R
689441,Coleman Crow,2026-05-15,823707,MIL,1,19,18,3,0,3,R
676879,Aaron Ashby,2026-05-15,823707,MIL,0,8,8,4,0,1,L
682842,Abner Uribe,2026-05-15,823707,MIL,0,4,3,1,0,1,R
656730,Trevor Megill,2026-05-15,823707,MIL,0,3,3,0,0,1,R
686799,Jack Kochanowicz,2026-05-15,824037,LAA,1,27,25,7,3,4,R
489446,Kirby Yates,2026-05-15,824037,LAA,0,3,3,0,0,2,R
696270,Ryan Johnson,2026-05-15,824037,LAA,0,5,4,1,0,1,R
608718,Brent Suter,2026-05-15,824037,LAA,0,3,3,0,0,0,L
694361,Will Klein,2026-05-15,824037,LAD,1,8,7,1,0,2,R
683618,Edgardo Henriquez,2026-05-15,824037,LAD,0,3,3,0,0,2,R
595014,Blake Treinen,2026-05-15,824037,LAD,0,3,3,0,0,1,R
670090,Wyatt Mills,2026-05-15,824037,LAD,0,4,3,0,0,1,R
669165,Kyle Hurt,2026-05-15,824037,LAD,0,4,3,0,0,0,R
681911,Alex Vesia,2026-05-15,824037,LAD,0,4,4,1,0,3,L
676263,Jack Dreyer,2026-05-15,824037,LAD,0,4,3,0,0,2,L
656212,Charlie Barnes,2026-05-15,824037,LAD,0,4,3,0,0,0,L
681293,Spencer Arrighetti,2026-05-15,824194,HOU,1,27,23,1,0,5,R
687911,Bryan King,2026-05-15,824194,HOU,0,4,4,0,0,1,L
683004,Jack Leiter,2026-05-15,824194,TEX,1,27,24,3,1,6,R
668390,Cole Winn,2026-05-15,824194,TEX,0,6,5,2,0,3,R
669724,Brenan Hanifee,2026-05-15,824280,DET,1,4,4,1,0,1,R
676428,Brant Hurter,2026-05-15,824280,DET,0,5,3,1,0,1,L
680744,Ty Madden,2026-05-15,824280,DET,0,2,2,1,0,0,R
572143,Burch Smith,2026-05-15,824280,DET,0,5,5,1,0,1,R
623454,Drew Anderson,2026-05-15,824280,DET,0,12,12,1,0,1,R
445276,Kenley Jansen,2026-05-15,824280,DET,0,3,3,0,0,2,R
702056,Trey Yesavage,2026-05-15,824280,TOR,1,24,21,4,0,6,R
680755,Braydon Fisher,2026-05-15,824280,TOR,0,3,2,0,0,1,R
573009,Joe Mantiply,2026-05-15,824280,TOR,0,3,3,1,0,0,L
656546,Jeff Hoffman,2026-05-15,824280,TOR,0,5,4,2,0,2,R
607536,Kyle Freeland,2026-05-15,824360,COL,1,22,18,8,0,3,L
688642,Zach Agnos,2026-05-15,824360,COL,0,17,16,4,0,1,R
678020,Seth Halvorsen,2026-05-15,824360,COL,0,5,4,1,0,1,R
518876,Merrill Kelly,2026-05-15,824360,AZ,1,31,31,4,1,3,R
676440,Tanner Bibee,2026-05-15,824439,CLE,1,28,25,7,0,2,R
670036,Matt Festa,2026-05-15,824439,CLE,0,2,1,0,0,0,R
688883,Peyton Pallette,2026-05-15,824439,CLE,0,6,6,3,1,2,R
682120,Tim Herrin,2026-05-15,824439,CLE,0,5,4,1,0,0,L
671096,Andrew Abbott,2026-05-15,824439,CIN,1,22,19,4,1,2,L
572955,Pierce Johnson,2026-05-15,824439,CIN,0,4,4,1,0,2,R
663574,Tony Santillan,2026-05-15,824439,CIN,0,4,4,1,0,1,R
668933,Graham Ashcraft,2026-05-15,824439,CIN,0,4,1,1,0,0,R
656271,Brock Burke,2026-05-15,824439,CIN,0,5,2,0,0,1,L
622088,Tejay Antone,2026-05-15,824439,CIN,0,4,4,1,0,0,R
680732,Sean Burke,2026-05-15,824601,CWS,1,23,22,8,0,5,R
670950,Trevor Richards,2026-05-15,824601,CWS,0,2,2,0,0,1,R
691799,Grant Taylor,2026-05-15,824601,CWS,0,3,3,0,0,2,R
663542,Bryan Hudson,2026-05-15,824601,CWS,0,7,6,4,0,0,L
663855,Jordan Hicks,2026-05-15,824601,CWS,0,7,3,1,0,1,R
805326,Tyler Schweitzer,2026-05-15,824601,CWS,0,6,5,1,0,0,L
665795,Edward Cabrera,2026-05-15,824601,CHC,1,19,16,3,1,2,R
669020,Ryan Rolison,2026-05-15,824601,CHC,0,4,3,2,1,0,L
663423,Trent Thornton,2026-05-15,824601,CHC,0,6,6,0,0,2,R
665871,Javier Assad,2026-05-15,824601,CHC,0,8,8,3,1,1,R
675911,Spencer Strider,2026-05-15,824925,ATL,1,18,15,3,0,4,R
669276,Dylan Lee,2026-05-15,824925,ATL,0,3,3,1,0,1,L
641755,Tyler Kinley,2026-05-15,824925,ATL,0,4,4,2,1,0,R
663158,Robert Suarez,2026-05-15,824925,ATL,0,4,4,0,0,1,R
628452,Raisel Iglesias,2026-05-15,824925,ATL,0,5,4,1,0,2,R
800311,Didier Fuentes,2026-05-15,824925,ATL,0,4,3,0,0,1,R
813349,Connelly Early,2026-05-15,824925,BOS,1,22,21,5,2,6,L
669711,Greg Weissert,2026-05-15,824925,BOS,0,4,4,0,0,0,R
663558,Jovani Morán,2026-05-15,824925,BOS,0,6,6,1,0,3,L
547973,Aroldis Chapman,2026-05-15,824925,BOS,0,3,3,0,0,2,L
701719,Tyler Samaniego,2026-05-15,824925,BOS,0,1,1,1,0,0,L
650644,Aaron Civale,2026-05-15,825009,ATH,1,22,21,6,2,2,R
669270,Joel Kuhnel,2026-05-15,825009,ATH,0,4,4,1,0,2,R
660761,José Suarez,2026-05-15,825009,ATH,0,5,5,2,0,1,L
665622,Luis Medina,2026-05-15,825009,ATH,0,4,3,0,0,1,R
663687,Hogan Harris,2026-05-15,825009,ATH,0,4,4,1,0,1,L
641816,Tyler Mahle,2026-05-15,825009,SF,1,24,22,10,1,6,R
656529,Sam Hentges,2026-05-15,825009,SF,0,3,3,0,0,1,L
621366,Ryan Borucki,2026-05-15,825009,SF,0,3,2,0,0,1,L
663941,Tristan Beck,2026-05-15,825009,SF,0,3,3,0,0,1,R
676917,Cade Cavalli,2026-05-16,822737,WSH,1,26,26,8,2,8,R
676571,PJ Poulin,2026-05-16,822737,WSH,0,4,3,1,0,0,L
687377,Orlando Ribalta,2026-05-16,822737,WSH,0,4,4,1,0,2,R
687606,Paxton Schultz,2026-05-16,822737,WSH,0,4,3,0,0,2,R
605135,Chris Bassitt,2026-05-16,822737,BAL,1,23,21,6,1,4,R
608650,Dietrich Enns,2026-05-16,822737,BAL,0,4,4,1,0,0,L
669211,Keegan Akin,2026-05-16,822737,BAL,0,7,5,3,0,0,L
552640,Andrew Kittredge,2026-05-16,822737,BAL,0,3,3,1,1,0,R
677020,Josh Walker,2026-05-16,822737,BAL,0,6,5,2,1,1,L
607259,Nick Martinez,2026-05-16,822981,TB,1,23,22,5,0,4,R
664076,Garrett Cleavinger,2026-05-16,822981,TB,0,4,4,1,1,2,L
687330,Kevin Kelly,2026-05-16,822981,TB,0,3,3,1,0,1,R
641329,Bryan Baker,2026-05-16,822981,TB,0,5,5,2,0,3,R
685801,Hunter Bigge,2026-05-16,822981,TB,0,10,7,6,0,0,R
645261,Sandy Alcantara,2026-05-16,822981,MIA,1,25,25,7,0,6,R
677053,Andrew Nardi,2026-05-16,822981,MIA,0,3,3,0,0,0,L
669622,Anthony Bender,2026-05-16,822981,MIA,0,3,3,0,0,1,R
664126,Pete Fairbanks,2026-05-16,822981,MIA,0,5,4,1,0,2,R
669199,Lake Bachar,2026-05-16,822981,MIA,0,7,5,2,0,0,R
681517,Kyle Leahy,2026-05-16,823060,STL,1,25,22,5,0,2,R
700669,Gordon Graceffo,2026-05-16,823060,STL,0,4,4,1,0,0,R
677865,Justin Bruihl,2026-05-16,823060,STL,0,3,3,0,0,0,L
666277,George Soriano,2026-05-16,823060,STL,0,4,4,2,1,0,R
702070,Noah Cameron,2026-05-16,823060,KC,1,23,21,5,0,4,L
663559,Bailey Falter,2026-05-16,823060,KC,0,9,8,3,0,0,L
669302,Logan Gilbert,2026-05-16,823139,SEA,1,27,25,5,3,5,R
689546,Nick Davila,2026-05-16,823139,SEA,0,4,2,0,0,1,R
682445,Domingo Gonzalez,2026-05-16,823139,SEA,0,5,5,2,0,0,R
621111,Walker Buehler,2026-05-16,823139,SD,1,22,20,5,1,6,R
593974,Wandy Peralta,2026-05-16,823139,SD,0,3,3,0,0,1,L
592094,Jason Adam,2026-05-16,823139,SD,0,3,3,0,0,1,R
689690,Alek Jacob,2026-05-16,823139,SD,0,3,2,2,0,0,R
670970,Adrian Morejon,2026-05-16,823139,SD,0,3,3,0,0,1,L
669093,Jeremiah Estrada,2026-05-16,823139,SD,0,5,4,1,0,0,R
696149,Bubba Chandler,2026-05-16,823382,PIT,1,16,12,3,1,2,R
681895,Evan Sisk,2026-05-16,823382,PIT,0,7,6,1,0,3,L
676755,Isaac Mattson,2026-05-16,823382,PIT,0,5,4,0,0,2,R
670990,Yohan Ramírez,2026-05-16,823382,PIT,0,5,5,2,0,3,R
664875,Justin Lawrence,2026-05-16,823382,PIT,0,5,4,1,0,1,R
684049,Brandan Bidois,2026-05-16,823382,PIT,0,5,4,1,0,0,R
650911,Cristopher Sánchez,2026-05-16,823382,PHI,1,32,32,6,0,13,L
623211,Huascar Brazobán,2026-05-16,823627,NYM,1,4,4,0,0,2,R
656849,David Peterson,2026-05-16,823627,NYM,0,22,18,6,0,8,L
548384,Brooks Raley,2026-05-16,823627,NYM,0,6,5,2,0,1,L
596133,Luke Weaver,2026-05-16,823627,NYM,0,6,6,1,0,2,R
642207,Devin Williams,2026-05-16,823627,NYM,0,3,3,0,0,1,R
607074,Carlos Rodón,2026-05-16,823627,NYY,1,17,14,3,0,6,L
656234,Jake Bird,2026-05-16,823627,NYY,0,3,3,1,0,1,R
687396,Brent Headrick,2026-05-16,823627,NYY,0,7,6,1,0,3,L
657612,Tim Hill,2026-05-16,823627,NYY,0,3,3,2,0,0,L
666808,Camilo Doval,2026-05-16,823627,NYY,0,2,2,0,0,0,R
621112,Paul Blackburn,2026-05-16,823627,NYY,0,4,3,1,0,1,R
687570,Connor Prielipp,2026-05-16,823706,MIN,1,23,21,3,1,8,L
679358,Eric Orze,2026-05-16,823706,MIN,0,9,8,2,0,1,R
672782,Yoendrys Gómez,2026-05-16,823706,MIN,0,4,3,0,0,0,R
701656,Logan Henderson,2026-05-16,823706,MIL,1,22,21,6,1,7,R
694477,Chad Patrick,2026-05-16,823706,MIL,0,13,13,1,0,3,R
667755,José Soriano,2026-05-16,824038,LAA,1,24,16,1,0,6,R
681217,Chase Silseth,2026-05-16,824038,LAA,0,4,3,1,0,0,R
820862,José Fermin,2026-05-16,824038,LAA,0,4,4,1,0,1,R
666201,Alek Manoah,2026-05-16,824038,LAA,0,14,11,6,1,2,R
624428,Adam Frazier,2026-05-16,824038,LAA,0,2,2,1,0,0,R
680736,Justin Wrobleski,2026-05-16,824038,LAD,1,26,25,7,0,5,L
595014,Blake Treinen,2026-05-16,824038,LAD,0,4,3,0,0,1,R
670090,Wyatt Mills,2026-05-16,824038,LAD,0,5,3,0,0,0,R
656212,Charlie Barnes,2026-05-16,824038,LAD,0,4,4,1,0,1,L
678906,Kai-Wei Teng,2026-05-16,824193,HOU,1,21,16,2,0,7,R
595345,Steven Okert,2026-05-16,824193,HOU,0,3,3,0,0,2,L
660853,Enyel De Los Santos,2026-05-16,824193,HOU,0,4,4,3,0,0,R
687911,Bryan King,2026-05-16,824193,HOU,0,3,2,0,0,0,L
805123,AJ Blubaugh,2026-05-16,824193,HOU,0,4,2,0,0,0,R
650556,Bryan Abreu,2026-05-16,824193,HOU,0,6,5,1,0,0,R
594798,Jacob deGrom,2026-05-16,824193,TEX,1,23,23,5,4,4,R
615698,Cal Quantrill,2026-05-16,824193,TEX,0,6,5,0,0,1,R
663554,Casey Mize,2026-05-16,824278,DET,1,19,19,2,0,4,R
640448,Kyle Finnegan,2026-05-16,824278,DET,0,5,4,1,1,0,R
657756,Connor Seabold,2026-05-16,824278,DET,0,3,3,0,0,1,R
445276,Kenley Jansen,2026-05-16,824278,DET,0,3,3,0,0,1,R
663947,Tyler Holton,2026-05-16,824278,DET,0,5,5,2,0,0,L
689254,Mason Fluharty,2026-05-16,824278,TOR,1,5,5,1,0,3,L
693686,Spencer Miles,2026-05-16,824278,TOR,0,14,12,2,0,5,R
680755,Braydon Fisher,2026-05-16,824278,TOR,0,4,4,1,1,2,R
667297,Tommy Nance,2026-05-16,824278,TOR,0,3,3,0,0,1,R
643511,Tyler Rogers,2026-05-16,824278,TOR,0,4,4,1,0,1,R
686973,Louis Varland,2026-05-16,824278,TOR,0,8,8,2,0,2,R
608372,Tomoyuki Sugano,2026-05-16,824359,COL,1,22,19,7,0,1,R
675848,Juan Mejia,2026-05-16,824359,COL,0,7,5,0,0,0,R
677955,Jaden Hill,2026-05-16,824359,COL,0,5,5,1,0,2,R
622608,Antonio Senzatela,2026-05-16,824359,COL,0,5,4,1,0,1,R
593958,Eduardo Rodriguez,2026-05-16,824359,AZ,1,23,23,9,0,6,L
664199,Taylor Clarke,2026-05-16,824359,AZ,0,2,2,0,0,0,R
642528,Jonathan Loáisiga,2026-05-16,824359,AZ,0,3,3,1,0,0,R
805299,Brandyn Garcia,2026-05-16,824359,AZ,0,4,2,2,0,0,L
656464,Kevin Ginkel,2026-05-16,824359,AZ,0,3,3,0,0,1,R
676282,Joey Cantillo,2026-05-16,824435,CLE,1,22,17,4,1,4,L
670059,Colin Holderman,2026-05-16,824435,CLE,0,6,6,1,0,1,R
681870,Erik Sabrowski,2026-05-16,824435,CLE,0,1,1,0,0,1,L
683769,Hunter Gaddis,2026-05-16,824435,CLE,0,3,3,0,0,0,R
671922,Cade Smith,2026-05-16,824435,CLE,0,4,3,0,0,2,R
663978,Chris Paddack,2026-05-16,824435,CIN,1,23,21,6,0,3,R
682825,Luis Mey,2026-05-16,824435,CIN,0,4,2,1,0,1,R
594580,Sam Moll,2026-05-16,824435,CIN,0,6,4,1,0,2,L
572955,Pierce Johnson,2026-05-16,824435,CIN,0,3,2,1,1,0,R
683175,Connor Phillips,2026-05-16,824435,CIN,0,7,5,1,0,2,R
663436,Davis Martin,2026-05-16,824600,CWS,1,23,23,5,1,7,R
685126,Brandon Eisert,2026-05-16,824600,CWS,0,6,4,1,0,0,L
670950,Trevor Richards,2026-05-16,824600,CWS,0,8,8,2,1,2,R
592791,Jameson Taillon,2026-05-16,824600,CHC,1,24,23,8,5,2,R
681799,Ethan Roberts,2026-05-16,824600,CHC,0,6,5,0,0,3,R
669020,Ryan Rolison,2026-05-16,824600,CHC,0,3,3,0,0,1,L
693821,Bryce Elder,2026-05-16,824924,ATL,1,32,31,7,1,3,R
527048,Martín Pérez,2026-05-16,824924,ATL,0,3,3,0,0,2,L
801139,Payton Tolle,2026-05-16,824924,BOS,1,28,27,4,1,3,L
547973,Aroldis Chapman,2026-05-16,824924,BOS,0,6,4,0,0,0,L
622663,Luis Severino,2026-05-16,825007,ATH,1,30,28,10,2,7,R
605130,Scott Barlow,2026-05-16,825007,ATH,0,6,6,2,0,2,R
643410,Mark Leiter Jr.,2026-05-16,825007,ATH,0,8,8,2,0,2,R
686790,Trevor McDonald,2026-05-16,825007,SF,1,26,24,5,0,5,R
669062,Erik Miller,2026-05-16,825007,SF,0,4,2,0,0,1,L
668873,Caleb Kilian,2026-05-16,825007,SF,0,3,3,1,1,2,R
657424,Matt Gage,2026-05-16,825007,SF,0,3,3,0,0,0,L
663992,Richard Lovelady,2026-05-17,822738,WSH,1,6,6,2,1,1,L
571945,Miles Mikolas,2026-05-17,822738,WSH,0,24,22,6,2,4,R
695418,Brad Lord,2026-05-17,822738,WSH,0,5,4,1,0,2,R
687606,Paxton Schultz,2026-05-17,822738,WSH,0,4,4,2,0,2,R
687064,Brandon Young,2026-05-17,822738,BAL,1,19,15,5,1,3,R
689296,Anthony Nunez,2026-05-17,822738,BAL,0,4,4,0,0,3,R
669330,Tyler Wells,2026-05-17,822738,BAL,0,9,9,3,0,2,R
666974,Yennier Cano,2026-05-17,822738,BAL,0,4,3,0,0,1,R
670329,Rico Garcia,2026-05-17,822738,BAL,0,4,4,1,0,2,R
656876,Drew Rasmussen,2026-05-17,822982,TB,1,24,21,7,0,2,R
687330,Kevin Kelly,2026-05-17,822982,TB,0,4,4,0,0,1,R
664076,Garrett Cleavinger,2026-05-17,822982,TB,0,5,4,3,0,1,L
693855,Ian Seymour,2026-05-17,822982,TB,0,2,2,0,0,1,L
641329,Bryan Baker,2026-05-17,822982,TB,0,4,4,1,0,0,R
691587,Eury Pérez,2026-05-17,822982,MIA,1,23,19,5,2,5,R
663969,Tyler Phillips,2026-05-17,822982,MIA,0,10,8,2,0,0,R
667463,John King,2026-05-17,822982,MIA,0,3,3,0,0,0,L
669467,Andre Pallante,2026-05-17,823058,STL,1,27,26,8,1,7,R
694335,Matt Svanson,2026-05-17,823058,STL,0,4,3,0,0,0,R
677865,Justin Bruihl,2026-05-17,823058,STL,0,3,2,1,0,1,L
690155,Matt Pushard,2026-05-17,823058,STL,0,3,2,0,0,1,R
663568,Stephen Kolek,2026-05-17,823058,KC,1,24,22,4,0,3,R
663738,Daniel Lynch IV,2026-05-17,823058,KC,0,6,6,1,0,1,L
668674,Lucas Erceg,2026-05-17,823058,KC,0,4,3,0,0,0,R
669923,George Kirby,2026-05-17,823138,SEA,1,24,22,6,2,6,R
681867,Cooper Criswell,2026-05-17,823138,SEA,0,3,2,1,0,1,R
695380,Alex Hoppe,2026-05-17,823138,SEA,0,7,7,2,0,1,R
682445,Domingo Gonzalez,2026-05-17,823138,SEA,0,6,5,1,0,2,R
608337,Lucas Giolito,2026-05-17,823138,SD,1,20,16,1,0,3,R
673513,Yuki Matsui,2026-05-17,823138,SD,0,8,4,0,0,2,L
699134,Bradgley Rodriguez,2026-05-17,823138,SD,0,7,7,0,0,3,R
694973,Paul Skenes,2026-05-17,823381,PIT,1,23,21,6,1,7,R
676755,Isaac Mattson,2026-05-17,823381,PIT,0,5,4,1,0,0,R
670990,Yohan Ramírez,2026-05-17,823381,PIT,0,3,3,0,0,3,R
642701,Dennis Santana,2026-05-17,823381,PIT,0,4,4,1,1,2,R
664875,Justin Lawrence,2026-05-17,823381,PIT,0,3,3,0,0,1,R
554430,Zack Wheeler,2026-05-17,823381,PHI,1,25,24,4,0,8,R
680742,Jonathan Bowlan,2026-05-17,823381,PHI,0,4,4,1,0,1,R
621383,Tanner Banks,2026-05-17,823381,PHI,0,3,3,0,0,0,L
642547,Freddy Peralta,2026-05-17,823628,NYM,1,23,17,2,1,4,R
640455,Sean Manaea,2026-05-17,823628,NYM,0,19,14,4,0,3,L
642207,Devin Williams,2026-05-17,823628,NYM,0,3,2,0,0,1,R
695684,Elmer Rodríguez,2026-05-17,823628,NYY,1,20,18,5,0,1,R
642232,Ryan Yarbrough,2026-05-17,823628,NYY,0,6,5,2,0,0,L
656234,Jake Bird,2026-05-17,823628,NYY,0,3,3,1,0,1,R
666808,Camilo Doval,2026-05-17,823628,NYY,0,3,3,0,0,0,R
518585,Fernando Cruz,2026-05-17,823628,NYY,0,4,3,0,0,0,R
670280,David Bednar,2026-05-17,823628,NYY,0,7,6,3,1,1,R
657612,Tim Hill,2026-05-17,823628,NYY,0,3,1,0,0,0,L
641927,Bailey Ober,2026-05-17,823708,MIN,1,23,20,6,2,1,R
607455,Anthony Banda,2026-05-17,823708,MIN,0,4,3,1,0,2,L
702193,Andrew Morris,2026-05-17,823708,MIN,0,3,3,0,0,1,R
573124,Taylor Rogers,2026-05-17,823708,MIN,0,3,3,1,0,0,L
623437,Justin Topa,2026-05-17,823708,MIN,0,3,2,0,0,0,R
472610,Luis García,2026-05-17,823708,MIN,0,6,5,2,0,1,R
688107,Robert Gasser,2026-05-17,823708,MIL,1,20,15,3,0,3,L
681982,Grant Anderson,2026-05-17,823708,MIL,0,6,6,2,1,2,R
669084,DL Hall,2026-05-17,823708,MIL,0,5,4,0,0,2,L
663765,Jake Woodford,2026-05-17,823708,MIL,0,4,3,1,0,1,R
680570,Grayson Rodriguez,2026-05-17,824034,LAA,1,21,16,7,0,4,R
820862,José Fermin,2026-05-17,824034,LAA,0,2,2,1,0,0,R
815083,Mitch Farris,2026-05-17,824034,LAA,0,6,5,0,0,3,L
489446,Kirby Yates,2026-05-17,824034,LAA,0,3,3,0,0,2,R
696270,Ryan Johnson,2026-05-17,824034,LAA,0,10,9,3,0,2,R
808963,Roki Sasaki,2026-05-17,824034,LAD,1,24,24,4,0,8,R
681911,Alex Vesia,2026-05-17,824034,LAD,0,3,3,0,0,2,L
694646,Chayce McDermott,2026-05-17,824034,LAD,0,4,4,1,0,1,R
663567,Peter Lambert,2026-05-17,824192,HOU,1,24,21,3,1,6,R
675989,Cody Bolton,2026-05-17,824192,HOU,0,13,13,4,1,2,R
543135,Nathan Eovaldi,2026-05-17,824192,TEX,1,27,24,5,0,8,R
686560,Gavin Collyer,2026-05-17,824192,TEX,0,6,6,0,0,2,R
656427,Jack Flaherty,2026-05-17,824279,DET,1,24,23,5,1,4,R
572143,Burch Smith,2026-05-17,824279,DET,0,5,5,1,0,1,R
646241,Enmanuel De Jesus,2026-05-17,824279,DET,0,7,6,1,0,0,L
592332,Kevin Gausman,2026-05-17,824279,TOR,1,22,22,4,0,5,R
684320,Yariel Rodríguez,2026-05-17,824279,TOR,0,5,5,1,0,1,R
573009,Joe Mantiply,2026-05-17,824279,TOR,0,4,3,1,0,0,L
643511,Tyler Rogers,2026-05-17,824279,TOR,0,4,3,0,0,1,R
547179,Michael Lorenzen,2026-05-17,824358,COL,1,26,22,9,2,5,R
680604,Blas Castaño,2026-05-17,824358,COL,0,10,9,2,1,3,R
678020,Seth Halvorsen,2026-05-17,824358,COL,0,4,4,1,0,2,R
680767,Victor Vodnik,2026-05-17,824358,COL,0,3,3,0,0,1,R
647336,Michael Soroka,2026-05-17,824358,AZ,1,25,23,6,0,8,R
657044,Ryan Thompson,2026-05-17,824358,AZ,0,1,1,0,0,0,R
666661,Juan Morillo,2026-05-17,824358,AZ,0,3,3,0,0,0,R
694297,Brandon Pfaadt,2026-05-17,824358,AZ,0,5,2,2,0,0,R
664199,Taylor Clarke,2026-05-17,824358,AZ,0,3,2,0,0,0,R
623149,Paul Sewald,2026-05-17,824358,AZ,0,4,3,0,0,0,R
668909,Gavin Williams,2026-05-17,824436,CLE,1,25,25,8,1,7,R
682120,Tim Herrin,2026-05-17,824436,CLE,0,4,3,0,0,3,L
676051,Codi Heuer,2026-05-17,824436,CLE,0,9,8,3,0,2,R
663903,Brady Singer,2026-05-17,824436,CIN,1,20,19,7,3,6,R
656271,Brock Burke,2026-05-17,824436,CIN,0,5,4,1,1,1,L
683175,Connor Phillips,2026-05-17,824436,CIN,0,10,8,3,1,1,R
622088,Tejay Antone,2026-05-17,824436,CIN,0,5,4,1,1,1,R
607200,Erick Fedde,2026-05-17,824599,CWS,1,19,15,6,1,2,R
656794,Sean Newcomb,2026-05-17,824599,CWS,0,8,7,2,0,1,L
691799,Grant Taylor,2026-05-17,824599,CWS,0,6,6,0,0,1,R
663542,Bryan Hudson,2026-05-17,824599,CWS,0,5,2,0,0,0,L
622554,Seranthony Domínguez,2026-05-17,824599,CWS,0,6,5,1,1,1,R
699823,Tyler Davis,2026-05-17,824599,CWS,0,6,3,0,0,1,R
607067,Colin Rea,2026-05-17,824599,CHC,1,21,19,6,0,4,R
657097,Jacob Webb,2026-05-17,824599,CHC,0,5,5,1,0,3,R
571948,Hoby Milner,2026-05-17,824599,CHC,0,5,5,1,0,2,L
664208,Phil Maton,2026-05-17,824599,CHC,0,5,4,2,1,0,R
694037,Daniel Palencia,2026-05-17,824599,CHC,0,5,4,1,0,0,R
669020,Ryan Rolison,2026-05-17,824599,CHC,0,2,1,1,1,0,L
656550,Grant Holmes,2026-05-17,824923,ATL,1,24,23,5,0,4,R
625643,Reynaldo López,2026-05-17,824923,ATL,0,8,8,2,0,2,R
641755,Tyler Kinley,2026-05-17,824923,ATL,0,5,5,2,0,1,R
678394,Brayan Bello,2026-05-17,824923,BOS,1,26,23,8,2,1,R
670245,Ryan Watson,2026-05-17,824923,BOS,0,12,8,0,0,4,R
605488,Jeffrey Springs,2026-05-17,825006,ATH,1,24,23,5,1,3,L
686993,Justin Sterner,2026-05-17,825006,ATH,0,3,3,0,0,0,R
665622,Luis Medina,2026-05-17,825006,ATH,0,5,4,3,0,0,R
660761,José Suarez,2026-05-17,825006,ATH,0,7,6,3,1,1,L
666126,Carlos Cortes,2026-05-17,825006,ATH,0,5,4,1,0,0,S
605288,Adrian Houser,2026-05-17,825006,SF,1,25,20,4,0,3,R
656529,Sam Hentges,2026-05-17,825006,SF,0,3,3,0,0,2,L
676775,Keaton Winn,2026-05-17,825006,SF,0,4,4,1,0,1,R
666711,Joel Peguero,2026-05-17,825006,SF,0,3,3,0,0,0,R
663623,Jake Irvin,2026-05-18,822734,WSH,1,18,17,6,1,6,R
676571,PJ Poulin,2026-05-18,822734,WSH,0,5,4,1,0,1,L
680730,Mitchell Parker,2026-05-18,822734,WSH,0,11,11,2,1,2,L
687377,Orlando Ribalta,2026-05-18,822734,WSH,0,3,3,0,0,0,R
681402,Gus Varland,2026-05-18,822734,WSH,0,7,5,1,0,0,R
687606,Paxton Schultz,2026-05-18,822734,WSH,0,7,5,5,0,0,R
678391,Jorbit Vivas,2026-05-18,822734,WSH,0,6,6,4,0,0,R
681035,Christian Scott,2026-05-18,822734,NYM,1,20,16,4,0,5,R
681810,Austin Warren,2026-05-18,822734,NYM,0,7,6,0,0,1,R
548384,Brooks Raley,2026-05-18,822734,NYM,0,5,2,1,0,0,L
668964,Tobias Myers,2026-05-18,822734,NYM,0,7,6,2,0,1,R
596133,Luke Weaver,2026-05-18,822734,NYM,0,5,4,1,0,2,R
623211,Huascar Brazobán,2026-05-18,822734,NYM,0,10,7,1,0,1,R
518886,Craig Kimbrel,2026-05-18,822734,NYM,0,5,5,2,0,0,R
663556,Shane McClanahan,2026-05-18,822980,TB,1,23,21,6,1,6,L
686678,Chase Solesky,2026-05-18,822980,TB,0,17,16,6,1,4,R
685801,Hunter Bigge,2026-05-18,822980,TB,0,3,3,0,0,1,R
669432,Trevor Rogers,2026-05-18,822980,BAL,1,22,19,8,0,3,L
671382,Cameron Foster,2026-05-18,822980,BAL,0,10,8,5,1,0,R
608650,Dietrich Enns,2026-05-18,822980,BAL,0,9,6,3,0,0,L
552640,Andrew Kittredge,2026-05-18,822980,BAL,0,3,3,0,0,1,R
642215,Weston Wilson,2026-05-18,822980,BAL,0,4,4,2,0,0,R
693433,Bryan Woo,2026-05-18,823137,SEA,1,22,20,3,0,8,R
660825,Eduard Bazardo,2026-05-18,823137,SEA,0,5,4,2,1,1,R
678606,José A. Ferrer,2026-05-18,823137,SEA,0,5,5,1,0,1,L
662253,Andrés Muñoz,2026-05-18,823137,SEA,0,3,3,0,0,1,R
702273,Noah Schultz,2026-05-18,823137,CWS,1,23,21,5,1,6,L
685126,Brandon Eisert,2026-05-18,823137,CWS,0,3,3,0,0,0,L
663855,Jordan Hicks,2026-05-18,823137,CWS,0,4,4,1,0,2,R
670950,Trevor Richards,2026-05-18,823137,CWS,0,6,5,2,1,1,R
650633,Michael King,2026-05-18,823301,SD,1,24,22,4,0,9,R
592094,Jason Adam,2026-05-18,823301,SD,0,5,4,1,0,0,R
695243,Mason Miller,2026-05-18,823301,SD,0,5,3,0,0,1,R
808967,Yoshinobu Yamamoto,2026-05-18,823301,LAD,1,26,24,3,1,8,R
669165,Kyle Hurt,2026-05-18,823301,LAD,0,3,3,1,0,0,R
691725,Andrew Painter,2026-05-18,823465,PHI,1,22,19,3,0,3,R
641745,Brad Keller,2026-05-18,823465,PHI,0,4,4,1,1,1,R
621237,José Alvarado,2026-05-18,823465,PHI,0,5,4,2,0,0,L
689147,Orion Kerkering,2026-05-18,823465,PHI,0,1,1,0,0,0,R
661395,Jhoan Duran,2026-05-18,823465,PHI,0,3,3,0,0,2,R
666157,Nick Lodolo,2026-05-18,823465,CIN,1,24,16,3,1,3,L
622088,Tejay Antone,2026-05-18,823465,CIN,0,2,1,0,0,0,R
668933,Graham Ashcraft,2026-05-18,823465,CIN,0,8,8,2,1,0,R
656271,Brock Burke,2026-05-18,823465,CIN,0,1,1,0,0,0,L
677960,Ryan Weathers,2026-05-18,823549,NYY,1,23,23,7,2,7,L
621112,Paul Blackburn,2026-05-18,823549,NYY,0,5,5,1,0,1,R
518585,Fernando Cruz,2026-05-18,823549,NYY,0,4,3,0,0,3,R
670280,David Bednar,2026-05-18,823549,NYY,0,6,4,1,0,2,R
571578,Patrick Corbin,2026-05-18,823549,TOR,1,20,16,6,1,3,L
680755,Braydon Fisher,2026-05-18,823549,TOR,0,6,6,1,0,1,R
671936,Adam Macko,2026-05-18,823549,TOR,0,3,3,0,0,0,L
684320,Yariel Rodríguez,2026-05-18,823549,TOR,0,5,4,3,2,0,R
656546,Jeff Hoffman,2026-05-18,823549,TOR,0,4,4,1,0,1,R
696070,Kendry Rojas,2026-05-18,823705,MIN,1,15,13,2,0,3,L
680573,Simeon Woods Richardson,2026-05-18,823705,MIN,0,5,4,1,0,1,R
702193,Andrew Morris,2026-05-18,823705,MIN,0,4,3,1,0,0,R
623437,Justin Topa,2026-05-18,823705,MIN,0,7,4,3,0,0,R
679358,Eric Orze,2026-05-18,823705,MIN,0,4,4,0,0,1,R
672782,Yoendrys Gómez,2026-05-18,823705,MIN,0,3,1,0,0,0,R
573124,Taylor Rogers,2026-05-18,823705,MIN,0,2,2,0,0,1,L
837227,Tatsuya Imai,2026-05-18,823705,HOU,1,18,18,5,2,5,R
681151,Jayden Murray,2026-05-18,823705,HOU,0,8,6,4,0,0,R
805123,AJ Blubaugh,2026-05-18,823705,HOU,0,7,6,0,0,1,R
676974,Max Meyer,2026-05-18,823867,MIA,1,22,20,3,0,6,R
667463,John King,2026-05-18,823867,MIA,0,3,3,0,0,1,L
676534,Calvin Faucher,2026-05-18,823867,MIA,0,5,4,1,0,2,R
669199,Lake Bachar,2026-05-18,823867,MIA,0,3,3,0,0,0,R
702275,JR Ritchie,2026-05-18,823867,ATL,1,21,18,5,0,4,R
607481,Aaron Bummer,2026-05-18,823867,ATL,0,11,6,3,2,1,L
800311,Didier Fuentes,2026-05-18,823867,ATL,0,4,3,0,0,2,R
641755,Tyler Kinley,2026-05-18,823867,ATL,0,3,3,0,0,1,R
622761,Jorge Mateo,2026-05-18,823867,ATL,0,4,4,1,0,0,R
700712,Walbert Ureña,2026-05-18,824035,LAA,1,26,23,4,0,4,R
696147,Sam Bachman,2026-05-18,824035,LAA,0,7,7,1,0,2,R
666171,Ryan Zeferjahn,2026-05-18,824035,LAA,0,5,3,2,0,0,R
681217,Chase Silseth,2026-05-18,824035,LAA,0,1,1,0,0,0,R
669372,J.T. Ginn,2026-05-18,824035,ATH,1,28,26,2,1,10,R
607625,Seth Lugo,2026-05-18,824114,KC,1,25,23,5,1,5,R
656638,Alex Lange,2026-05-18,824114,KC,0,6,5,3,0,1,R
670167,John Schreiber,2026-05-18,824114,KC,0,4,4,1,0,2,R
674444,Steven Cruz,2026-05-18,824114,KC,0,4,3,0,0,0,R
543243,Sonny Gray,2026-05-18,824114,BOS,1,24,22,5,0,9,R
686580,Justin Slaten,2026-05-18,824114,BOS,0,3,3,0,0,2,R
676477,Garrett Whitlock,2026-05-18,824114,BOS,0,4,4,1,0,1,R
547973,Aroldis Chapman,2026-05-18,824114,BOS,0,3,3,0,0,1,L
664285,Framber Valdez,2026-05-18,824277,DET,1,23,18,5,0,3,L
676428,Brant Hurter,2026-05-18,824277,DET,0,4,1,1,0,0,L
657756,Connor Seabold,2026-05-18,824277,DET,0,10,10,2,0,2,R
646241,Enmanuel De Jesus,2026-05-18,824277,DET,0,5,4,1,1,2,L
677944,Slade Cecconi,2026-05-18,824277,CLE,1,26,24,5,1,4,R
670036,Matt Festa,2026-05-18,824277,CLE,0,2,2,0,0,1,R
688883,Peyton Pallette,2026-05-18,824277,CLE,0,5,3,0,0,0,R
500779,Jose Quintana,2026-05-18,824357,COL,1,25,24,7,1,4,L
677955,Jaden Hill,2026-05-18,824357,COL,0,4,4,0,0,3,R
680767,Victor Vodnik,2026-05-18,824357,COL,0,3,1,1,0,0,R
657514,Brennan Bernardino,2026-05-18,824357,COL,0,5,4,1,0,0,L
675848,Juan Mejia,2026-05-18,824357,COL,0,4,4,1,0,1,R
669022,MacKenzie Gore,2026-05-18,824357,TEX,1,8,6,3,0,2,L
682608,Peyton Gray,2026-05-18,824357,TEX,0,12,11,2,0,3,R
656222,Jalen Beeks,2026-05-18,824357,TEX,0,5,5,1,0,0,L
686560,Gavin Collyer,2026-05-18,824357,TEX,0,5,4,1,0,0,R
668390,Cole Winn,2026-05-18,824357,TEX,0,3,3,0,0,1,R
596001,Jakob Junis,2026-05-18,824357,TEX,0,3,3,0,0,0,R
684007,Shota Imanaga,2026-05-18,824680,CHC,1,24,21,9,2,2,L
681799,Ethan Roberts,2026-05-18,824680,CHC,0,8,7,3,0,0,R
621389,Ty Blach,2026-05-18,824680,CHC,0,9,9,1,0,2,L
687075,Brandon Sproat,2026-05-18,824680,MIL,1,21,17,3,1,5,R
675660,Shane Drohan,2026-05-18,824680,MIL,0,16,16,4,0,5,L
668678,Zac Gallen,2026-05-18,825087,AZ,1,23,21,4,1,5,R
657044,Ryan Thompson,2026-05-18,825087,AZ,0,4,4,1,0,1,R
805299,Brandyn Garcia,2026-05-18,825087,AZ,0,4,4,2,0,1,L
642528,Jonathan Loáisiga,2026-05-18,825087,AZ,0,4,4,1,0,0,R
592662,Robbie Ray,2026-05-18,825087,SF,1,26,22,11,2,1,L
664141,JT Brubaker,2026-05-18,825087,SF,0,9,9,3,0,1,R
621366,Ryan Borucki,2026-05-18,825087,SF,0,7,7,2,0,1,L
656492,Foster Griffin,2026-05-19,822736,WSH,1,24,22,8,2,5,L
695418,Brad Lord,2026-05-19,822736,WSH,0,10,10,2,1,3,R
663992,Richard Lovelady,2026-05-19,822736,WSH,0,3,3,0,0,1,L
690997,Nolan McLean,2026-05-19,822736,NYM,1,31,26,8,2,5,R
650960,Daniel Duarte,2026-05-19,822736,NYM,0,7,7,1,0,1,R
643377,Griffin Jax,2026-05-19,822979,TB,1,18,17,3,1,6,R
687330,Kevin Kelly,2026-05-19,822979,TB,0,3,3,1,0,0,R
693855,Ian Seymour,2026-05-19,822979,TB,0,4,4,0,0,1,L
668984,Casey Legumina,2026-05-19,822979,TB,0,3,2,0,0,1,R
641329,Bryan Baker,2026-05-19,822979,TB,0,3,3,0,0,1,R
680694,Kyle Bradish,2026-05-19,822979,BAL,1,23,20,4,1,6,R
689296,Anthony Nunez,2026-05-19,822979,BAL,0,2,2,0,0,1,R
669211,Keegan Akin,2026-05-19,822979,BAL,0,3,3,1,0,1,L
666974,Yennier Cano,2026-05-19,822979,BAL,0,3,2,0,0,1,R
670329,Rico Garcia,2026-05-19,822979,BAL,0,3,3,2,0,1,R
669461,Matthew Liberatore,2026-05-19,823059,STL,1,23,21,7,0,9,L
700669,Gordon Graceffo,2026-05-19,823059,STL,0,5,5,1,0,1,R
592773,Ryne Stanek,2026-05-19,823059,STL,0,3,2,1,0,0,R
668941,JoJo Romero,2026-05-19,823059,STL,0,5,5,1,0,2,L
676617,Riley O'Brien,2026-05-19,823059,STL,0,7,4,2,0,0,R
666277,George Soriano,2026-05-19,823059,STL,0,3,3,0,0,1,R
656605,Mitch Keller,2026-05-19,823059,PIT,1,22,20,4,1,3,R
681895,Evan Sisk,2026-05-19,823059,PIT,0,6,3,2,1,0,L
684049,Brandan Bidois,2026-05-19,823059,PIT,0,5,4,1,1,1,R
642397,Gregory Soto,2026-05-19,823059,PIT,0,3,3,0,0,3,L
682254,Mason Montgomery,2026-05-19,823059,PIT,0,2,2,2,1,0,L
682243,Bryce Miller,2026-05-19,823136,SEA,1,19,18,1,0,7,R
678606,José A. Ferrer,2026-05-19,823136,SEA,0,1,1,0,0,1,L
622491,Luis Castillo,2026-05-19,823136,SEA,0,11,8,1,0,4,R
662253,Andrés Muñoz,2026-05-19,823136,SEA,0,4,4,2,0,2,R
641743,Anthony Kay,2026-05-19,823136,CWS,1,22,17,1,0,5,L
699823,Tyler Davis,2026-05-19,823136,CWS,0,6,5,0,0,4,R
663542,Bryan Hudson,2026-05-19,823136,CWS,0,3,3,0,0,1,L
691799,Grant Taylor,2026-05-19,823136,CWS,0,3,3,0,0,3,R
656288,Griffin Canning,2026-05-19,823302,SD,1,20,19,4,1,5,R
669093,Jeremiah Estrada,2026-05-19,823302,SD,0,4,4,1,1,1,R
699134,Bradgley Rodriguez,2026-05-19,823302,SD,0,3,3,0,0,2,R
670970,Adrian Morejon,2026-05-19,823302,SD,0,4,4,1,0,1,L
695243,Mason Miller,2026-05-19,823302,SD,0,3,1,0,0,0,R
676760,Ron Marinaccio,2026-05-19,823302,SD,0,1,1,0,0,1,R
686218,Emmet Sheehan,2026-05-19,823302,LAD,1,18,17,5,2,2,R
683618,Edgardo Henriquez,2026-05-19,823302,LAD,0,5,4,0,0,1,R
681911,Alex Vesia,2026-05-19,823302,LAD,0,2,2,0,0,0,L
595014,Blake Treinen,2026-05-19,823302,LAD,0,4,3,1,0,0,R
656945,Tanner Scott,2026-05-19,823302,LAD,0,5,4,0,0,2,L
694361,Will Klein,2026-05-19,823302,LAD,0,3,3,0,0,1,R
666200,Jesús Luzardo,2026-05-19,823464,PHI,1,23,19,5,0,5,L
621383,Tanner Banks,2026-05-19,823464,PHI,0,4,3,2,0,0,L
680742,Jonathan Bowlan,2026-05-19,823464,PHI,0,4,3,0,0,0,R
663767,Chase Shugart,2026-05-19,823464,PHI,0,6,5,0,0,3,R
695505,Chase Burns,2026-05-19,823464,CIN,1,20,20,3,1,9,R
572955,Pierce Johnson,2026-05-19,823464,CIN,0,4,3,0,0,2,R
594580,Sam Moll,2026-05-19,823464,CIN,0,3,3,0,0,1,L
663574,Tony Santillan,2026-05-19,823464,CIN,0,3,3,0,0,2,R
701542,Will Warren,2026-05-19,823548,NYY,1,22,20,6,0,3,R
657612,Tim Hill,2026-05-19,823548,NYY,0,4,3,0,0,1,L
656234,Jake Bird,2026-05-19,823548,NYY,0,3,2,0,0,1,R
687396,Brent Headrick,2026-05-19,823548,NYY,0,5,5,1,0,2,L
666808,Camilo Doval,2026-05-19,823548,NYY,0,6,4,2,0,0,R
656302,Dylan Cease,2026-05-19,823548,TOR,1,22,18,4,2,9,R
671936,Adam Macko,2026-05-19,823548,TOR,0,3,3,1,0,1,L
695445,Chase Lee,2026-05-19,823548,TOR,0,3,1,0,0,0,R
689254,Mason Fluharty,2026-05-19,823548,TOR,0,4,4,1,0,1,L
686973,Louis Varland,2026-05-19,823548,TOR,0,3,3,0,0,1,R
805673,Zebby Matthews,2026-05-19,823704,MIN,1,23,23,5,1,6,R
607455,Anthony Banda,2026-05-19,823704,MIN,0,3,3,0,0,0,L
701519,Travis Adams,2026-05-19,823704,MIN,0,6,6,0,0,1,R
669920,Jason Alexander,2026-05-19,823704,HOU,1,23,22,4,0,4,R
595345,Steven Okert,2026-05-19,823704,HOU,0,3,3,0,0,3,L
660853,Enyel De Los Santos,2026-05-19,823704,HOU,0,4,4,1,0,0,R
687911,Bryan King,2026-05-19,823704,HOU,0,5,5,2,0,1,L
650556,Bryan Abreu,2026-05-19,823704,HOU,0,2,1,0,0,0,R
666129,Braxton Garrett,2026-05-19,823865,MIA,1,15,11,3,0,2,L
669622,Anthony Bender,2026-05-19,823865,MIA,0,5,5,1,0,1,R
677053,Andrew Nardi,2026-05-19,823865,MIA,0,6,6,2,1,3,L
656848,Michael Petersen,2026-05-19,823865,MIA,0,6,4,0,0,1,R
676534,Calvin Faucher,2026-05-19,823865,MIA,0,7,4,2,0,2,R
669199,Lake Bachar,2026-05-19,823865,MIA,0,7,6,2,0,2,R
527048,Martín Pérez,2026-05-19,823865,ATL,1,23,20,5,1,10,L
800311,Didier Fuentes,2026-05-19,823865,ATL,0,3,2,0,0,0,R
669276,Dylan Lee,2026-05-19,823865,ATL,0,6,6,2,0,2,L
663158,Robert Suarez,2026-05-19,823865,ATL,0,4,3,0,0,0,R
628452,Raisel Iglesias,2026-05-19,823865,ATL,0,4,4,1,0,1,R
672282,Reid Detmers,2026-05-19,824033,LAA,1,27,25,8,0,8,L
820862,José Fermin,2026-05-19,824033,LAA,0,3,2,1,0,0,R
696270,Ryan Johnson,2026-05-19,824033,LAA,0,11,10,4,2,0,R
608718,Brent Suter,2026-05-19,824033,LAA,0,5,5,2,0,1,L
682052,Jacob Lopez,2026-05-19,824033,ATH,1,21,18,7,1,2,L
686993,Justin Sterner,2026-05-19,824033,ATH,0,1,1,0,0,0,R
678022,Jack Perkins,2026-05-19,824033,ATH,0,8,7,1,0,0,R
605130,Scott Barlow,2026-05-19,824033,ATH,0,3,3,0,0,0,R
663687,Hogan Harris,2026-05-19,824033,ATH,0,6,5,2,0,1,L
669270,Joel Kuhnel,2026-05-19,824033,ATH,0,5,4,1,0,2,R
663559,Bailey Falter,2026-05-19,824112,KC,1,12,9,4,0,2,L
679883,Luinder Avila,2026-05-19,824112,KC,0,9,8,1,0,3,R
670167,John Schreiber,2026-05-19,824112,KC,0,4,4,1,0,2,R
683232,Nick Mears,2026-05-19,824112,KC,0,7,7,2,0,2,R
669212,Eli Morgan,2026-05-19,824112,KC,0,9,9,7,1,0,R
624133,Ranger Suarez,2026-05-19,824112,BOS,1,19,16,4,0,3,L
677161,Zack Kelly,2026-05-19,824112,BOS,0,3,3,1,0,0,R
701719,Tyler Samaniego,2026-05-19,824112,BOS,0,3,3,1,0,1,L
686580,Justin Slaten,2026-05-19,824112,BOS,0,3,3,0,0,2,R
676477,Garrett Whitlock,2026-05-19,824112,BOS,0,3,3,0,0,1,R
663558,Jovani Morán,2026-05-19,824112,BOS,0,3,3,0,0,3,L
672456,Keider Montero,2026-05-19,824276,DET,1,21,15,2,1,1,R
663947,Tyler Holton,2026-05-19,824276,DET,0,7,6,1,0,2,L
676684,Will Vest,2026-05-19,824276,DET,0,3,3,0,0,1,R
572143,Burch Smith,2026-05-19,824276,DET,0,3,3,1,0,0,R
800048,Parker Messick,2026-05-19,824276,CLE,1,21,18,4,1,6,L
670059,Colin Holderman,2026-05-19,824276,CLE,0,4,4,1,0,1,R
681870,Erik Sabrowski,2026-05-19,824276,CLE,0,4,3,0,0,2,L
682120,Tim Herrin,2026-05-19,824276,CLE,0,3,1,0,0,1,L
683769,Hunter Gaddis,2026-05-19,824276,CLE,0,3,2,0,0,0,R
671922,Cade Smith,2026-05-19,824276,CLE,0,5,5,2,0,3,R
671111,Sammy Peralta,2026-05-19,824356,COL,1,7,4,2,0,1,L
685299,Tanner Gordon,2026-05-19,824356,COL,0,31,29,12,1,5,R
678020,Seth Halvorsen,2026-05-19,824356,COL,0,7,5,2,0,0,R
664954,Brett Sullivan,2026-05-19,824356,COL,0,3,2,0,0,0,R
641302,Tyler Alexander,2026-05-19,824356,TEX,1,4,3,0,0,1,L
677958,Kumar Rocker,2026-05-19,824356,TEX,0,28,25,3,0,7,R
656222,Jalen Beeks,2026-05-19,824356,TEX,0,1,1,0,0,0,L
676962,Ben Brown,2026-05-19,824677,CHC,1,25,23,7,0,6,R
657097,Jacob Webb,2026-05-19,824677,CHC,0,5,5,2,0,0,R
573204,Caleb Thielbar,2026-05-19,824677,CHC,0,4,4,1,0,0,L
663423,Trent Thornton,2026-05-19,824677,CHC,0,5,4,1,1,0,R
664208,Phil Maton,2026-05-19,824677,CHC,0,3,3,0,0,1,R
694819,Jacob Misiorowski,2026-05-19,824677,MIL,1,22,21,3,0,8,R
656730,Trevor Megill,2026-05-19,824677,MIL,0,3,3,0,0,2,R
676879,Aaron Ashby,2026-05-19,824677,MIL,0,7,6,3,0,2,L
694477,Chad Patrick,2026-05-19,824677,MIL,0,1,1,0,0,0,R
682842,Abner Uribe,2026-05-19,824677,MIL,0,3,3,0,0,1,R
669194,Ryne Nelson,2026-05-19,825086,AZ,1,31,29,8,2,3,R
656464,Kevin Ginkel,2026-05-19,825086,AZ,0,4,3,0,0,3,R
642528,Jonathan Loáisiga,2026-05-19,825086,AZ,0,3,3,0,0,0,R
694738,Landen Roupp,2026-05-19,825086,SF,1,23,23,7,0,3,R
676775,Keaton Winn,2026-05-19,825086,SF,0,3,2,0,0,1,R
669062,Erik Miller,2026-05-19,825086,SF,0,4,1,0,0,0,L
668873,Caleb Kilian,2026-05-19,825086,SF,0,6,5,2,0,1,R
657424,Matt Gage,2026-05-19,825086,SF,0,1,1,1,1,0,L
641793,Zack Littell,2026-05-20,822735,WSH,1,20,20,5,1,3,R
674841,Andrew Alvarez,2026-05-20,822735,WSH,0,14,13,2,1,5,L
804267,Zac Thornton,2026-05-20,822735,NYM,1,19,17,4,1,3,L
681810,Austin Warren,2026-05-20,822735,NYM,0,6,5,4,0,0,R
518886,Craig Kimbrel,2026-05-20,822735,NYM,0,10,9,2,1,2,R
571927,Steven Matz,2026-05-20,822977,TB,1,17,15,3,0,5,L
669947,Jesse Scholtens,2026-05-20,822977,TB,0,19,18,6,2,4,R
693855,Ian Seymour,2026-05-20,822977,TB,0,3,3,0,0,0,L
669358,Shane Baz,2026-05-20,822977,BAL,1,22,19,2,1,6,R
669330,Tyler Wells,2026-05-20,822977,BAL,0,3,3,0,0,0,R
689296,Anthony Nunez,2026-05-20,822977,BAL,0,6,5,3,0,0,R
670329,Rico Garcia,2026-05-20,822977,BAL,0,2,2,1,0,0,R
700241,Michael McGreevy,2026-05-20,823057,STL,1,26,25,10,1,1,R
677865,Justin Bruihl,2026-05-20,823057,STL,0,6,5,0,0,2,L
694335,Matt Svanson,2026-05-20,823057,STL,0,7,7,5,0,1,R
690155,Matt Pushard,2026-05-20,823057,STL,0,6,4,0,0,2,R
669387,Carmen Mlodzinski,2026-05-20,823057,PIT,1,19,18,4,0,1,R
670990,Yohan Ramírez,2026-05-20,823057,PIT,0,6,4,1,0,1,R
681895,Evan Sisk,2026-05-20,823057,PIT,0,3,3,0,0,1,L
664875,Justin Lawrence,2026-05-20,823057,PIT,0,4,3,0,0,2,R
642701,Dennis Santana,2026-05-20,823057,PIT,0,3,3,0,0,1,R
676106,Emerson Hancock,2026-05-20,823134,SEA,1,22,19,5,0,4,R
681867,Cooper Criswell,2026-05-20,823134,SEA,0,4,4,2,0,1,R
666374,Matt Brash,2026-05-20,823134,SEA,0,4,4,1,0,2,R
660825,Eduard Bazardo,2026-05-20,823134,SEA,0,6,5,2,0,1,R
678606,José A. Ferrer,2026-05-20,823134,SEA,0,4,4,1,1,3,L
680732,Sean Burke,2026-05-20,823134,CWS,1,22,17,4,0,5,R
656794,Sean Newcomb,2026-05-20,823134,CWS,0,8,7,2,1,1,L
663855,Jordan Hicks,2026-05-20,823134,CWS,0,2,2,1,1,0,R
685126,Brandon Eisert,2026-05-20,823134,CWS,0,3,2,0,0,1,L
681190,Randy Vásquez,2026-05-20,823299,SD,1,21,17,6,1,0,R
593974,Wandy Peralta,2026-05-20,823299,SD,0,6,5,1,0,0,L
673513,Yuki Matsui,2026-05-20,823299,SD,0,6,4,1,0,2,L
676760,Ron Marinaccio,2026-05-20,823299,SD,0,6,6,2,1,1,R
660271,Shohei Ohtani,2026-05-20,823299,LAD,1,19,17,3,0,4,R
683618,Edgardo Henriquez,2026-05-20,823299,LAD,0,3,3,0,0,1,R
595014,Blake Treinen,2026-05-20,823299,LAD,0,3,3,0,0,1,R
669165,Kyle Hurt,2026-05-20,823299,LAD,0,4,4,2,0,1,R
694361,Will Klein,2026-05-20,823299,LAD,0,3,3,0,0,1,R
605400,Aaron Nola,2026-05-20,823462,PHI,1,23,23,8,0,5,R
641835,Tim Mayza,2026-05-20,823462,PHI,0,7,7,3,0,2,L
689147,Orion Kerkering,2026-05-20,823462,PHI,0,5,5,2,0,2,R
641745,Brad Keller,2026-05-20,823462,PHI,0,3,3,0,0,0,R
621237,José Alvarado,2026-05-20,823462,PHI,0,5,5,2,1,1,L
671096,Andrew Abbott,2026-05-20,823462,CIN,1,22,17,3,1,3,L
656271,Brock Burke,2026-05-20,823462,CIN,0,4,4,2,1,0,L
683175,Connor Phillips,2026-05-20,823462,CIN,0,3,3,0,0,1,R
668933,Graham Ashcraft,2026-05-20,823462,CIN,0,3,3,0,0,2,R
594580,Sam Moll,2026-05-20,823462,CIN,0,4,4,1,0,1,L
693645,Cam Schlittler,2026-05-20,823547,NYY,1,27,24,8,0,7,R
656234,Jake Bird,2026-05-20,823547,NYY,0,3,2,0,0,1,R
672442,Yovanny Cruz,2026-05-20,823547,NYY,0,6,6,0,0,3,R
702056,Trey Yesavage,2026-05-20,823547,TOR,1,20,20,2,0,8,R
689254,Mason Fluharty,2026-05-20,823547,TOR,0,3,3,2,0,0,L
656546,Jeff Hoffman,2026-05-20,823547,TOR,0,2,2,0,0,0,R
643511,Tyler Rogers,2026-05-20,823547,TOR,0,3,3,0,0,1,R
686973,Louis Varland,2026-05-20,823547,TOR,0,5,5,1,0,2,R
657746,Joe Ryan,2026-05-20,823703,MIN,1,22,22,4,0,9,R
672782,Yoendrys Gómez,2026-05-20,823703,MIN,0,7,7,1,0,5,R
702193,Andrew Morris,2026-05-20,823703,MIN,0,3,3,0,0,1,R
681347,Mike Burrows,2026-05-20,823703,HOU,1,27,23,6,2,2,R
805123,AJ Blubaugh,2026-05-20,823703,HOU,0,3,3,0,0,1,R
663878,Nate Pearson,2026-05-20,823703,HOU,0,3,3,0,0,0,R
676083,Janson Junk,2026-05-20,823866,MIA,1,23,23,8,2,3,R
663969,Tyler Phillips,2026-05-20,823866,MIA,0,12,11,2,0,2,R
691594,Javier Sanoja,2026-05-20,823866,MIA,0,4,4,1,0,1,R
519242,Chris Sale,2026-05-20,823866,ATL,1,25,24,4,0,8,L
682989,Victor Mederos,2026-05-20,823866,ATL,0,6,5,0,0,0,R
686799,Jack Kochanowicz,2026-05-20,824032,LAA,1,25,20,3,0,7,R
666171,Ryan Zeferjahn,2026-05-20,824032,LAA,0,3,1,0,0,0,R
696147,Sam Bachman,2026-05-20,824032,LAA,0,5,5,1,0,1,R
489446,Kirby Yates,2026-05-20,824032,LAA,0,5,3,1,1,1,R
642048,Tayler Saucedo,2026-05-20,824032,LAA,0,1,1,0,0,0,L
681217,Chase Silseth,2026-05-20,824032,LAA,0,5,4,1,0,2,R
650644,Aaron Civale,2026-05-20,824032,ATH,1,21,19,5,3,2,R
665622,Luis Medina,2026-05-20,824032,ATH,0,7,7,1,0,2,R
643410,Mark Leiter Jr.,2026-05-20,824032,ATH,0,3,3,0,0,1,R
605130,Scott Barlow,2026-05-20,824032,ATH,0,4,3,0,0,1,R
663687,Hogan Harris,2026-05-20,824032,ATH,0,5,3,0,0,1,L
608379,Michael Wacha,2026-05-20,824111,KC,1,25,23,6,0,8,R
674444,Steven Cruz,2026-05-20,824111,KC,0,4,4,2,1,1,R
663738,Daniel Lynch IV,2026-05-20,824111,KC,0,6,5,2,0,0,L
656638,Alex Lange,2026-05-20,824111,KC,0,4,4,1,0,1,R
813349,Connelly Early,2026-05-20,824111,BOS,1,27,26,6,2,5,L
669711,Greg Weissert,2026-05-20,824111,BOS,0,5,5,1,0,1,R
663558,Jovani Morán,2026-05-20,824111,BOS,0,1,1,0,0,1,L
547973,Aroldis Chapman,2026-05-20,824111,BOS,0,4,4,1,0,1,L
623454,Drew Anderson,2026-05-20,824273,DET,1,18,16,2,0,7,R
640448,Kyle Finnegan,2026-05-20,824273,DET,0,5,5,2,0,1,R
676428,Brant Hurter,2026-05-20,824273,DET,0,4,3,0,0,0,L
445276,Kenley Jansen,2026-05-20,824273,DET,0,4,3,0,0,1,R
676684,Will Vest,2026-05-20,824273,DET,0,5,4,2,0,1,R
663947,Tyler Holton,2026-05-20,824273,DET,0,5,5,2,0,1,L
676440,Tanner Bibee,2026-05-20,824273,CLE,1,28,26,4,0,5,R
681870,Erik Sabrowski,2026-05-20,824273,CLE,0,3,1,0,0,1,L
670059,Colin Holderman,2026-05-20,824273,CLE,0,2,2,0,0,2,R
671922,Cade Smith,2026-05-20,824273,CLE,0,4,4,1,0,1,R
607536,Kyle Freeland,2026-05-20,824355,COL,1,22,20,7,2,4,L
677955,Jaden Hill,2026-05-20,824355,COL,0,5,5,1,0,0,R
622608,Antonio Senzatela,2026-05-20,824355,COL,0,8,8,2,0,1,R
657514,Brennan Bernardino,2026-05-20,824355,COL,0,4,3,2,0,1,L
675848,Juan Mejia,2026-05-20,824355,COL,0,3,3,1,0,1,R
683004,Jack Leiter,2026-05-20,824355,TEX,1,24,22,7,0,5,R
596001,Jakob Junis,2026-05-20,824355,TEX,0,3,3,0,0,0,R
641302,Tyler Alexander,2026-05-20,824355,TEX,0,3,3,0,0,2,L
656641,Jacob Latz,2026-05-20,824355,TEX,0,7,7,1,0,4,L
665795,Edward Cabrera,2026-05-20,824678,CHC,1,16,13,4,0,2,R
663423,Trent Thornton,2026-05-20,824678,CHC,0,5,5,0,0,2,R
571948,Hoby Milner,2026-05-20,824678,CHC,0,4,4,0,0,1,L
664208,Phil Maton,2026-05-20,824678,CHC,0,5,4,2,0,1,R
669020,Ryan Rolison,2026-05-20,824678,CHC,0,5,5,0,0,1,L
694037,Daniel Palencia,2026-05-20,824678,CHC,0,5,4,2,0,2,R
690986,Kyle Harrison,2026-05-20,824678,MIL,1,23,22,2,0,11,L
669084,DL Hall,2026-05-20,824678,MIL,0,6,5,0,0,2,L
518876,Merrill Kelly,2026-05-20,825084,AZ,1,26,26,8,1,4,R
805299,Brandyn Garcia,2026-05-20,825084,AZ,0,3,2,0,0,0,L
664199,Taylor Clarke,2026-05-20,825084,AZ,0,1,1,0,0,0,R
694297,Brandon Pfaadt,2026-05-20,825084,AZ,0,3,3,0,0,0,R
623149,Paul Sewald,2026-05-20,825084,AZ,0,3,3,0,0,1,R
641816,Tyler Mahle,2026-05-20,825084,SF,1,23,22,8,1,6,R
676775,Keaton Winn,2026-05-20,825084,SF,0,3,3,0,0,3,R
656529,Sam Hentges,2026-05-20,825084,SF,0,5,4,0,0,0,L
666711,Joel Peguero,2026-05-20,825084,SF,0,2,2,1,0,1,R
676917,Cade Cavalli,2026-05-21,822733,WSH,1,27,24,4,0,9,R
690925,Clayton Beeter,2026-05-21,822733,WSH,0,4,3,0,0,2,R
687377,Orlando Ribalta,2026-05-21,822733,WSH,0,6,5,2,0,1,R
656849,David Peterson,2026-05-21,822733,NYM,1,22,19,4,0,3,L
623211,Huascar Brazobán,2026-05-21,822733,NYM,0,3,3,0,0,0,R
548384,Brooks Raley,2026-05-21,822733,NYM,0,3,3,0,0,2,L
596133,Luke Weaver,2026-05-21,822733,NYM,0,4,3,0,0,1,R
642207,Devin Williams,2026-05-21,822733,NYM,0,4,4,1,0,1,R
669160,Dustin May,2026-05-21,823056,STL,1,25,22,6,1,7,R
700669,Gordon Graceffo,2026-05-21,823056,STL,0,1,1,0,0,0,R
677865,Justin Bruihl,2026-05-21,823056,STL,0,5,5,3,1,0,L
694335,Matt Svanson,2026-05-21,823056,STL,0,5,5,1,0,1,R
690155,Matt Pushard,2026-05-21,823056,STL,0,3,3,0,0,1,R
677952,Braxton Ashcraft,2026-05-21,823056,PIT,1,27,25,4,1,9,R
696062,Wilber Dotel,2026-05-21,823056,PIT,0,6,6,3,0,2,R
682254,Mason Montgomery,2026-05-21,823056,PIT,0,3,3,1,0,0,L
607074,Carlos Rodón,2026-05-21,823545,NYY,1,21,18,3,0,7,L
672442,Yovanny Cruz,2026-05-21,823545,NYY,0,3,2,1,0,0,R
687396,Brent Headrick,2026-05-21,823545,NYY,0,3,3,0,0,1,L
666808,Camilo Doval,2026-05-21,823545,NYY,0,3,3,1,1,0,R
621112,Paul Blackburn,2026-05-21,823545,NYY,0,7,7,2,0,2,R
680755,Braydon Fisher,2026-05-21,823545,TOR,1,5,4,0,0,4,R
671936,Adam Macko,2026-05-21,823545,TOR,0,5,5,1,0,2,L
693686,Spencer Miles,2026-05-21,823545,TOR,0,16,15,2,0,6,R
643511,Tyler Rogers,2026-05-21,823545,TOR,0,3,2,0,0,0,R
656546,Jeff Hoffman,2026-05-21,823545,TOR,0,3,3,0,0,2,R
645261,Sandy Alcantara,2026-05-21,823864,MIA,1,25,24,9,2,3,R
806188,Cade Gibson,2026-05-21,823864,MIA,0,11,8,3,0,4,L
664126,Pete Fairbanks,2026-05-21,823864,MIA,0,4,4,1,1,2,R
675911,Spencer Strider,2026-05-21,823864,ATL,1,24,22,4,3,9,R
669276,Dylan Lee,2026-05-21,823864,ATL,0,3,3,1,0,1,L
663158,Robert Suarez,2026-05-21,823864,ATL,0,3,3,0,0,1,R
689266,Dylan Dodd,2026-05-21,823864,ATL,0,4,4,1,0,2,L
667755,José Soriano,2026-05-21,824031,LAA,1,26,25,6,0,7,R
681217,Chase Silseth,2026-05-21,824031,LAA,0,1,1,0,0,0,R
820862,José Fermin,2026-05-21,824031,LAA,0,6,4,1,0,1,R
489446,Kirby Yates,2026-05-21,824031,LAA,0,5,4,0,0,1,R
666171,Ryan Zeferjahn,2026-05-21,824031,LAA,0,6,3,0,0,0,R
622663,Luis Severino,2026-05-21,824031,ATH,1,23,23,3,1,10,R
686993,Justin Sterner,2026-05-21,824031,ATH,0,3,3,0,0,1,R
669270,Joel Kuhnel,2026-05-21,824031,ATH,0,5,4,1,0,0,R
643410,Mark Leiter Jr.,2026-05-21,824031,ATH,0,3,3,1,0,1,R
663554,Casey Mize,2026-05-21,824274,DET,1,24,24,4,0,4,R
572143,Burch Smith,2026-05-21,824274,DET,0,5,4,2,1,1,R
646241,Enmanuel De Jesus,2026-05-21,824274,DET,0,5,5,0,0,2,L
676282,Joey Cantillo,2026-05-21,824274,CLE,1,23,20,3,0,6,L
670036,Matt Festa,2026-05-21,824274,CLE,0,2,2,1,0,1,R
542888,Shawn Armstrong,2026-05-21,824274,CLE,0,3,2,0,0,2,R
682120,Tim Herrin,2026-05-21,824274,CLE,0,3,3,1,1,1,L
676051,Codi Heuer,2026-05-21,824274,CLE,0,2,2,0,0,1,R
683769,Hunter Gaddis,2026-05-21,824274,CLE,0,4,4,1,0,2,R
593958,Eduardo Rodriguez,2026-05-21,825083,AZ,1,24,23,4,0,4,L
666661,Juan Morillo,2026-05-21,825083,AZ,0,5,3,2,0,1,R
656464,Kevin Ginkel,2026-05-21,825083,AZ,0,2,2,0,0,0,R
623149,Paul Sewald,2026-05-21,825083,AZ,0,3,3,0,0,1,R
688642,Zach Agnos,2026-05-21,825083,COL,1,17,16,1,0,4,R
680604,Blas Castaño,2026-05-21,825083,COL,0,11,7,2,0,1,R
678020,Seth Halvorsen,2026-05-21,825083,COL,0,5,3,0,0,2,R
675848,Juan Mejia,2026-05-21,825083,COL,0,5,2,1,0,1,R
592332,Kevin Gausman,2026-05-22,822816,TOR,1,27,24,6,0,8,R
689254,Mason Fluharty,2026-05-22,822816,TOR,0,3,2,1,0,0,L
686973,Louis Varland,2026-05-22,822816,TOR,0,6,6,0,0,3,R
696149,Bubba Chandler,2026-05-22,822816,PIT,1,23,19,2,0,11,R
684049,Brandan Bidois,2026-05-22,822816,PIT,0,4,3,0,0,1,R
664875,Justin Lawrence,2026-05-22,822816,PIT,0,5,3,0,0,1,R
642701,Dennis Santana,2026-05-22,822816,PIT,0,7,6,3,0,2,R
686790,Trevor McDonald,2026-05-22,823223,SF,1,18,15,3,0,4,R
621366,Ryan Borucki,2026-05-22,823223,SF,0,9,7,2,0,2,L
669062,Erik Miller,2026-05-22,823223,SF,0,4,3,0,0,2,L
664141,JT Brubaker,2026-05-22,823223,SF,0,11,9,0,0,1,R
663436,Davis Martin,2026-05-22,823223,CWS,1,26,24,6,0,7,R
699823,Tyler Davis,2026-05-22,823223,CWS,0,5,5,1,0,1,R
685126,Brandon Eisert,2026-05-22,823223,CWS,0,4,3,0,0,2,L
670950,Trevor Richards,2026-05-22,823223,CWS,0,3,3,0,0,2,R
621111,Walker Buehler,2026-05-22,823298,SD,1,22,18,5,0,4,R
699134,Bradgley Rodriguez,2026-05-22,823298,SD,0,5,4,2,0,0,R
670970,Adrian Morejon,2026-05-22,823298,SD,0,4,4,0,0,3,L
592094,Jason Adam,2026-05-22,823298,SD,0,3,3,1,0,0,R
669093,Jeremiah Estrada,2026-05-22,823298,SD,0,3,3,0,0,1,R
605488,Jeffrey Springs,2026-05-22,823298,ATH,1,24,21,3,3,3,L
678022,Jack Perkins,2026-05-22,823298,ATH,0,9,7,4,0,2,R
660761,José Suarez,2026-05-22,823298,ATH,0,1,1,0,0,0,L
650911,Cristopher Sánchez,2026-05-22,823461,PHI,1,28,26,4,0,6,L
661395,Jhoan Duran,2026-05-22,823461,PHI,0,4,4,2,1,1,R
668909,Gavin Williams,2026-05-22,823461,CLE,1,27,27,5,0,11,R
671922,Cade Smith,2026-05-22,823461,CLE,0,3,3,0,0,1,R
543037,Gerrit Cole,2026-05-22,823546,NYY,1,22,19,2,0,2,R
687396,Brent Headrick,2026-05-22,823546,NYY,0,3,3,2,0,0,L
518585,Fernando Cruz,2026-05-22,823546,NYY,0,2,2,0,0,2,R
657612,Tim Hill,2026-05-22,823546,NYY,0,5,4,3,0,0,L
666808,Camilo Doval,2026-05-22,823546,NYY,0,2,1,0,0,0,R
670280,David Bednar,2026-05-22,823546,NYY,0,4,4,1,0,3,R
607259,Nick Martinez,2026-05-22,823546,TB,1,26,25,9,1,1,R
693855,Ian Seymour,2026-05-22,823546,TB,0,7,7,2,0,2,L
687330,Kevin Kelly,2026-05-22,823546,TB,0,1,1,0,0,0,R
641329,Bryan Baker,2026-05-22,823546,TB,0,4,3,0,0,1,R
701656,Logan Henderson,2026-05-22,823788,MIL,1,19,16,2,0,7,R
675660,Shane Drohan,2026-05-22,823788,MIL,0,8,6,1,0,2,L
676879,Aaron Ashby,2026-05-22,823788,MIL,0,6,3,0,0,0,L
694477,Chad Patrick,2026-05-22,823788,MIL,0,4,4,0,0,0,R
680736,Justin Wrobleski,2026-05-22,823788,LAD,1,24,21,8,1,4,L
801434,Paul Gervase,2026-05-22,823788,LAD,0,7,6,1,0,0,R
642546,Jonathan Hernández,2026-05-22,823788,LAD,0,3,3,0,0,0,R
691587,Eury Pérez,2026-05-22,823863,MIA,1,20,20,2,1,5,R
677053,Andrew Nardi,2026-05-22,823863,MIA,0,3,3,0,0,2,L
656848,Michael Petersen,2026-05-22,823863,MIA,0,2,2,1,0,1,R
664126,Pete Fairbanks,2026-05-22,823863,MIA,0,4,3,0,0,2,R
668964,Tobias Myers,2026-05-22,823863,NYM,1,6,5,1,0,0,R
640455,Sean Manaea,2026-05-22,823863,NYM,0,15,15,4,0,3,L
804636,Jonah Tong,2026-05-22,823863,NYM,0,9,8,0,0,2,R
680570,Grayson Rodriguez,2026-05-22,824029,LAA,1,25,23,7,1,5,R
608718,Brent Suter,2026-05-22,824029,LAA,0,4,3,1,0,0,L
642048,Tayler Saucedo,2026-05-22,824029,LAA,0,1,1,1,0,0,L
696147,Sam Bachman,2026-05-22,824029,LAA,0,5,4,1,0,0,R
815083,Mitch Farris,2026-05-22,824029,LAA,0,4,4,1,1,1,L
594798,Jacob deGrom,2026-05-22,824029,TEX,1,18,15,6,2,3,R
615698,Cal Quantrill,2026-05-22,824029,TEX,0,14,12,3,0,0,R
656222,Jalen Beeks,2026-05-22,824029,TEX,0,4,4,1,1,0,L
455119,Chris Martin,2026-05-22,824029,TEX,0,5,5,3,1,0,R
702070,Noah Cameron,2026-05-22,824110,KC,1,23,21,4,0,8,L
683232,Nick Mears,2026-05-22,824110,KC,0,5,4,1,1,0,R
656638,Alex Lange,2026-05-22,824110,KC,0,3,3,0,0,0,R
669212,Eli Morgan,2026-05-22,824110,KC,0,3,3,0,0,0,R
669302,Logan Gilbert,2026-05-22,824110,SEA,1,21,19,2,0,6,R
660825,Eduard Bazardo,2026-05-22,824110,SEA,0,4,4,0,0,3,R
666374,Matt Brash,2026-05-22,824110,SEA,0,5,5,2,0,1,R
662253,Andrés Muñoz,2026-05-22,824110,SEA,0,3,3,0,0,0,R
592791,Jameson Taillon,2026-05-22,824679,CHC,1,23,22,8,1,5,R
571948,Hoby Milner,2026-05-22,824679,CHC,0,2,2,1,0,0,L
681799,Ethan Roberts,2026-05-22,824679,CHC,0,7,6,0,0,2,R
657097,Jacob Webb,2026-05-22,824679,CHC,0,3,3,0,0,2,R
664208,Phil Maton,2026-05-22,824679,CHC,0,5,3,0,0,1,R
681293,Spencer Arrighetti,2026-05-22,824679,HOU,1,23,17,2,0,5,R
595345,Steven Okert,2026-05-22,824679,HOU,0,3,3,2,1,0,L
660853,Enyel De Los Santos,2026-05-22,824679,HOU,0,5,5,0,0,1,R
650556,Bryan Abreu,2026-05-22,824679,HOU,0,4,2,0,0,0,R
687911,Bryan King,2026-05-22,824679,HOU,0,5,5,0,0,0,L
801139,Payton Tolle,2026-05-22,824761,BOS,1,25,23,4,0,9,L
686580,Justin Slaten,2026-05-22,824761,BOS,0,7,6,4,2,1,R
669711,Greg Weissert,2026-05-22,824761,BOS,0,5,4,1,0,0,R
701719,Tyler Samaniego,2026-05-22,824761,BOS,0,3,2,1,0,0,L
594027,Tyron Guerrero,2026-05-22,824761,BOS,0,4,3,0,0,1,R
687570,Connor Prielipp,2026-05-22,824761,MIN,1,21,16,7,0,1,L
701519,Travis Adams,2026-05-22,824761,MIN,0,7,6,0,0,3,R
672782,Yoendrys Gómez,2026-05-22,824761,MIN,0,3,3,0,0,1,R
679358,Eric Orze,2026-05-22,824761,MIN,0,4,3,0,0,1,R
607455,Anthony Banda,2026-05-22,824761,MIN,0,4,4,0,0,1,L
669211,Keegan Akin,2026-05-22,824842,BAL,1,4,4,1,1,2,L
605135,Chris Bassitt,2026-05-22,824842,BAL,0,20,20,6,0,4,R
670329,Rico Garcia,2026-05-22,824842,BAL,0,2,2,0,0,1,R
666974,Yennier Cano,2026-05-22,824842,BAL,0,3,3,0,0,2,R
669330,Tyler Wells,2026-05-22,824842,BAL,0,3,3,0,0,1,R
689296,Anthony Nunez,2026-05-22,824842,BAL,0,3,3,0,0,2,R
656427,Jack Flaherty,2026-05-22,824842,DET,1,19,19,8,2,7,R
676428,Brant Hurter,2026-05-22,824842,DET,0,6,5,1,0,2,L
657756,Connor Seabold,2026-05-22,824842,DET,0,6,5,3,0,0,R
640448,Kyle Finnegan,2026-05-22,824842,DET,0,6,4,1,0,0,R
646241,Enmanuel De Jesus,2026-05-22,824842,DET,0,4,4,1,0,1,L
693821,Bryce Elder,2026-05-22,824922,ATL,1,24,23,5,1,4,R
800311,Didier Fuentes,2026-05-22,824922,ATL,0,5,5,2,0,1,R
663158,Robert Suarez,2026-05-22,824922,ATL,0,5,5,2,1,0,R
628452,Raisel Iglesias,2026-05-22,824922,ATL,0,3,3,0,0,1,R
669276,Dylan Lee,2026-05-22,824922,ATL,0,5,4,1,0,0,L
641755,Tyler Kinley,2026-05-22,824922,ATL,0,3,3,0,0,2,R
663992,Richard Lovelady,2026-05-22,824922,WSH,1,4,4,1,0,0,L
571945,Miles Mikolas,2026-05-22,824922,WSH,0,17,17,3,0,3,R
680730,Mitchell Parker,2026-05-22,824922,WSH,0,7,6,3,0,1,L
690925,Clayton Beeter,2026-05-22,824922,WSH,0,3,3,0,0,2,R
681402,Gus Varland,2026-05-22,824922,WSH,0,4,4,1,0,1,R
687377,Orlando Ribalta,2026-05-22,824922,WSH,0,7,5,2,0,0,R
687606,Paxton Schultz,2026-05-22,824922,WSH,0,3,3,1,0,1,R
647336,Michael Soroka,2026-05-22,825082,AZ,1,23,21,4,0,2,R
664199,Taylor Clarke,2026-05-22,825082,AZ,0,4,3,1,0,0,R
805299,Brandyn Garcia,2026-05-22,825082,AZ,0,1,1,0,0,0,L
666661,Juan Morillo,2026-05-22,825082,AZ,0,4,3,1,0,1,R
657044,Ryan Thompson,2026-05-22,825082,AZ,0,7,7,3,0,1,R
608372,Tomoyuki Sugano,2026-05-22,825082,COL,1,27,25,6,0,3,R
657514,Brennan Bernardino,2026-05-22,825082,COL,0,3,2,1,0,0,L
622608,Antonio Senzatela,2026-05-22,825082,COL,0,5,4,0,0,0,R
571578,Patrick Corbin,2026-05-23,822814,TOR,1,23,23,5,0,7,L
680755,Braydon Fisher,2026-05-23,822814,TOR,0,4,3,0,0,2,R
684320,Yariel Rodríguez,2026-05-23,822814,TOR,0,4,2,0,0,0,R
671936,Adam Macko,2026-05-23,822814,TOR,0,2,1,0,0,0,L
656546,Jeff Hoffman,2026-05-23,822814,TOR,0,3,3,0,0,3,R
694973,Paul Skenes,2026-05-23,822814,PIT,1,24,23,9,1,2,R
670990,Yohan Ramírez,2026-05-23,822814,PIT,0,6,6,2,1,1,R
681895,Evan Sisk,2026-05-23,822814,PIT,0,3,3,0,0,1,L
605288,Adrian Houser,2026-05-23,823222,SF,1,21,21,7,0,5,R
657424,Matt Gage,2026-05-23,823222,SF,0,5,5,1,0,4,L
656529,Sam Hentges,2026-05-23,823222,SF,0,4,3,0,0,2,L
666711,Joel Peguero,2026-05-23,823222,SF,0,7,7,2,0,1,R
663542,Bryan Hudson,2026-05-23,823222,CWS,1,4,4,0,0,1,L
607200,Erick Fedde,2026-05-23,823222,CWS,0,21,18,10,1,3,R
673929,Jordan Leasure,2026-05-23,823222,CWS,0,6,6,2,1,1,R
670950,Trevor Richards,2026-05-23,823222,CWS,0,9,8,2,1,1,R
608337,Lucas Giolito,2026-05-23,823300,SD,1,21,16,4,0,2,R
669093,Jeremiah Estrada,2026-05-23,823300,SD,0,4,3,0,0,0,R
670970,Adrian Morejon,2026-05-23,823300,SD,0,3,3,0,0,0,L
592094,Jason Adam,2026-05-23,823300,SD,0,4,4,1,0,3,R
695243,Mason Miller,2026-05-23,823300,SD,0,3,3,0,0,2,R
669372,J.T. Ginn,2026-05-23,823300,ATH,1,14,7,0,0,4,R
660761,José Suarez,2026-05-23,823300,ATH,0,10,9,1,0,4,L
669270,Joel Kuhnel,2026-05-23,823300,ATH,0,7,7,1,0,2,R
605130,Scott Barlow,2026-05-23,823300,ATH,0,4,3,0,0,0,R
554430,Zack Wheeler,2026-05-23,823458,PHI,1,21,20,2,0,6,R
689147,Orion Kerkering,2026-05-23,823458,PHI,0,3,3,0,0,2,R
641745,Brad Keller,2026-05-23,823458,PHI,0,3,3,0,0,1,R
661395,Jhoan Duran,2026-05-23,823458,PHI,0,4,4,1,0,1,R
677944,Slade Cecconi,2026-05-23,823458,CLE,1,22,21,6,0,5,R
670036,Matt Festa,2026-05-23,823458,CLE,0,5,3,0,0,2,R
542888,Shawn Armstrong,2026-05-23,823458,CLE,0,3,3,1,0,1,R
688883,Peyton Pallette,2026-05-23,823458,CLE,0,6,3,0,0,1,R
688107,Robert Gasser,2026-05-23,823787,MIL,1,21,17,4,1,4,L
681982,Grant Anderson,2026-05-23,823787,MIL,0,5,4,0,0,0,R
669084,DL Hall,2026-05-23,823787,MIL,0,7,5,2,0,0,L
663765,Jake Woodford,2026-05-23,823787,MIL,0,14,9,4,0,1,R
808963,Roki Sasaki,2026-05-23,823787,LAD,1,21,19,4,0,4,R
681911,Alex Vesia,2026-05-23,823787,LAD,0,4,3,0,0,2,L
669165,Kyle Hurt,2026-05-23,823787,LAD,0,5,2,0,0,1,R
656945,Tanner Scott,2026-05-23,823787,LAD,0,4,4,1,0,3,L
642546,Jonathan Hernández,2026-05-23,823787,LAD,0,3,3,0,0,1,R
676974,Max Meyer,2026-05-23,823862,MIA,1,25,21,1,0,8,R
669622,Anthony Bender,2026-05-23,823862,MIA,0,4,4,0,0,3,R
677053,Andrew Nardi,2026-05-23,823862,MIA,0,4,4,2,0,0,L
642547,Freddy Peralta,2026-05-23,823862,NYM,1,30,28,8,2,9,R
702752,Jonathan Pintaro,2026-05-23,823862,NYM,0,3,3,0,0,0,R
700712,Walbert Ureña,2026-05-23,824030,LAA,1,23,19,5,0,6,R
666171,Ryan Zeferjahn,2026-05-23,824030,LAA,0,4,4,1,1,1,R
642048,Tayler Saucedo,2026-05-23,824030,LAA,0,3,3,1,0,1,L
681217,Chase Silseth,2026-05-23,824030,LAA,0,1,1,0,0,1,R
820862,José Fermin,2026-05-23,824030,LAA,0,6,4,1,0,1,R
489446,Kirby Yates,2026-05-23,824030,LAA,0,3,3,0,0,1,R
543135,Nathan Eovaldi,2026-05-23,824030,TEX,1,29,26,5,1,6,R
668390,Cole Winn,2026-05-23,824030,TEX,0,3,3,2,0,0,R
641302,Tyler Alexander,2026-05-23,824030,TEX,0,4,3,1,0,0,L
663568,Stephen Kolek,2026-05-23,824109,KC,1,29,28,4,0,2,R
669923,George Kirby,2026-05-23,824109,SEA,1,27,26,9,0,3,R
695380,Alex Hoppe,2026-05-23,824109,SEA,0,3,3,0,0,0,R
689546,Nick Davila,2026-05-23,824109,SEA,0,5,3,0,0,1,R
695534,Chase Petty,2026-05-23,824516,CIN,1,22,19,6,1,1,R
656271,Brock Burke,2026-05-23,824516,CIN,0,6,4,0,0,0,L
668933,Graham Ashcraft,2026-05-23,824516,CIN,0,6,6,1,0,3,R
663574,Tony Santillan,2026-05-23,824516,CIN,0,7,5,2,1,1,R
572955,Pierce Johnson,2026-05-23,824516,CIN,0,6,6,0,0,1,R
681517,Kyle Leahy,2026-05-23,824516,STL,1,24,21,7,2,8,R
677865,Justin Bruihl,2026-05-23,824516,STL,0,3,2,2,0,0,L
700669,Gordon Graceffo,2026-05-23,824516,STL,0,3,2,0,0,1,R
681676,Ryan Fernandez,2026-05-23,824516,STL,0,6,6,0,0,4,R
668941,JoJo Romero,2026-05-23,824516,STL,0,4,3,1,0,1,L
676617,Riley O'Brien,2026-05-23,824516,STL,0,6,4,0,0,2,R
663978,Chris Paddack,2026-05-23,824518,CIN,1,24,21,7,0,5,R
594580,Sam Moll,2026-05-23,824518,CIN,0,4,4,1,0,0,L
683175,Connor Phillips,2026-05-23,824518,CIN,0,6,4,1,1,1,R
683742,Jose Franco,2026-05-23,824518,CIN,0,12,9,3,1,1,R
669467,Andre Pallante,2026-05-23,824518,STL,1,20,19,2,1,3,R
592773,Ryne Stanek,2026-05-23,824518,STL,0,4,3,0,0,1,R
666277,George Soriano,2026-05-23,824518,STL,0,3,3,0,0,0,R
694335,Matt Svanson,2026-05-23,824518,STL,0,4,3,0,0,2,R
607067,Colin Rea,2026-05-23,824674,CHC,1,27,24,4,2,4,R
663423,Trent Thornton,2026-05-23,824674,CHC,0,5,4,1,0,0,R
669020,Ryan Rolison,2026-05-23,824674,CHC,0,3,3,1,0,1,L
678906,Kai-Wei Teng,2026-05-23,824674,HOU,1,20,17,2,0,6,R
595345,Steven Okert,2026-05-23,824674,HOU,0,3,3,0,0,1,L
660853,Enyel De Los Santos,2026-05-23,824674,HOU,0,3,3,0,0,1,R
687911,Bryan King,2026-05-23,824674,HOU,0,4,4,1,0,1,L
663558,Jovani Morán,2026-05-23,824760,BOS,1,6,5,3,0,1,L
678394,Brayan Bello,2026-05-23,824760,BOS,0,24,22,8,0,5,R
701719,Tyler Samaniego,2026-05-23,824760,BOS,0,3,3,0,0,0,L
670245,Ryan Watson,2026-05-23,824760,BOS,0,7,7,1,0,3,R
671737,Taj Bradley,2026-05-23,824760,MIN,1,18,16,3,0,7,R
696070,Kendry Rojas,2026-05-23,824760,MIN,0,12,10,1,0,3,L
702193,Andrew Morris,2026-05-23,824760,MIN,0,6,3,1,0,0,R
573124,Taylor Rogers,2026-05-23,824760,MIN,0,1,1,0,0,1,L
656550,Grant Holmes,2026-05-23,824920,ATL,1,22,20,6,2,10,R
689266,Dylan Dodd,2026-05-23,824920,ATL,0,10,10,1,0,3,L
641755,Tyler Kinley,2026-05-23,824920,ATL,0,3,3,0,0,2,R
663623,Jake Irvin,2026-05-23,824920,WSH,1,16,15,0,0,7,R
695418,Brad Lord,2026-05-23,824920,WSH,0,12,11,1,0,3,R
663992,Richard Lovelady,2026-05-23,824920,WSH,0,3,3,0,0,1,L
668678,Zac Gallen,2026-05-23,825080,AZ,1,24,22,6,0,6,R
694297,Brandon Pfaadt,2026-05-23,825080,AZ,0,7,7,2,1,0,R
656464,Kevin Ginkel,2026-05-23,825080,AZ,0,4,3,0,0,0,R
623149,Paul Sewald,2026-05-23,825080,AZ,0,3,3,0,0,1,R
547179,Michael Lorenzen,2026-05-23,825080,COL,1,24,23,8,1,5,R
624522,Keegan Thompson,2026-05-23,825080,COL,0,13,11,3,0,2,R
678020,Seth Halvorsen,2026-05-23,825080,COL,0,1,1,0,0,1,R
656302,Dylan Cease,2026-05-24,822813,TOR,1,19,18,4,2,8,R
689254,Mason Fluharty,2026-05-24,822813,TOR,0,4,3,1,0,2,L
695445,Chase Lee,2026-05-24,822813,TOR,0,7,5,1,1,0,R
680755,Braydon Fisher,2026-05-24,822813,TOR,0,3,3,0,0,1,R
684320,Yariel Rodríguez,2026-05-24,822813,TOR,0,4,3,0,0,1,R
656605,Mitch Keller,2026-05-24,822813,PIT,1,25,21,4,0,5,R
670990,Yohan Ramírez,2026-05-24,822813,PIT,0,3,2,1,0,0,R
682254,Mason Montgomery,2026-05-24,822813,PIT,0,5,5,0,0,2,L
642397,Gregory Soto,2026-05-24,822813,PIT,0,5,3,0,0,1,L
592662,Robbie Ray,2026-05-24,823220,SF,1,21,12,2,1,3,L
676775,Keaton Winn,2026-05-24,823220,SF,0,8,7,1,0,1,R
657424,Matt Gage,2026-05-24,823220,SF,0,4,4,1,1,0,L
669062,Erik Miller,2026-05-24,823220,SF,0,3,3,0,0,1,L
668873,Caleb Kilian,2026-05-24,823220,SF,0,3,3,0,0,3,R
702273,Noah Schultz,2026-05-24,823220,CWS,1,20,16,6,1,1,L
691799,Grant Taylor,2026-05-24,823220,CWS,0,3,2,1,1,0,R
699823,Tyler Davis,2026-05-24,823220,CWS,0,7,7,1,0,1,R
622554,Seranthony Domínguez,2026-05-24,823220,CWS,0,4,4,1,0,2,R
685126,Brandon Eisert,2026-05-24,823220,CWS,0,5,5,2,0,2,L
650633,Michael King,2026-05-24,823297,SD,1,19,15,5,1,4,R
676760,Ron Marinaccio,2026-05-24,823297,SD,0,11,10,1,0,2,R
593974,Wandy Peralta,2026-05-24,823297,SD,0,6,5,1,0,2,L
699134,Bradgley Rodriguez,2026-05-24,823297,SD,0,7,6,3,0,3,R
665622,Luis Medina,2026-05-24,823297,ATH,1,5,5,2,0,1,R
682052,Jacob Lopez,2026-05-24,823297,ATH,0,19,17,6,0,3,L
686993,Justin Sterner,2026-05-24,823297,ATH,0,4,4,1,1,1,R
643410,Mark Leiter Jr.,2026-05-24,823297,ATH,0,4,3,0,0,0,R
663687,Hogan Harris,2026-05-24,823297,ATH,0,3,1,0,0,1,L
605130,Scott Barlow,2026-05-24,823297,ATH,0,2,2,0,0,1,R
691725,Andrew Painter,2026-05-24,823459,PHI,1,24,22,6,0,3,R
641835,Tim Mayza,2026-05-24,823459,PHI,0,2,2,1,0,0,L
680742,Jonathan Bowlan,2026-05-24,823459,PHI,0,4,4,1,1,1,R
621383,Tanner Banks,2026-05-24,823459,PHI,0,4,4,1,0,1,L
800048,Parker Messick,2026-05-24,823459,CLE,1,24,22,5,0,6,L
670059,Colin Holderman,2026-05-24,823459,CLE,0,2,1,0,0,0,R
682120,Tim Herrin,2026-05-24,823459,CLE,0,4,2,1,0,1,L
683769,Hunter Gaddis,2026-05-24,823459,CLE,0,4,4,0,0,2,R
671922,Cade Smith,2026-05-24,823459,CLE,0,3,3,0,0,1,R
677960,Ryan Weathers,2026-05-24,823544,NYY,1,26,23,4,0,4,L
518585,Fernando Cruz,2026-05-24,823544,NYY,0,5,4,2,0,0,R
657612,Tim Hill,2026-05-24,823544,NYY,0,5,4,1,0,2,L
656876,Drew Rasmussen,2026-05-24,823544,TB,1,24,23,5,0,6,R
687330,Kevin Kelly,2026-05-24,823544,TB,0,5,4,2,1,0,R
687075,Brandon Sproat,2026-05-24,823786,MIL,1,21,16,4,0,7,R
675660,Shane Drohan,2026-05-24,823786,MIL,0,11,11,2,1,5,L
692230,Carlos Rodriguez,2026-05-24,823786,MIL,0,8,6,0,0,0,R
808967,Yoshinobu Yamamoto,2026-05-24,823786,LAD,1,27,25,7,0,3,R
694361,Will Klein,2026-05-24,823786,LAD,0,3,3,0,0,2,R
656945,Tanner Scott,2026-05-24,823786,LAD,0,3,3,0,0,2,L
663969,Tyler Phillips,2026-05-24,823861,MIA,1,16,14,2,0,4,R
676534,Calvin Faucher,2026-05-24,823861,MIA,0,6,6,2,0,1,R
667463,John King,2026-05-24,823861,MIA,0,3,1,0,0,0,L
669622,Anthony Bender,2026-05-24,823861,MIA,0,4,3,0,0,0,R
656848,Michael Petersen,2026-05-24,823861,MIA,0,4,4,0,0,2,R
664126,Pete Fairbanks,2026-05-24,823861,MIA,0,4,3,1,0,1,R
681035,Christian Scott,2026-05-24,823861,NYM,1,24,21,4,0,5,R
623211,Huascar Brazobán,2026-05-24,823861,NYM,0,3,3,1,0,0,R
548384,Brooks Raley,2026-05-24,823861,NYM,0,4,3,2,0,0,L
596133,Luke Weaver,2026-05-24,823861,NYM,0,3,3,0,0,1,R
642207,Devin Williams,2026-05-24,823861,NYM,0,5,2,2,1,0,R
672282,Reid Detmers,2026-05-24,824028,LAA,1,25,25,1,1,14,L
696147,Sam Bachman,2026-05-24,824028,LAA,0,6,5,2,0,2,R
669022,MacKenzie Gore,2026-05-24,824028,TEX,1,21,19,1,0,7,L
596001,Jakob Junis,2026-05-24,824028,TEX,0,8,8,2,0,4,R
686560,Gavin Collyer,2026-05-24,824028,TEX,0,4,3,1,0,1,R
607625,Seth Lugo,2026-05-24,824108,KC,1,27,25,6,1,3,R
663738,Daniel Lynch IV,2026-05-24,824108,KC,0,3,3,1,0,0,L
670167,John Schreiber,2026-05-24,824108,KC,0,4,4,1,0,1,R
668674,Lucas Erceg,2026-05-24,824108,KC,0,7,7,4,0,1,R
693433,Bryan Woo,2026-05-24,824108,SEA,1,23,21,6,0,4,R
678606,José A. Ferrer,2026-05-24,824108,SEA,0,1,1,0,0,0,L
681867,Cooper Criswell,2026-05-24,824108,SEA,0,8,6,3,0,0,R
695380,Alex Hoppe,2026-05-24,824108,SEA,0,7,5,2,0,1,R
684007,Shota Imanaga,2026-05-24,824676,CHC,1,26,24,7,3,6,L
681799,Ethan Roberts,2026-05-24,824676,CHC,0,3,3,1,0,1,R
664208,Phil Maton,2026-05-24,824676,CHC,0,3,3,0,0,0,R
573204,Caleb Thielbar,2026-05-24,824676,CHC,0,5,3,1,0,1,L
663567,Peter Lambert,2026-05-24,824676,HOU,1,24,18,5,0,5,R
805123,AJ Blubaugh,2026-05-24,824676,HOU,0,8,7,1,1,0,R
650556,Bryan Abreu,2026-05-24,824676,HOU,0,4,3,1,0,0,R
663878,Nate Pearson,2026-05-24,824676,HOU,0,4,3,0,0,0,R
543243,Sonny Gray,2026-05-24,824759,BOS,1,19,16,6,0,4,R
543056,Danny Coulombe,2026-05-24,824759,BOS,0,4,3,0,0,1,L
594027,Tyron Guerrero,2026-05-24,824759,BOS,0,4,4,2,0,2,R
676477,Garrett Whitlock,2026-05-24,824759,BOS,0,3,3,2,0,1,R
663558,Jovani Morán,2026-05-24,824759,BOS,0,3,3,0,0,2,L
669711,Greg Weissert,2026-05-24,824759,BOS,0,5,4,1,0,1,R
670245,Ryan Watson,2026-05-24,824759,BOS,0,5,4,1,0,1,R
641927,Bailey Ober,2026-05-24,824759,MIN,1,22,22,7,2,3,R
607455,Anthony Banda,2026-05-24,824759,MIN,0,2,2,0,0,0,L
679358,Eric Orze,2026-05-24,824759,MIN,0,3,3,0,0,2,R
573124,Taylor Rogers,2026-05-24,824759,MIN,0,3,3,2,0,0,L
672782,Yoendrys Gómez,2026-05-24,824759,MIN,0,7,5,2,0,2,R
701519,Travis Adams,2026-05-24,824759,MIN,0,1,1,0,0,0,R
687064,Brandon Young,2026-05-24,824839,BAL,1,28,25,5,0,4,R
669211,Keegan Akin,2026-05-24,824839,BAL,0,7,5,2,0,1,L
608650,Dietrich Enns,2026-05-24,824839,BAL,0,4,4,0,0,1,L
664285,Framber Valdez,2026-05-24,824839,DET,1,22,20,2,1,5,L
676684,Will Vest,2026-05-24,824839,DET,0,3,3,0,0,1,R
640448,Kyle Finnegan,2026-05-24,824839,DET,0,5,4,2,0,0,R
445276,Kenley Jansen,2026-05-24,824839,DET,0,6,4,1,1,0,R
669432,Trevor Rogers,2026-05-24,824840,BAL,1,20,18,4,1,2,L
552640,Andrew Kittredge,2026-05-24,824840,BAL,0,2,1,0,0,0,R
544150,Albert Suárez,2026-05-24,824840,BAL,0,15,15,3,0,1,R
675512,Troy Melton,2026-05-24,824840,DET,1,22,18,2,0,3,R
663947,Tyler Holton,2026-05-24,824840,DET,0,4,4,0,0,2,L
623454,Drew Anderson,2026-05-24,824840,DET,0,9,7,1,0,4,R
527048,Martín Pérez,2026-05-24,824921,ATL,1,22,20,5,0,2,L
800311,Didier Fuentes,2026-05-24,824921,ATL,0,1,1,0,0,1,R
625643,Reynaldo López,2026-05-24,824921,ATL,0,9,7,1,0,2,R
471911,Carlos Carrasco,2026-05-24,824921,ATL,0,4,3,0,0,0,R
656492,Foster Griffin,2026-05-24,824921,WSH,1,22,20,3,0,6,L
674841,Andrew Alvarez,2026-05-24,824921,WSH,0,6,5,1,0,1,L
681402,Gus Varland,2026-05-24,824921,WSH,0,4,4,2,0,0,R
663992,Richard Lovelady,2026-05-24,824921,WSH,0,3,2,0,0,0,L
687377,Orlando Ribalta,2026-05-24,824921,WSH,0,2,2,0,0,1,R
669194,Ryne Nelson,2026-05-24,825081,AZ,1,31,27,6,0,3,R
664199,Taylor Clarke,2026-05-24,825081,AZ,0,3,3,0,0,1,R
500779,Jose Quintana,2026-05-24,825081,COL,1,10,9,6,0,0,L
680604,Blas Castaño,2026-05-24,825081,COL,0,14,13,4,0,3,R
678020,Seth Halvorsen,2026-05-24,825081,COL,0,6,6,3,0,1,R
657514,Brennan Bernardino,2026-05-24,825081,COL,0,3,3,0,0,2,L
664954,Brett Sullivan,2026-05-24,825081,COL,0,3,3,0,0,0,R
702056,Trey Yesavage,2026-05-25,822812,TOR,1,27,24,5,0,6,R
689254,Mason Fluharty,2026-05-25,822812,TOR,0,1,1,0,0,1,L
643511,Tyler Rogers,2026-05-25,822812,TOR,0,5,4,2,0,0,R
671936,Adam Macko,2026-05-25,822812,TOR,0,3,3,2,0,1,L
681084,Tanner Andrews,2026-05-25,822812,TOR,0,3,3,0,0,0,R
676083,Janson Junk,2026-05-25,822812,MIA,1,23,23,8,0,3,R
669199,Lake Bachar,2026-05-25,822812,MIA,0,5,5,1,1,3,R
677053,Andrew Nardi,2026-05-25,822812,MIA,0,3,2,0,0,1,L
667463,John King,2026-05-25,822812,MIA,0,4,4,1,0,0,L
806188,Cade Gibson,2026-05-25,822812,MIA,0,4,3,0,0,1,L
677958,Kumar Rocker,2026-05-25,822899,TEX,1,22,18,4,1,5,R
682608,Peyton Gray,2026-05-25,822899,TEX,0,14,13,5,1,2,R
455119,Chris Martin,2026-05-25,822899,TEX,0,5,4,1,0,0,R
664059,Sam Haggerty,2026-05-25,822899,TEX,0,3,2,0,0,0,R
837227,Tatsuya Imai,2026-05-25,822899,HOU,1,20,16,0,0,2,R
595345,Steven Okert,2026-05-25,822899,HOU,0,4,3,0,0,1,L
695001,Alimber Santa,2026-05-25,822899,HOU,0,6,6,0,0,1,R
694738,Landen Roupp,2026-05-25,823219,SF,1,24,23,7,1,7,R
666711,Joel Peguero,2026-05-25,823219,SF,0,4,3,2,0,0,R
656529,Sam Hentges,2026-05-25,823219,SF,0,4,3,1,0,1,L
664141,JT Brubaker,2026-05-25,823219,SF,0,10,9,1,0,1,R
518876,Merrill Kelly,2026-05-25,823219,AZ,1,26,24,4,0,4,R
642528,Jonathan Loáisiga,2026-05-25,823219,AZ,0,4,4,1,0,0,R
805299,Brandyn Garcia,2026-05-25,823219,AZ,0,3,2,0,0,1,L
656288,Griffin Canning,2026-05-25,823296,SD,1,24,21,3,2,5,R
669093,Jeremiah Estrada,2026-05-25,823296,SD,0,1,1,0,0,1,R
673513,Yuki Matsui,2026-05-25,823296,SD,0,7,6,0,0,1,L
666200,Jesús Luzardo,2026-05-25,823296,PHI,1,24,21,4,0,6,L
689147,Orion Kerkering,2026-05-25,823296,PHI,0,3,3,0,0,2,R
641745,Brad Keller,2026-05-25,823296,PHI,0,4,3,0,0,1,R
661395,Jhoan Duran,2026-05-25,823296,PHI,0,4,4,1,0,1,R
669387,Carmen Mlodzinski,2026-05-25,823380,PIT,1,22,19,5,1,2,R
696062,Wilber Dotel,2026-05-25,823380,PIT,0,10,10,1,0,4,R
642397,Gregory Soto,2026-05-25,823380,PIT,0,3,3,0,0,1,L
676962,Ben Brown,2026-05-25,823380,CHC,1,24,22,4,0,7,R
663423,Trent Thornton,2026-05-25,823380,CHC,0,5,5,2,1,0,R
657097,Jacob Webb,2026-05-25,823380,CHC,0,5,5,2,0,2,R
690997,Nolan McLean,2026-05-25,823625,NYM,1,19,15,5,2,6,R
681810,Austin Warren,2026-05-25,823625,NYM,0,7,6,1,0,3,R
702752,Jonathan Pintaro,2026-05-25,823625,NYM,0,9,8,0,0,3,R
668964,Tobias Myers,2026-05-25,823625,NYM,0,4,4,0,0,3,R
666157,Nick Lodolo,2026-05-25,823625,CIN,1,25,22,6,1,7,L
656271,Brock Burke,2026-05-25,823625,CIN,0,3,3,1,0,0,L
622088,Tejay Antone,2026-05-25,823625,CIN,0,3,3,2,0,0,R
594580,Sam Moll,2026-05-25,823625,CIN,0,3,3,0,0,3,L
668933,Graham Ashcraft,2026-05-25,823625,CIN,0,3,3,0,0,2,R
694819,Jacob Misiorowski,2026-05-25,823784,MIL,1,24,23,2,0,12,R
676879,Aaron Ashby,2026-05-25,823784,MIL,0,6,6,0,0,1,L
669461,Matthew Liberatore,2026-05-25,823784,STL,1,22,20,7,1,10,L
802408,Brycen Mautz,2026-05-25,823784,STL,0,14,12,4,0,2,L
686218,Emmet Sheehan,2026-05-25,823948,LAD,1,24,21,5,0,8,R
669165,Kyle Hurt,2026-05-25,823948,LAD,0,4,4,1,1,1,R
694361,Will Klein,2026-05-25,823948,LAD,0,3,3,0,0,2,R
681911,Alex Vesia,2026-05-25,823948,LAD,0,3,3,1,0,0,L
595014,Blake Treinen,2026-05-25,823948,LAD,0,1,1,0,0,1,R
685299,Tanner Gordon,2026-05-25,823948,COL,1,21,20,6,0,3,R
675848,Juan Mejia,2026-05-25,823948,COL,0,5,3,0,0,0,R
657514,Brennan Bernardino,2026-05-25,823948,COL,0,4,2,1,0,0,L
677955,Jaden Hill,2026-05-25,823948,COL,0,2,2,1,0,0,R
700327,Welinton Herrera,2026-05-25,823948,COL,0,3,3,0,0,0,L
608379,Michael Wacha,2026-05-25,824107,KC,1,27,25,5,1,5,R
663738,Daniel Lynch IV,2026-05-25,824107,KC,0,3,3,0,0,1,L
668674,Lucas Erceg,2026-05-25,824107,KC,0,6,6,4,0,0,R
701542,Will Warren,2026-05-25,824107,NYY,1,24,20,3,1,3,R
687396,Brent Headrick,2026-05-25,824107,NYY,0,3,3,1,0,0,L
656234,Jake Bird,2026-05-25,824107,NYY,0,4,3,1,1,1,R
657612,Tim Hill,2026-05-25,824107,NYY,0,2,2,0,0,1,L
670280,David Bednar,2026-05-25,824107,NYY,0,4,3,0,0,0,R
676440,Tanner Bibee,2026-05-25,824437,CLE,1,16,16,8,5,3,R
670036,Matt Festa,2026-05-25,824437,CLE,0,7,7,2,1,1,R
671106,Logan Allen,2026-05-25,824437,CLE,0,19,18,5,0,7,L
676571,PJ Poulin,2026-05-25,824437,WSH,1,7,6,2,1,0,L
641793,Zack Littell,2026-05-25,824437,WSH,0,27,25,5,0,7,R
641743,Anthony Kay,2026-05-25,824598,CWS,1,24,22,5,1,5,L
691799,Grant Taylor,2026-05-25,824598,CWS,0,4,4,1,0,1,R
663542,Bryan Hudson,2026-05-25,824598,CWS,0,4,4,0,0,0,L
622554,Seranthony Domínguez,2026-05-25,824598,CWS,0,4,4,1,0,2,R
805673,Zebby Matthews,2026-05-25,824598,MIN,1,25,23,5,2,6,R
680573,Simeon Woods Richardson,2026-05-25,824598,MIN,0,8,7,1,0,1,R
680694,Kyle Bradish,2026-05-25,824838,BAL,1,25,23,5,1,3,R
664991,Grant Wolfram,2026-05-25,824838,BAL,0,3,3,1,0,1,L
666974,Yennier Cano,2026-05-25,824838,BAL,0,1,1,0,0,1,R
689296,Anthony Nunez,2026-05-25,824838,BAL,0,5,5,2,0,0,R
670329,Rico Garcia,2026-05-25,824838,BAL,0,8,6,1,0,1,R
669330,Tyler Wells,2026-05-25,824838,BAL,0,7,6,1,1,3,R
608650,Dietrich Enns,2026-05-25,824838,BAL,0,5,3,2,0,1,L
663556,Shane McClanahan,2026-05-25,824838,TB,1,21,18,3,0,3,L
685801,Hunter Bigge,2026-05-25,824838,TB,0,4,2,1,0,0,R
668984,Casey Legumina,2026-05-25,824838,TB,0,7,7,2,0,2,R
641329,Bryan Baker,2026-05-25,824838,TB,0,3,3,0,0,1,R
693855,Ian Seymour,2026-05-25,824838,TB,0,10,7,2,0,2,L
669947,Jesse Scholtens,2026-05-25,824838,TB,0,9,8,4,1,1,R
650644,Aaron Civale,2026-05-25,825005,ATH,1,22,21,9,3,2,R
678022,Jack Perkins,2026-05-25,825005,ATH,0,18,18,3,1,7,R
669270,Joel Kuhnel,2026-05-25,825005,ATH,0,1,1,0,0,1,R
622491,Luis Castillo,2026-05-25,825005,SEA,1,17,15,2,0,6,R
682243,Bryce Miller,2026-05-25,825005,SEA,0,18,18,5,1,4,R
680755,Braydon Fisher,2026-05-26,822811,TOR,1,4,4,1,0,1,R
693686,Spencer Miles,2026-05-26,822811,TOR,0,17,16,3,0,3,R
671936,Adam Macko,2026-05-26,822811,TOR,0,2,2,0,0,0,L
684320,Yariel Rodríguez,2026-05-26,822811,TOR,0,3,3,0,0,0,R
681084,Tanner Andrews,2026-05-26,822811,TOR,0,8,6,1,0,1,R
645261,Sandy Alcantara,2026-05-26,822811,MIA,1,31,26,10,3,4,R
806188,Cade Gibson,2026-05-26,822811,MIA,0,9,9,2,0,2,L
683004,Jack Leiter,2026-05-26,822898,TEX,1,26,21,4,1,4,R
596001,Jakob Junis,2026-05-26,822898,TEX,0,3,3,0,0,0,R
656222,Jalen Beeks,2026-05-26,822898,TEX,0,5,5,3,2,1,L
656641,Jacob Latz,2026-05-26,822898,TEX,0,5,5,1,1,2,L
669920,Jason Alexander,2026-05-26,822898,HOU,1,27,24,6,2,4,R
805123,AJ Blubaugh,2026-05-26,822898,HOU,0,8,8,3,0,0,R
641816,Tyler Mahle,2026-05-26,823216,SF,1,20,16,3,1,3,R
676775,Keaton Winn,2026-05-26,823216,SF,0,5,5,2,0,1,R
669062,Erik Miller,2026-05-26,823216,SF,0,5,4,1,1,2,L
621366,Ryan Borucki,2026-05-26,823216,SF,0,9,7,2,0,1,L
593958,Eduardo Rodriguez,2026-05-26,823216,AZ,1,25,23,6,1,6,L
656464,Kevin Ginkel,2026-05-26,823216,AZ,0,4,4,1,1,2,R
666661,Juan Morillo,2026-05-26,823216,AZ,0,5,4,1,0,1,R
623149,Paul Sewald,2026-05-26,823216,AZ,0,4,4,1,1,1,R
681190,Randy Vásquez,2026-05-26,823294,SD,1,25,24,8,3,2,R
699134,Bradgley Rodriguez,2026-05-26,823294,SD,0,4,4,0,0,1,R
593974,Wandy Peralta,2026-05-26,823294,SD,0,6,3,0,0,0,L
670970,Adrian Morejon,2026-05-26,823294,SD,0,3,3,1,0,1,L
605400,Aaron Nola,2026-05-26,823294,PHI,1,21,21,3,1,5,R
689147,Orion Kerkering,2026-05-26,823294,PHI,0,4,3,0,0,3,R
641745,Brad Keller,2026-05-26,823294,PHI,0,6,5,2,1,1,R
661395,Jhoan Duran,2026-05-26,823294,PHI,0,3,3,0,0,2,R
677952,Braxton Ashcraft,2026-05-26,823379,PIT,1,29,26,7,0,5,R
684049,Brandan Bidois,2026-05-26,823379,PIT,0,5,5,0,0,3,R
642701,Dennis Santana,2026-05-26,823379,PIT,0,5,4,1,0,1,R
696136,Jordan Wicks,2026-05-26,823379,CHC,1,24,22,9,1,5,L
669020,Ryan Rolison,2026-05-26,823379,CHC,0,9,7,2,0,1,L
694037,Daniel Palencia,2026-05-26,823379,CHC,0,4,4,1,1,1,R
571948,Hoby Milner,2026-05-26,823379,CHC,0,6,6,3,0,1,L
656849,David Peterson,2026-05-26,823624,NYM,1,26,23,11,0,4,L
640455,Sean Manaea,2026-05-26,823624,NYM,0,14,12,3,0,6,L
621345,A.J. Minter,2026-05-26,823624,NYM,0,4,4,1,0,2,L
695505,Chase Burns,2026-05-26,823624,CIN,1,22,20,4,1,8,R
594580,Sam Moll,2026-05-26,823624,CIN,0,4,4,0,0,2,L
572955,Pierce Johnson,2026-05-26,823624,CIN,0,3,3,1,0,0,R
656271,Brock Burke,2026-05-26,823624,CIN,0,1,1,0,0,0,L
663574,Tony Santillan,2026-05-26,823624,CIN,0,3,3,0,0,0,R
690986,Kyle Harrison,2026-05-26,823785,MIL,1,23,23,4,0,2,L
681982,Grant Anderson,2026-05-26,823785,MIL,0,3,3,1,0,1,R
682842,Abner Uribe,2026-05-26,823785,MIL,0,5,4,1,0,2,R
656730,Trevor Megill,2026-05-26,823785,MIL,0,4,4,1,0,0,R
700241,Michael McGreevy,2026-05-26,823785,STL,1,22,19,7,1,6,R
681676,Ryan Fernandez,2026-05-26,823785,STL,0,5,4,1,1,3,R
677865,Justin Bruihl,2026-05-26,823785,STL,0,7,7,2,0,2,L
690155,Matt Pushard,2026-05-26,823785,STL,0,3,3,0,0,1,R
641778,Eric Lauer,2026-05-26,823949,LAD,1,22,21,4,1,4,L
642546,Jonathan Hernández,2026-05-26,823949,LAD,0,7,6,0,0,3,R
500743,Miguel Rojas,2026-05-26,823949,LAD,0,11,11,8,2,0,R
607536,Kyle Freeland,2026-05-26,823949,COL,1,22,20,9,3,4,L
688642,Zach Agnos,2026-05-26,823949,COL,0,14,11,6,2,1,R
700327,Welinton Herrera,2026-05-26,823949,COL,0,4,4,1,0,2,L
664954,Brett Sullivan,2026-05-26,823949,COL,0,4,4,1,0,0,R
663559,Bailey Falter,2026-05-26,824106,KC,1,16,16,9,3,0,L
679883,Luinder Avila,2026-05-26,824106,KC,0,17,15,7,0,1,R
674444,Steven Cruz,2026-05-26,824106,KC,0,8,7,2,1,4,R
669212,Eli Morgan,2026-05-26,824106,KC,0,7,6,3,1,0,R
686475,Tyler Tolbert,2026-05-26,824106,KC,0,7,6,3,1,0,R
693645,Cam Schlittler,2026-05-26,824106,NYY,1,22,22,4,1,6,R
642232,Ryan Yarbrough,2026-05-26,824106,NYY,0,12,11,2,0,0,L
672456,Keider Montero,2026-05-26,824275,DET,1,26,24,8,1,7,R
669724,Brenan Hanifee,2026-05-26,824275,DET,0,4,4,2,0,0,R
676684,Will Vest,2026-05-26,824275,DET,0,9,8,4,1,1,R
663947,Tyler Holton,2026-05-26,824275,DET,0,5,5,1,1,3,L
686799,Jack Kochanowicz,2026-05-26,824275,LAA,1,20,15,6,0,4,R
815083,Mitch Farris,2026-05-26,824275,LAA,0,10,7,2,1,3,L
820862,José Fermin,2026-05-26,824275,LAA,0,4,4,0,0,3,R
681217,Chase Silseth,2026-05-26,824275,LAA,0,3,3,0,0,1,R
489446,Kirby Yates,2026-05-26,824275,LAA,0,4,3,0,0,1,R
676282,Joey Cantillo,2026-05-26,824434,CLE,1,12,8,3,1,1,L
676051,Codi Heuer,2026-05-26,824434,CLE,0,8,7,1,0,0,R
542888,Shawn Armstrong,2026-05-26,824434,CLE,0,4,4,1,0,1,R
670059,Colin Holderman,2026-05-26,824434,CLE,0,3,3,1,0,1,R
702021,Will Dion,2026-05-26,824434,CLE,0,12,12,5,0,3,L
676917,Cade Cavalli,2026-05-26,824434,WSH,1,25,22,5,0,7,R
680730,Mitchell Parker,2026-05-26,824434,WSH,0,14,12,3,0,5,L
680732,Sean Burke,2026-05-26,824597,CWS,1,25,23,3,0,8,R
656794,Sean Newcomb,2026-05-26,824597,CWS,0,6,6,1,0,2,L
663542,Bryan Hudson,2026-05-26,824597,CWS,0,3,3,1,0,2,L
699823,Tyler Davis,2026-05-26,824597,CWS,0,6,5,2,0,1,R
657746,Joe Ryan,2026-05-26,824597,MIN,1,30,28,5,1,9,R
607455,Anthony Banda,2026-05-26,824597,MIN,0,3,3,1,0,1,L
702193,Andrew Morris,2026-05-26,824597,MIN,0,2,2,0,0,0,R
573124,Taylor Rogers,2026-05-26,824597,MIN,0,3,3,1,0,1,L
672782,Yoendrys Gómez,2026-05-26,824597,MIN,0,4,4,1,0,1,R
624133,Ranger Suarez,2026-05-26,824758,BOS,1,25,21,6,1,4,L
669711,Greg Weissert,2026-05-26,824758,BOS,0,4,4,1,0,1,R
543056,Danny Coulombe,2026-05-26,824758,BOS,0,3,3,0,0,1,L
594027,Tyron Guerrero,2026-05-26,824758,BOS,0,8,8,2,1,4,R
675911,Spencer Strider,2026-05-26,824758,ATL,1,21,18,3,2,5,R
800311,Didier Fuentes,2026-05-26,824758,ATL,0,3,2,1,0,0,R
669276,Dylan Lee,2026-05-26,824758,ATL,0,5,5,1,1,1,L
663158,Robert Suarez,2026-05-26,824758,ATL,0,3,3,0,0,1,R
628452,Raisel Iglesias,2026-05-26,824758,ATL,0,7,7,4,0,1,R
669358,Shane Baz,2026-05-26,824837,BAL,1,29,27,7,0,9,R
664991,Grant Wolfram,2026-05-26,824837,BAL,0,4,4,2,0,0,L
552640,Andrew Kittredge,2026-05-26,824837,BAL,0,3,3,0,0,1,R
643377,Griffin Jax,2026-05-26,824837,TB,1,11,10,4,0,3,R
664076,Garrett Cleavinger,2026-05-26,824837,TB,0,6,6,0,0,3,L
694680,Trevor Martin,2026-05-26,824837,TB,0,14,12,3,1,1,R
518886,Craig Kimbrel,2026-05-26,824837,TB,0,4,4,1,0,2,R
695611,Gage Jump,2026-05-26,825004,ATH,1,25,21,9,0,5,L
660761,José Suarez,2026-05-26,825004,ATH,0,7,6,2,0,1,L
686993,Justin Sterner,2026-05-26,825004,ATH,0,4,4,0,0,1,R
663687,Hogan Harris,2026-05-26,825004,ATH,0,3,3,0,0,1,L
676106,Emerson Hancock,2026-05-26,825004,SEA,1,22,19,1,0,3,R
678606,José A. Ferrer,2026-05-26,825004,SEA,0,4,4,1,0,0,L
642100,Gabe Speier,2026-05-26,825004,SEA,0,4,3,0,0,1,L
662253,Andrés Muñoz,2026-05-26,825004,SEA,0,5,5,2,1,1,R
592332,Kevin Gausman,2026-05-27,822809,TOR,1,22,19,6,0,5,R
689254,Mason Fluharty,2026-05-27,822809,TOR,0,3,2,1,0,0,L
656546,Jeff Hoffman,2026-05-27,822809,TOR,0,4,4,2,0,2,R
686973,Louis Varland,2026-05-27,822809,TOR,0,4,4,2,0,1,R
643511,Tyler Rogers,2026-05-27,822809,TOR,0,3,3,0,0,0,R
691587,Eury Pérez,2026-05-27,822809,MIA,1,15,14,3,0,9,R
656848,Michael Petersen,2026-05-27,822809,MIA,0,5,3,1,0,0,R
677053,Andrew Nardi,2026-05-27,822809,MIA,0,5,5,1,1,2,L
667463,John King,2026-05-27,822809,MIA,0,3,3,0,0,1,L
664126,Pete Fairbanks,2026-05-27,822809,MIA,0,3,3,0,0,1,R
594798,Jacob deGrom,2026-05-27,822897,TEX,1,23,21,4,1,6,R
455119,Chris Martin,2026-05-27,822897,TEX,0,5,5,2,0,0,R
641302,Tyler Alexander,2026-05-27,822897,TEX,0,4,2,1,1,0,L
686560,Gavin Collyer,2026-05-27,822897,TEX,0,7,5,1,0,2,R
681347,Mike Burrows,2026-05-27,822897,HOU,1,27,26,5,1,6,R
687911,Bryan King,2026-05-27,822897,HOU,0,3,2,1,1,1,L
660853,Enyel De Los Santos,2026-05-27,822897,HOU,0,5,5,0,0,3,R
686790,Trevor McDonald,2026-05-27,823217,SF,1,28,24,6,0,6,R
657424,Matt Gage,2026-05-27,823217,SF,0,3,2,0,0,1,L
668873,Caleb Kilian,2026-05-27,823217,SF,0,6,6,0,0,1,R
647336,Michael Soroka,2026-05-27,823217,AZ,1,22,22,4,0,3,R
657044,Ryan Thompson,2026-05-27,823217,AZ,0,3,2,0,0,0,R
805299,Brandyn Garcia,2026-05-27,823217,AZ,0,1,1,0,0,1,L
656464,Kevin Ginkel,2026-05-27,823217,AZ,0,3,3,2,0,0,R
623149,Paul Sewald,2026-05-27,823217,AZ,0,3,3,0,0,1,R
621111,Walker Buehler,2026-05-27,823295,SD,1,18,17,3,0,2,R
670970,Adrian Morejon,2026-05-27,823295,SD,0,3,3,1,0,0,L
669093,Jeremiah Estrada,2026-05-27,823295,SD,0,4,4,1,0,1,R
592094,Jason Adam,2026-05-27,823295,SD,0,3,3,0,0,0,R
676760,Ron Marinaccio,2026-05-27,823295,SD,0,4,4,1,1,0,R
650911,Cristopher Sánchez,2026-05-27,823295,PHI,1,27,27,6,0,9,L
680742,Jonathan Bowlan,2026-05-27,823295,PHI,0,3,3,0,0,0,R
621237,José Alvarado,2026-05-27,823295,PHI,0,4,4,1,0,2,L
696149,Bubba Chandler,2026-05-27,823376,PIT,1,24,22,8,0,5,R
681895,Evan Sisk,2026-05-27,823376,PIT,0,4,3,1,0,1,L
670990,Yohan Ramírez,2026-05-27,823376,PIT,0,5,4,3,1,0,R
664875,Justin Lawrence,2026-05-27,823376,PIT,0,10,8,2,1,3,R
642701,Dennis Santana,2026-05-27,823376,PIT,0,7,4,0,0,1,R
592791,Jameson Taillon,2026-05-27,823376,CHC,1,21,19,5,2,4,R
657097,Jacob Webb,2026-05-27,823376,CHC,0,3,3,0,0,3,R
664208,Phil Maton,2026-05-27,823376,CHC,0,4,3,1,0,1,R
573204,Caleb Thielbar,2026-05-27,823376,CHC,0,4,4,1,0,1,L
681799,Ethan Roberts,2026-05-27,823376,CHC,0,4,3,0,0,0,R
623211,Huascar Brazobán,2026-05-27,823626,NYM,1,5,4,1,0,2,R
804636,Jonah Tong,2026-05-27,823626,NYM,0,19,15,3,0,1,R
668964,Tobias Myers,2026-05-27,823626,NYM,0,4,4,2,0,0,R
548384,Brooks Raley,2026-05-27,823626,NYM,0,7,5,1,0,1,L
596133,Luke Weaver,2026-05-27,823626,NYM,0,5,5,1,0,1,R
642207,Devin Williams,2026-05-27,823626,NYM,0,6,3,0,0,3,R
671096,Andrew Abbott,2026-05-27,823626,CIN,1,24,23,6,2,4,L
687209,Zach Maxwell,2026-05-27,823626,CIN,0,5,4,2,0,0,R
657571,Caleb Ferguson,2026-05-27,823626,CIN,0,5,4,0,0,1,L
694477,Chad Patrick,2026-05-27,823783,MIL,1,17,16,5,0,4,R
675660,Shane Drohan,2026-05-27,823783,MIL,0,7,7,1,0,1,L
676879,Aaron Ashby,2026-05-27,823783,MIL,0,7,6,1,0,2,L
656730,Trevor Megill,2026-05-27,823783,MIL,0,4,4,1,0,1,R
669160,Dustin May,2026-05-27,823783,STL,1,25,23,2,0,9,R
668941,JoJo Romero,2026-05-27,823783,STL,0,5,5,1,0,1,L
660271,Shohei Ohtani,2026-05-27,823947,LAD,1,23,18,0,0,7,R
694361,Will Klein,2026-05-27,823947,LAD,0,3,3,0,0,0,R
656945,Tanner Scott,2026-05-27,823947,LAD,0,4,4,1,0,2,L
669165,Kyle Hurt,2026-05-27,823947,LAD,0,3,3,0,0,1,R
608372,Tomoyuki Sugano,2026-05-27,823947,COL,1,20,19,6,2,3,R
657514,Brennan Bernardino,2026-05-27,823947,COL,0,4,4,0,0,0,L
622608,Antonio Senzatela,2026-05-27,823947,COL,0,6,5,2,1,0,R
680604,Blas Castaño,2026-05-27,823947,COL,0,2,2,0,0,1,R
702070,Noah Cameron,2026-05-27,824104,KC,1,20,18,4,0,4,L
670167,John Schreiber,2026-05-27,824104,KC,0,2,2,0,0,0,R
683232,Nick Mears,2026-05-27,824104,KC,0,6,4,2,0,1,R
656638,Alex Lange,2026-05-27,824104,KC,0,2,2,1,0,0,R
696131,Mason Black,2026-05-27,824104,KC,0,8,7,1,1,2,R
543037,Gerrit Cole,2026-05-27,824104,NYY,1,23,23,4,0,10,R
518585,Fernando Cruz,2026-05-27,824104,NYY,0,4,4,0,0,0,R
666808,Camilo Doval,2026-05-27,824104,NYY,0,3,3,0,0,0,R
663554,Casey Mize,2026-05-27,824270,DET,1,14,13,2,0,6,R
623454,Drew Anderson,2026-05-27,824270,DET,0,9,9,0,0,3,R
640448,Kyle Finnegan,2026-05-27,824270,DET,0,3,3,0,0,0,R
445276,Kenley Jansen,2026-05-27,824270,DET,0,3,2,0,0,0,R
669724,Brenan Hanifee,2026-05-27,824270,DET,0,2,1,0,0,0,R
667755,José Soriano,2026-05-27,824270,LAA,1,24,20,7,1,4,R
608718,Brent Suter,2026-05-27,824270,LAA,0,12,12,3,0,2,L
668909,Gavin Williams,2026-05-27,824432,CLE,1,26,23,3,0,4,R
682120,Tim Herrin,2026-05-27,824432,CLE,0,3,3,0,0,2,L
671922,Cade Smith,2026-05-27,824432,CLE,0,5,4,2,0,2,R
676571,PJ Poulin,2026-05-27,824432,WSH,1,3,2,0,0,1,L
571945,Miles Mikolas,2026-05-27,824432,WSH,0,17,16,6,0,1,R
663992,Richard Lovelady,2026-05-27,824432,WSH,0,5,4,3,0,0,L
687377,Orlando Ribalta,2026-05-27,824432,WSH,0,4,4,1,0,0,R
690925,Clayton Beeter,2026-05-27,824432,WSH,0,4,3,1,0,0,R
681402,Gus Varland,2026-05-27,824432,WSH,0,3,3,0,0,0,R
689818,David Sandlin,2026-05-27,824596,CWS,1,19,19,1,1,4,R
685126,Brandon Eisert,2026-05-27,824596,CWS,0,8,8,2,1,1,L
670950,Trevor Richards,2026-05-27,824596,CWS,0,3,3,0,0,0,R
687570,Connor Prielipp,2026-05-27,824596,MIN,1,23,19,8,0,5,L
679358,Eric Orze,2026-05-27,824596,MIN,0,9,8,5,0,1,R
701519,Travis Adams,2026-05-27,824596,MIN,0,9,7,4,2,2,R
606115,Orlando Arcia,2026-05-27,824596,MIN,0,5,3,1,0,0,R
813349,Connelly Early,2026-05-27,824756,BOS,1,28,25,4,0,7,L
670245,Ryan Watson,2026-05-27,824756,BOS,0,8,7,1,0,1,R
693821,Bryce Elder,2026-05-27,824756,ATL,1,20,18,9,0,1,R
689266,Dylan Dodd,2026-05-27,824756,ATL,0,3,3,1,0,0,L
471911,Carlos Carrasco,2026-05-27,824756,ATL,0,17,17,5,1,2,R
694346,Trey Gibson,2026-05-27,824836,BAL,1,24,20,6,0,1,R
669211,Keegan Akin,2026-05-27,824836,BAL,0,5,5,1,0,0,L
666974,Yennier Cano,2026-05-27,824836,BAL,0,4,3,3,0,0,R
552640,Andrew Kittredge,2026-05-27,824836,BAL,0,3,3,0,0,3,R
689296,Anthony Nunez,2026-05-27,824836,BAL,0,3,3,0,0,0,R
571927,Steven Matz,2026-05-27,824836,TB,1,18,16,7,1,2,L
685801,Hunter Bigge,2026-05-27,824836,TB,0,4,4,1,0,1,R
669169,Jonathan Heasley,2026-05-27,824836,TB,0,19,19,8,2,2,R
605488,Jeffrey Springs,2026-05-27,825003,ATH,1,23,22,6,1,7,L
669270,Joel Kuhnel,2026-05-27,825003,ATH,0,6,5,2,0,0,R
665622,Luis Medina,2026-05-27,825003,ATH,0,10,9,3,1,2,R
660761,José Suarez,2026-05-27,825003,ATH,0,5,5,2,0,0,L
669302,Logan Gilbert,2026-05-27,825003,SEA,1,24,22,5,0,6,R
660825,Eduard Bazardo,2026-05-27,825003,SEA,0,4,4,1,0,1,R
681867,Cooper Criswell,2026-05-27,825003,SEA,0,8,7,2,0,1,R
543135,Nathan Eovaldi,2026-05-28,822896,TEX,1,27,25,4,2,6,R
615698,Cal Quantrill,2026-05-28,822896,TEX,0,7,7,2,0,1,R
681293,Spencer Arrighetti,2026-05-28,822896,HOU,1,23,20,3,1,3,R
663878,Nate Pearson,2026-05-28,822896,HOU,0,4,3,1,0,2,R
595345,Steven Okert,2026-05-28,822896,HOU,0,3,2,0,0,0,L
660853,Enyel De Los Santos,2026-05-28,822896,HOU,0,3,2,0,0,1,R
650556,Bryan Abreu,2026-05-28,822896,HOU,0,3,3,0,0,2,R
694973,Paul Skenes,2026-05-28,823378,PIT,1,23,20,4,0,10,R
682254,Mason Montgomery,2026-05-28,823378,PIT,0,5,5,0,0,2,L
684049,Brandan Bidois,2026-05-28,823378,PIT,0,8,6,3,1,1,R
670990,Yohan Ramírez,2026-05-28,823378,PIT,0,6,5,1,0,1,R
607067,Colin Rea,2026-05-28,823378,CHC,1,23,19,4,1,5,R
571948,Hoby Milner,2026-05-28,823378,CHC,0,3,3,1,0,1,L
573204,Caleb Thielbar,2026-05-28,823378,CHC,0,5,3,0,0,2,L
663423,Trent Thornton,2026-05-28,823378,CHC,0,6,6,1,0,0,R
656427,Jack Flaherty,2026-05-28,824272,DET,1,24,22,6,0,9,R
805427,Drew Sommers,2026-05-28,824272,DET,0,1,1,0,0,1,L
669724,Brenan Hanifee,2026-05-28,824272,DET,0,3,3,1,0,1,R
676568,Ricky Vanasco,2026-05-28,824272,DET,0,11,9,4,0,1,R
680570,Grayson Rodriguez,2026-05-28,824272,LAA,1,19,17,2,1,5,R
519141,Drew Pomeranz,2026-05-28,824272,LAA,0,3,3,0,0,1,L
820862,José Fermin,2026-05-28,824272,LAA,0,3,2,0,0,1,R
696147,Sam Bachman,2026-05-28,824272,LAA,0,6,4,1,0,1,R
666171,Ryan Zeferjahn,2026-05-28,824272,LAA,0,5,3,0,0,1,R
663436,Davis Martin,2026-05-28,824595,CWS,1,22,20,2,0,5,R
673929,Jordan Leasure,2026-05-28,824595,CWS,0,4,3,1,0,0,R
699823,Tyler Davis,2026-05-28,824595,CWS,0,5,5,1,0,2,R
691799,Grant Taylor,2026-05-28,824595,CWS,0,4,4,1,0,1,R
680573,Simeon Woods Richardson,2026-05-28,824595,MIN,1,16,13,5,0,4,R
702193,Andrew Morris,2026-05-28,824595,MIN,0,6,6,2,0,3,R
701519,Travis Adams,2026-05-28,824595,MIN,0,3,3,0,0,1,R
573124,Taylor Rogers,2026-05-28,824595,MIN,0,3,3,0,0,0,L
607455,Anthony Banda,2026-05-28,824595,MIN,0,3,2,0,0,0,L
672782,Yoendrys Gómez,2026-05-28,824595,MIN,0,4,4,1,0,2,R
801139,Payton Tolle,2026-05-28,824757,BOS,1,21,19,5,0,7,L
594027,Tyron Guerrero,2026-05-28,824757,BOS,0,2,2,1,0,0,R
543056,Danny Coulombe,2026-05-28,824757,BOS,0,3,1,1,0,0,L
669711,Greg Weissert,2026-05-28,824757,BOS,0,5,4,1,1,0,R
663558,Jovani Morán,2026-05-28,824757,BOS,0,7,7,1,1,2,L
670245,Ryan Watson,2026-05-28,824757,BOS,0,5,5,2,1,1,R
519242,Chris Sale,2026-05-28,824757,ATL,1,24,19,6,0,8,L
641755,Tyler Kinley,2026-05-28,824757,ATL,0,4,4,1,0,1,R
625643,Reynaldo López,2026-05-28,824757,ATL,0,7,7,1,0,0,R
689266,Dylan Dodd,2026-05-28,824757,ATL,0,3,3,0,0,2,L
605135,Chris Bassitt,2026-05-28,824834,BAL,1,23,21,4,1,2,R
664991,Grant Wolfram,2026-05-28,824834,BAL,0,4,4,1,0,0,L
689296,Anthony Nunez,2026-05-28,824834,BAL,0,7,3,1,0,2,R
687721,Cameron Weston,2026-05-28,824834,BAL,0,3,2,0,0,1,R
571578,Patrick Corbin,2026-05-28,824834,TOR,1,21,20,4,1,4,L
680755,Braydon Fisher,2026-05-28,824834,TOR,0,2,2,0,0,1,R
656546,Jeff Hoffman,2026-05-28,824834,TOR,0,4,4,1,0,2,R
643511,Tyler Rogers,2026-05-28,824834,TOR,0,4,4,2,0,1,R
686973,Louis Varland,2026-05-28,824834,TOR,0,4,4,1,0,0,R
687606,Paxton Schultz,2026-05-29,822732,WSH,1,6,4,2,0,1,R
674841,Andrew Alvarez,2026-05-29,822732,WSH,0,15,13,5,0,1,L
687377,Orlando Ribalta,2026-05-29,822732,WSH,0,3,3,0,0,0,R
680730,Mitchell Parker,2026-05-29,822732,WSH,0,9,9,2,2,1,L
669371,Cole Henry,2026-05-29,822732,WSH,0,10,7,1,0,2,R
608337,Lucas Giolito,2026-05-29,822732,SD,1,16,12,5,2,1,R
673513,Yuki Matsui,2026-05-29,822732,SD,0,8,7,1,0,1,L
669093,Jeremiah Estrada,2026-05-29,822732,SD,0,5,5,1,0,2,R
670970,Adrian Morejon,2026-05-29,822732,SD,0,4,4,0,0,2,L
592094,Jason Adam,2026-05-29,822732,SD,0,3,3,2,0,0,R
695243,Mason Miller,2026-05-29,822732,SD,0,6,4,0,0,2,R
669022,MacKenzie Gore,2026-05-29,822894,TEX,1,24,22,4,0,3,L
641302,Tyler Alexander,2026-05-29,822894,TEX,0,1,1,0,0,0,L
656222,Jalen Beeks,2026-05-29,822894,TEX,0,4,4,1,0,0,L
686560,Gavin Collyer,2026-05-29,822894,TEX,0,6,4,1,0,2,R
663568,Stephen Kolek,2026-05-29,822894,KC,1,23,22,6,1,5,R
674444,Steven Cruz,2026-05-29,822894,KC,0,5,4,1,1,1,R
669212,Eli Morgan,2026-05-29,822894,KC,0,6,5,2,0,2,R
672021,Eric Cerantola,2026-05-29,822894,KC,0,4,4,1,1,2,R
607259,Nick Martinez,2026-05-29,822978,TB,1,27,27,8,0,5,R
685801,Hunter Bigge,2026-05-29,822978,TB,0,3,1,1,0,0,R
687330,Kevin Kelly,2026-05-29,822978,TB,0,3,3,0,0,1,R
641329,Bryan Baker,2026-05-29,822978,TB,0,6,4,1,0,2,R
700712,Walbert Ureña,2026-05-29,822978,LAA,1,26,22,5,1,5,R
666171,Ryan Zeferjahn,2026-05-29,822978,LAA,0,5,4,3,2,0,R
608718,Brent Suter,2026-05-29,822978,LAA,0,8,7,3,0,2,L
669467,Andre Pallante,2026-05-29,823055,STL,1,18,17,8,1,3,R
677865,Justin Bruihl,2026-05-29,823055,STL,0,5,4,1,0,1,L
700669,Gordon Graceffo,2026-05-29,823055,STL,0,3,3,0,0,0,R
666277,George Soriano,2026-05-29,823055,STL,0,3,3,0,0,1,R
668941,JoJo Romero,2026-05-29,823055,STL,0,3,3,0,0,2,L
592773,Ryne Stanek,2026-05-29,823055,STL,0,4,4,1,0,1,R
676617,Riley O'Brien,2026-05-29,823055,STL,0,4,4,1,0,0,R
684007,Shota Imanaga,2026-05-29,823055,CHC,1,23,20,5,3,2,L
681799,Ethan Roberts,2026-05-29,823055,CHC,0,6,6,1,0,2,R
664208,Phil Maton,2026-05-29,823055,CHC,0,5,5,3,0,1,R
571948,Hoby Milner,2026-05-29,823055,CHC,0,1,1,0,0,0,L
669923,George Kirby,2026-05-29,823135,SEA,1,22,21,6,1,4,R
666374,Matt Brash,2026-05-29,823135,SEA,0,6,4,2,0,1,R
678606,José A. Ferrer,2026-05-29,823135,SEA,0,3,3,1,0,0,L
660825,Eduard Bazardo,2026-05-29,823135,SEA,0,6,5,2,0,0,R
642100,Gabe Speier,2026-05-29,823135,SEA,0,1,1,0,0,1,L
662253,Andrés Muñoz,2026-05-29,823135,SEA,0,7,6,2,0,1,R
681867,Cooper Criswell,2026-05-29,823135,SEA,0,3,3,0,0,0,R
668678,Zac Gallen,2026-05-29,823135,AZ,1,21,20,8,3,2,R
694297,Brandon Pfaadt,2026-05-29,823135,AZ,0,8,8,3,1,3,R
664199,Taylor Clarke,2026-05-29,823135,AZ,0,1,1,0,0,0,R
642528,Jonathan Loáisiga,2026-05-29,823135,AZ,0,3,3,0,0,1,R
805299,Brandyn Garcia,2026-05-29,823135,AZ,0,4,4,1,0,2,L
666661,Juan Morillo,2026-05-29,823135,AZ,0,3,2,1,0,1,R
683003,Jared Jones,2026-05-29,823377,PIT,1,21,19,7,2,6,R
681895,Evan Sisk,2026-05-29,823377,PIT,0,2,2,0,0,1,L
696062,Wilber Dotel,2026-05-29,823377,PIT,0,10,10,1,0,4,R
642397,Gregory Soto,2026-05-29,823377,PIT,0,3,3,0,0,1,L
671737,Taj Bradley,2026-05-29,823377,MIN,1,19,17,5,1,6,R
679358,Eric Orze,2026-05-29,823377,MIN,0,6,6,1,0,3,R
672782,Yoendrys Gómez,2026-05-29,823377,MIN,0,3,2,0,0,1,R
607455,Anthony Banda,2026-05-29,823377,MIN,0,4,2,0,0,1,L
689520,Cody Laweryson,2026-05-29,823377,MIN,0,4,4,0,0,1,R
573124,Taylor Rogers,2026-05-29,823377,MIN,0,3,3,2,1,1,L
642547,Freddy Peralta,2026-05-29,823623,NYM,1,22,21,8,0,5,R
621345,A.J. Minter,2026-05-29,823623,NYM,0,3,3,0,0,2,L
623211,Huascar Brazobán,2026-05-29,823623,NYM,0,5,3,1,0,0,R
548384,Brooks Raley,2026-05-29,823623,NYM,0,1,1,0,0,1,L
668964,Tobias Myers,2026-05-29,823623,NYM,0,5,5,2,1,0,R
596133,Luke Weaver,2026-05-29,823623,NYM,0,5,5,2,0,0,R
681810,Austin Warren,2026-05-29,823623,NYM,0,3,3,0,0,1,R
676974,Max Meyer,2026-05-29,823623,MIA,1,27,23,6,1,6,R
806188,Cade Gibson,2026-05-29,823623,MIA,0,3,2,1,0,1,L
676534,Calvin Faucher,2026-05-29,823623,MIA,0,2,1,0,0,0,R
669622,Anthony Bender,2026-05-29,823623,MIA,0,3,3,0,0,1,R
656848,Michael Petersen,2026-05-29,823623,MIA,0,3,3,0,0,1,R
664126,Pete Fairbanks,2026-05-29,823623,MIA,0,2,2,1,1,0,R
680736,Justin Wrobleski,2026-05-29,823946,LAD,1,23,23,1,1,9,L
683618,Edgardo Henriquez,2026-05-29,823946,LAD,0,4,4,2,0,0,R
681911,Alex Vesia,2026-05-29,823946,LAD,0,1,1,0,0,1,L
656945,Tanner Scott,2026-05-29,823946,LAD,0,3,3,0,0,1,L
554430,Zack Wheeler,2026-05-29,823946,PHI,1,23,22,5,4,4,R
641835,Tim Mayza,2026-05-29,823946,PHI,0,7,7,1,0,1,L
678906,Kai-Wei Teng,2026-05-29,824191,HOU,1,22,18,3,2,7,R
595345,Steven Okert,2026-05-29,824191,HOU,0,6,5,0,0,1,L
650556,Bryan Abreu,2026-05-29,824191,HOU,0,3,1,0,0,0,R
687911,Bryan King,2026-05-29,824191,HOU,0,6,6,1,0,0,L
695001,Alimber Santa,2026-05-29,824191,HOU,0,3,2,0,0,1,R
689441,Coleman Crow,2026-05-29,824191,MIL,1,18,15,4,1,1,R
669084,DL Hall,2026-05-29,824191,MIL,0,7,5,0,0,3,L
681982,Grant Anderson,2026-05-29,824191,MIL,0,3,3,0,0,0,R
676879,Aaron Ashby,2026-05-29,824191,MIL,0,4,4,1,0,2,L
682842,Abner Uribe,2026-05-29,824191,MIL,0,6,4,1,0,1,R
656730,Trevor Megill,2026-05-29,824191,MIL,0,3,3,0,0,2,R
547179,Michael Lorenzen,2026-05-29,824353,COL,1,18,14,5,0,2,R
677955,Jaden Hill,2026-05-29,824353,COL,0,5,5,1,0,2,R
700327,Welinton Herrera,2026-05-29,824353,COL,0,3,2,1,0,0,L
678020,Seth Halvorsen,2026-05-29,824353,COL,0,6,6,1,0,2,R
624522,Keegan Thompson,2026-05-29,824353,COL,0,4,2,1,0,1,R
675848,Juan Mejia,2026-05-29,824353,COL,0,7,6,3,0,0,R
657277,Logan Webb,2026-05-29,824353,SF,1,20,16,3,0,5,R
657424,Matt Gage,2026-05-29,824353,SF,0,3,3,1,0,0,L
666711,Joel Peguero,2026-05-29,824353,SF,0,3,3,1,0,1,R
669062,Erik Miller,2026-05-29,824353,SF,0,4,4,1,0,1,L
676775,Keaton Winn,2026-05-29,824353,SF,0,6,6,2,1,0,R
668873,Caleb Kilian,2026-05-29,824353,SF,0,7,7,5,2,1,R
677944,Slade Cecconi,2026-05-29,824433,CLE,1,19,18,7,0,3,R
670059,Colin Holderman,2026-05-29,824433,CLE,0,4,4,0,0,1,R
682120,Tim Herrin,2026-05-29,824433,CLE,0,3,3,1,0,0,L
542888,Shawn Armstrong,2026-05-29,824433,CLE,0,2,2,0,0,1,R
683769,Hunter Gaddis,2026-05-29,824433,CLE,0,5,5,2,0,0,R
671922,Cade Smith,2026-05-29,824433,CLE,0,4,4,1,0,3,R
701719,Tyler Samaniego,2026-05-29,824433,BOS,1,9,8,6,0,2,L
678394,Brayan Bello,2026-05-29,824433,BOS,0,24,24,4,0,5,R
663978,Chris Paddack,2026-05-29,824515,CIN,1,22,18,7,1,0,R
628708,Yunior Marte,2026-05-29,824515,CIN,0,6,4,3,0,1,R
657571,Caleb Ferguson,2026-05-29,824515,CIN,0,6,6,1,0,3,L
687209,Zach Maxwell,2026-05-29,824515,CIN,0,8,8,2,0,1,R
656550,Grant Holmes,2026-05-29,824515,ATL,1,21,20,7,2,5,R
800311,Didier Fuentes,2026-05-29,824515,ATL,0,5,5,1,0,1,R
669276,Dylan Lee,2026-05-29,824515,ATL,0,3,3,0,0,3,L
663158,Robert Suarez,2026-05-29,824515,ATL,0,4,4,1,0,1,R
641755,Tyler Kinley,2026-05-29,824515,ATL,0,4,4,1,0,1,R
685126,Brandon Eisert,2026-05-29,824594,CWS,1,4,4,0,0,1,L
607200,Erick Fedde,2026-05-29,824594,CWS,0,19,16,4,1,3,R
656794,Sean Newcomb,2026-05-29,824594,CWS,0,8,7,0,0,3,L
622554,Seranthony Domínguez,2026-05-29,824594,CWS,0,3,3,0,0,1,R
663542,Bryan Hudson,2026-05-29,824594,CWS,0,3,1,0,0,1,L
675512,Troy Melton,2026-05-29,824594,DET,1,28,27,6,0,1,R
676684,Will Vest,2026-05-29,824594,DET,0,3,3,1,0,1,R
640448,Kyle Finnegan,2026-05-29,824594,DET,0,5,4,2,0,0,R
623454,Drew Anderson,2026-05-29,824594,DET,0,3,3,1,1,1,R
669432,Trevor Rogers,2026-05-29,824835,BAL,1,24,23,6,2,3,L
669330,Tyler Wells,2026-05-29,824835,BAL,0,3,3,0,0,1,R
666974,Yennier Cano,2026-05-29,824835,BAL,0,4,4,3,0,0,R
669211,Keegan Akin,2026-05-29,824835,BAL,0,2,2,0,0,0,L
670329,Rico Garcia,2026-05-29,824835,BAL,0,4,4,1,0,1,R
671936,Adam Macko,2026-05-29,824835,TOR,1,7,7,3,0,1,L
608723,Austin Voth,2026-05-29,824835,TOR,0,19,14,5,3,0,R
657756,Connor Seabold,2026-05-29,824835,TOR,0,5,5,0,0,1,R
689254,Mason Fluharty,2026-05-29,824835,TOR,0,4,4,0,0,1,L
680755,Braydon Fisher,2026-05-29,824835,TOR,0,4,4,0,0,0,R
622663,Luis Severino,2026-05-29,825002,ATH,1,7,7,3,1,1,R
660761,José Suarez,2026-05-29,825002,ATH,0,6,6,3,0,1,L
669270,Joel Kuhnel,2026-05-29,825002,ATH,0,8,8,3,1,0,R
663687,Hogan Harris,2026-05-29,825002,ATH,0,4,4,0,0,1,L
686993,Justin Sterner,2026-05-29,825002,ATH,0,3,3,0,0,0,R
605130,Scott Barlow,2026-05-29,825002,ATH,0,5,4,1,1,0,R
643410,Mark Leiter Jr.,2026-05-29,825002,ATH,0,4,4,1,0,1,R
665622,Luis Medina,2026-05-29,825002,ATH,0,5,4,1,0,2,R
607074,Carlos Rodón,2026-05-29,825002,NYY,1,22,20,4,1,3,L
687396,Brent Headrick,2026-05-29,825002,NYY,0,4,3,2,0,0,L
518585,Fernando Cruz,2026-05-29,825002,NYY,0,1,1,0,0,0,R
621112,Paul Blackburn,2026-05-29,825002,NYY,0,9,8,2,0,1,R
656492,Foster Griffin,2026-05-30,822731,WSH,1,21,18,5,3,5,L
695418,Brad Lord,2026-05-30,822731,WSH,0,6,5,0,0,2,R
681402,Gus Varland,2026-05-30,822731,WSH,0,6,3,1,0,1,R
690925,Clayton Beeter,2026-05-30,822731,WSH,0,6,4,0,0,1,R
650633,Michael King,2026-05-30,822731,SD,1,25,23,5,1,2,R
699134,Bradgley Rodriguez,2026-05-30,822731,SD,0,6,5,1,0,2,R
593974,Wandy Peralta,2026-05-30,822731,SD,0,6,5,2,0,0,L
677958,Kumar Rocker,2026-05-30,822893,TEX,1,24,21,3,0,2,R
641302,Tyler Alexander,2026-05-30,822893,TEX,0,4,4,3,0,1,L
596001,Jakob Junis,2026-05-30,822893,TEX,0,5,5,3,0,2,R
455119,Chris Martin,2026-05-30,822893,TEX,0,5,4,1,1,0,R
682608,Peyton Gray,2026-05-30,822893,TEX,0,4,4,1,0,2,R
607625,Seth Lugo,2026-05-30,822893,KC,1,26,24,6,1,6,R
656638,Alex Lange,2026-05-30,822893,KC,0,3,3,1,0,1,R
663738,Daniel Lynch IV,2026-05-30,822893,KC,0,5,4,2,0,0,L
670167,John Schreiber,2026-05-30,822893,KC,0,2,2,0,0,0,R
668674,Lucas Erceg,2026-05-30,822893,KC,0,5,5,5,1,0,R
656876,Drew Rasmussen,2026-05-30,822975,TB,1,18,16,4,1,4,R
668984,Casey Legumina,2026-05-30,822975,TB,0,5,5,2,1,0,R
664076,Garrett Cleavinger,2026-05-30,822975,TB,0,3,3,0,0,0,L
693855,Ian Seymour,2026-05-30,822975,TB,0,5,3,0,0,1,L
681806,Andrew Wantz,2026-05-30,822975,TB,0,11,7,2,1,1,R
642121,Cole Sulser,2026-05-30,822975,TB,0,4,4,3,1,1,R
672282,Reid Detmers,2026-05-30,822975,LAA,1,23,20,5,1,7,L
820862,José Fermin,2026-05-30,822975,LAA,0,4,2,0,0,1,R
696147,Sam Bachman,2026-05-30,822975,LAA,0,5,4,0,0,1,R
681217,Chase Silseth,2026-05-30,822975,LAA,0,4,4,1,0,1,R
519141,Drew Pomeranz,2026-05-30,822975,LAA,0,5,3,0,0,1,L
681517,Kyle Leahy,2026-05-30,823054,STL,1,21,20,6,0,4,R
681676,Ryan Fernandez,2026-05-30,823054,STL,0,6,4,0,0,1,R
677865,Justin Bruihl,2026-05-30,823054,STL,0,3,1,1,0,0,L
700669,Gordon Graceffo,2026-05-30,823054,STL,0,7,7,2,1,2,R
690155,Matt Pushard,2026-05-30,823054,STL,0,10,8,3,0,0,R
676962,Ben Brown,2026-05-30,823054,CHC,1,23,22,3,0,6,R
657097,Jacob Webb,2026-05-30,823054,CHC,0,4,3,0,0,1,R
694037,Daniel Palencia,2026-05-30,823054,CHC,0,4,4,2,0,0,R
693433,Bryan Woo,2026-05-30,823132,SEA,1,23,23,2,0,9,R
681867,Cooper Criswell,2026-05-30,823132,SEA,0,4,4,1,0,0,R
695380,Alex Hoppe,2026-05-30,823132,SEA,0,4,3,0,0,0,R
669194,Ryne Nelson,2026-05-30,823132,AZ,1,24,22,7,4,3,R
657044,Ryan Thompson,2026-05-30,823132,AZ,0,6,6,1,0,0,R
664199,Taylor Clarke,2026-05-30,823132,AZ,0,4,4,1,0,0,R
656605,Mitch Keller,2026-05-30,823375,PIT,1,23,22,10,0,5,R
670990,Yohan Ramírez,2026-05-30,823375,PIT,0,3,3,0,0,1,R
681895,Evan Sisk,2026-05-30,823375,PIT,0,5,4,0,0,2,L
642701,Dennis Santana,2026-05-30,823375,PIT,0,2,2,0,0,2,R
682254,Mason Montgomery,2026-05-30,823375,PIT,0,6,4,2,0,0,L
642397,Gregory Soto,2026-05-30,823375,PIT,0,5,4,0,0,0,L
641927,Bailey Ober,2026-05-30,823375,MIN,1,27,25,12,3,3,R
681892,Kody Funderburk,2026-05-30,823375,MIN,0,8,6,2,0,0,L
804619,John Klein,2026-05-30,823375,MIN,0,10,6,1,0,1,R
681035,Christian Scott,2026-05-30,823622,NYM,1,21,19,5,0,8,R
672335,Cionel Pérez,2026-05-30,823622,NYM,0,3,3,0,0,1,L
623211,Huascar Brazobán,2026-05-30,823622,NYM,0,3,3,0,0,3,R
681810,Austin Warren,2026-05-30,823622,NYM,0,5,4,1,0,2,R
642207,Devin Williams,2026-05-30,823622,NYM,0,3,3,0,0,1,R
663969,Tyler Phillips,2026-05-30,823622,MIA,1,21,19,6,0,2,R
669199,Lake Bachar,2026-05-30,823622,MIA,0,11,10,4,2,2,R
687531,William Kempner,2026-05-30,823622,MIA,0,3,3,0,0,0,R
808963,Roki Sasaki,2026-05-30,823945,LAD,1,20,19,3,1,7,R
681911,Alex Vesia,2026-05-30,823945,LAD,0,3,2,0,0,1,L
669165,Kyle Hurt,2026-05-30,823945,LAD,0,3,3,0,0,1,R
656945,Tanner Scott,2026-05-30,823945,LAD,0,6,6,3,1,0,L
595014,Blake Treinen,2026-05-30,823945,LAD,0,3,3,0,0,2,R
666200,Jesús Luzardo,2026-05-30,823945,PHI,1,25,22,7,0,6,L
621237,José Alvarado,2026-05-30,823945,PHI,0,2,2,0,0,0,L
689147,Orion Kerkering,2026-05-30,823945,PHI,0,5,5,2,0,2,R
641745,Brad Keller,2026-05-30,823945,PHI,0,3,3,0,0,1,R
661395,Jhoan Duran,2026-05-30,823945,PHI,0,3,3,0,0,0,R
663567,Peter Lambert,2026-05-30,824190,HOU,1,22,19,5,0,3,R
805123,AJ Blubaugh,2026-05-30,824190,HOU,0,10,10,1,0,4,R
701121,Logan VanWey,2026-05-30,824190,HOU,0,3,3,0,0,2,R
687075,Brandon Sproat,2026-05-30,824190,MIL,1,21,19,6,1,4,R
692230,Carlos Rodriguez,2026-05-30,824190,MIL,0,17,15,5,0,3,R
663765,Jake Woodford,2026-05-30,824190,MIL,0,2,2,1,1,1,R
663372,Ryan Feltner,2026-05-30,824352,COL,1,20,20,4,0,2,R
657514,Brennan Bernardino,2026-05-30,824352,COL,0,4,4,1,0,1,L
680604,Blas Castaño,2026-05-30,824352,COL,0,10,10,4,1,2,R
605288,Adrian Houser,2026-05-30,824352,SF,1,22,19,8,1,4,R
656529,Sam Hentges,2026-05-30,824352,SF,0,8,6,2,0,1,L
664141,JT Brubaker,2026-05-30,824352,SF,0,3,3,0,0,2,R
621366,Ryan Borucki,2026-05-30,824352,SF,0,10,10,4,1,0,L
800048,Parker Messick,2026-05-30,824431,CLE,1,22,19,5,0,4,L
670036,Matt Festa,2026-05-30,824431,CLE,0,4,3,1,0,2,R
676051,Codi Heuer,2026-05-30,824431,CLE,0,7,6,1,0,1,R
542888,Shawn Armstrong,2026-05-30,824431,CLE,0,5,5,2,0,1,R
702021,Will Dion,2026-05-30,824431,CLE,0,9,6,2,1,2,L
543243,Sonny Gray,2026-05-30,824431,BOS,1,24,21,4,0,7,R
594027,Tyron Guerrero,2026-05-30,824431,BOS,0,3,3,1,0,1,R
686580,Justin Slaten,2026-05-30,824431,BOS,0,6,5,1,0,2,R
543056,Danny Coulombe,2026-05-30,824431,BOS,0,3,3,0,0,1,L
663903,Brady Singer,2026-05-30,824513,CIN,1,22,18,4,2,2,R
622088,Tejay Antone,2026-05-30,824513,CIN,0,5,4,1,0,0,R
656271,Brock Burke,2026-05-30,824513,CIN,0,4,4,1,1,1,L
663574,Tony Santillan,2026-05-30,824513,CIN,0,3,3,0,0,1,R
680689,Lyon Richardson,2026-05-30,824513,CIN,0,3,3,1,1,1,R
594580,Sam Moll,2026-05-30,824513,CIN,0,1,1,0,0,1,L
527048,Martín Pérez,2026-05-30,824513,ATL,1,20,17,4,1,2,L
641755,Tyler Kinley,2026-05-30,824513,ATL,0,3,3,0,0,1,R
669276,Dylan Lee,2026-05-30,824513,ATL,0,4,4,1,0,1,L
663158,Robert Suarez,2026-05-30,824513,ATL,0,3,3,0,0,0,R
628452,Raisel Iglesias,2026-05-30,824513,ATL,0,3,3,0,0,1,R
641743,Anthony Kay,2026-05-30,824593,CWS,1,22,21,6,1,3,L
691799,Grant Taylor,2026-05-30,824593,CWS,0,6,6,0,0,4,R
622554,Seranthony Domínguez,2026-05-30,824593,CWS,0,3,3,0,0,1,R
670950,Trevor Richards,2026-05-30,824593,CWS,0,4,4,1,0,1,R
664285,Framber Valdez,2026-05-30,824593,DET,1,27,24,6,1,4,L
689225,Beau Brieske,2026-05-30,824593,DET,0,7,7,3,2,3,R
687064,Brandon Young,2026-05-30,824833,BAL,1,27,25,7,0,7,R
689296,Anthony Nunez,2026-05-30,824833,BAL,0,3,3,2,0,1,R
669211,Keegan Akin,2026-05-30,824833,BAL,0,5,4,1,0,1,L
544150,Albert Suárez,2026-05-30,824833,BAL,0,5,4,1,0,0,R
702056,Trey Yesavage,2026-05-30,824833,TOR,1,21,13,2,0,4,R
684320,Yariel Rodríguez,2026-05-30,824833,TOR,0,4,3,1,0,1,R
643511,Tyler Rogers,2026-05-30,824833,TOR,0,3,3,0,0,0,R
686973,Louis Varland,2026-05-30,824833,TOR,0,3,3,0,0,1,R
656546,Jeff Hoffman,2026-05-30,824833,TOR,0,7,4,3,0,1,R
657756,Connor Seabold,2026-05-30,824833,TOR,0,2,1,1,0,0,R
669372,J.T. Ginn,2026-05-30,825000,ATH,1,24,21,4,0,4,R
663687,Hogan Harris,2026-05-30,825000,ATH,0,5,4,1,0,2,L
686993,Justin Sterner,2026-05-30,825000,ATH,0,3,3,0,0,0,R
678022,Jack Perkins,2026-05-30,825000,ATH,0,5,3,1,0,2,R
605130,Scott Barlow,2026-05-30,825000,ATH,0,4,1,0,0,0,R
677960,Ryan Weathers,2026-05-30,825000,NYY,1,29,26,6,3,10,L
666808,Camilo Doval,2026-05-30,825000,NYY,0,1,1,0,0,0,R
656234,Jake Bird,2026-05-30,825000,NYY,0,5,4,2,0,1,R
641793,Zack Littell,2026-05-31,822729,WSH,1,24,22,5,0,5,R
687377,Orlando Ribalta,2026-05-31,822729,WSH,0,6,4,0,0,2,R
690925,Clayton Beeter,2026-05-31,822729,WSH,0,3,3,1,0,1,R
656288,Griffin Canning,2026-05-31,822729,SD,1,21,19,6,2,3,R
673513,Yuki Matsui,2026-05-31,822729,SD,0,3,3,0,0,1,L
669093,Jeremiah Estrada,2026-05-31,822729,SD,0,3,2,1,0,0,R
670970,Adrian Morejon,2026-05-31,822729,SD,0,3,3,1,0,0,L
592094,Jason Adam,2026-05-31,822729,SD,0,4,4,1,0,1,R
683004,Jack Leiter,2026-05-31,822895,TEX,1,23,21,3,0,10,R
656222,Jalen Beeks,2026-05-31,822895,TEX,0,5,4,3,0,0,L
682608,Peyton Gray,2026-05-31,822895,TEX,0,2,2,0,0,1,R
686560,Gavin Collyer,2026-05-31,822895,TEX,0,6,3,1,1,0,R
656641,Jacob Latz,2026-05-31,822895,TEX,0,4,4,1,0,1,L
608379,Michael Wacha,2026-05-31,822895,KC,1,26,21,8,0,5,R
674444,Steven Cruz,2026-05-31,822895,KC,0,4,3,1,0,1,R
696131,Mason Black,2026-05-31,822895,KC,0,3,3,0,0,1,R
669212,Eli Morgan,2026-05-31,822895,KC,0,5,4,1,0,1,R
663556,Shane McClanahan,2026-05-31,822976,TB,1,19,19,4,0,3,L
668984,Casey Legumina,2026-05-31,822976,TB,0,7,7,2,1,1,R
687330,Kevin Kelly,2026-05-31,822976,TB,0,6,6,2,0,1,R
641329,Bryan Baker,2026-05-31,822976,TB,0,4,4,1,0,1,R
686799,Jack Kochanowicz,2026-05-31,822976,LAA,1,16,12,5,1,1,R
815083,Mitch Farris,2026-05-31,822976,LAA,0,17,14,1,0,4,L
519141,Drew Pomeranz,2026-05-31,822976,LAA,0,5,3,1,0,1,L
608718,Brent Suter,2026-05-31,822976,LAA,0,3,3,0,0,0,L
669461,Matthew Liberatore,2026-05-31,823053,STL,1,20,19,3,0,4,L
690928,Hunter Dobbins,2026-05-31,823053,STL,0,15,15,4,1,4,R
696136,Jordan Wicks,2026-05-31,823053,CHC,1,10,10,4,0,1,L
681799,Ethan Roberts,2026-05-31,823053,CHC,0,6,6,3,0,2,R
663423,Trent Thornton,2026-05-31,823053,CHC,0,7,5,0,0,1,R
664208,Phil Maton,2026-05-31,823053,CHC,0,3,3,0,0,1,R
669020,Ryan Rolison,2026-05-31,823053,CHC,0,8,5,1,0,0,L
682243,Bryce Miller,2026-05-31,823133,SEA,1,17,16,1,0,6,R
622491,Luis Castillo,2026-05-31,823133,SEA,0,20,15,2,0,3,R
518876,Merrill Kelly,2026-05-31,823133,AZ,1,27,23,8,2,2,R
656464,Kevin Ginkel,2026-05-31,823133,AZ,0,2,2,0,0,2,R
805299,Brandyn Garcia,2026-05-31,823133,AZ,0,3,3,1,0,0,L
666661,Juan Morillo,2026-05-31,823133,AZ,0,8,7,1,0,5,R
642528,Jonathan Loáisiga,2026-05-31,823133,AZ,0,3,1,1,0,0,R
677952,Braxton Ashcraft,2026-05-31,823373,PIT,1,22,22,5,1,11,R
676742,Cam Sanders,2026-05-31,823373,PIT,0,3,3,0,0,1,R
684049,Brandan Bidois,2026-05-31,823373,PIT,0,7,7,1,1,2,R
805673,Zebby Matthews,2026-05-31,823373,MIN,1,22,19,6,2,7,R
702474,Mike Paredes,2026-05-31,823373,MIN,0,17,12,2,0,3,R
690997,Nolan McLean,2026-05-31,823621,NYM,1,23,17,2,0,2,R
656849,David Peterson,2026-05-31,823621,NYM,0,15,14,1,0,3,L
667463,John King,2026-05-31,823621,MIA,1,7,7,2,1,2,L
669622,Anthony Bender,2026-05-31,823621,MIA,0,5,5,1,1,1,R
676534,Calvin Faucher,2026-05-31,823621,MIA,0,6,4,2,0,2,R
806188,Cade Gibson,2026-05-31,823621,MIA,0,5,5,1,0,1,L
687985,Josh White,2026-05-31,823621,MIA,0,8,3,1,1,1,R
687531,William Kempner,2026-05-31,823621,MIA,0,6,6,2,0,3,R
691594,Javier Sanoja,2026-05-31,823621,MIA,0,3,3,0,0,0,R
808967,Yoshinobu Yamamoto,2026-05-31,823944,LAD,1,22,19,4,0,10,R
694361,Will Klein,2026-05-31,823944,LAD,0,3,2,0,0,0,R
683618,Edgardo Henriquez,2026-05-31,823944,LAD,0,4,3,0,0,1,R
642546,Jonathan Hernández,2026-05-31,823944,LAD,0,8,8,1,1,1,R
691725,Andrew Painter,2026-05-31,823944,PHI,1,18,17,7,2,3,R
621383,Tanner Banks,2026-05-31,823944,PHI,0,9,8,3,0,2,L
663767,Chase Shugart,2026-05-31,823944,PHI,0,7,6,2,1,2,R
676510,Nolan Hoffman,2026-05-31,823944,PHI,0,6,3,1,0,0,R
837227,Tatsuya Imai,2026-05-31,824187,HOU,1,23,20,3,1,5,R
695001,Alimber Santa,2026-05-31,824187,HOU,0,6,6,0,0,2,R
663878,Nate Pearson,2026-05-31,824187,HOU,0,3,3,1,0,0,R
694819,Jacob Misiorowski,2026-05-31,824187,MIL,1,25,24,3,0,8,R
682842,Abner Uribe,2026-05-31,824187,MIL,0,3,3,0,0,1,R
656730,Trevor Megill,2026-05-31,824187,MIL,0,3,3,0,0,2,R
685299,Tanner Gordon,2026-05-31,824354,COL,1,17,15,6,0,2,R
657514,Brennan Bernardino,2026-05-31,824354,COL,0,5,3,1,0,1,L
688642,Zach Agnos,2026-05-31,824354,COL,0,11,10,7,1,2,R
624522,Keegan Thompson,2026-05-31,824354,COL,0,10,10,4,1,2,R
675848,Juan Mejia,2026-05-31,824354,COL,0,5,3,2,0,1,R
664954,Brett Sullivan,2026-05-31,824354,COL,0,9,9,5,1,1,R
592662,Robbie Ray,2026-05-31,824354,SF,1,19,16,5,0,6,L
663941,Tristan Beck,2026-05-31,824354,SF,0,7,5,3,0,0,R
668873,Caleb Kilian,2026-05-31,824354,SF,0,4,3,0,0,2,R
666711,Joel Peguero,2026-05-31,824354,SF,0,8,7,2,0,1,R
664141,JT Brubaker,2026-05-31,824354,SF,0,5,5,0,0,1,R
676440,Tanner Bibee,2026-05-31,824430,CLE,1,24,22,6,1,5,R
670059,Colin Holderman,2026-05-31,824430,CLE,0,3,2,1,0,0,R
682120,Tim Herrin,2026-05-31,824430,CLE,0,4,2,1,0,1,L
676051,Codi Heuer,2026-05-31,824430,CLE,0,3,3,2,0,0,R
702021,Will Dion,2026-05-31,824430,CLE,0,8,8,2,0,3,L
624133,Ranger Suarez,2026-05-31,824430,BOS,1,25,22,8,0,10,L
663558,Jovani Morán,2026-05-31,824430,BOS,0,5,5,0,0,1,L
594027,Tyron Guerrero,2026-05-31,824430,BOS,0,3,3,1,0,1,R
669711,Greg Weissert,2026-05-31,824430,BOS,0,4,4,1,0,1,R
547973,Aroldis Chapman,2026-05-31,824430,BOS,0,4,4,1,0,2,L
666157,Nick Lodolo,2026-05-31,824512,CIN,1,28,23,5,2,4,L
656271,Brock Burke,2026-05-31,824512,CIN,0,4,4,0,0,1,L
663574,Tony Santillan,2026-05-31,824512,CIN,0,5,4,2,0,0,R
594580,Sam Moll,2026-05-31,824512,CIN,0,2,1,0,0,0,L
675911,Spencer Strider,2026-05-31,824512,ATL,1,24,21,7,0,8,R
800311,Didier Fuentes,2026-05-31,824512,ATL,0,5,4,1,0,2,R
689266,Dylan Dodd,2026-05-31,824512,ATL,0,4,4,1,1,1,L
625643,Reynaldo López,2026-05-31,824512,ATL,0,4,4,1,0,2,R
680732,Sean Burke,2026-05-31,824592,CWS,1,21,19,3,0,6,R
669684,Chris Murphy,2026-05-31,824592,CWS,0,5,2,0,0,0,L
685126,Brandon Eisert,2026-05-31,824592,CWS,0,1,1,0,0,1,L
663542,Bryan Hudson,2026-05-31,824592,CWS,0,5,5,1,0,1,L
699823,Tyler Davis,2026-05-31,824592,CWS,0,2,2,0,0,0,R
672456,Keider Montero,2026-05-31,824592,DET,1,20,20,2,0,4,R
623454,Drew Anderson,2026-05-31,824592,DET,0,6,6,4,1,0,R
663947,Tyler Holton,2026-05-31,824592,DET,0,0,0,0,0,0,L
669724,Brenan Hanifee,2026-05-31,824592,DET,0,3,3,0,0,0,R
680694,Kyle Bradish,2026-05-31,824832,BAL,1,27,24,4,0,4,R
669330,Tyler Wells,2026-05-31,824832,BAL,0,8,7,4,1,0,R
670329,Rico Garcia,2026-05-31,824832,BAL,0,3,3,0,0,0,R
693686,Spencer Miles,2026-05-31,824832,TOR,1,17,13,5,1,2,R
671936,Adam Macko,2026-05-31,824832,TOR,0,7,7,1,0,1,L
696522,Hayden Juenger,2026-05-31,824832,TOR,0,7,4,2,0,0,R
684320,Yariel Rodríguez,2026-05-31,824832,TOR,0,4,4,2,0,0,R
689254,Mason Fluharty,2026-05-31,824832,TOR,0,3,3,0,0,3,L
682052,Jacob Lopez,2026-05-31,825001,ATH,1,13,11,5,0,3,L
547184,Michael Kelly,2026-05-31,825001,ATH,0,10,8,6,0,2,R
678022,Jack Perkins,2026-05-31,825001,ATH,0,7,7,0,0,0,R
643410,Mark Leiter Jr.,2026-05-31,825001,ATH,0,3,2,0,0,0,R
665622,Luis Medina,2026-05-31,825001,ATH,0,6,6,0,0,4,R
660761,José Suarez,2026-05-31,825001,ATH,0,3,3,0,0,1,L
701542,Will Warren,2026-05-31,825001,NYY,1,27,24,6,0,5,R
657612,Tim Hill,2026-05-31,825001,NYY,0,8,6,3,2,0,L
518585,Fernando Cruz,2026-05-31,825001,NYY,0,5,5,2,0,0,R
670280,David Bednar,2026-05-31,825001,NYY,0,5,4,1,0,1,R
676917,Cade Cavalli,2026-06-01,822730,WSH,1,23,19,5,0,6,R
663992,Richard Lovelady,2026-06-01,822730,WSH,0,5,3,2,1,0,L
687606,Paxton Schultz,2026-06-01,822730,WSH,0,7,7,0,0,2,R
669371,Cole Henry,2026-06-01,822730,WSH,0,7,6,3,2,2,R
645261,Sandy Alcantara,2026-06-01,822730,MIA,1,26,26,7,1,5,R
656848,Michael Petersen,2026-06-01,822730,MIA,0,4,3,0,0,1,R
664126,Pete Fairbanks,2026-06-01,822730,MIA,0,3,3,0,0,1,R
643377,Griffin Jax,2026-06-01,822974,TB,1,19,18,7,3,5,R
694680,Trevor Martin,2026-06-01,822974,TB,0,15,13,4,2,1,R
642121,Cole Sulser,2026-06-01,822974,TB,0,6,5,3,0,1,R
664076,Garrett Cleavinger,2026-06-01,822974,TB,0,4,3,0,0,1,L
680744,Ty Madden,2026-06-01,822974,DET,1,15,13,3,1,4,R
663947,Tyler Holton,2026-06-01,822974,DET,0,5,5,1,0,1,L
669724,Brenan Hanifee,2026-06-01,822974,DET,0,3,1,1,1,0,R
805427,Drew Sommers,2026-06-01,822974,DET,0,3,2,0,0,0,L
640448,Kyle Finnegan,2026-06-01,822974,DET,0,4,4,1,0,1,R
689225,Beau Brieske,2026-06-01,822974,DET,0,4,1,0,0,0,R
676684,Will Vest,2026-06-01,822974,DET,0,8,8,2,0,2,R
700241,Michael McGreevy,2026-06-01,823050,STL,1,23,21,5,0,1,R
677865,Justin Bruihl,2026-06-01,823050,STL,0,5,5,1,0,1,L
592773,Ryne Stanek,2026-06-01,823050,STL,0,3,2,0,0,1,R
666277,George Soriano,2026-06-01,823050,STL,0,5,5,2,0,2,R
594798,Jacob deGrom,2026-06-01,823050,TEX,1,21,20,4,0,8,R
682608,Peyton Gray,2026-06-01,823050,TEX,0,4,4,1,1,2,R
641302,Tyler Alexander,2026-06-01,823050,TEX,0,3,3,0,0,1,L
596001,Jakob Junis,2026-06-01,823050,TEX,0,3,3,0,0,1,R
656641,Jacob Latz,2026-06-01,823050,TEX,0,3,3,0,0,2,L
676106,Emerson Hancock,2026-06-01,823131,SEA,1,20,20,2,2,7,R
678606,José A. Ferrer,2026-06-01,823131,SEA,0,3,3,0,0,1,L
666374,Matt Brash,2026-06-01,823131,SEA,0,3,2,0,0,1,R
662253,Andrés Muñoz,2026-06-01,823131,SEA,0,3,3,0,0,1,R
642100,Gabe Speier,2026-06-01,823131,SEA,0,3,3,0,0,2,L
681810,Austin Warren,2026-06-01,823131,NYM,1,4,3,0,0,0,R
640455,Sean Manaea,2026-06-01,823131,NYM,0,16,15,1,1,4,L
548384,Brooks Raley,2026-06-01,823131,NYM,0,4,4,2,1,1,L
596133,Luke Weaver,2026-06-01,823131,NYM,0,4,4,0,0,1,R
642207,Devin Williams,2026-06-01,823131,NYM,0,3,3,0,0,2,R
621345,A.J. Minter,2026-06-01,823131,NYM,0,2,2,1,0,1,L
657746,Joe Ryan,2026-06-01,823702,MIN,1,27,27,8,2,9,R
681892,Kody Funderburk,2026-06-01,823702,MIN,0,4,3,0,0,0,L
672782,Yoendrys Gómez,2026-06-01,823702,MIN,0,4,4,1,0,1,R
701519,Travis Adams,2026-06-01,823702,MIN,0,5,5,2,1,1,R
689818,David Sandlin,2026-06-01,823702,CWS,1,23,19,8,1,4,R
699823,Tyler Davis,2026-06-01,823702,CWS,0,5,3,2,0,1,R
685126,Brandon Eisert,2026-06-01,823702,CWS,0,3,3,0,0,1,L
670950,Trevor Richards,2026-06-01,823702,CWS,0,6,6,0,0,0,R
675660,Shane Drohan,2026-06-01,823781,MIL,1,17,15,4,1,5,L
694477,Chad Patrick,2026-06-01,823781,MIL,0,3,3,0,0,1,R
669084,DL Hall,2026-06-01,823781,MIL,0,10,7,1,0,2,L
681982,Grant Anderson,2026-06-01,823781,MIL,0,3,3,0,0,0,R
663765,Jake Woodford,2026-06-01,823781,MIL,0,3,3,0,0,2,R
694738,Landen Roupp,2026-06-01,823781,SF,1,23,17,8,0,4,R
678576,Wilkin Ramos,2026-06-01,823781,SF,0,11,9,3,0,1,R
657424,Matt Gage,2026-06-01,823781,SF,0,8,6,3,0,1,L
671083,Buddy Kennedy,2026-06-01,823781,SF,0,9,6,4,0,0,R
667755,José Soriano,2026-06-01,824027,LAA,1,25,16,3,1,7,R
681217,Chase Silseth,2026-06-01,824027,LAA,0,5,5,1,0,1,R
666171,Ryan Zeferjahn,2026-06-01,824027,LAA,0,4,3,0,0,1,R
820862,José Fermin,2026-06-01,824027,LAA,0,8,6,4,1,2,R
608718,Brent Suter,2026-06-01,824027,LAA,0,1,1,0,0,0,L
489446,Kirby Yates,2026-06-01,824027,LAA,0,5,4,2,0,0,R
607536,Kyle Freeland,2026-06-01,824027,COL,1,28,27,7,1,4,L
678020,Seth Halvorsen,2026-06-01,824027,COL,0,5,5,1,0,1,R
677955,Jaden Hill,2026-06-01,824027,COL,0,3,1,0,0,0,R
622608,Antonio Senzatela,2026-06-01,824027,COL,0,6,5,2,0,0,R
680689,Lyon Richardson,2026-06-01,824510,CIN,1,7,4,1,1,2,R
657571,Caleb Ferguson,2026-06-01,824510,CIN,0,8,8,2,0,2,L
605335,Brandon Leibrandt,2026-06-01,824510,CIN,0,30,26,10,2,3,L
679883,Luinder Avila,2026-06-01,824510,KC,1,21,17,2,1,5,R
670167,John Schreiber,2026-06-01,824510,KC,0,3,2,0,0,1,R
656638,Alex Lange,2026-06-01,824510,KC,0,3,3,0,0,2,R
696131,Mason Black,2026-06-01,824510,KC,0,5,5,2,0,1,R
669212,Eli Morgan,2026-06-01,824510,KC,0,6,5,2,0,3,R
593958,Eduardo Rodriguez,2026-06-01,825078,AZ,1,24,23,5,0,3,L
664199,Taylor Clarke,2026-06-01,825078,AZ,0,3,3,0,0,2,R
805299,Brandyn Garcia,2026-06-01,825078,AZ,0,3,3,1,0,0,L
623149,Paul Sewald,2026-06-01,825078,AZ,0,3,3,0,0,0,R
686218,Emmet Sheehan,2026-06-01,825078,LAD,1,22,22,3,2,3,R
681911,Alex Vesia,2026-06-01,825078,LAD,0,2,2,0,0,1,L
676263,Jack Dreyer,2026-06-01,825078,LAD,0,5,5,2,1,0,L
663992,Richard Lovelady,2026-06-02,822728,WSH,1,9,6,0,0,2,L
571945,Miles Mikolas,2026-06-02,822728,WSH,0,25,23,6,3,4,R
680730,Mitchell Parker,2026-06-02,822728,WSH,0,5,4,2,1,0,L
669199,Lake Bachar,2026-06-02,822728,MIA,1,9,8,0,0,3,R
667463,John King,2026-06-02,822728,MIA,0,5,5,0,0,0,L
687473,Ryan Gusto,2026-06-02,822728,MIA,0,11,11,5,0,3,R
656848,Michael Petersen,2026-06-02,822728,MIA,0,4,4,1,0,2,R
669622,Anthony Bender,2026-06-02,822728,MIA,0,2,2,0,0,1,R
676534,Calvin Faucher,2026-06-02,822728,MIA,0,4,4,1,0,2,R
571927,Steven Matz,2026-06-02,822971,TB,1,11,10,6,2,2,L
668984,Casey Legumina,2026-06-02,822971,TB,0,5,5,1,0,2,R
592155,Cam Booser,2026-06-02,822971,TB,0,7,7,1,0,1,L
693855,Ian Seymour,2026-06-02,822971,TB,0,11,6,2,1,1,L
641329,Bryan Baker,2026-06-02,822971,TB,0,3,3,0,0,0,R
810938,Ben Williamson,2026-06-02,822971,TB,0,4,3,0,0,0,R
656427,Jack Flaherty,2026-06-02,822971,DET,1,22,20,5,0,6,R
646241,Enmanuel De Jesus,2026-06-02,822971,DET,0,11,11,0,0,4,L
669160,Dustin May,2026-06-02,823052,STL,1,24,22,5,0,9,R
668941,JoJo Romero,2026-06-02,823052,STL,0,4,2,1,0,1,L
700669,Gordon Graceffo,2026-06-02,823052,STL,0,2,1,0,0,1,R
666277,George Soriano,2026-06-02,823052,STL,0,3,3,0,0,2,R
676617,Riley O'Brien,2026-06-02,823052,STL,0,7,5,3,0,2,R
543135,Nathan Eovaldi,2026-06-02,823052,TEX,1,31,28,11,1,7,R
656222,Jalen Beeks,2026-06-02,823052,TEX,0,6,6,1,0,2,L
615698,Cal Quantrill,2026-06-02,823052,TEX,0,1,1,0,0,0,R
596001,Jakob Junis,2026-06-02,823052,TEX,0,4,4,1,0,1,R
669302,Logan Gilbert,2026-06-02,823129,SEA,1,22,20,4,2,8,R
660825,Eduard Bazardo,2026-06-02,823129,SEA,0,4,4,1,0,0,R
681867,Cooper Criswell,2026-06-02,823129,SEA,0,7,6,0,0,3,R
623211,Huascar Brazobán,2026-06-02,823129,NYM,1,9,8,3,1,0,R
804636,Jonah Tong,2026-06-02,823129,NYM,0,19,16,5,1,4,R
672335,Cionel Pérez,2026-06-02,823129,NYM,0,8,8,2,1,3,L
621345,A.J. Minter,2026-06-02,823129,NYM,0,4,3,1,0,1,L
605400,Aaron Nola,2026-06-02,823460,PHI,1,19,19,4,1,8,R
621237,José Alvarado,2026-06-02,823460,PHI,0,3,3,0,0,0,L
689147,Orion Kerkering,2026-06-02,823460,PHI,0,5,4,1,0,1,R
641745,Brad Keller,2026-06-02,823460,PHI,0,4,4,2,0,0,R
661395,Jhoan Duran,2026-06-02,823460,PHI,0,3,3,0,0,3,R
681190,Randy Vásquez,2026-06-02,823460,SD,1,20,19,5,1,3,R
669093,Jeremiah Estrada,2026-06-02,823460,SD,0,4,3,1,0,1,R
673513,Yuki Matsui,2026-06-02,823460,SD,0,4,3,1,0,1,L
592094,Jason Adam,2026-06-02,823460,SD,0,2,2,1,0,0,R
699134,Bradgley Rodriguez,2026-06-02,823460,SD,0,4,3,1,0,0,R
693645,Cam Schlittler,2026-06-02,823541,NYY,1,20,17,5,1,3,R
687396,Brent Headrick,2026-06-02,823541,NYY,0,6,5,0,0,4,L
657612,Tim Hill,2026-06-02,823541,NYY,0,5,5,3,0,1,L
666808,Camilo Doval,2026-06-02,823541,NYY,0,7,7,4,0,2,R
642232,Ryan Yarbrough,2026-06-02,823541,NYY,0,4,3,0,0,2,L
676282,Joey Cantillo,2026-06-02,823541,CLE,1,21,18,6,1,4,L
670059,Colin Holderman,2026-06-02,823541,CLE,0,4,4,1,0,2,R
682120,Tim Herrin,2026-06-02,823541,CLE,0,3,3,0,0,1,L
683769,Hunter Gaddis,2026-06-02,823541,CLE,0,5,5,1,0,2,R
542888,Shawn Armstrong,2026-06-02,823541,CLE,0,3,3,0,0,1,R
670036,Matt Festa,2026-06-02,823541,CLE,0,3,3,0,0,1,R
687570,Connor Prielipp,2026-06-02,823700,MIN,1,27,24,6,0,7,L
702193,Andrew Morris,2026-06-02,823700,MIN,0,4,3,1,0,2,R
607455,Anthony Banda,2026-06-02,823700,MIN,0,5,4,1,0,3,L
672782,Yoendrys Gómez,2026-06-02,823700,MIN,0,4,4,0,0,2,R
663436,Davis Martin,2026-06-02,823700,CWS,1,25,21,10,0,2,R
656794,Sean Newcomb,2026-06-02,823700,CWS,0,6,5,0,0,1,L
670950,Trevor Richards,2026-06-02,823700,CWS,0,5,5,0,0,1,R
690986,Kyle Harrison,2026-06-02,823782,MIL,1,23,21,4,1,12,L
676879,Aaron Ashby,2026-06-02,823782,MIL,0,7,7,3,0,1,L
682842,Abner Uribe,2026-06-02,823782,MIL,0,6,6,3,0,0,R
656730,Trevor Megill,2026-06-02,823782,MIL,0,3,3,0,0,1,R
686790,Trevor McDonald,2026-06-02,823782,SF,1,22,19,5,1,4,R
669062,Erik Miller,2026-06-02,823782,SF,0,3,3,1,0,1,L
656529,Sam Hentges,2026-06-02,823782,SF,0,3,1,0,0,0,L
668873,Caleb Kilian,2026-06-02,823782,SF,0,4,3,1,0,0,R
663941,Tristan Beck,2026-06-02,823782,SF,0,9,7,5,0,1,R
680570,Grayson Rodriguez,2026-06-02,824026,LAA,1,21,17,7,2,3,R
691951,Sam Aldegheri,2026-06-02,824026,LAA,0,22,20,4,0,5,L
608372,Tomoyuki Sugano,2026-06-02,824026,COL,1,23,20,5,0,5,R
680604,Blas Castaño,2026-06-02,824026,COL,0,6,6,0,0,2,R
669298,TJ Shook,2026-06-02,824026,COL,0,3,3,1,0,0,R
675848,Juan Mejia,2026-06-02,824026,COL,0,4,4,1,0,1,R
681347,Mike Burrows,2026-06-02,824189,HOU,1,25,20,8,2,3,R
660853,Enyel De Los Santos,2026-06-02,824189,HOU,0,3,2,0,0,2,R
595345,Steven Okert,2026-06-02,824189,HOU,0,5,3,0,0,1,L
650556,Bryan Abreu,2026-06-02,824189,HOU,0,6,5,2,1,2,R
805123,AJ Blubaugh,2026-06-02,824189,HOU,0,5,5,2,0,3,R
696149,Bubba Chandler,2026-06-02,824189,PIT,1,23,21,6,1,3,R
696062,Wilber Dotel,2026-06-02,824189,PIT,0,10,8,0,0,3,R
642701,Dennis Santana,2026-06-02,824189,PIT,0,5,4,3,0,1,R
642397,Gregory Soto,2026-06-02,824189,PIT,0,2,2,0,0,2,L
671096,Andrew Abbott,2026-06-02,824511,CIN,1,27,23,5,0,5,L
622088,Tejay Antone,2026-06-02,824511,CIN,0,4,3,0,0,2,R
594580,Sam Moll,2026-06-02,824511,CIN,0,5,3,0,0,2,L
687209,Zach Maxwell,2026-06-02,824511,CIN,0,4,3,0,0,1,R
656271,Brock Burke,2026-06-02,824511,CIN,0,4,3,0,0,1,L
702070,Noah Cameron,2026-06-02,824511,KC,1,22,22,1,1,8,L
621381,Matt Strahm,2026-06-02,824511,KC,0,4,4,1,1,0,L
668674,Lucas Erceg,2026-06-02,824511,KC,0,6,4,1,1,2,R
670167,John Schreiber,2026-06-02,824511,KC,0,2,2,1,0,1,R
592791,Jameson Taillon,2026-06-02,824675,CHC,1,26,25,6,1,6,R
571948,Hoby Milner,2026-06-02,824675,CHC,0,5,5,0,0,1,L
694037,Daniel Palencia,2026-06-02,824675,CHC,0,3,3,0,0,1,R
695611,Gage Jump,2026-06-02,824675,ATH,1,24,22,3,0,5,L
686993,Justin Sterner,2026-06-02,824675,ATH,0,3,3,0,0,0,R
605130,Scott Barlow,2026-06-02,824675,ATH,0,4,3,1,0,1,R
663687,Hogan Harris,2026-06-02,824675,ATH,0,1,1,0,0,0,L
813349,Connelly Early,2026-06-02,824754,BOS,1,23,20,6,2,6,L
669711,Greg Weissert,2026-06-02,824754,BOS,0,5,5,0,0,3,R
701719,Tyler Samaniego,2026-06-02,824754,BOS,0,9,8,3,0,2,L
669358,Shane Baz,2026-06-02,824754,BAL,1,26,22,4,0,6,R
552640,Andrew Kittredge,2026-06-02,824754,BAL,0,4,4,1,0,1,R
670329,Rico Garcia,2026-06-02,824754,BAL,0,3,3,0,0,2,R
693821,Bryce Elder,2026-06-02,824918,ATL,1,27,25,6,1,6,R
663158,Robert Suarez,2026-06-02,824918,ATL,0,4,4,1,0,2,R
628452,Raisel Iglesias,2026-06-02,824918,ATL,0,5,5,2,0,1,R
592332,Kevin Gausman,2026-06-02,824918,TOR,1,25,22,5,1,8,R
680755,Braydon Fisher,2026-06-02,824918,TOR,0,3,3,0,0,1,R
689254,Mason Fluharty,2026-06-02,824918,TOR,0,3,3,1,0,0,L
657756,Connor Seabold,2026-06-02,824918,TOR,0,1,1,0,0,0,R
647336,Michael Soroka,2026-06-02,825079,AZ,1,25,24,6,1,6,R
642528,Jonathan Loáisiga,2026-06-02,825079,AZ,0,8,4,3,0,1,R
656464,Kevin Ginkel,2026-06-02,825079,AZ,0,3,3,0,0,1,R
666661,Juan Morillo,2026-06-02,825079,AZ,0,4,4,1,0,2,R
641778,Eric Lauer,2026-06-02,825079,LAD,1,20,18,5,1,1,L
595014,Blake Treinen,2026-06-02,825079,LAD,0,2,1,0,0,0,R
683618,Edgardo Henriquez,2026-06-02,825079,LAD,0,5,5,1,0,0,R
669165,Kyle Hurt,2026-06-02,825079,LAD,0,6,3,1,0,1,R
694361,Will Klein,2026-06-02,825079,LAD,0,7,6,3,0,1,R
656945,Tanner Scott,2026-06-02,825079,LAD,0,4,3,1,0,1,L
674841,Andrew Alvarez,2026-06-03,822727,WSH,1,18,17,4,1,5,L
695418,Brad Lord,2026-06-03,822727,WSH,0,7,4,0,0,2,R
687377,Orlando Ribalta,2026-06-03,822727,WSH,0,4,3,1,0,1,R
690925,Clayton Beeter,2026-06-03,822727,WSH,0,8,7,3,0,3,R
681402,Gus Varland,2026-06-03,822727,WSH,0,5,4,2,0,0,R
687606,Paxton Schultz,2026-06-03,822727,WSH,0,2,1,0,0,0,R
676974,Max Meyer,2026-06-03,822727,MIA,1,24,22,2,0,7,R
676534,Calvin Faucher,2026-06-03,822727,MIA,0,4,3,0,0,1,R
664126,Pete Fairbanks,2026-06-03,822727,MIA,0,5,4,1,0,1,R
607259,Nick Martinez,2026-06-03,822973,TB,1,22,19,9,2,1,R
669438,Mason Englert,2026-06-03,822973,TB,0,19,17,4,0,3,R
675512,Troy Melton,2026-06-03,822973,DET,1,29,27,4,1,5,R
623454,Drew Anderson,2026-06-03,822973,DET,0,3,3,0,0,1,R
669467,Andre Pallante,2026-06-03,823051,STL,1,23,20,3,0,5,R
668941,JoJo Romero,2026-06-03,823051,STL,0,5,4,2,0,2,L
592773,Ryne Stanek,2026-06-03,823051,STL,0,6,6,1,0,1,R
676617,Riley O'Brien,2026-06-03,823051,STL,0,4,3,0,0,0,R
669022,MacKenzie Gore,2026-06-03,823051,TEX,1,26,23,9,0,5,L
681168,Luis Curvelo,2026-06-03,823051,TEX,0,6,6,2,0,0,R
695239,Robby Ahlstrom,2026-06-03,823051,TEX,0,4,4,0,0,2,L
615698,Cal Quantrill,2026-06-03,823051,TEX,0,2,2,0,0,1,R
669923,George Kirby,2026-06-03,823130,SEA,1,23,22,9,0,5,R
660825,Eduard Bazardo,2026-06-03,823130,SEA,0,5,5,2,0,2,R
678606,José A. Ferrer,2026-06-03,823130,SEA,0,3,3,1,0,1,L
681867,Cooper Criswell,2026-06-03,823130,SEA,0,4,4,1,0,1,R
695380,Alex Hoppe,2026-06-03,823130,SEA,0,8,7,1,0,1,R
642547,Freddy Peralta,2026-06-03,823130,NYM,1,24,22,6,1,6,R
548384,Brooks Raley,2026-06-03,823130,NYM,0,4,3,0,0,1,L
596133,Luke Weaver,2026-06-03,823130,NYM,0,3,3,0,0,2,R
680702,Joey Gerber,2026-06-03,823130,NYM,0,3,3,0,0,0,R
650911,Cristopher Sánchez,2026-06-03,823456,PHI,1,26,25,4,0,8,L
641745,Brad Keller,2026-06-03,823456,PHI,0,7,5,2,0,1,R
661395,Jhoan Duran,2026-06-03,823456,PHI,0,3,3,0,0,2,R
621111,Walker Buehler,2026-06-03,823456,SD,1,24,22,4,0,6,R
592094,Jason Adam,2026-06-03,823456,SD,0,5,5,3,2,2,R
593974,Wandy Peralta,2026-06-03,823456,SD,0,4,4,1,0,0,L
543037,Gerrit Cole,2026-06-03,823540,NYY,1,23,22,6,3,2,R
518585,Fernando Cruz,2026-06-03,823540,NYY,0,4,4,0,0,3,R
657612,Tim Hill,2026-06-03,823540,NYY,0,4,4,2,0,1,L
621112,Paul Blackburn,2026-06-03,823540,NYY,0,5,5,1,0,1,R
668909,Gavin Williams,2026-06-03,823540,CLE,1,21,20,4,2,6,R
682120,Tim Herrin,2026-06-03,823540,CLE,0,2,1,0,0,1,L
670059,Colin Holderman,2026-06-03,823540,CLE,0,3,3,0,0,2,R
683769,Hunter Gaddis,2026-06-03,823540,CLE,0,3,3,0,0,0,R
671922,Cade Smith,2026-06-03,823540,CLE,0,4,3,1,0,1,R
671737,Taj Bradley,2026-06-03,823701,MIN,1,25,20,7,0,5,R
679358,Eric Orze,2026-06-03,823701,MIN,0,7,6,1,0,2,R
573124,Taylor Rogers,2026-06-03,823701,MIN,0,4,4,1,0,0,L
689520,Cody Laweryson,2026-06-03,823701,MIN,0,7,6,3,1,2,R
664875,Justin Lawrence,2026-06-03,823701,MIN,0,6,3,0,0,1,R
607200,Erick Fedde,2026-06-03,823701,CWS,1,18,17,2,0,2,R
691799,Grant Taylor,2026-06-03,823701,CWS,0,7,7,1,0,3,R
669684,Chris Murphy,2026-06-03,823701,CWS,0,9,8,2,0,3,L
688107,Robert Gasser,2026-06-03,823780,MIL,1,21,20,5,1,5,L
694477,Chad Patrick,2026-06-03,823780,MIL,0,16,14,3,0,4,R
657277,Logan Webb,2026-06-03,823780,SF,1,23,22,1,0,4,R
669062,Erik Miller,2026-06-03,823780,SF,0,3,2,1,0,0,L
676775,Keaton Winn,2026-06-03,823780,SF,0,5,5,1,0,1,R
700712,Walbert Ureña,2026-06-03,824024,LAA,1,24,21,3,1,7,R
519141,Drew Pomeranz,2026-06-03,824024,LAA,0,4,4,1,0,0,L
666171,Ryan Zeferjahn,2026-06-03,824024,LAA,0,5,5,2,0,0,R
489446,Kirby Yates,2026-06-03,824024,LAA,0,4,4,1,0,2,R
547179,Michael Lorenzen,2026-06-03,824024,COL,1,22,20,10,1,5,R
624522,Keegan Thompson,2026-06-03,824024,COL,0,13,13,5,0,3,R
678020,Seth Halvorsen,2026-06-03,824024,COL,0,5,4,1,0,0,R
669298,TJ Shook,2026-06-03,824024,COL,0,3,3,0,0,0,R
681293,Spencer Arrighetti,2026-06-03,824188,HOU,1,19,17,6,1,3,R
695001,Alimber Santa,2026-06-03,824188,HOU,0,5,3,0,0,1,R
687911,Bryan King,2026-06-03,824188,HOU,0,5,5,2,0,1,L
663878,Nate Pearson,2026-06-03,824188,HOU,0,7,6,3,1,3,R
805123,AJ Blubaugh,2026-06-03,824188,HOU,0,5,4,1,0,2,R
623352,Josh Hader,2026-06-03,824188,HOU,0,4,3,0,0,1,L
694973,Paul Skenes,2026-06-03,824188,PIT,1,23,22,6,0,7,R
670990,Yohan Ramírez,2026-06-03,824188,PIT,0,9,9,2,1,2,R
682254,Mason Montgomery,2026-06-03,824188,PIT,0,5,4,2,0,2,L
642397,Gregory Soto,2026-06-03,824188,PIT,0,4,3,3,0,0,L
684049,Brandan Bidois,2026-06-03,824188,PIT,0,2,1,0,0,1,R
695505,Chase Burns,2026-06-03,824509,CIN,1,24,23,4,1,9,R
657571,Caleb Ferguson,2026-06-03,824509,CIN,0,4,4,0,0,1,L
622088,Tejay Antone,2026-06-03,824509,CIN,0,3,3,1,0,1,R
663574,Tony Santillan,2026-06-03,824509,CIN,0,5,3,3,1,0,R
685112,Zach McCambley,2026-06-03,824509,CIN,0,4,3,1,0,2,R
663568,Stephen Kolek,2026-06-03,824509,KC,1,28,26,6,1,8,R
663738,Daniel Lynch IV,2026-06-03,824509,KC,0,4,4,1,0,1,L
656638,Alex Lange,2026-06-03,824509,KC,0,5,4,1,0,2,R
607067,Colin Rea,2026-06-03,824671,CHC,1,21,19,4,0,3,R
571948,Hoby Milner,2026-06-03,824671,CHC,0,2,2,0,0,1,L
657097,Jacob Webb,2026-06-03,824671,CHC,0,4,4,1,0,1,R
573204,Caleb Thielbar,2026-06-03,824671,CHC,0,4,4,3,1,0,L
664208,Phil Maton,2026-06-03,824671,CHC,0,2,2,1,0,0,R
694037,Daniel Palencia,2026-06-03,824671,CHC,0,3,3,0,0,1,R
681799,Ethan Roberts,2026-06-03,824671,CHC,0,3,3,1,0,0,R
669020,Ryan Rolison,2026-06-03,824671,CHC,0,1,1,0,0,0,L
605488,Jeffrey Springs,2026-06-03,824671,ATH,1,18,17,7,2,3,L
669270,Joel Kuhnel,2026-06-03,824671,ATH,0,4,4,0,0,1,R
660761,José Suarez,2026-06-03,824671,ATH,0,5,5,1,0,1,L
643410,Mark Leiter Jr.,2026-06-03,824671,ATH,0,2,2,0,0,0,R
665622,Luis Medina,2026-06-03,824671,ATH,0,4,3,1,0,1,R
663687,Hogan Harris,2026-06-03,824671,ATH,0,3,3,0,0,2,L
686993,Justin Sterner,2026-06-03,824671,ATH,0,3,3,0,0,1,R
801139,Payton Tolle,2026-06-03,824755,BOS,1,26,24,7,0,5,L
670245,Ryan Watson,2026-06-03,824755,BOS,0,13,11,2,0,2,R
605135,Chris Bassitt,2026-06-03,824755,BAL,1,16,14,6,1,1,R
544150,Albert Suárez,2026-06-03,824755,BAL,0,14,13,7,0,2,R
689296,Anthony Nunez,2026-06-03,824755,BAL,0,9,8,2,0,2,R
664991,Grant Wolfram,2026-06-03,824755,BAL,0,3,3,0,0,2,L
656550,Grant Holmes,2026-06-03,824917,ATL,1,25,22,5,1,4,R
669276,Dylan Lee,2026-06-03,824917,ATL,0,4,3,0,0,1,L
663158,Robert Suarez,2026-06-03,824917,ATL,0,5,5,2,0,1,R
641755,Tyler Kinley,2026-06-03,824917,ATL,0,4,4,1,1,2,R
571578,Patrick Corbin,2026-06-03,824917,TOR,1,23,21,6,1,1,L
684320,Yariel Rodríguez,2026-06-03,824917,TOR,0,5,4,1,0,0,R
671936,Adam Macko,2026-06-03,824917,TOR,0,4,4,2,1,0,L
696522,Hayden Juenger,2026-06-03,824917,TOR,0,3,3,0,0,0,R
668678,Zac Gallen,2026-06-03,825077,AZ,1,25,23,9,1,1,R
664199,Taylor Clarke,2026-06-03,825077,AZ,0,5,4,1,0,1,R
694297,Brandon Pfaadt,2026-06-03,825077,AZ,0,9,6,3,0,1,R
657044,Ryan Thompson,2026-06-03,825077,AZ,0,8,8,3,0,2,R
642528,Jonathan Loáisiga,2026-06-03,825077,AZ,0,1,1,0,0,1,R
660271,Shohei Ohtani,2026-06-03,825077,LAD,1,20,19,2,0,6,R
642546,Jonathan Hernández,2026-06-03,825077,LAD,0,7,6,0,0,3,R
676263,Jack Dreyer,2026-06-03,825077,LAD,0,4,4,0,0,0,L
554430,Zack Wheeler,2026-06-04,823457,PHI,1,25,22,2,1,8,R
689147,Orion Kerkering,2026-06-04,823457,PHI,0,5,4,1,0,1,R
621237,José Alvarado,2026-06-04,823457,PHI,0,5,4,1,1,1,L
608337,Lucas Giolito,2026-06-04,823457,SD,1,18,17,6,1,5,R
673513,Yuki Matsui,2026-06-04,823457,SD,0,4,3,0,0,2,L
676760,Ron Marinaccio,2026-06-04,823457,SD,0,4,4,1,0,2,R
670970,Adrian Morejon,2026-06-04,823457,SD,0,6,5,3,0,0,L
593974,Wandy Peralta,2026-06-04,823457,SD,0,5,5,0,0,1,L
607074,Carlos Rodón,2026-06-04,823542,NYY,1,23,20,2,0,7,L
687396,Brent Headrick,2026-06-04,823542,NYY,0,4,3,0,0,1,L
518585,Fernando Cruz,2026-06-04,823542,NYY,0,3,3,0,0,0,R
670280,David Bednar,2026-06-04,823542,NYY,0,3,3,0,0,0,R
677944,Slade Cecconi,2026-06-04,823542,CLE,1,21,19,4,0,4,R
676051,Codi Heuer,2026-06-04,823542,CLE,0,5,4,1,0,1,R
670036,Matt Festa,2026-06-04,823542,CLE,0,3,3,0,0,2,R
702193,Andrew Morris,2026-06-04,823698,MIN,1,12,10,5,0,2,R
702474,Mike Paredes,2026-06-04,823698,MIN,0,15,14,2,1,1,R
607455,Anthony Banda,2026-06-04,823698,MIN,0,3,3,1,0,0,L
679358,Eric Orze,2026-06-04,823698,MIN,0,5,4,1,0,0,R
672782,Yoendrys Gómez,2026-06-04,823698,MIN,0,3,2,0,0,2,R
573124,Taylor Rogers,2026-06-04,823698,MIN,0,4,3,2,0,0,L
664875,Justin Lawrence,2026-06-04,823698,MIN,0,5,3,1,0,2,R
607625,Seth Lugo,2026-06-04,823698,KC,1,22,21,6,3,4,R
670167,John Schreiber,2026-06-04,823698,KC,0,4,4,1,1,2,R
663738,Daniel Lynch IV,2026-06-04,823698,KC,0,4,4,1,0,1,L
621381,Matt Strahm,2026-06-04,823698,KC,0,3,3,0,0,0,L
656638,Alex Lange,2026-06-04,823698,KC,0,5,4,1,0,0,R
689441,Coleman Crow,2026-06-04,823779,MIL,1,18,16,9,1,2,R
669084,DL Hall,2026-06-04,823779,MIL,0,8,7,1,0,1,L
681982,Grant Anderson,2026-06-04,823779,MIL,0,7,7,3,0,1,R
663765,Jake Woodford,2026-06-04,823779,MIL,0,16,15,7,1,1,R
605288,Adrian Houser,2026-06-04,823779,SF,1,21,17,5,1,5,R
656529,Sam Hentges,2026-06-04,823779,SF,0,3,2,0,0,1,L
664141,JT Brubaker,2026-06-04,823779,SF,0,9,7,2,1,1,R
663941,Tristan Beck,2026-06-04,823779,SF,0,4,4,1,1,0,R
678576,Wilkin Ramos,2026-06-04,823779,SF,0,4,2,2,0,0,R
668873,Caleb Kilian,2026-06-04,823779,SF,0,4,4,1,0,1,R
678906,Kai-Wei Teng,2026-06-04,824185,HOU,1,23,21,7,1,1,R
595345,Steven Okert,2026-06-04,824185,HOU,0,7,7,1,0,2,L
660853,Enyel De Los Santos,2026-06-04,824185,HOU,0,4,4,1,0,1,R
650556,Bryan Abreu,2026-06-04,824185,HOU,0,4,3,0,0,3,R
683003,Jared Jones,2026-06-04,824185,PIT,1,21,19,4,0,4,R
669387,Carmen Mlodzinski,2026-06-04,824185,PIT,0,15,15,4,1,3,R
684007,Shota Imanaga,2026-06-04,824672,CHC,1,24,23,6,4,5,L
663423,Trent Thornton,2026-06-04,824672,CHC,0,7,5,1,0,0,R
669020,Ryan Rolison,2026-06-04,824672,CHC,0,5,5,0,0,3,L
669372,J.T. Ginn,2026-06-04,824672,ATH,1,21,19,2,1,8,R
605130,Scott Barlow,2026-06-04,824672,ATH,0,5,5,2,1,0,R
643410,Mark Leiter Jr.,2026-06-04,824672,ATH,0,3,3,0,0,2,R
669270,Joel Kuhnel,2026-06-04,824672,ATH,0,6,6,5,0,0,R
665622,Luis Medina,2026-06-04,824672,ATH,0,2,2,2,0,0,R
678394,Brayan Bello,2026-06-04,824753,BOS,1,26,21,7,0,4,R
663558,Jovani Morán,2026-06-04,824753,BOS,0,8,7,1,0,3,L
592454,Tommy Kahnle,2026-06-04,824753,BOS,0,9,7,2,0,1,R
669432,Trevor Rogers,2026-06-04,824753,BAL,1,22,21,5,0,3,L
666974,Yennier Cano,2026-06-04,824753,BAL,0,1,1,0,0,0,R
669330,Tyler Wells,2026-06-04,824753,BAL,0,3,3,0,0,1,R
669211,Keegan Akin,2026-06-04,824753,BAL,0,4,4,1,0,1,L
552640,Andrew Kittredge,2026-06-04,824753,BAL,0,4,4,1,1,1,R
519242,Chris Sale,2026-06-04,824919,ATL,1,29,26,10,0,6,L
800311,Didier Fuentes,2026-06-04,824919,ATL,0,5,5,1,0,1,R
689266,Dylan Dodd,2026-06-04,824919,ATL,0,3,3,0,0,1,L
625643,Reynaldo López,2026-06-04,824919,ATL,0,9,8,5,0,1,R
689254,Mason Fluharty,2026-06-04,824919,TOR,1,6,5,1,0,1,L
689149,Chad Dallas,2026-06-04,824919,TOR,0,15,12,2,0,2,R
643511,Tyler Rogers,2026-06-04,824919,TOR,0,3,3,0,0,0,R
656546,Jeff Hoffman,2026-06-04,824919,TOR,0,3,3,0,0,1,R
680755,Braydon Fisher,2026-06-04,824919,TOR,0,3,3,1,1,1,R
686973,Louis Varland,2026-06-04,824919,TOR,0,4,4,0,0,1,R
669194,Ryne Nelson,2026-06-04,825076,AZ,1,26,24,5,0,3,R
805299,Brandyn Garcia,2026-06-04,825076,AZ,0,3,3,0,0,0,L
623149,Paul Sewald,2026-06-04,825076,AZ,0,4,4,1,0,2,R
680736,Justin Wrobleski,2026-06-04,825076,LAD,1,24,24,6,0,4,L
669165,Kyle Hurt,2026-06-04,825076,LAD,0,4,4,1,0,2,R
694361,Will Klein,2026-06-04,825076,LAD,0,4,3,2,1,1,R
681911,Alex Vesia,2026-06-04,825076,LAD,0,3,3,1,0,0,L
656945,Tanner Scott,2026-06-04,825076,LAD,0,2,2,1,1,1,L
702056,Trey Yesavage,2026-06-05,822810,TOR,1,24,22,5,2,5,R
671936,Adam Macko,2026-06-05,822810,TOR,0,5,4,0,0,3,L
657756,Connor Seabold,2026-06-05,822810,TOR,0,7,7,4,0,0,R
684320,Yariel Rodríguez,2026-06-05,822810,TOR,0,8,7,4,0,1,R
623168,Tyler Heineman,2026-06-05,822810,TOR,0,1,1,0,0,0,R
687064,Brandon Young,2026-06-05,822810,BAL,1,25,23,7,1,4,R
664991,Grant Wolfram,2026-06-05,822810,BAL,0,2,2,0,0,0,L
666974,Yennier Cano,2026-06-05,822810,BAL,0,3,3,0,0,0,R
689296,Anthony Nunez,2026-06-05,822810,BAL,0,4,4,1,0,1,R
677958,Kumar Rocker,2026-06-05,822892,TEX,1,22,21,6,1,5,R
682608,Peyton Gray,2026-06-05,822892,TEX,0,5,5,0,0,2,R
656222,Jalen Beeks,2026-06-05,822892,TEX,0,1,1,0,0,1,L
656641,Jacob Latz,2026-06-05,822892,TEX,0,8,7,1,0,3,L
800048,Parker Messick,2026-06-05,822892,CLE,1,23,22,5,2,4,L
670036,Matt Festa,2026-06-05,822892,CLE,0,4,4,0,0,2,R
542888,Shawn Armstrong,2026-06-05,822892,CLE,0,3,3,0,0,0,R
681517,Kyle Leahy,2026-06-05,823049,STL,1,19,17,5,0,1,R
690928,Hunter Dobbins,2026-06-05,823049,STL,0,19,17,4,0,6,R
663903,Brady Singer,2026-06-05,823049,CIN,1,20,17,4,1,6,R
656271,Brock Burke,2026-06-05,823049,CIN,0,5,4,1,0,1,L
687209,Zach Maxwell,2026-06-05,823049,CIN,0,5,4,3,0,1,R
682825,Luis Mey,2026-06-05,823049,CIN,0,6,2,1,0,0,R
685112,Zach McCambley,2026-06-05,823049,CIN,0,10,8,1,0,2,R
650633,Michael King,2026-06-05,823293,SD,1,23,23,6,2,4,R
688158,David Morgan,2026-06-05,823293,SD,0,7,7,1,0,2,R
695243,Mason Miller,2026-06-05,823293,SD,0,4,4,2,0,1,R
673513,Yuki Matsui,2026-06-05,823293,SD,0,1,1,0,0,1,L
681035,Christian Scott,2026-06-05,823293,NYM,1,21,19,3,0,3,R
623211,Huascar Brazobán,2026-06-05,823293,NYM,0,4,4,0,0,2,R
596133,Luke Weaver,2026-06-05,823293,NYM,0,3,3,0,0,0,R
621345,A.J. Minter,2026-06-05,823293,NYM,0,4,4,0,0,0,L
666200,Jesús Luzardo,2026-06-05,823455,PHI,1,27,24,7,3,2,L
680742,Jonathan Bowlan,2026-06-05,823455,PHI,0,5,5,2,0,2,R
641745,Brad Keller,2026-06-05,823455,PHI,0,4,4,1,0,0,R
661395,Jhoan Duran,2026-06-05,823455,PHI,0,3,3,0,0,2,R
641743,Anthony Kay,2026-06-05,823455,CWS,1,21,19,7,2,4,L
699823,Tyler Davis,2026-06-05,823455,CWS,0,3,3,1,0,0,R
685126,Brandon Eisert,2026-06-05,823455,CWS,0,3,3,0,0,2,L
663542,Bryan Hudson,2026-06-05,823455,CWS,0,5,3,2,0,0,L
622554,Seranthony Domínguez,2026-06-05,823455,CWS,0,2,1,0,0,1,R
670950,Trevor Richards,2026-06-05,823455,CWS,0,4,4,1,0,0,R
677960,Ryan Weathers,2026-06-05,823538,NYY,1,26,25,7,2,4,L
621112,Paul Blackburn,2026-06-05,823538,NYY,0,6,6,0,0,2,R
666808,Camilo Doval,2026-06-05,823538,NYY,0,3,3,0,0,2,R
543243,Sonny Gray,2026-06-05,823538,BOS,1,27,25,8,2,3,R
543056,Danny Coulombe,2026-06-05,823538,BOS,0,2,2,0,0,1,L
686580,Justin Slaten,2026-06-05,823538,BOS,0,3,3,0,0,0,R
547973,Aroldis Chapman,2026-06-05,823538,BOS,0,5,3,0,0,1,L
805673,Zebby Matthews,2026-06-05,823699,MIN,1,27,23,5,0,2,R
607455,Anthony Banda,2026-06-05,823699,MIN,0,4,4,1,0,2,L
701519,Travis Adams,2026-06-05,823699,MIN,0,5,5,2,0,0,R
608379,Michael Wacha,2026-06-05,823699,KC,1,25,25,8,1,2,R
674444,Steven Cruz,2026-06-05,823699,KC,0,5,5,1,0,2,R
694360,Beck Way,2026-06-05,823699,KC,0,4,4,1,0,2,R
687473,Ryan Gusto,2026-06-05,823860,MIA,1,10,9,3,0,1,R
663969,Tyler Phillips,2026-06-05,823860,MIA,0,24,20,7,1,3,R
687531,William Kempner,2026-06-05,823860,MIA,0,5,5,1,0,1,R
676604,Tyler Zuber,2026-06-05,823860,MIA,0,5,4,1,0,1,R
656876,Drew Rasmussen,2026-06-05,823860,TB,1,22,22,1,0,9,R
592155,Cam Booser,2026-06-05,823860,TB,0,4,3,0,0,3,L
642121,Cole Sulser,2026-06-05,823860,TB,0,4,4,1,0,2,R
808963,Roki Sasaki,2026-06-05,823943,LAD,1,25,23,2,0,10,R
683618,Edgardo Henriquez,2026-06-05,823943,LAD,0,4,3,0,0,3,R
656945,Tanner Scott,2026-06-05,823943,LAD,0,3,2,1,0,1,L
595014,Blake Treinen,2026-06-05,823943,LAD,0,1,1,0,0,0,R
672282,Reid Detmers,2026-06-05,823943,LAA,1,21,19,2,0,6,L
681217,Chase Silseth,2026-06-05,823943,LAA,0,4,3,0,0,1,R
696147,Sam Bachman,2026-06-05,823943,LAA,0,4,3,0,0,2,R
489446,Kirby Yates,2026-06-05,823943,LAA,0,1,1,1,1,0,R
663567,Peter Lambert,2026-06-05,824186,HOU,1,24,20,5,1,4,R
660853,Enyel De Los Santos,2026-06-05,824186,HOU,0,5,5,0,0,2,R
687911,Bryan King,2026-06-05,824186,HOU,0,3,2,0,0,1,L
623352,Josh Hader,2026-06-05,824186,HOU,0,3,3,0,0,3,L
678022,Jack Perkins,2026-06-05,824186,ATH,1,19,16,5,1,6,R
686930,Mason Barnett,2026-06-05,824186,ATH,0,14,12,1,0,7,R
664285,Framber Valdez,2026-06-05,824271,DET,1,22,19,5,0,5,L
623454,Drew Anderson,2026-06-05,824271,DET,0,8,8,2,1,1,R
663947,Tyler Holton,2026-06-05,824271,DET,0,4,4,3,0,0,L
640448,Kyle Finnegan,2026-06-05,824271,DET,0,2,2,0,0,1,R
676684,Will Vest,2026-06-05,824271,DET,0,5,4,1,0,2,R
693433,Bryan Woo,2026-06-05,824271,SEA,1,27,27,9,1,7,R
660825,Eduard Bazardo,2026-06-05,824271,SEA,0,3,3,1,0,0,R
695380,Alex Hoppe,2026-06-05,824271,SEA,0,5,5,2,1,3,R
663372,Ryan Feltner,2026-06-05,824350,COL,1,22,19,1,0,4,R
677955,Jaden Hill,2026-06-05,824350,COL,0,4,3,0,0,1,R
622608,Antonio Senzatela,2026-06-05,824350,COL,0,10,10,4,0,4,R
657514,Brennan Bernardino,2026-06-05,824350,COL,0,1,1,0,0,0,L
675848,Juan Mejia,2026-06-05,824350,COL,0,6,4,3,0,1,R
678020,Seth Halvorsen,2026-06-05,824350,COL,0,3,2,0,0,1,R
687075,Brandon Sproat,2026-06-05,824350,MIL,1,23,21,7,1,2,R
702153,Brian Fitzpatrick,2026-06-05,824350,MIL,0,3,3,0,0,1,L
684974,Craig Yoho,2026-06-05,824350,MIL,0,8,6,0,0,3,R
656730,Trevor Megill,2026-06-05,824350,MIL,0,7,5,3,0,1,R
676879,Aaron Ashby,2026-06-05,824350,MIL,0,5,3,1,0,1,L
665795,Edward Cabrera,2026-06-05,824673,CHC,1,20,19,8,3,6,R
664208,Phil Maton,2026-06-05,824673,CHC,0,6,4,1,0,1,R
571948,Hoby Milner,2026-06-05,824673,CHC,0,7,5,5,1,0,L
681799,Ethan Roberts,2026-06-05,824673,CHC,0,8,8,3,1,2,R
573204,Caleb Thielbar,2026-06-05,824673,CHC,0,3,3,0,0,0,L
608348,Carson Kelly,2026-06-05,824673,CHC,0,5,5,2,2,0,R
592662,Robbie Ray,2026-06-05,824673,SF,1,21,16,2,0,4,L
693313,Carson Seymour,2026-06-05,824673,SF,0,15,14,6,1,1,R
681916,Dylan Smith,2026-06-05,824673,SF,0,3,3,0,0,2,R
527048,Martín Pérez,2026-06-05,824914,ATL,1,20,17,3,0,5,L
800311,Didier Fuentes,2026-06-05,824914,ATL,0,3,3,0,0,0,R
669276,Dylan Lee,2026-06-05,824914,ATL,0,3,3,0,0,1,L
663158,Robert Suarez,2026-06-05,824914,ATL,0,3,3,0,0,0,R
628452,Raisel Iglesias,2026-06-05,824914,ATL,0,4,3,1,0,1,R
656605,Mitch Keller,2026-06-05,824914,PIT,1,25,20,7,1,4,R
681895,Evan Sisk,2026-06-05,824914,PIT,0,6,5,2,0,3,L
642701,Dennis Santana,2026-06-05,824914,PIT,0,3,3,0,0,1,R
684049,Brandan Bidois,2026-06-05,824914,PIT,0,5,4,0,0,2,R
518876,Merrill Kelly,2026-06-05,825073,AZ,1,25,21,6,3,4,R
691769,Philip Abner,2026-06-05,825073,AZ,0,10,9,5,2,2,L
669704,Kade Strowd,2026-06-05,825073,AZ,0,7,4,1,0,1,R
680728,Adrian Del Castillo,2026-06-05,825073,AZ,0,10,9,4,0,0,R
656492,Foster Griffin,2026-06-05,825073,WSH,1,17,17,2,1,4,L
687606,Paxton Schultz,2026-06-05,825073,WSH,0,8,8,2,0,2,R
669371,Cole Henry,2026-06-05,825073,WSH,0,10,9,2,0,1,R
680755,Braydon Fisher,2026-06-06,822808,TOR,1,5,4,1,0,2,R
693686,Spencer Miles,2026-06-06,822808,TOR,0,16,15,2,1,5,R
656546,Jeff Hoffman,2026-06-06,822808,TOR,0,3,3,1,1,1,R
689254,Mason Fluharty,2026-06-06,822808,TOR,0,5,5,2,1,3,L
643511,Tyler Rogers,2026-06-06,822808,TOR,0,3,3,0,0,1,R
686973,Louis Varland,2026-06-06,822808,TOR,0,3,3,0,0,0,R
680694,Kyle Bradish,2026-06-06,822808,BAL,1,21,18,9,1,3,R
669211,Keegan Akin,2026-06-06,822808,BAL,0,8,6,2,0,0,L
544150,Albert Suárez,2026-06-06,822808,BAL,0,7,7,1,0,3,R
683004,Jack Leiter,2026-06-06,822891,TEX,1,23,20,6,2,2,R
615698,Cal Quantrill,2026-06-06,822891,TEX,0,10,8,1,0,2,R
681168,Luis Curvelo,2026-06-06,822891,TEX,0,2,2,1,0,0,R
695239,Robby Ahlstrom,2026-06-06,822891,TEX,0,7,7,1,0,0,L
676440,Tanner Bibee,2026-06-06,822891,CLE,1,27,25,3,0,3,R
682120,Tim Herrin,2026-06-06,822891,CLE,0,3,2,0,0,1,L
669461,Matthew Liberatore,2026-06-06,823048,STL,1,21,17,4,1,4,L
700669,Gordon Graceffo,2026-06-06,823048,STL,0,6,6,2,0,1,R
592773,Ryne Stanek,2026-06-06,823048,STL,0,3,3,0,0,0,R
666277,George Soriano,2026-06-06,823048,STL,0,4,4,1,0,0,R
676617,Riley O'Brien,2026-06-06,823048,STL,0,6,5,2,0,1,R
666157,Nick Lodolo,2026-06-06,823048,CIN,1,25,24,10,1,3,L
622088,Tejay Antone,2026-06-06,823048,CIN,0,6,5,1,0,2,R
594580,Sam Moll,2026-06-06,823048,CIN,0,5,4,2,1,1,L
663574,Tony Santillan,2026-06-06,823048,CIN,0,1,1,0,0,1,R
656288,Griffin Canning,2026-06-06,823292,SD,1,19,17,3,0,6,R
670970,Adrian Morejon,2026-06-06,823292,SD,0,3,3,0,0,2,L
699134,Bradgley Rodriguez,2026-06-06,823292,SD,0,4,4,1,1,1,R
592094,Jason Adam,2026-06-06,823292,SD,0,4,4,2,0,0,R
695243,Mason Miller,2026-06-06,823292,SD,0,4,3,0,0,1,R
690997,Nolan McLean,2026-06-06,823292,NYM,1,23,19,3,0,5,R
681810,Austin Warren,2026-06-06,823292,NYM,0,8,8,2,1,1,R
691725,Andrew Painter,2026-06-06,823454,PHI,1,25,22,8,2,4,R
621383,Tanner Banks,2026-06-06,823454,PHI,0,8,8,1,0,2,L
641835,Tim Mayza,2026-06-06,823454,PHI,0,3,2,1,0,1,L
663767,Chase Shugart,2026-06-06,823454,PHI,0,4,3,0,0,3,R
685126,Brandon Eisert,2026-06-06,823454,CWS,1,5,5,1,0,2,L
680732,Sean Burke,2026-06-06,823454,CWS,0,21,16,3,2,7,R
656794,Sean Newcomb,2026-06-06,823454,CWS,0,8,8,1,0,3,L
691799,Grant Taylor,2026-06-06,823454,CWS,0,3,3,0,0,3,R
657746,Joe Ryan,2026-06-06,823697,MIN,1,26,24,6,1,5,R
573124,Taylor Rogers,2026-06-06,823697,MIN,0,4,4,0,0,1,L
672782,Yoendrys Gómez,2026-06-06,823697,MIN,0,3,2,0,0,0,R
679358,Eric Orze,2026-06-06,823697,MIN,0,6,4,2,0,0,R
679883,Luinder Avila,2026-06-06,823697,KC,1,18,14,2,0,3,R
663738,Daniel Lynch IV,2026-06-06,823697,KC,0,3,3,0,0,0,L
668674,Lucas Erceg,2026-06-06,823697,KC,0,4,3,0,0,1,R
621381,Matt Strahm,2026-06-06,823697,KC,0,4,4,1,1,0,L
656638,Alex Lange,2026-06-06,823697,KC,0,5,4,1,0,3,R
669199,Lake Bachar,2026-06-06,823859,MIA,1,9,9,0,0,3,R
669622,Anthony Bender,2026-06-06,823859,MIA,0,5,5,0,0,2,R
667463,John King,2026-06-06,823859,MIA,0,2,1,0,0,0,L
676534,Calvin Faucher,2026-06-06,823859,MIA,0,9,8,2,0,3,R
656848,Michael Petersen,2026-06-06,823859,MIA,0,6,4,1,0,2,R
664126,Pete Fairbanks,2026-06-06,823859,MIA,0,7,4,2,0,0,R
676604,Tyler Zuber,2026-06-06,823859,MIA,0,1,1,0,0,1,R
663556,Shane McClanahan,2026-06-06,823859,TB,1,25,22,8,1,6,L
668984,Casey Legumina,2026-06-06,823859,TB,0,6,5,1,0,3,R
687330,Kevin Kelly,2026-06-06,823859,TB,0,5,4,1,0,2,R
808967,Yoshinobu Yamamoto,2026-06-06,823942,LAD,1,26,26,2,0,4,R
676263,Jack Dreyer,2026-06-06,823942,LAD,0,4,4,1,1,1,L
686799,Jack Kochanowicz,2026-06-06,823942,LAA,1,8,7,6,1,1,R
608718,Brent Suter,2026-06-06,823942,LAA,0,12,12,2,1,2,L
696519,Samy Natera Jr.,2026-06-06,823942,LAA,0,7,6,0,0,3,L
519141,Drew Pomeranz,2026-06-06,823942,LAA,0,4,4,1,0,0,L
666171,Ryan Zeferjahn,2026-06-06,823942,LAA,0,8,6,0,0,3,R
837227,Tatsuya Imai,2026-06-06,824184,HOU,1,24,20,5,0,8,R
805123,AJ Blubaugh,2026-06-06,824184,HOU,0,6,6,0,0,2,R
695001,Alimber Santa,2026-06-06,824184,HOU,0,9,7,1,0,3,R
695034,Kade Morris,2026-06-06,824184,ATH,1,22,18,9,3,4,R
660761,José Suarez,2026-06-06,824184,ATH,0,8,7,4,0,2,L
665660,Elvis Alvarado,2026-06-06,824184,ATH,0,8,8,1,0,3,R
666126,Carlos Cortes,2026-06-06,824184,ATH,0,4,3,0,0,0,S
672456,Keider Montero,2026-06-06,824269,DET,1,22,20,6,1,1,R
805427,Drew Sommers,2026-06-06,824269,DET,0,4,4,0,0,3,L
680744,Ty Madden,2026-06-06,824269,DET,0,13,12,4,0,3,R
682243,Bryce Miller,2026-06-06,824269,SEA,1,20,18,1,0,9,R
678606,José A. Ferrer,2026-06-06,824269,SEA,0,4,3,0,0,1,L
666374,Matt Brash,2026-06-06,824269,SEA,0,4,3,0,0,1,R
642100,Gabe Speier,2026-06-06,824269,SEA,0,4,3,1,0,0,L
688642,Zach Agnos,2026-06-06,824351,COL,1,15,12,3,2,1,R
680604,Blas Castaño,2026-06-06,824351,COL,0,12,10,3,0,2,R
657514,Brennan Bernardino,2026-06-06,824351,COL,0,7,6,3,1,1,L
669298,TJ Shook,2026-06-06,824351,COL,0,8,8,3,2,3,R
675848,Juan Mejia,2026-06-06,824351,COL,0,4,4,1,0,1,R
694819,Jacob Misiorowski,2026-06-06,824351,MIL,1,29,25,4,0,8,R
681982,Grant Anderson,2026-06-06,824351,MIL,0,4,3,0,0,1,R
680723,Drew Rom,2026-06-06,824351,MIL,0,4,4,1,0,2,L
676962,Ben Brown,2026-06-06,824669,CHC,1,19,17,1,0,5,R
573204,Caleb Thielbar,2026-06-06,824669,CHC,0,3,3,1,1,2,L
657097,Jacob Webb,2026-06-06,824669,CHC,0,8,7,1,0,1,R
694037,Daniel Palencia,2026-06-06,824669,CHC,0,5,4,2,0,1,R
669020,Ryan Rolison,2026-06-06,824669,CHC,0,4,3,0,0,2,L
694738,Landen Roupp,2026-06-06,824669,SF,1,22,19,3,1,5,R
668873,Caleb Kilian,2026-06-06,824669,SF,0,5,4,1,0,1,R
669062,Erik Miller,2026-06-06,824669,SF,0,5,4,2,0,1,L
676775,Keaton Winn,2026-06-06,824669,SF,0,6,6,1,1,1,R
656529,Sam Hentges,2026-06-06,824669,SF,0,1,1,1,0,0,L
675911,Spencer Strider,2026-06-06,824915,ATL,1,21,18,5,0,3,R
689266,Dylan Dodd,2026-06-06,824915,ATL,0,4,3,0,0,3,L
669276,Dylan Lee,2026-06-06,824915,ATL,0,4,3,0,0,2,L
641755,Tyler Kinley,2026-06-06,824915,ATL,0,5,5,2,0,1,R
628452,Raisel Iglesias,2026-06-06,824915,ATL,0,4,4,1,0,1,R
677952,Braxton Ashcraft,2026-06-06,824915,PIT,1,25,22,9,1,5,R
670990,Yohan Ramírez,2026-06-06,824915,PIT,0,6,6,0,0,2,R
682254,Mason Montgomery,2026-06-06,824915,PIT,0,4,3,0,0,0,L
593958,Eduardo Rodriguez,2026-06-06,825075,AZ,1,25,24,6,2,5,L
666661,Juan Morillo,2026-06-06,825075,AZ,0,3,1,0,0,1,R
642528,Jonathan Loáisiga,2026-06-06,825075,AZ,0,3,2,0,0,1,R
686753,Drey Jameson,2026-06-06,825075,AZ,0,7,5,2,0,1,R
641793,Zack Littell,2026-06-06,825075,WSH,1,19,17,2,0,4,R
687377,Orlando Ribalta,2026-06-06,825075,WSH,0,3,2,0,0,0,R
680730,Mitchell Parker,2026-06-06,825075,WSH,0,3,3,0,0,0,L
695418,Brad Lord,2026-06-06,825075,WSH,0,6,6,0,0,1,R
592332,Kevin Gausman,2026-06-07,822807,TOR,1,20,20,5,2,5,R
671936,Adam Macko,2026-06-07,822807,TOR,0,4,4,1,0,2,L
657756,Connor Seabold,2026-06-07,822807,TOR,0,3,2,1,0,0,R
643511,Tyler Rogers,2026-06-07,822807,TOR,0,4,3,0,0,1,R
686973,Louis Varland,2026-06-07,822807,TOR,0,5,5,1,0,2,R
669358,Shane Baz,2026-06-07,822807,BAL,1,26,25,7,1,3,R
666974,Yennier Cano,2026-06-07,822807,BAL,0,2,2,1,0,0,R
664991,Grant Wolfram,2026-06-07,822807,BAL,0,3,3,1,0,1,L
670329,Rico Garcia,2026-06-07,822807,BAL,0,3,3,1,1,1,R
669330,Tyler Wells,2026-06-07,822807,BAL,0,2,2,0,0,0,R
594798,Jacob deGrom,2026-06-07,822890,TEX,1,23,21,3,0,6,R
682608,Peyton Gray,2026-06-07,822890,TEX,0,4,4,1,0,1,R
641302,Tyler Alexander,2026-06-07,822890,TEX,0,4,4,1,0,0,L
681168,Luis Curvelo,2026-06-07,822890,TEX,0,4,4,1,0,1,R
676282,Joey Cantillo,2026-06-07,822890,CLE,1,25,23,9,3,7,L
702021,Will Dion,2026-06-07,822890,CLE,0,10,9,3,1,1,L
595978,Austin Hedges,2026-06-07,822890,CLE,0,7,7,4,0,0,R
700241,Michael McGreevy,2026-06-07,823047,STL,1,23,23,5,2,5,R
666277,George Soriano,2026-06-07,823047,STL,0,5,5,3,1,1,R
668941,JoJo Romero,2026-06-07,823047,STL,0,3,3,1,0,1,L
592773,Ryne Stanek,2026-06-07,823047,STL,0,2,2,0,0,1,R
676617,Riley O'Brien,2026-06-07,823047,STL,0,4,4,1,0,1,R
695076,Rhett Lowder,2026-06-07,823047,CIN,1,16,10,1,0,4,R
657571,Caleb Ferguson,2026-06-07,823047,CIN,0,4,3,0,0,1,L
663978,Chris Paddack,2026-06-07,823047,CIN,0,9,9,3,1,2,R
656271,Brock Burke,2026-06-07,823047,CIN,0,4,3,0,0,0,L
594580,Sam Moll,2026-06-07,823047,CIN,0,4,3,2,0,0,L
663574,Tony Santillan,2026-06-07,823047,CIN,0,4,4,0,0,0,R
681190,Randy Vásquez,2026-06-07,823291,SD,1,22,20,8,1,3,R
673513,Yuki Matsui,2026-06-07,823291,SD,0,6,5,2,2,1,L
676760,Ron Marinaccio,2026-06-07,823291,SD,0,10,8,1,0,3,R
593974,Wandy Peralta,2026-06-07,823291,SD,0,6,5,2,0,0,L
623211,Huascar Brazobán,2026-06-07,823291,NYM,1,4,2,0,0,0,R
640455,Sean Manaea,2026-06-07,823291,NYM,0,16,15,4,1,3,L
548384,Brooks Raley,2026-06-07,823291,NYM,0,3,3,0,0,2,L
621345,A.J. Minter,2026-06-07,823291,NYM,0,4,4,1,0,0,L
596133,Luke Weaver,2026-06-07,823291,NYM,0,5,5,1,0,0,R
642207,Devin Williams,2026-06-07,823291,NYM,0,5,4,1,0,2,R
605400,Aaron Nola,2026-06-07,823453,PHI,1,23,17,6,0,4,R
641835,Tim Mayza,2026-06-07,823453,PHI,0,3,3,1,0,0,L
621237,José Alvarado,2026-06-07,823453,PHI,0,5,4,1,0,2,L
689147,Orion Kerkering,2026-06-07,823453,PHI,0,5,4,1,0,2,R
680742,Jonathan Bowlan,2026-06-07,823453,PHI,0,6,6,1,0,3,R
656457,Tyler Gilbert,2026-06-07,823453,CWS,1,4,4,2,0,1,L
689818,David Sandlin,2026-06-07,823453,CWS,0,16,13,3,2,6,R
699823,Tyler Davis,2026-06-07,823453,CWS,0,6,5,3,0,1,R
663542,Bryan Hudson,2026-06-07,823453,CWS,0,6,4,2,0,0,L
670950,Trevor Richards,2026-06-07,823453,CWS,0,8,8,1,0,1,R
693645,Cam Schlittler,2026-06-07,823537,NYY,1,22,21,4,0,5,R
518585,Fernando Cruz,2026-06-07,823537,NYY,0,3,3,1,0,0,R
687396,Brent Headrick,2026-06-07,823537,NYY,0,2,2,1,0,0,L
657612,Tim Hill,2026-06-07,823537,NYY,0,3,3,0,0,0,L
670280,David Bednar,2026-06-07,823537,NYY,0,3,3,0,0,1,R
624133,Ranger Suarez,2026-06-07,823537,BOS,1,25,25,6,0,6,L
594027,Tyron Guerrero,2026-06-07,823537,BOS,0,2,2,0,0,1,R
686580,Justin Slaten,2026-06-07,823537,BOS,0,6,5,3,1,2,R
686747,Joe La Sorsa,2026-06-07,823537,BOS,0,2,2,1,1,1,L
687570,Connor Prielipp,2026-06-07,823696,MIN,1,18,17,4,0,7,L
702193,Andrew Morris,2026-06-07,823696,MIN,0,8,8,3,1,4,R
689520,Cody Laweryson,2026-06-07,823696,MIN,0,10,7,2,0,3,R
664875,Justin Lawrence,2026-06-07,823696,MIN,0,3,3,0,0,1,R
702070,Noah Cameron,2026-06-07,823696,KC,1,23,23,3,0,7,L
670167,John Schreiber,2026-06-07,823696,KC,0,3,3,0,0,0,R
696131,Mason Black,2026-06-07,823696,KC,0,3,3,0,0,1,R
694360,Beck Way,2026-06-07,823696,KC,0,5,4,3,1,0,R
668674,Lucas Erceg,2026-06-07,823696,KC,0,4,4,2,0,0,R
645261,Sandy Alcantara,2026-06-07,823857,MIA,1,25,23,5,0,7,R
656848,Michael Petersen,2026-06-07,823857,MIA,0,3,3,0,0,2,R
669622,Anthony Bender,2026-06-07,823857,MIA,0,4,4,1,0,1,R
643377,Griffin Jax,2026-06-07,823857,TB,1,17,15,3,0,4,R
664076,Garrett Cleavinger,2026-06-07,823857,TB,0,5,3,1,0,2,L
571927,Steven Matz,2026-06-07,823857,TB,0,6,4,0,0,0,L
642121,Cole Sulser,2026-06-07,823857,TB,0,5,4,1,0,2,R
686218,Emmet Sheehan,2026-06-07,823941,LAD,1,9,7,3,0,2,R
683618,Edgardo Henriquez,2026-06-07,823941,LAD,0,5,5,0,0,3,R
595014,Blake Treinen,2026-06-07,823941,LAD,0,6,4,2,0,1,R
681911,Alex Vesia,2026-06-07,823941,LAD,0,5,3,1,0,2,L
642546,Jonathan Hernández,2026-06-07,823941,LAD,0,12,11,7,2,1,R
676263,Jack Dreyer,2026-06-07,823941,LAD,0,4,4,0,0,2,L
669165,Kyle Hurt,2026-06-07,823941,LAD,0,6,6,2,0,3,R
667755,José Soriano,2026-06-07,823941,LAA,1,27,25,8,2,2,R
519141,Drew Pomeranz,2026-06-07,823941,LAA,0,4,4,2,0,1,L
681217,Chase Silseth,2026-06-07,823941,LAA,0,5,4,1,0,2,R
696147,Sam Bachman,2026-06-07,823941,LAA,0,1,1,0,0,1,R
815083,Mitch Farris,2026-06-07,823941,LAA,0,3,3,0,0,3,L
681347,Mike Burrows,2026-06-07,824183,HOU,1,26,24,8,2,3,R
595345,Steven Okert,2026-06-07,824183,HOU,0,3,3,0,0,1,L
663878,Nate Pearson,2026-06-07,824183,HOU,0,7,6,0,0,2,R
650556,Bryan Abreu,2026-06-07,824183,HOU,0,3,3,0,0,2,R
695611,Gage Jump,2026-06-07,824183,ATH,1,24,21,3,0,3,L
686993,Justin Sterner,2026-06-07,824183,ATH,0,2,2,0,0,1,R
643410,Mark Leiter Jr.,2026-06-07,824183,ATH,0,3,3,0,0,2,R
663687,Hogan Harris,2026-06-07,824183,ATH,0,4,4,1,0,1,L
656427,Jack Flaherty,2026-06-07,824268,DET,1,22,21,6,0,7,R
805427,Drew Sommers,2026-06-07,824268,DET,0,4,1,0,0,1,L
640448,Kyle Finnegan,2026-06-07,824268,DET,0,5,4,1,0,0,R
663947,Tyler Holton,2026-06-07,824268,DET,0,2,2,1,0,0,L
623454,Drew Anderson,2026-06-07,824268,DET,0,5,5,2,0,2,R
676684,Will Vest,2026-06-07,824268,DET,0,3,2,1,0,1,R
622491,Luis Castillo,2026-06-07,824268,SEA,1,21,20,2,1,5,R
678606,José A. Ferrer,2026-06-07,824268,SEA,0,3,1,0,0,0,L
681867,Cooper Criswell,2026-06-07,824268,SEA,0,3,3,3,0,0,R
642100,Gabe Speier,2026-06-07,824268,SEA,0,3,3,0,0,1,L
660825,Eduard Bazardo,2026-06-07,824268,SEA,0,3,3,0,0,1,R
662253,Andrés Muñoz,2026-06-07,824268,SEA,0,5,3,1,0,0,R
607536,Kyle Freeland,2026-06-07,824349,COL,1,22,21,7,0,2,L
677955,Jaden Hill,2026-06-07,824349,COL,0,7,5,4,1,0,R
624522,Keegan Thompson,2026-06-07,824349,COL,0,17,16,6,0,3,R
675660,Shane Drohan,2026-06-07,824349,MIL,1,24,22,5,0,4,L
694477,Chad Patrick,2026-06-07,824349,MIL,0,5,5,1,0,1,R
684974,Craig Yoho,2026-06-07,824349,MIL,0,4,4,1,1,2,R
592791,Jameson Taillon,2026-06-07,824670,CHC,1,7,5,2,0,2,R
665871,Javier Assad,2026-06-07,824670,CHC,0,21,18,1,0,5,R
657097,Jacob Webb,2026-06-07,824670,CHC,0,2,2,0,0,1,R
694037,Daniel Palencia,2026-06-07,824670,CHC,0,3,3,0,0,1,R
663423,Trent Thornton,2026-06-07,824670,CHC,0,4,3,1,0,0,R
686790,Trevor McDonald,2026-06-07,824670,SF,1,21,18,4,0,6,R
664141,JT Brubaker,2026-06-07,824670,SF,0,4,4,1,0,0,R
668873,Caleb Kilian,2026-06-07,824670,SF,0,3,3,0,0,1,R
669062,Erik Miller,2026-06-07,824670,SF,0,4,3,1,0,1,L
676775,Keaton Winn,2026-06-07,824670,SF,0,5,4,1,0,1,R
681916,Dylan Smith,2026-06-07,824670,SF,0,3,3,0,0,1,R
693821,Bryce Elder,2026-06-07,824916,ATL,1,22,20,2,1,4,R
625643,Reynaldo López,2026-06-07,824916,ATL,0,6,5,1,0,2,R
641755,Tyler Kinley,2026-06-07,824916,ATL,0,3,2,0,0,0,R
800311,Didier Fuentes,2026-06-07,824916,ATL,0,5,5,2,0,2,R
682254,Mason Montgomery,2026-06-07,824916,PIT,1,6,4,1,0,2,L
696149,Bubba Chandler,2026-06-07,824916,PIT,0,20,18,1,0,7,R
681895,Evan Sisk,2026-06-07,824916,PIT,0,6,6,1,0,1,L
647336,Michael Soroka,2026-06-07,825074,AZ,1,26,24,3,1,6,R
656464,Kevin Ginkel,2026-06-07,825074,AZ,0,3,3,0,0,0,R
664199,Taylor Clarke,2026-06-07,825074,AZ,0,3,3,0,0,1,R
676917,Cade Cavalli,2026-06-07,825074,WSH,1,22,21,7,2,2,R
683000,Riley Cornelio,2026-06-07,825074,WSH,0,11,7,2,0,1,R
681402,Gus Varland,2026-06-07,825074,WSH,0,3,3,0,0,1,R
571578,Patrick Corbin,2026-06-08,822806,TOR,1,18,13,4,1,3,L
671936,Adam Macko,2026-06-08,822806,TOR,0,3,2,0,0,1,L
680573,Simeon Woods Richardson,2026-06-08,822806,TOR,0,13,13,1,0,3,R
667297,Tommy Nance,2026-06-08,822806,TOR,0,4,4,2,0,1,R
650911,Cristopher Sánchez,2026-06-08,822806,PHI,1,26,25,4,1,10,L
641745,Brad Keller,2026-06-08,822806,PHI,0,5,4,1,0,1,R
661395,Jhoan Duran,2026-06-08,822806,PHI,0,4,4,1,0,0,R
693855,Ian Seymour,2026-06-08,822972,TB,1,14,13,1,1,5,L
668984,Casey Legumina,2026-06-08,822972,TB,0,4,4,0,0,1,R
592155,Cam Booser,2026-06-08,822972,TB,0,3,3,1,0,1,L
687330,Kevin Kelly,2026-06-08,822972,TB,0,4,3,1,0,1,R
664076,Garrett Cleavinger,2026-06-08,822972,TB,0,3,3,0,0,1,L
641329,Bryan Baker,2026-06-08,822972,TB,0,4,4,1,0,1,R
813349,Connelly Early,2026-06-08,822972,BOS,1,23,18,5,1,6,L
594027,Tyron Guerrero,2026-06-08,822972,BOS,0,5,5,1,0,2,R
669711,Greg Weissert,2026-06-08,822972,BOS,0,3,2,1,0,1,R
543056,Danny Coulombe,2026-06-08,822972,BOS,0,5,3,0,0,0,L
687941,Alec Gamboa,2026-06-08,822972,BOS,0,2,1,0,0,1,L
657277,Logan Webb,2026-06-08,823218,SF,1,27,27,5,0,7,R
676775,Keaton Winn,2026-06-08,823218,SF,0,6,5,3,0,1,R
681916,Dylan Smith,2026-06-08,823218,SF,0,1,1,0,0,0,R
663992,Richard Lovelady,2026-06-08,823218,WSH,1,5,5,2,0,1,L
571945,Miles Mikolas,2026-06-08,823218,WSH,0,17,17,3,0,2,R
680730,Mitchell Parker,2026-06-08,823218,WSH,0,8,8,5,0,2,L
690925,Clayton Beeter,2026-06-08,823218,WSH,0,7,4,2,0,0,R
681402,Gus Varland,2026-06-08,823218,WSH,0,5,4,1,0,2,R
621111,Walker Buehler,2026-06-08,823289,SD,1,22,20,8,0,4,R
699134,Bradgley Rodriguez,2026-06-08,823289,SD,0,4,3,1,0,0,R
670970,Adrian Morejon,2026-06-08,823289,SD,0,5,4,0,0,1,L
592094,Jason Adam,2026-06-08,823289,SD,0,4,3,0,0,3,R
695243,Mason Miller,2026-06-08,823289,SD,0,3,3,0,0,3,R
671096,Andrew Abbott,2026-06-08,823289,CIN,1,24,22,4,1,6,L
622088,Tejay Antone,2026-06-08,823289,CIN,0,6,4,1,0,0,R
685112,Zach McCambley,2026-06-08,823289,CIN,0,7,7,4,0,0,R
680570,Grayson Rodriguez,2026-06-08,824025,LAA,1,25,23,6,0,6,R
696519,Samy Natera Jr.,2026-06-08,824025,LAA,0,2,2,0,0,1,L
666171,Ryan Zeferjahn,2026-06-08,824025,LAA,0,5,3,0,0,3,R
696147,Sam Bachman,2026-06-08,824025,LAA,0,4,3,0,0,1,R
489446,Kirby Yates,2026-06-08,824025,LAA,0,5,4,1,0,1,R
691951,Sam Aldegheri,2026-06-08,824025,LAA,0,3,3,1,0,1,L
681293,Spencer Arrighetti,2026-06-08,824025,HOU,1,26,21,4,0,7,R
660853,Enyel De Los Santos,2026-06-08,824025,HOU,0,5,5,2,1,1,R
687911,Bryan King,2026-06-08,824025,HOU,0,4,4,1,0,0,L
623352,Josh Hader,2026-06-08,824025,HOU,0,3,3,0,0,3,L
650556,Bryan Abreu,2026-06-08,824025,HOU,0,3,3,1,0,1,R
668909,Gavin Williams,2026-06-08,824427,CLE,1,21,18,4,2,5,R
670059,Colin Holderman,2026-06-08,824427,CLE,0,3,2,0,0,1,R
682120,Tim Herrin,2026-06-08,824427,CLE,0,3,3,0,0,1,L
683769,Hunter Gaddis,2026-06-08,824427,CLE,0,4,4,3,0,0,R
671922,Cade Smith,2026-06-08,824427,CLE,0,5,5,1,0,3,R
542888,Shawn Armstrong,2026-06-08,824427,CLE,0,5,3,1,0,0,R
701542,Will Warren,2026-06-08,824427,NYY,1,20,16,4,0,5,R
687396,Brent Headrick,2026-06-08,824427,NYY,0,3,2,0,0,1,L
621112,Paul Blackburn,2026-06-08,824427,NYY,0,4,4,2,1,1,R
642232,Ryan Yarbrough,2026-06-08,824427,NYY,0,3,2,0,0,0,L
656234,Jake Bird,2026-06-08,824427,NYY,0,3,2,0,0,2,R
666808,Camilo Doval,2026-06-08,824427,NYY,0,3,3,2,0,0,R
657612,Tim Hill,2026-06-08,824427,NYY,0,3,3,0,0,0,L
670280,David Bednar,2026-06-08,824427,NYY,0,6,5,0,0,3,R
694346,Trey Gibson,2026-06-08,824829,BAL,1,19,17,5,0,0,R
689296,Anthony Nunez,2026-06-08,824829,BAL,0,9,8,1,1,2,R
544150,Albert Suárez,2026-06-08,824829,BAL,0,9,8,3,0,3,R
676106,Emerson Hancock,2026-06-08,824829,SEA,1,21,17,3,0,3,R
681867,Cooper Criswell,2026-06-08,824829,SEA,0,6,5,1,0,0,R
666374,Matt Brash,2026-06-08,824829,SEA,0,4,2,0,0,1,R
660825,Eduard Bazardo,2026-06-08,824829,SEA,0,5,4,2,0,0,R
662253,Andrés Muñoz,2026-06-08,824829,SEA,0,4,3,0,0,2,R
605488,Jeffrey Springs,2026-06-08,824998,ATH,1,25,23,8,2,3,L
665622,Luis Medina,2026-06-08,824998,ATH,0,7,7,3,1,2,R
686993,Justin Sterner,2026-06-08,824998,ATH,0,2,2,1,0,1,R
643410,Mark Leiter Jr.,2026-06-08,824998,ATH,0,4,2,1,0,1,R
663687,Hogan Harris,2026-06-08,824998,ATH,0,7,6,2,0,3,L
605130,Scott Barlow,2026-06-08,824998,ATH,0,7,5,3,1,1,R
660761,José Suarez,2026-06-08,824998,ATH,0,7,7,0,0,4,L
690986,Kyle Harrison,2026-06-08,824998,MIL,1,17,15,8,3,4,L
681982,Grant Anderson,2026-06-08,824998,MIL,0,9,8,0,0,3,R
669270,Joel Kuhnel,2026-06-08,824998,MIL,0,6,6,1,1,4,R
680723,Drew Rom,2026-06-08,824998,MIL,0,7,7,3,1,2,L
676879,Aaron Ashby,2026-06-08,824998,MIL,0,9,9,4,2,3,L
682842,Abner Uribe,2026-06-08,824998,MIL,0,5,4,0,0,2,R
694477,Chad Patrick,2026-06-08,824998,MIL,0,4,2,0,0,2,R
656302,Dylan Cease,2026-06-09,822805,TOR,1,22,21,3,0,11,R
656546,Jeff Hoffman,2026-06-09,822805,TOR,0,4,4,1,0,2,R
689254,Mason Fluharty,2026-06-09,822805,TOR,0,3,3,0,0,1,L
686973,Louis Varland,2026-06-09,822805,TOR,0,5,4,1,0,1,R
554430,Zack Wheeler,2026-06-09,822805,PHI,1,24,23,6,1,5,R
689147,Orion Kerkering,2026-06-09,822805,PHI,0,4,4,0,0,2,R
621237,José Alvarado,2026-06-09,822805,PHI,0,2,2,0,0,1,L
661395,Jhoan Duran,2026-06-09,822805,PHI,0,3,3,3,0,0,R
607259,Nick Martinez,2026-06-09,822969,TB,1,27,27,6,0,2,R
687330,Kevin Kelly,2026-06-09,822969,TB,0,3,3,0,0,0,R
641329,Bryan Baker,2026-06-09,822969,TB,0,3,3,0,0,0,R
801139,Payton Tolle,2026-06-09,822969,BOS,1,28,26,9,0,3,L
592454,Tommy Kahnle,2026-06-09,822969,BOS,0,4,4,2,0,1,R
676477,Garrett Whitlock,2026-06-09,822969,BOS,0,4,4,1,0,1,R
605288,Adrian Houser,2026-06-09,823214,SF,1,18,17,4,1,6,R
656529,Sam Hentges,2026-06-09,823214,SF,0,5,3,1,0,1,L
664141,JT Brubaker,2026-06-09,823214,SF,0,4,4,1,0,2,R
669062,Erik Miller,2026-06-09,823214,SF,0,3,1,1,0,0,L
681916,Dylan Smith,2026-06-09,823214,SF,0,4,3,0,0,1,R
663941,Tristan Beck,2026-06-09,823214,SF,0,8,8,2,0,1,R
674841,Andrew Alvarez,2026-06-09,823214,WSH,1,21,16,5,0,4,L
695418,Brad Lord,2026-06-09,823214,WSH,0,14,12,3,0,1,R
663992,Richard Lovelady,2026-06-09,823214,WSH,0,1,1,0,0,0,L
690925,Clayton Beeter,2026-06-09,823214,WSH,0,3,3,0,0,1,R
687377,Orlando Ribalta,2026-06-09,823214,WSH,0,4,4,1,1,0,R
608337,Lucas Giolito,2026-06-09,823290,SD,1,20,15,2,0,3,R
688158,David Morgan,2026-06-09,823290,SD,0,8,7,2,0,4,R
670970,Adrian Morejon,2026-06-09,823290,SD,0,5,5,1,0,3,L
592094,Jason Adam,2026-06-09,823290,SD,0,5,3,0,0,1,R
695243,Mason Miller,2026-06-09,823290,SD,0,3,3,0,0,2,R
699134,Bradgley Rodriguez,2026-06-09,823290,SD,0,5,5,2,0,2,R
673513,Yuki Matsui,2026-06-09,823290,SD,0,4,4,1,1,1,L
695505,Chase Burns,2026-06-09,823290,CIN,1,24,22,6,0,7,R
656271,Brock Burke,2026-06-09,823290,CIN,0,5,4,1,0,1,L
657571,Caleb Ferguson,2026-06-09,823290,CIN,0,3,2,1,0,0,L
663574,Tony Santillan,2026-06-09,823290,CIN,0,5,5,2,0,1,R
594580,Sam Moll,2026-06-09,823290,CIN,0,3,3,1,0,2,L
622088,Tejay Antone,2026-06-09,823290,CIN,0,4,4,1,0,2,R
687209,Zach Maxwell,2026-06-09,823290,CIN,0,3,3,0,0,0,R
694973,Paul Skenes,2026-06-09,823374,PIT,1,25,22,6,0,7,R
696062,Wilber Dotel,2026-06-09,823374,PIT,0,6,5,5,1,0,R
684049,Brandan Bidois,2026-06-09,823374,PIT,0,8,4,2,0,1,R
642701,Dennis Santana,2026-06-09,823374,PIT,0,7,5,1,0,1,R
682997,Tyler Callihan,2026-06-09,823374,PIT,0,5,4,1,0,0,R
641778,Eric Lauer,2026-06-09,823374,LAD,1,20,20,3,2,5,L
694361,Will Klein,2026-06-09,823374,LAD,0,4,4,0,0,3,R
595014,Blake Treinen,2026-06-09,823374,LAD,0,5,3,0,0,3,R
656945,Tanner Scott,2026-06-09,823374,LAD,0,5,5,2,0,1,L
642547,Freddy Peralta,2026-06-09,823620,NYM,1,28,24,6,1,5,R
680702,Joey Gerber,2026-06-09,823620,NYM,0,9,9,3,0,1,R
672335,Cionel Pérez,2026-06-09,823620,NYM,0,3,3,1,0,0,L
669160,Dustin May,2026-06-09,823620,STL,1,22,21,4,0,6,R
677865,Justin Bruihl,2026-06-09,823620,STL,0,7,7,1,0,2,L
694335,Matt Svanson,2026-06-09,823620,STL,0,3,3,0,0,1,R
676974,Max Meyer,2026-06-09,823858,MIA,1,24,21,7,2,5,R
669622,Anthony Bender,2026-06-09,823858,MIA,0,2,2,0,0,2,R
656848,Michael Petersen,2026-06-09,823858,MIA,0,6,4,1,0,1,R
676604,Tyler Zuber,2026-06-09,823858,MIA,0,4,1,0,0,1,R
676534,Calvin Faucher,2026-06-09,823858,MIA,0,4,3,1,0,0,R
664126,Pete Fairbanks,2026-06-09,823858,MIA,0,5,4,1,0,2,R
668678,Zac Gallen,2026-06-09,823858,AZ,1,26,24,9,0,3,R
664199,Taylor Clarke,2026-06-09,823858,AZ,0,5,4,2,0,0,R
657044,Ryan Thompson,2026-06-09,823858,AZ,0,3,3,0,0,0,R
805299,Brandyn Garcia,2026-06-09,823858,AZ,0,6,4,2,0,0,L
656464,Kevin Ginkel,2026-06-09,823858,AZ,0,3,3,2,0,1,R
700712,Walbert Ureña,2026-06-09,824023,LAA,1,24,18,3,0,7,R
608718,Brent Suter,2026-06-09,824023,LAA,0,9,8,2,0,3,L
519141,Drew Pomeranz,2026-06-09,824023,LAA,0,3,3,0,0,0,L
489446,Kirby Yates,2026-06-09,824023,LAA,0,3,3,0,0,2,R
678906,Kai-Wei Teng,2026-06-09,824023,HOU,1,25,20,7,0,5,R
805123,AJ Blubaugh,2026-06-09,824023,HOU,0,9,7,1,0,2,R
695001,Alimber Santa,2026-06-09,824023,HOU,0,10,8,2,0,0,R
663568,Stephen Kolek,2026-06-09,824105,KC,1,23,22,8,0,3,R
674444,Steven Cruz,2026-06-09,824105,KC,0,4,4,0,0,2,R
663738,Daniel Lynch IV,2026-06-09,824105,KC,0,4,4,1,0,0,L
670167,John Schreiber,2026-06-09,824105,KC,0,2,2,0,0,1,R
656638,Alex Lange,2026-06-09,824105,KC,0,4,3,0,0,2,R
543135,Nathan Eovaldi,2026-06-09,824105,TEX,1,23,20,4,1,3,R
656222,Jalen Beeks,2026-06-09,824105,TEX,0,5,5,3,1,0,L
668390,Cole Winn,2026-06-09,824105,TEX,0,2,2,0,0,0,R
695239,Robby Ahlstrom,2026-06-09,824105,TEX,0,4,4,1,0,0,L
675512,Troy Melton,2026-06-09,824267,DET,1,23,22,8,4,5,R
669724,Brenan Hanifee,2026-06-09,824267,DET,0,3,2,1,0,0,R
623454,Drew Anderson,2026-06-09,824267,DET,0,3,2,0,0,2,R
663947,Tyler Holton,2026-06-09,824267,DET,0,3,2,1,0,1,L
640448,Kyle Finnegan,2026-06-09,824267,DET,0,6,5,0,0,3,R
646241,Enmanuel De Jesus,2026-06-09,824267,DET,0,4,3,0,0,0,L
671737,Taj Bradley,2026-06-09,824267,MIN,1,23,19,7,3,3,R
679358,Eric Orze,2026-06-09,824267,MIN,0,5,4,1,0,1,R
573124,Taylor Rogers,2026-06-09,824267,MIN,0,4,3,1,1,1,L
664875,Justin Lawrence,2026-06-09,824267,MIN,0,6,4,1,0,2,R
689520,Cody Laweryson,2026-06-09,824267,MIN,0,3,3,0,0,1,R
608372,Tomoyuki Sugano,2026-06-09,824347,COL,1,22,19,6,1,3,R
678020,Seth Halvorsen,2026-06-09,824347,COL,0,4,3,0,0,0,R
657514,Brennan Bernardino,2026-06-09,824347,COL,0,3,3,0,0,1,L
622608,Antonio Senzatela,2026-06-09,824347,COL,0,5,4,1,0,1,R
677955,Jaden Hill,2026-06-09,824347,COL,0,4,4,1,0,1,R
607067,Colin Rea,2026-06-09,824347,CHC,1,26,22,9,2,2,R
669020,Ryan Rolison,2026-06-09,824347,CHC,0,5,4,1,0,1,L
681799,Ethan Roberts,2026-06-09,824347,CHC,0,5,4,1,0,0,R
571948,Hoby Milner,2026-06-09,824347,CHC,0,5,4,1,0,1,L
677944,Slade Cecconi,2026-06-09,824429,CLE,1,23,21,6,1,7,R
670059,Colin Holderman,2026-06-09,824429,CLE,0,4,3,0,0,0,R
682120,Tim Herrin,2026-06-09,824429,CLE,0,6,5,1,1,1,L
670036,Matt Festa,2026-06-09,824429,CLE,0,3,3,1,0,0,R
542888,Shawn Armstrong,2026-06-09,824429,CLE,0,3,3,0,0,0,R
543037,Gerrit Cole,2026-06-09,824429,NYY,1,21,17,5,0,4,R
621112,Paul Blackburn,2026-06-09,824429,NYY,0,8,8,3,0,1,R
657612,Tim Hill,2026-06-09,824429,NYY,0,1,1,0,0,0,L
666808,Camilo Doval,2026-06-09,824429,NYY,0,3,3,1,0,0,R
656234,Jake Bird,2026-06-09,824429,NYY,0,3,2,1,0,0,R
518585,Fernando Cruz,2026-06-09,824429,NYY,0,6,5,0,0,4,R
685126,Brandon Eisert,2026-06-09,824591,CWS,1,6,5,3,1,1,L
607200,Erick Fedde,2026-06-09,824591,CWS,0,22,20,6,1,4,R
656457,Tyler Gilbert,2026-06-09,824591,CWS,0,3,2,1,0,0,L
699823,Tyler Davis,2026-06-09,824591,CWS,0,2,2,0,0,0,R
622554,Seranthony Domínguez,2026-06-09,824591,CWS,0,3,2,0,0,0,R
691799,Grant Taylor,2026-06-09,824591,CWS,0,8,8,2,0,1,R
656550,Grant Holmes,2026-06-09,824591,ATL,1,18,15,4,1,2,R
689266,Dylan Dodd,2026-06-09,824591,ATL,0,7,5,0,0,1,L
471911,Carlos Carrasco,2026-06-09,824591,ATL,0,8,7,4,0,0,R
663158,Robert Suarez,2026-06-09,824591,ATL,0,3,3,0,0,0,R
628452,Raisel Iglesias,2026-06-09,824591,ATL,0,6,6,1,1,2,R
669432,Trevor Rogers,2026-06-09,824830,BAL,1,24,23,6,1,3,L
552640,Andrew Kittredge,2026-06-09,824830,BAL,0,6,6,3,0,1,R
669211,Keegan Akin,2026-06-09,824830,BAL,0,5,5,0,0,0,L
669330,Tyler Wells,2026-06-09,824830,BAL,0,3,3,1,0,1,R
670329,Rico Garcia,2026-06-09,824830,BAL,0,4,4,1,1,0,R
669302,Logan Gilbert,2026-06-09,824830,SEA,1,23,20,3,0,5,R
695380,Alex Hoppe,2026-06-09,824830,SEA,0,4,4,1,0,1,R
642100,Gabe Speier,2026-06-09,824830,SEA,0,4,3,0,0,0,L
678606,José A. Ferrer,2026-06-09,824830,SEA,0,8,7,3,1,1,L
689546,Nick Davila,2026-06-09,824830,SEA,0,5,4,1,0,1,R
669372,J.T. Ginn,2026-06-09,824999,ATH,1,28,25,8,1,5,R
665660,Elvis Alvarado,2026-06-09,824999,ATH,0,4,4,0,0,4,R
686930,Mason Barnett,2026-06-09,824999,ATH,0,6,6,0,0,4,R
688107,Robert Gasser,2026-06-09,824999,MIL,1,25,23,8,4,7,L
669270,Joel Kuhnel,2026-06-09,824999,MIL,0,5,4,1,1,1,R
689441,Coleman Crow,2026-06-09,824999,MIL,0,9,8,1,0,0,R
453286,Max Scherzer,2026-06-10,822804,TOR,1,18,15,5,2,4,R
689254,Mason Fluharty,2026-06-10,822804,TOR,0,3,3,1,1,1,L
667297,Tommy Nance,2026-06-10,822804,TOR,0,4,4,1,0,0,R
656546,Jeff Hoffman,2026-06-10,822804,TOR,0,4,3,0,0,1,R
680755,Braydon Fisher,2026-06-10,822804,TOR,0,4,3,2,0,1,R
693686,Spencer Miles,2026-06-10,822804,TOR,0,5,5,0,0,2,R
643511,Tyler Rogers,2026-06-10,822804,TOR,0,4,4,1,0,0,R
666200,Jesús Luzardo,2026-06-10,822804,PHI,1,24,20,4,0,8,L
680742,Jonathan Bowlan,2026-06-10,822804,PHI,0,1,1,0,0,0,R
663767,Chase Shugart,2026-06-10,822804,PHI,0,5,1,1,0,0,R
641745,Brad Keller,2026-06-10,822804,PHI,0,2,1,0,0,0,R
621237,José Alvarado,2026-06-10,822804,PHI,0,4,4,1,0,2,L
661395,Jhoan Duran,2026-06-10,822804,PHI,0,4,4,2,0,1,R
656876,Drew Rasmussen,2026-06-10,822970,TB,1,24,22,2,0,13,R
642121,Cole Sulser,2026-06-10,822970,TB,0,3,2,1,1,1,R
571927,Steven Matz,2026-06-10,822970,TB,0,3,3,2,1,0,L
668984,Casey Legumina,2026-06-10,822970,TB,0,1,1,0,0,0,R
664076,Garrett Cleavinger,2026-06-10,822970,TB,0,5,4,1,1,1,L
687562,Jake Bennett,2026-06-10,822970,BOS,1,23,19,7,0,4,L
670245,Ryan Watson,2026-06-10,822970,BOS,0,9,9,3,0,0,R
686580,Justin Slaten,2026-06-10,822970,BOS,0,5,5,3,1,0,R
669711,Greg Weissert,2026-06-10,822970,BOS,0,1,1,0,0,1,R
592662,Robbie Ray,2026-06-10,823215,SF,1,24,24,7,1,3,L
693313,Carson Seymour,2026-06-10,823215,SF,0,10,9,5,0,1,R
665665,Reiver Sanmartin,2026-06-10,823215,SF,0,8,8,2,1,2,L
656492,Foster Griffin,2026-06-10,823215,WSH,1,24,24,6,1,5,L
687606,Paxton Schultz,2026-06-10,823215,WSH,0,10,7,4,2,1,R
687377,Orlando Ribalta,2026-06-10,823215,WSH,0,3,3,0,0,1,R
681402,Gus Varland,2026-06-10,823215,WSH,0,3,2,2,0,0,R
680730,Mitchell Parker,2026-06-10,823215,WSH,0,2,2,2,1,0,L
650633,Michael King,2026-06-10,823287,SD,1,30,26,7,2,3,R
676760,Ron Marinaccio,2026-06-10,823287,SD,0,6,6,2,1,1,R
593974,Wandy Peralta,2026-06-10,823287,SD,0,4,3,1,0,0,L
663903,Brady Singer,2026-06-10,823287,CIN,1,24,23,6,0,5,R
687209,Zach Maxwell,2026-06-10,823287,CIN,0,4,4,1,0,1,R
657571,Caleb Ferguson,2026-06-10,823287,CIN,0,3,3,2,0,0,L
663574,Tony Santillan,2026-06-10,823287,CIN,0,3,3,1,0,1,R
695534,Chase Petty,2026-06-10,823287,CIN,0,3,3,1,1,0,R
683003,Jared Jones,2026-06-10,823372,PIT,1,16,15,3,0,4,R
669387,Carmen Mlodzinski,2026-06-10,823372,PIT,0,17,14,3,1,3,R
681895,Evan Sisk,2026-06-10,823372,PIT,0,1,1,0,0,1,L
642397,Gregory Soto,2026-06-10,823372,PIT,0,5,5,2,1,0,L
660271,Shohei Ohtani,2026-06-10,823372,LAD,1,29,25,6,1,6,R
681911,Alex Vesia,2026-06-10,823372,LAD,0,2,2,0,0,0,L
669165,Kyle Hurt,2026-06-10,823372,LAD,0,5,3,3,1,0,R
676263,Jack Dreyer,2026-06-10,823372,LAD,0,4,4,2,1,1,L
681810,Austin Warren,2026-06-10,823618,NYM,1,7,5,2,0,1,R
656849,David Peterson,2026-06-10,823618,NYM,0,20,18,7,2,1,L
672335,Cionel Pérez,2026-06-10,823618,NYM,0,5,5,1,0,3,L
702752,Jonathan Pintaro,2026-06-10,823618,NYM,0,10,10,1,1,2,R
669467,Andre Pallante,2026-06-10,823618,STL,1,24,21,3,1,5,R
694335,Matt Svanson,2026-06-10,823618,STL,0,6,6,0,0,1,R
668941,JoJo Romero,2026-06-10,823618,STL,0,4,3,0,0,1,L
687473,Ryan Gusto,2026-06-10,823856,MIA,1,16,15,3,0,4,R
669199,Lake Bachar,2026-06-10,823856,MIA,0,9,8,2,0,3,R
687531,William Kempner,2026-06-10,823856,MIA,0,8,6,0,0,3,R
806188,Cade Gibson,2026-06-10,823856,MIA,0,4,4,1,0,0,L
669194,Ryne Nelson,2026-06-10,823856,AZ,1,22,19,8,2,2,R
642528,Jonathan Loáisiga,2026-06-10,823856,AZ,0,5,4,2,0,0,R
686753,Drey Jameson,2026-06-10,823856,AZ,0,10,8,0,0,1,R
666661,Juan Morillo,2026-06-10,823856,AZ,0,1,1,0,0,1,R
672282,Reid Detmers,2026-06-10,824022,LAA,1,22,22,1,1,9,L
681217,Chase Silseth,2026-06-10,824022,LAA,0,4,4,1,1,1,R
696147,Sam Bachman,2026-06-10,824022,LAA,0,4,4,2,0,1,R
666171,Ryan Zeferjahn,2026-06-10,824022,LAA,0,4,3,0,0,2,R
663567,Peter Lambert,2026-06-10,824022,HOU,1,24,24,5,2,6,R
660853,Enyel De Los Santos,2026-06-10,824022,HOU,0,5,2,0,0,0,R
687911,Bryan King,2026-06-10,824022,HOU,0,1,1,0,0,1,L
623352,Josh Hader,2026-06-10,824022,HOU,0,3,3,0,0,0,L
650556,Bryan Abreu,2026-06-10,824022,HOU,0,2,2,2,0,0,R
607625,Seth Lugo,2026-06-10,824103,KC,1,13,12,3,0,2,R
696131,Mason Black,2026-06-10,824103,KC,0,9,6,2,0,2,R
674444,Steven Cruz,2026-06-10,824103,KC,0,5,4,2,0,1,R
621381,Matt Strahm,2026-06-10,824103,KC,0,5,5,2,1,1,L
668674,Lucas Erceg,2026-06-10,824103,KC,0,4,1,0,0,1,R
663738,Daniel Lynch IV,2026-06-10,824103,KC,0,3,1,0,0,0,L
670167,John Schreiber,2026-06-10,824103,KC,0,3,3,0,0,1,R
656638,Alex Lange,2026-06-10,824103,KC,0,7,5,2,0,1,R
669022,MacKenzie Gore,2026-06-10,824103,TEX,1,26,23,8,0,6,L
682608,Peyton Gray,2026-06-10,824103,TEX,0,5,5,2,0,0,R
641302,Tyler Alexander,2026-06-10,824103,TEX,0,5,5,2,0,1,L
596001,Jakob Junis,2026-06-10,824103,TEX,0,6,5,0,0,3,R
656641,Jacob Latz,2026-06-10,824103,TEX,0,4,3,1,0,1,L
664285,Framber Valdez,2026-06-10,824266,DET,1,23,19,6,2,2,L
669724,Brenan Hanifee,2026-06-10,824266,DET,0,4,4,1,0,0,R
680744,Ty Madden,2026-06-10,824266,DET,0,4,3,1,0,1,R
805427,Drew Sommers,2026-06-10,824266,DET,0,4,3,1,0,0,L
689225,Beau Brieske,2026-06-10,824266,DET,0,7,6,3,0,0,R
702474,Mike Paredes,2026-06-10,824266,MIN,1,13,10,1,0,4,R
573124,Taylor Rogers,2026-06-10,824266,MIN,0,3,3,0,0,2,L
702193,Andrew Morris,2026-06-10,824266,MIN,0,7,6,2,0,3,R
701519,Travis Adams,2026-06-10,824266,MIN,0,6,5,1,0,3,R
607455,Anthony Banda,2026-06-10,824266,MIN,0,6,5,0,0,1,L
672782,Yoendrys Gómez,2026-06-10,824266,MIN,0,6,5,2,0,1,R
547179,Michael Lorenzen,2026-06-10,824348,COL,1,19,17,2,0,7,R
657514,Brennan Bernardino,2026-06-10,824348,COL,0,4,3,0,0,0,L
675848,Juan Mejia,2026-06-10,824348,COL,0,3,3,0,0,2,R
676105,Jeff Criswell,2026-06-10,824348,COL,0,5,4,1,0,1,R
622608,Antonio Senzatela,2026-06-10,824348,COL,0,4,4,2,1,1,R
684007,Shota Imanaga,2026-06-10,824348,CHC,1,19,17,2,0,7,L
664208,Phil Maton,2026-06-10,824348,CHC,0,4,4,2,0,1,R
573204,Caleb Thielbar,2026-06-10,824348,CHC,0,4,4,0,0,2,L
657097,Jacob Webb,2026-06-10,824348,CHC,0,6,6,3,1,1,R
694037,Daniel Palencia,2026-06-10,824348,CHC,0,3,2,2,0,0,R
800048,Parker Messick,2026-06-10,824428,CLE,1,25,21,5,0,4,L
670036,Matt Festa,2026-06-10,824428,CLE,0,4,3,2,0,0,R
676051,Codi Heuer,2026-06-10,824428,CLE,0,6,4,2,0,1,R
702021,Will Dion,2026-06-10,824428,CLE,0,9,9,2,0,3,L
607074,Carlos Rodón,2026-06-10,824428,NYY,1,25,21,4,1,7,L
687396,Brent Headrick,2026-06-10,824428,NYY,0,4,4,1,0,0,L
642232,Ryan Yarbrough,2026-06-10,824428,NYY,0,8,7,1,0,2,L
663436,Davis Martin,2026-06-10,824590,CWS,1,25,24,6,0,6,R
656794,Sean Newcomb,2026-06-10,824590,CWS,0,6,5,1,0,1,L
622554,Seranthony Domínguez,2026-06-10,824590,CWS,0,3,3,0,0,0,R
663542,Bryan Hudson,2026-06-10,824590,CWS,0,4,3,0,0,0,L
519242,Chris Sale,2026-06-10,824590,ATL,1,25,23,6,0,6,L
800311,Didier Fuentes,2026-06-10,824590,ATL,0,3,3,1,0,0,R
669276,Dylan Lee,2026-06-10,824590,ATL,0,1,1,0,0,1,L
675916,James Karinchak,2026-06-10,824590,ATL,0,4,4,1,0,1,R
687064,Brandon Young,2026-06-10,824831,BAL,1,25,23,2,0,5,R
664991,Grant Wolfram,2026-06-10,824831,BAL,0,5,4,2,0,0,L
666974,Yennier Cano,2026-06-10,824831,BAL,0,4,4,0,0,2,R
669923,George Kirby,2026-06-10,824831,SEA,1,27,24,7,1,10,R
682445,Domingo Gonzalez,2026-06-10,824831,SEA,0,12,9,4,1,0,R
678022,Jack Perkins,2026-06-10,824996,ATH,1,20,17,5,2,4,R
665622,Luis Medina,2026-06-10,824996,ATH,0,7,7,2,0,2,R
660761,José Suarez,2026-06-10,824996,ATH,0,3,3,1,0,0,L
605130,Scott Barlow,2026-06-10,824996,ATH,0,3,3,1,0,1,R
663687,Hogan Harris,2026-06-10,824996,ATH,0,3,3,2,0,0,L
665660,Elvis Alvarado,2026-06-10,824996,ATH,0,3,3,0,0,2,R
687075,Brandon Sproat,2026-06-10,824996,MIL,1,21,20,4,1,3,R
694477,Chad Patrick,2026-06-10,824996,MIL,0,3,3,3,2,0,R
676879,Aaron Ashby,2026-06-10,824996,MIL,0,5,4,1,0,0,L
656730,Trevor Megill,2026-06-10,824996,MIL,0,4,4,1,0,2,R
656605,Mitch Keller,2026-06-11,823371,PIT,1,24,18,7,1,3,R
670990,Yohan Ramírez,2026-06-11,823371,PIT,0,8,6,0,0,1,R
681895,Evan Sisk,2026-06-11,823371,PIT,0,7,5,2,0,1,L
684049,Brandan Bidois,2026-06-11,823371,PIT,0,7,5,1,0,2,R
642701,Dennis Santana,2026-06-11,823371,PIT,0,3,3,0,0,0,R
680736,Justin Wrobleski,2026-06-11,823371,LAD,1,21,19,6,2,1,L
694361,Will Klein,2026-06-11,823371,LAD,0,7,6,3,0,2,R
681911,Alex Vesia,2026-06-11,823371,LAD,0,1,1,0,0,1,L
676263,Jack Dreyer,2026-06-11,823371,LAD,0,3,3,0,0,2,L
683618,Edgardo Henriquez,2026-06-11,823371,LAD,0,5,5,3,0,1,R
656945,Tanner Scott,2026-06-11,823371,LAD,0,4,4,0,0,3,L
681035,Christian Scott,2026-06-11,823619,NYM,1,22,21,7,3,6,R
621345,A.J. Minter,2026-06-11,823619,NYM,0,4,4,0,0,0,L
548384,Brooks Raley,2026-06-11,823619,NYM,0,4,3,0,0,1,L
596133,Luke Weaver,2026-06-11,823619,NYM,0,3,3,0,0,0,R
642207,Devin Williams,2026-06-11,823619,NYM,0,3,3,0,0,2,R
690928,Hunter Dobbins,2026-06-11,823619,STL,1,20,20,7,2,5,R
677865,Justin Bruihl,2026-06-11,823619,STL,0,3,3,2,0,1,L
666277,George Soriano,2026-06-11,823619,STL,0,4,4,0,0,1,R
668941,JoJo Romero,2026-06-11,823619,STL,0,5,5,1,1,1,L
700669,Gordon Graceffo,2026-06-11,823619,STL,0,2,2,0,0,1,R
663969,Tyler Phillips,2026-06-11,823855,MIA,1,18,16,2,0,5,R
656848,Michael Petersen,2026-06-11,823855,MIA,0,4,3,0,0,1,R
669622,Anthony Bender,2026-06-11,823855,MIA,0,5,4,1,0,3,R
676534,Calvin Faucher,2026-06-11,823855,MIA,0,3,3,0,0,2,R
664126,Pete Fairbanks,2026-06-11,823855,MIA,0,3,3,0,0,2,R
518876,Merrill Kelly,2026-06-11,823855,AZ,1,23,20,4,0,1,R
805299,Brandyn Garcia,2026-06-11,823855,AZ,0,4,3,0,0,2,L
623149,Paul Sewald,2026-06-11,823855,AZ,0,4,4,1,0,1,R
608379,Michael Wacha,2026-06-11,824101,KC,1,29,28,9,1,2,R
694360,Beck Way,2026-06-11,824101,KC,0,8,8,2,0,4,R
677958,Kumar Rocker,2026-06-11,824101,TEX,1,20,18,5,0,3,R
695239,Robby Ahlstrom,2026-06-11,824101,TEX,0,4,4,1,0,1,L
668390,Cole Winn,2026-06-11,824101,TEX,0,3,2,0,0,0,R
656641,Jacob Latz,2026-06-11,824101,TEX,0,6,6,0,0,3,L
672456,Keider Montero,2026-06-11,824265,DET,1,24,23,4,0,4,R
663947,Tyler Holton,2026-06-11,824265,DET,0,6,6,1,0,2,L
689225,Beau Brieske,2026-06-11,824265,DET,0,3,3,0,0,1,R
805673,Zebby Matthews,2026-06-11,824265,MIN,1,28,26,9,3,4,R
689520,Cody Laweryson,2026-06-11,824265,MIN,0,6,5,2,1,1,R
656577,Alex Jackson,2026-06-11,824265,MIN,0,6,5,2,2,0,R
663372,Ryan Feltner,2026-06-11,824346,COL,1,20,17,4,1,3,R
680604,Blas Castaño,2026-06-11,824346,COL,0,12,11,5,1,2,R
671111,Sammy Peralta,2026-06-11,824346,COL,0,8,7,1,1,3,L
665795,Edward Cabrera,2026-06-11,824346,CHC,1,22,20,5,2,5,R
571948,Hoby Milner,2026-06-11,824346,CHC,0,3,3,2,0,0,L
664208,Phil Maton,2026-06-11,824346,CHC,0,4,4,1,0,1,R
669020,Ryan Rolison,2026-06-11,824346,CHC,0,4,4,1,0,2,L
621053,Tyler Ferguson,2026-06-11,824346,CHC,0,7,7,3,1,3,R
680694,Kyle Bradish,2026-06-11,824827,BAL,1,21,18,7,3,5,R
669330,Tyler Wells,2026-06-11,824827,BAL,0,10,9,0,0,4,R
670329,Rico Garcia,2026-06-11,824827,BAL,0,4,4,2,0,0,R
664991,Grant Wolfram,2026-06-11,824827,BAL,0,1,1,0,0,0,L
552640,Andrew Kittredge,2026-06-11,824827,BAL,0,4,4,0,0,0,R
693433,Bryan Woo,2026-06-11,824827,SEA,1,23,21,7,2,4,R
695380,Alex Hoppe,2026-06-11,824827,SEA,0,7,5,0,0,2,R
689546,Nick Davila,2026-06-11,824827,SEA,0,4,4,0,0,1,R
641793,Zack Littell,2026-06-12,822726,WSH,1,10,8,4,1,0,R
683000,Riley Cornelio,2026-06-12,822726,WSH,0,17,15,3,0,2,R
687606,Paxton Schultz,2026-06-12,822726,WSH,0,9,9,3,1,1,R
681402,Gus Varland,2026-06-12,822726,WSH,0,4,4,1,1,1,R
682243,Bryce Miller,2026-06-12,822726,SEA,1,26,26,4,2,7,R
621074,Michael Rucker,2026-06-12,822726,SEA,0,3,3,0,0,1,R
702056,Trey Yesavage,2026-06-12,822803,TOR,1,25,18,4,1,3,R
689254,Mason Fluharty,2026-06-12,822803,TOR,0,4,4,1,0,1,L
680755,Braydon Fisher,2026-06-12,822803,TOR,0,6,5,2,0,1,R
643511,Tyler Rogers,2026-06-12,822803,TOR,0,3,3,0,0,1,R
686973,Louis Varland,2026-06-12,822803,TOR,0,3,3,0,0,2,R
677960,Ryan Weathers,2026-06-12,822803,NYY,1,20,18,5,2,2,L
656234,Jake Bird,2026-06-12,822803,NYY,0,5,5,2,0,1,R
687396,Brent Headrick,2026-06-12,822803,NYY,0,4,3,1,0,1,L
666808,Camilo Doval,2026-06-12,822803,NYY,0,5,4,1,0,2,R
518585,Fernando Cruz,2026-06-12,822803,NYY,0,5,4,1,0,2,R
694738,Landen Roupp,2026-06-12,823211,SF,1,20,17,4,0,5,R
669062,Erik Miller,2026-06-12,823211,SF,0,2,2,1,1,0,L
664141,JT Brubaker,2026-06-12,823211,SF,0,7,7,1,0,1,R
656529,Sam Hentges,2026-06-12,823211,SF,0,3,3,0,0,0,L
676254,Ryan Walker,2026-06-12,823211,SF,0,3,3,0,0,1,R
665871,Javier Assad,2026-06-12,823211,CHC,1,21,20,3,0,5,R
571948,Hoby Milner,2026-06-12,823211,CHC,0,3,3,0,0,0,L
663423,Trent Thornton,2026-06-12,823211,CHC,0,7,7,1,1,2,R
677952,Braxton Ashcraft,2026-06-12,823370,PIT,1,22,20,5,0,4,R
696062,Wilber Dotel,2026-06-12,823370,PIT,0,12,8,4,0,2,R
699008,Antwone Kelly,2026-06-12,823370,PIT,0,9,8,2,1,1,R
645261,Sandy Alcantara,2026-06-12,823370,MIA,1,30,29,5,2,7,R
667463,John King,2026-06-12,823370,MIA,0,4,4,1,0,2,L
690997,Nolan McLean,2026-06-12,823617,NYM,1,18,14,3,0,6,R
672335,Cionel Pérez,2026-06-12,823617,NYM,0,5,5,1,1,0,L
623211,Huascar Brazobán,2026-06-12,823617,NYM,0,5,5,0,0,4,R
548384,Brooks Raley,2026-06-12,823617,NYM,0,5,5,3,0,1,L
642207,Devin Williams,2026-06-12,823617,NYM,0,6,6,2,0,2,R
675911,Spencer Strider,2026-06-12,823617,ATL,1,17,15,6,3,3,R
702275,JR Ritchie,2026-06-12,823617,ATL,0,18,15,2,0,5,R
657746,Joe Ryan,2026-06-12,823695,MIN,1,24,24,6,1,8,R
573124,Taylor Rogers,2026-06-12,823695,MIN,0,4,2,0,0,2,L
679358,Eric Orze,2026-06-12,823695,MIN,0,4,3,2,0,1,R
672782,Yoendrys Gómez,2026-06-12,823695,MIN,0,4,4,3,0,0,R
607455,Anthony Banda,2026-06-12,823695,MIN,0,3,3,1,0,0,L
702193,Andrew Morris,2026-06-12,823695,MIN,0,3,3,0,0,0,R
681517,Kyle Leahy,2026-06-12,823695,STL,1,22,21,8,1,5,R
666277,George Soriano,2026-06-12,823695,STL,0,3,2,0,0,0,R
700669,Gordon Graceffo,2026-06-12,823695,STL,0,4,2,0,0,0,R
592773,Ryne Stanek,2026-06-12,823695,STL,0,7,7,3,3,1,R
694819,Jacob Misiorowski,2026-06-12,823778,MIL,1,27,27,1,0,15,R
621383,Tanner Banks,2026-06-12,823778,PHI,1,6,4,1,0,2,L
691725,Andrew Painter,2026-06-12,823778,PHI,0,24,20,6,1,3,R
663767,Chase Shugart,2026-06-12,823778,PHI,0,4,4,1,0,1,R
641835,Tim Mayza,2026-06-12,823778,PHI,0,4,4,1,0,2,L
691951,Sam Aldegheri,2026-06-12,824020,LAA,1,21,18,3,0,4,L
681217,Chase Silseth,2026-06-12,824020,LAA,0,4,4,1,0,2,R
815083,Mitch Farris,2026-06-12,824020,LAA,0,13,11,3,0,2,L
666171,Ryan Zeferjahn,2026-06-12,824020,LAA,0,2,1,0,0,1,R
663556,Shane McClanahan,2026-06-12,824020,TB,1,21,20,8,0,7,L
669438,Mason Englert,2026-06-12,824020,TB,0,18,15,4,0,3,R
679883,Luinder Avila,2026-06-12,824102,KC,1,10,7,5,2,0,R
696131,Mason Black,2026-06-12,824102,KC,0,13,9,3,1,3,R
674444,Steven Cruz,2026-06-12,824102,KC,0,6,6,0,0,1,R
668674,Lucas Erceg,2026-06-12,824102,KC,0,8,7,1,0,0,R
669212,Eli Morgan,2026-06-12,824102,KC,0,3,3,0,0,0,R
621381,Matt Strahm,2026-06-12,824102,KC,0,4,4,1,1,0,L
837227,Tatsuya Imai,2026-06-12,824102,HOU,1,7,6,4,0,1,R
595345,Steven Okert,2026-06-12,824102,HOU,0,9,9,3,0,0,L
805123,AJ Blubaugh,2026-06-12,824102,HOU,0,7,6,1,0,2,R
663878,Nate Pearson,2026-06-12,824102,HOU,0,7,7,1,0,1,R
660853,Enyel De Los Santos,2026-06-12,824102,HOU,0,4,4,3,0,1,R
687911,Bryan King,2026-06-12,824102,HOU,0,5,3,1,0,1,L
623352,Josh Hader,2026-06-12,824102,HOU,0,3,3,0,0,0,L
676440,Tanner Bibee,2026-06-12,824425,CLE,1,25,23,2,2,8,R
683769,Hunter Gaddis,2026-06-12,824425,CLE,0,3,3,0,0,0,R
671922,Cade Smith,2026-06-12,824425,CLE,0,3,3,0,0,1,R
656427,Jack Flaherty,2026-06-12,824425,DET,1,13,12,3,0,1,R
621097,Jacob Waguespack,2026-06-12,824425,DET,0,5,4,1,0,1,R
805427,Drew Sommers,2026-06-12,824425,DET,0,4,4,1,0,2,L
623454,Drew Anderson,2026-06-12,824425,DET,0,6,6,3,0,1,R
680744,Ty Madden,2026-06-12,824425,DET,0,7,7,1,0,3,R
666157,Nick Lodolo,2026-06-12,824507,CIN,1,26,21,5,0,5,L
622088,Tejay Antone,2026-06-12,824507,CIN,0,5,5,0,0,0,R
687209,Zach Maxwell,2026-06-12,824507,CIN,0,6,4,1,0,1,R
656271,Brock Burke,2026-06-12,824507,CIN,0,7,5,1,0,0,L
593958,Eduardo Rodriguez,2026-06-12,824507,AZ,1,15,10,2,1,3,L
657044,Ryan Thompson,2026-06-12,824507,AZ,0,5,4,0,0,1,R
642528,Jonathan Loáisiga,2026-06-12,824507,AZ,0,3,3,0,0,1,R
664199,Taylor Clarke,2026-06-12,824507,AZ,0,8,6,1,0,2,R
656464,Kevin Ginkel,2026-06-12,824507,AZ,0,5,4,1,0,0,R
623149,Paul Sewald,2026-06-12,824507,AZ,0,3,3,0,0,1,R
641743,Anthony Kay,2026-06-12,824588,CWS,1,22,18,4,0,7,L
663542,Bryan Hudson,2026-06-12,824588,CWS,0,3,3,0,0,0,L
670950,Trevor Richards,2026-06-12,824588,CWS,0,6,6,0,0,2,R
669684,Chris Murphy,2026-06-12,824588,CWS,0,3,3,0,0,0,L
808963,Roki Sasaki,2026-06-12,824588,LAD,1,23,20,7,1,4,R
595014,Blake Treinen,2026-06-12,824588,LAD,0,4,4,2,0,0,R
683618,Edgardo Henriquez,2026-06-12,824588,LAD,0,3,3,1,0,2,R
642546,Jonathan Hernández,2026-06-12,824588,LAD,0,10,6,0,0,1,R
543243,Sonny Gray,2026-06-12,824752,BOS,1,23,23,5,0,7,R
594027,Tyron Guerrero,2026-06-12,824752,BOS,0,3,3,0,0,0,R
543056,Danny Coulombe,2026-06-12,824752,BOS,0,4,4,1,0,0,L
592454,Tommy Kahnle,2026-06-12,824752,BOS,0,3,3,0,0,1,R
683004,Jack Leiter,2026-06-12,824752,TEX,1,25,21,7,1,3,R
615698,Cal Quantrill,2026-06-12,824752,TEX,0,9,7,1,1,1,R
681168,Luis Curvelo,2026-06-12,824752,TEX,0,7,6,3,1,0,R
669358,Shane Baz,2026-06-12,824826,BAL,1,24,21,6,0,1,R
689296,Anthony Nunez,2026-06-12,824826,BAL,0,4,3,0,0,2,R
669211,Keegan Akin,2026-06-12,824826,BAL,0,4,4,1,0,0,L
666974,Yennier Cano,2026-06-12,824826,BAL,0,3,3,0,0,3,R
552640,Andrew Kittredge,2026-06-12,824826,BAL,0,3,3,0,0,0,R
656288,Griffin Canning,2026-06-12,824826,SD,1,24,17,6,2,6,R
593974,Wandy Peralta,2026-06-12,824826,SD,0,8,6,1,0,3,L
688158,David Morgan,2026-06-12,824826,SD,0,5,4,1,0,2,R
695611,Gage Jump,2026-06-12,824997,ATH,1,21,20,5,0,6,L
686993,Justin Sterner,2026-06-12,824997,ATH,0,4,3,1,1,1,R
686930,Mason Barnett,2026-06-12,824997,ATH,0,6,6,1,0,1,R
663687,Hogan Harris,2026-06-12,824997,ATH,0,4,4,0,0,2,L
807743,Sean Sullivan,2026-06-12,824997,COL,1,12,11,2,0,2,L
676105,Jeff Criswell,2026-06-12,824997,COL,0,4,3,0,0,1,R
678020,Seth Halvorsen,2026-06-12,824997,COL,0,5,4,2,2,1,R
688642,Zach Agnos,2026-06-12,824997,COL,0,16,13,5,0,2,R
657514,Brennan Bernardino,2026-06-12,824997,COL,0,3,3,1,0,2,L
676917,Cade Cavalli,2026-06-13,822725,WSH,1,20,19,4,1,5,R
676571,PJ Poulin,2026-06-13,822725,WSH,0,3,2,0,0,1,L
687377,Orlando Ribalta,2026-06-13,822725,WSH,0,3,3,1,0,0,R
663992,Richard Lovelady,2026-06-13,822725,WSH,0,6,5,3,0,0,L
695418,Brad Lord,2026-06-13,822725,WSH,0,6,5,0,0,2,R
622491,Luis Castillo,2026-06-13,822725,SEA,1,27,24,7,1,4,R
642100,Gabe Speier,2026-06-13,822725,SEA,0,1,1,0,0,0,L
678606,José A. Ferrer,2026-06-13,822725,SEA,0,4,3,2,0,0,L
660825,Eduard Bazardo,2026-06-13,822725,SEA,0,3,3,1,0,1,R
695380,Alex Hoppe,2026-06-13,822725,SEA,0,3,3,0,0,2,R
592332,Kevin Gausman,2026-06-13,822802,TOR,1,24,22,1,1,7,R
643511,Tyler Rogers,2026-06-13,822802,TOR,0,5,5,2,0,1,R
686973,Louis Varland,2026-06-13,822802,TOR,0,5,5,2,1,1,R
693645,Cam Schlittler,2026-06-13,822802,NYY,1,29,25,6,1,7,R
518585,Fernando Cruz,2026-06-13,822802,NYY,0,6,3,0,0,1,R
670280,David Bednar,2026-06-13,822802,NYY,0,3,3,0,0,3,R
686790,Trevor McDonald,2026-06-13,823213,SF,1,20,16,6,1,4,R
665665,Reiver Sanmartin,2026-06-13,823213,SF,0,7,6,2,2,2,L
656529,Sam Hentges,2026-06-13,823213,SF,0,5,4,1,0,2,L
676254,Ryan Walker,2026-06-13,823213,SF,0,4,3,0,0,0,R
681916,Dylan Smith,2026-06-13,823213,SF,0,5,5,1,0,2,R
668873,Caleb Kilian,2026-06-13,823213,SF,0,4,4,1,0,2,R
676962,Ben Brown,2026-06-13,823213,CHC,1,23,20,7,0,3,R
681799,Ethan Roberts,2026-06-13,823213,CHC,0,4,3,0,0,2,R
573204,Caleb Thielbar,2026-06-13,823213,CHC,0,5,5,0,0,1,L
664208,Phil Maton,2026-06-13,823213,CHC,0,5,4,0,0,1,R
696149,Bubba Chandler,2026-06-13,823369,PIT,1,22,20,3,0,6,R
682254,Mason Montgomery,2026-06-13,823369,PIT,0,6,6,2,0,0,L
670990,Yohan Ramírez,2026-06-13,823369,PIT,0,5,4,1,0,3,R
642397,Gregory Soto,2026-06-13,823369,PIT,0,4,4,1,0,1,L
669199,Lake Bachar,2026-06-13,823369,MIA,1,9,7,1,0,4,R
667463,John King,2026-06-13,823369,MIA,0,4,4,2,0,0,L
676534,Calvin Faucher,2026-06-13,823369,MIA,0,5,4,1,0,1,R
806188,Cade Gibson,2026-06-13,823369,MIA,0,7,6,2,0,1,L
656848,Michael Petersen,2026-06-13,823369,MIA,0,6,6,0,0,3,R
669622,Anthony Bender,2026-06-13,823369,MIA,0,7,5,2,0,2,R
640455,Sean Manaea,2026-06-13,823616,NYM,1,22,22,4,1,6,L
681810,Austin Warren,2026-06-13,823616,NYM,0,9,9,3,1,3,R
650960,Daniel Duarte,2026-06-13,823616,NYM,0,3,3,0,0,1,R
527048,Martín Pérez,2026-06-13,823616,ATL,1,20,19,4,0,4,L
669276,Dylan Lee,2026-06-13,823616,ATL,0,3,3,1,0,1,L
800311,Didier Fuentes,2026-06-13,823616,ATL,0,3,3,0,0,3,R
663158,Robert Suarez,2026-06-13,823616,ATL,0,3,3,0,0,1,R
628452,Raisel Iglesias,2026-06-13,823616,ATL,0,4,3,1,0,1,R
687570,Connor Prielipp,2026-06-13,823694,MIN,1,26,22,7,1,2,L
664875,Justin Lawrence,2026-06-13,823694,MIN,0,6,6,4,2,2,R
701519,Travis Adams,2026-06-13,823694,MIN,0,9,8,2,1,1,R
669461,Matthew Liberatore,2026-06-13,823694,STL,1,18,17,5,3,4,L
694335,Matt Svanson,2026-06-13,823694,STL,0,5,5,0,0,2,R
592773,Ryne Stanek,2026-06-13,823694,STL,0,3,3,0,0,1,R
688297,Chris Roycroft,2026-06-13,823694,STL,0,3,2,1,0,0,R
668941,JoJo Romero,2026-06-13,823694,STL,0,2,2,1,0,0,L
676617,Riley O'Brien,2026-06-13,823694,STL,0,6,3,0,0,1,R
675660,Shane Drohan,2026-06-13,823776,MIL,1,23,23,8,1,7,L
694477,Chad Patrick,2026-06-13,823776,MIL,0,8,7,5,1,1,R
680723,Drew Rom,2026-06-13,823776,MIL,0,8,6,1,0,3,L
669270,Joel Kuhnel,2026-06-13,823776,MIL,0,3,3,2,0,1,R
656730,Trevor Megill,2026-06-13,823776,MIL,0,5,4,1,0,3,R
605400,Aaron Nola,2026-06-13,823776,PHI,1,22,20,6,2,3,R
641835,Tim Mayza,2026-06-13,823776,PHI,0,2,2,1,0,0,L
689147,Orion Kerkering,2026-06-13,823776,PHI,0,3,3,0,0,0,R
621237,José Alvarado,2026-06-13,823776,PHI,0,5,5,2,1,1,L
641745,Brad Keller,2026-06-13,823776,PHI,0,8,5,3,0,1,R
661395,Jhoan Duran,2026-06-13,823776,PHI,0,3,3,0,0,1,R
667755,José Soriano,2026-06-13,824019,LAA,1,19,17,3,0,5,R
696519,Samy Natera Jr.,2026-06-13,824019,LAA,0,8,6,0,0,2,L
608718,Brent Suter,2026-06-13,824019,LAA,0,5,5,2,0,0,L
489446,Kirby Yates,2026-06-13,824019,LAA,0,3,3,0,0,1,R
643377,Griffin Jax,2026-06-13,824019,TB,1,20,20,5,0,5,R
664076,Garrett Cleavinger,2026-06-13,824019,TB,0,3,3,2,0,1,L
518886,Craig Kimbrel,2026-06-13,824019,TB,0,4,4,2,0,1,R
642121,Cole Sulser,2026-06-13,824019,TB,0,8,7,5,1,2,R
592155,Cam Booser,2026-06-13,824019,TB,0,6,5,1,0,2,L
702070,Noah Cameron,2026-06-13,824100,KC,1,20,20,7,2,1,L
670167,John Schreiber,2026-06-13,824100,KC,0,7,7,2,1,3,R
663738,Daniel Lynch IV,2026-06-13,824100,KC,0,3,3,0,0,0,L
621381,Matt Strahm,2026-06-13,824100,KC,0,3,2,1,1,0,L
656638,Alex Lange,2026-06-13,824100,KC,0,7,6,1,0,1,R
681347,Mike Burrows,2026-06-13,824100,HOU,1,24,22,7,1,5,R
660853,Enyel De Los Santos,2026-06-13,824100,HOU,0,4,3,2,0,0,R
695001,Alimber Santa,2026-06-13,824100,HOU,0,5,5,1,0,0,R
687911,Bryan King,2026-06-13,824100,HOU,0,3,3,0,0,1,L
650556,Bryan Abreu,2026-06-13,824100,HOU,0,3,3,1,0,0,R
676282,Joey Cantillo,2026-06-13,824426,CLE,1,21,21,6,0,4,L
670059,Colin Holderman,2026-06-13,824426,CLE,0,5,4,1,0,2,R
683769,Hunter Gaddis,2026-06-13,824426,CLE,0,4,3,0,0,0,R
682120,Tim Herrin,2026-06-13,824426,CLE,0,3,3,1,0,2,L
671922,Cade Smith,2026-06-13,824426,CLE,0,6,5,1,0,2,R
669373,Tarik Skubal,2026-06-13,824426,DET,1,21,18,5,1,4,L
640448,Kyle Finnegan,2026-06-13,824426,DET,0,6,6,2,0,0,R
663947,Tyler Holton,2026-06-13,824426,DET,0,3,3,1,0,0,L
445276,Kenley Jansen,2026-06-13,824426,DET,0,3,3,0,0,2,R
695076,Rhett Lowder,2026-06-13,824508,CIN,1,25,22,5,1,6,R
657571,Caleb Ferguson,2026-06-13,824508,CIN,0,4,3,1,0,1,L
695534,Chase Petty,2026-06-13,824508,CIN,0,8,7,1,0,1,R
663574,Tony Santillan,2026-06-13,824508,CIN,0,3,3,0,0,0,R
647336,Michael Soroka,2026-06-13,824508,AZ,1,23,22,2,0,7,R
666661,Juan Morillo,2026-06-13,824508,AZ,0,4,4,1,1,3,R
680732,Sean Burke,2026-06-13,824587,CWS,1,22,17,6,2,6,R
697812,Joe Rock,2026-06-13,824587,CWS,0,16,9,1,0,3,L
685126,Brandon Eisert,2026-06-13,824587,CWS,0,5,5,2,1,1,L
699823,Tyler Davis,2026-06-13,824587,CWS,0,3,3,1,0,1,R
808967,Yoshinobu Yamamoto,2026-06-13,824587,LAD,1,27,27,1,1,7,R
681911,Alex Vesia,2026-06-13,824587,LAD,0,2,2,0,0,0,L
624133,Ranger Suarez,2026-06-13,824749,BOS,1,23,20,6,0,7,L
686580,Justin Slaten,2026-06-13,824749,BOS,0,4,4,1,0,1,R
676477,Garrett Whitlock,2026-06-13,824749,BOS,0,3,3,0,0,1,R
594027,Tyron Guerrero,2026-06-13,824749,BOS,0,4,3,2,1,1,R
543056,Danny Coulombe,2026-06-13,824749,BOS,0,2,2,0,0,0,L
547973,Aroldis Chapman,2026-06-13,824749,BOS,0,4,4,1,0,2,L
594798,Jacob deGrom,2026-06-13,824749,TEX,1,23,23,6,0,5,R
668390,Cole Winn,2026-06-13,824749,TEX,0,4,4,2,0,2,R
695239,Robby Ahlstrom,2026-06-13,824749,TEX,0,3,2,1,0,1,L
682608,Peyton Gray,2026-06-13,824749,TEX,0,5,5,2,1,0,R
694346,Trey Gibson,2026-06-13,824828,BAL,1,22,16,3,2,7,R
669211,Keegan Akin,2026-06-13,824828,BAL,0,4,2,1,0,0,L
544150,Albert Suárez,2026-06-13,824828,BAL,0,17,17,6,3,1,R
681190,Randy Vásquez,2026-06-13,824828,SD,1,22,20,6,1,5,R
673513,Yuki Matsui,2026-06-13,824828,SD,0,4,4,1,0,2,L
699134,Bradgley Rodriguez,2026-06-13,824828,SD,0,5,4,1,0,0,R
592094,Jason Adam,2026-06-13,824828,SD,0,4,4,1,0,0,R
676760,Ron Marinaccio,2026-06-13,824828,SD,0,3,2,1,0,0,R
670970,Adrian Morejon,2026-06-13,824828,SD,0,1,1,0,0,0,L
683155,Joey Estes,2026-06-13,824995,ATH,1,18,16,5,1,4,R
660761,José Suarez,2026-06-13,824995,ATH,0,8,5,2,0,0,L
605130,Scott Barlow,2026-06-13,824995,ATH,0,4,3,0,0,0,R
643410,Mark Leiter Jr.,2026-06-13,824995,ATH,0,3,3,1,0,1,R
665660,Elvis Alvarado,2026-06-13,824995,ATH,0,3,3,0,0,2,R
607536,Kyle Freeland,2026-06-13,824995,COL,1,27,27,10,1,4,L
677955,Jaden Hill,2026-06-13,824995,COL,0,5,2,1,0,0,R
678020,Seth Halvorsen,2026-06-13,824995,COL,0,4,3,0,0,1,R
675848,Juan Mejia,2026-06-13,824995,COL,0,4,4,0,0,1,R
676571,PJ Poulin,2026-06-14,822722,WSH,1,5,5,2,0,0,L
571945,Miles Mikolas,2026-06-14,822722,WSH,0,23,23,3,0,3,R
690925,Clayton Beeter,2026-06-14,822722,WSH,0,3,3,0,0,2,R
676106,Emerson Hancock,2026-06-14,822722,SEA,1,21,21,9,1,2,R
678606,José A. Ferrer,2026-06-14,822722,SEA,0,4,4,1,0,1,L
689546,Nick Davila,2026-06-14,822722,SEA,0,5,4,1,0,2,R
621074,Michael Rucker,2026-06-14,822722,SEA,0,4,4,1,1,2,R
662253,Andrés Muñoz,2026-06-14,822722,SEA,0,2,1,1,0,0,R
695380,Alex Hoppe,2026-06-14,822722,SEA,0,4,4,1,0,1,R
571578,Patrick Corbin,2026-06-14,822801,TOR,1,18,18,7,0,3,L
693686,Spencer Miles,2026-06-14,822801,TOR,0,10,9,1,0,2,R
689254,Mason Fluharty,2026-06-14,822801,TOR,0,4,3,1,0,0,L
656546,Jeff Hoffman,2026-06-14,822801,TOR,0,3,3,0,0,2,R
680755,Braydon Fisher,2026-06-14,822801,TOR,0,5,4,2,1,1,R
667297,Tommy Nance,2026-06-14,822801,TOR,0,3,2,1,1,0,R
701542,Will Warren,2026-06-14,822801,NYY,1,21,18,8,0,1,R
657612,Tim Hill,2026-06-14,822801,NYY,0,3,3,0,0,1,L
656234,Jake Bird,2026-06-14,822801,NYY,0,4,4,1,1,1,R
687396,Brent Headrick,2026-06-14,822801,NYY,0,3,3,0,0,1,L
666808,Camilo Doval,2026-06-14,822801,NYY,0,3,3,0,0,2,R
670280,David Bednar,2026-06-14,822801,NYY,0,5,5,2,0,0,R
657277,Logan Webb,2026-06-14,823212,SF,1,30,30,7,0,7,R
668873,Caleb Kilian,2026-06-14,823212,SF,0,3,3,0,0,2,R
669020,Ryan Rolison,2026-06-14,823212,CHC,1,4,4,0,0,0,L
607067,Colin Rea,2026-06-14,823212,CHC,0,24,19,6,1,2,R
571948,Hoby Milner,2026-06-14,823212,CHC,0,3,2,1,0,0,L
681799,Ethan Roberts,2026-06-14,823212,CHC,0,6,4,2,0,0,R
657097,Jacob Webb,2026-06-14,823212,CHC,0,1,1,0,0,0,R
694973,Paul Skenes,2026-06-14,823368,PIT,1,23,22,4,2,10,R
681895,Evan Sisk,2026-06-14,823368,PIT,0,3,3,1,0,0,L
684049,Brandan Bidois,2026-06-14,823368,PIT,0,7,6,4,0,1,R
676755,Isaac Mattson,2026-06-14,823368,PIT,0,6,4,0,0,1,R
676974,Max Meyer,2026-06-14,823368,MIA,1,28,24,6,0,9,R
676534,Calvin Faucher,2026-06-14,823368,MIA,0,5,4,1,0,1,R
676604,Tyler Zuber,2026-06-14,823368,MIA,0,3,3,0,0,0,R
664126,Pete Fairbanks,2026-06-14,823368,MIA,0,4,4,1,1,2,R
642547,Freddy Peralta,2026-06-14,823615,NYM,1,20,18,4,0,2,R
672335,Cionel Pérez,2026-06-14,823615,NYM,0,4,3,0,0,0,L
650960,Daniel Duarte,2026-06-14,823615,NYM,0,5,4,0,0,1,R
621345,A.J. Minter,2026-06-14,823615,NYM,0,2,2,0,0,1,L
623211,Huascar Brazobán,2026-06-14,823615,NYM,0,3,3,0,0,0,R
693821,Bryce Elder,2026-06-14,823615,ATL,1,24,22,10,2,2,R
689266,Dylan Dodd,2026-06-14,823615,ATL,0,4,2,0,0,1,L
675916,James Karinchak,2026-06-14,823615,ATL,0,3,2,0,0,2,R
625643,Reynaldo López,2026-06-14,823615,ATL,0,5,3,0,0,1,R
683627,Anthony Molina,2026-06-14,823615,ATL,0,6,6,3,0,2,R
671737,Taj Bradley,2026-06-14,823693,MIN,1,27,26,5,2,7,R
607455,Anthony Banda,2026-06-14,823693,MIN,0,3,2,1,0,0,L
702193,Andrew Morris,2026-06-14,823693,MIN,0,4,4,1,0,3,R
672782,Yoendrys Gómez,2026-06-14,823693,MIN,0,3,3,0,0,1,R
700241,Michael McGreevy,2026-06-14,823693,STL,1,25,23,7,1,2,R
668941,JoJo Romero,2026-06-14,823693,STL,0,5,4,3,0,1,L
666277,George Soriano,2026-06-14,823693,STL,0,8,8,3,0,3,R
690986,Kyle Harrison,2026-06-14,823777,MIL,1,21,20,3,0,3,L
682842,Abner Uribe,2026-06-14,823777,MIL,0,4,4,1,0,0,R
676879,Aaron Ashby,2026-06-14,823777,MIL,0,7,7,0,0,3,L
650911,Cristopher Sánchez,2026-06-14,823777,PHI,1,25,24,8,2,3,L
663767,Chase Shugart,2026-06-14,823777,PHI,0,5,5,1,0,1,R
621383,Tanner Banks,2026-06-14,823777,PHI,0,4,4,1,0,1,L
680570,Grayson Rodriguez,2026-06-14,824021,LAA,1,12,9,3,0,1,R
681217,Chase Silseth,2026-06-14,824021,LAA,0,3,3,1,0,1,R
519141,Drew Pomeranz,2026-06-14,824021,LAA,0,8,8,2,1,0,L
608718,Brent Suter,2026-06-14,824021,LAA,0,6,6,1,0,0,L
696147,Sam Bachman,2026-06-14,824021,LAA,0,9,7,4,2,1,R
666171,Ryan Zeferjahn,2026-06-14,824021,LAA,0,3,3,0,0,1,R
668984,Casey Legumina,2026-06-14,824021,TB,1,7,6,2,0,1,R
693855,Ian Seymour,2026-06-14,824021,TB,0,16,12,2,1,3,L
687330,Kevin Kelly,2026-06-14,824021,TB,0,7,7,1,0,3,R
518886,Craig Kimbrel,2026-06-14,824021,TB,0,4,1,0,0,0,R
664076,Garrett Cleavinger,2026-06-14,824021,TB,0,2,2,0,0,2,L
641329,Bryan Baker,2026-06-14,824021,TB,0,4,3,0,0,2,R
663568,Stephen Kolek,2026-06-14,824099,KC,1,26,25,5,0,4,R
674444,Steven Cruz,2026-06-14,824099,KC,0,2,2,0,0,1,R
663738,Daniel Lynch IV,2026-06-14,824099,KC,0,3,3,0,0,0,L
681293,Spencer Arrighetti,2026-06-14,824099,HOU,1,26,25,8,0,7,R
695001,Alimber Santa,2026-06-14,824099,HOU,0,3,3,1,0,0,R
663878,Nate Pearson,2026-06-14,824099,HOU,0,4,4,1,0,2,R
671096,Andrew Abbott,2026-06-14,824506,CIN,1,21,18,4,1,5,L
622088,Tejay Antone,2026-06-14,824506,CIN,0,5,5,1,1,0,R
594580,Sam Moll,2026-06-14,824506,CIN,0,3,3,0,0,0,L
687209,Zach Maxwell,2026-06-14,824506,CIN,0,5,4,1,1,2,R
663978,Chris Paddack,2026-06-14,824506,CIN,0,5,3,1,0,0,R
668678,Zac Gallen,2026-06-14,824506,AZ,1,25,22,6,2,4,R
666661,Juan Morillo,2026-06-14,824506,AZ,0,3,3,0,0,0,R
656464,Kevin Ginkel,2026-06-14,824506,AZ,0,5,5,2,0,2,R
623149,Paul Sewald,2026-06-14,824506,AZ,0,4,3,0,0,1,R
663542,Bryan Hudson,2026-06-14,824586,CWS,1,4,3,1,1,0,L
656794,Sean Newcomb,2026-06-14,824586,CWS,0,8,7,0,0,4,L
607200,Erick Fedde,2026-06-14,824586,CWS,0,13,11,3,0,4,R
691799,Grant Taylor,2026-06-14,824586,CWS,0,8,7,2,1,1,R
622554,Seranthony Domínguez,2026-06-14,824586,CWS,0,6,4,1,0,2,R
686218,Emmet Sheehan,2026-06-14,824586,LAD,1,21,19,4,1,8,R
676263,Jack Dreyer,2026-06-14,824586,LAD,0,6,6,3,2,1,L
595014,Blake Treinen,2026-06-14,824586,LAD,0,4,4,1,0,1,R
642546,Jonathan Hernández,2026-06-14,824586,LAD,0,3,3,0,0,0,R
813349,Connelly Early,2026-06-14,824751,BOS,1,27,25,11,2,3,L
669711,Greg Weissert,2026-06-14,824751,BOS,0,5,5,1,0,1,R
670245,Ryan Watson,2026-06-14,824751,BOS,0,8,7,1,0,1,R
592454,Tommy Kahnle,2026-06-14,824751,BOS,0,4,3,0,0,1,R
543135,Nathan Eovaldi,2026-06-14,824751,TEX,1,26,25,6,2,6,R
596001,Jakob Junis,2026-06-14,824751,TEX,0,5,5,3,0,1,R
656641,Jacob Latz,2026-06-14,824751,TEX,0,4,4,0,0,2,L
669432,Trevor Rogers,2026-06-14,824823,BAL,1,24,22,5,0,4,L
670329,Rico Garcia,2026-06-14,824823,BAL,0,5,4,1,1,1,R
689296,Anthony Nunez,2026-06-14,824823,BAL,0,4,3,1,0,0,R
666974,Yennier Cano,2026-06-14,824823,BAL,0,6,5,1,0,2,R
621111,Walker Buehler,2026-06-14,824823,SD,1,21,21,6,1,5,R
699134,Bradgley Rodriguez,2026-06-14,824823,SD,0,5,3,1,0,2,R
592094,Jason Adam,2026-06-14,824823,SD,0,3,3,2,0,0,R
670970,Adrian Morejon,2026-06-14,824823,SD,0,4,4,1,0,0,L
695243,Mason Miller,2026-06-14,824823,SD,0,4,4,0,0,3,R
605488,Jeffrey Springs,2026-06-14,824994,ATH,1,20,20,7,3,5,L
665622,Luis Medina,2026-06-14,824994,ATH,0,10,8,6,1,0,R
669620,Brady Basso,2026-06-14,824994,ATH,0,11,11,6,0,1,L
605130,Scott Barlow,2026-06-14,824994,ATH,0,6,4,2,1,1,R
666126,Carlos Cortes,2026-06-14,824994,ATH,0,9,7,3,1,0,S
608372,Tomoyuki Sugano,2026-06-14,824994,COL,1,26,23,8,1,2,R
680604,Blas Castaño,2026-06-14,824994,COL,0,4,4,2,1,0,R
682769,Eiberson Castellano,2026-06-14,824994,COL,0,12,11,4,0,2,R
674841,Andrew Alvarez,2026-06-15,822724,WSH,1,18,17,5,0,5,L
695418,Brad Lord,2026-06-15,822724,WSH,0,11,10,2,0,2,R
690925,Clayton Beeter,2026-06-15,822724,WSH,0,4,3,0,0,2,R
681402,Gus Varland,2026-06-15,822724,WSH,0,4,4,1,0,1,R
687765,Mitch Spence,2026-06-15,822724,KC,1,20,19,7,0,1,R
696131,Mason Black,2026-06-15,822724,KC,0,8,7,1,1,0,R
694360,Beck Way,2026-06-15,822724,KC,0,7,5,0,0,2,R
669022,MacKenzie Gore,2026-06-15,822887,TEX,1,27,25,4,2,10,L
682608,Peyton Gray,2026-06-15,822887,TEX,0,3,3,0,0,1,R
605452,Joe Ross,2026-06-15,822887,TEX,0,3,3,0,0,0,R
702474,Mike Paredes,2026-06-15,822887,MIN,1,18,17,4,1,2,R
573124,Taylor Rogers,2026-06-15,822887,MIN,0,1,1,0,0,1,L
702193,Andrew Morris,2026-06-15,822887,MIN,0,3,3,0,0,2,R
679358,Eric Orze,2026-06-15,822887,MIN,0,6,6,1,0,1,R
672782,Yoendrys Gómez,2026-06-15,822887,MIN,0,4,4,0,0,1,R
669160,Dustin May,2026-06-15,823046,STL,1,28,27,1,0,9,R
593974,Wandy Peralta,2026-06-15,823046,SD,1,3,3,0,0,1,L
608337,Lucas Giolito,2026-06-15,823046,SD,0,23,20,7,0,2,R
606996,Kyle Hart,2026-06-15,823046,SD,0,7,7,1,0,1,L
554430,Zack Wheeler,2026-06-15,823452,PHI,1,23,20,2,0,9,R
641835,Tim Mayza,2026-06-15,823452,PHI,0,3,3,1,0,1,L
680742,Jonathan Bowlan,2026-06-15,823452,PHI,0,5,5,1,0,2,R
663767,Chase Shugart,2026-06-15,823452,PHI,0,4,4,1,0,1,R
687473,Ryan Gusto,2026-06-15,823452,MIA,1,26,23,8,2,1,R
687531,William Kempner,2026-06-15,823452,MIA,0,8,7,0,0,2,R
806188,Cade Gibson,2026-06-15,823452,MIA,0,6,3,2,0,1,L
641778,Eric Lauer,2026-06-15,823938,LAD,1,26,20,6,1,4,L
669165,Kyle Hurt,2026-06-15,823938,LAD,0,4,4,1,0,2,R
694361,Will Klein,2026-06-15,823938,LAD,0,3,3,1,0,0,R
681911,Alex Vesia,2026-06-15,823938,LAD,0,1,1,0,0,0,L
656945,Tanner Scott,2026-06-15,823938,LAD,0,3,3,0,0,1,L
607259,Nick Martinez,2026-06-15,823938,TB,1,22,21,5,1,6,R
592155,Cam Booser,2026-06-15,823938,TB,0,3,2,0,0,2,L
571927,Steven Matz,2026-06-15,823938,TB,0,8,8,2,1,1,L
678906,Kai-Wei Teng,2026-06-15,824181,HOU,1,20,16,6,3,9,R
595345,Steven Okert,2026-06-15,824181,HOU,0,2,2,0,0,2,L
805123,AJ Blubaugh,2026-06-15,824181,HOU,0,9,7,1,0,2,R
681151,Jayden Murray,2026-06-15,824181,HOU,0,9,9,3,1,3,R
650556,Bryan Abreu,2026-06-15,824181,HOU,0,4,4,1,1,2,R
623454,Drew Anderson,2026-06-15,824181,DET,1,12,10,2,0,5,R
621097,Jacob Waguespack,2026-06-15,824181,DET,0,6,6,2,2,1,R
640448,Kyle Finnegan,2026-06-15,824181,DET,0,5,4,1,0,1,R
663947,Tyler Holton,2026-06-15,824181,DET,0,6,6,1,0,2,L
676684,Will Vest,2026-06-15,824181,DET,0,5,4,1,0,0,R
646241,Enmanuel De Jesus,2026-06-15,824181,DET,0,3,3,0,0,1,L
695505,Chase Burns,2026-06-15,824505,CIN,1,22,19,4,0,7,R
656271,Brock Burke,2026-06-15,824505,CIN,0,5,4,1,0,1,L
657571,Caleb Ferguson,2026-06-15,824505,CIN,0,5,3,1,0,2,L
695534,Chase Petty,2026-06-15,824505,CIN,0,7,7,0,0,1,R
668964,Tobias Myers,2026-06-15,824505,NYM,1,11,8,4,1,1,R
702752,Jonathan Pintaro,2026-06-15,824505,NYM,0,15,14,3,1,4,R
656849,David Peterson,2026-06-15,824505,NYM,0,13,11,2,1,1,L
684007,Shota Imanaga,2026-06-15,824666,CHC,1,22,21,5,0,3,L
664208,Phil Maton,2026-06-15,824666,CHC,0,3,1,0,0,0,R
657097,Jacob Webb,2026-06-15,824666,CHC,0,4,4,1,0,1,R
573204,Caleb Thielbar,2026-06-15,824666,CHC,0,5,4,1,1,2,L
694037,Daniel Palencia,2026-06-15,824666,CHC,0,4,3,0,0,3,R
547179,Michael Lorenzen,2026-06-15,824666,COL,1,22,20,5,1,5,R
622608,Antonio Senzatela,2026-06-15,824666,COL,0,5,4,1,0,0,R
657514,Brennan Bernardino,2026-06-15,824666,COL,0,3,2,2,0,0,L
677955,Jaden Hill,2026-06-15,824666,COL,0,3,2,0,0,2,R
680767,Victor Vodnik,2026-06-15,824666,COL,0,5,2,1,0,0,R
675848,Juan Mejia,2026-06-15,824666,COL,0,4,2,0,0,1,R
678020,Seth Halvorsen,2026-06-15,824666,COL,0,2,1,1,0,0,R
669372,J.T. Ginn,2026-06-15,824993,ATH,1,26,24,6,0,3,R
686993,Justin Sterner,2026-06-15,824993,ATH,0,4,3,0,0,2,R
686930,Mason Barnett,2026-06-15,824993,ATH,0,8,8,2,1,1,R
683003,Jared Jones,2026-06-15,824993,PIT,1,20,19,8,2,4,R
669387,Carmen Mlodzinski,2026-06-15,824993,PIT,0,18,17,6,1,2,R
642701,Dennis Santana,2026-06-15,824993,PIT,0,3,3,0,0,2,R
669194,Ryne Nelson,2026-06-15,825071,AZ,1,29,28,9,1,5,R
642528,Jonathan Loáisiga,2026-06-15,825071,AZ,0,3,3,0,0,0,R
623149,Paul Sewald,2026-06-15,825071,AZ,0,4,4,1,1,2,R
700712,Walbert Ureña,2026-06-15,825071,LAA,1,30,27,7,1,3,R
820862,José Fermin,2026-06-15,825071,LAA,0,5,4,1,0,0,R
656492,Foster Griffin,2026-06-16,822723,WSH,1,26,23,6,0,6,L
687377,Orlando Ribalta,2026-06-16,822723,WSH,0,3,2,1,0,0,R
663992,Richard Lovelady,2026-06-16,822723,WSH,0,3,3,1,0,0,L
687606,Paxton Schultz,2026-06-16,822723,WSH,0,4,4,1,0,1,R
681402,Gus Varland,2026-06-16,822723,WSH,0,4,3,1,1,1,R
608379,Michael Wacha,2026-06-16,822723,KC,1,26,23,7,0,3,R
663738,Daniel Lynch IV,2026-06-16,822723,KC,0,7,5,2,1,1,L
657756,Connor Seabold,2026-06-16,822723,KC,0,5,4,1,0,0,R
677958,Kumar Rocker,2026-06-16,822888,TEX,1,20,18,7,2,4,R
615698,Cal Quantrill,2026-06-16,822888,TEX,0,6,5,3,0,0,R
641302,Tyler Alexander,2026-06-16,822888,TEX,0,9,8,3,0,1,L
605452,Joe Ross,2026-06-16,822888,TEX,0,7,7,1,0,1,R
543309,Kyle Higashioka,2026-06-16,822888,TEX,0,6,5,3,0,0,R
805673,Zebby Matthews,2026-06-16,822888,MIN,1,28,28,8,0,4,R
701519,Travis Adams,2026-06-16,822888,MIN,0,3,3,0,0,3,R
689520,Cody Laweryson,2026-06-16,822888,MIN,0,4,3,0,0,1,R
669467,Andre Pallante,2026-06-16,823045,STL,1,24,24,4,0,6,R
592773,Ryne Stanek,2026-06-16,823045,STL,0,3,3,0,0,2,R
676617,Riley O'Brien,2026-06-16,823045,STL,0,4,3,0,0,0,R
650633,Michael King,2026-06-16,823045,SD,1,22,18,5,0,1,R
673513,Yuki Matsui,2026-06-16,823045,SD,0,6,4,1,0,1,L
676760,Ron Marinaccio,2026-06-16,823045,SD,0,7,5,1,0,1,R
593974,Wandy Peralta,2026-06-16,823045,SD,0,4,4,1,0,0,L
669302,Logan Gilbert,2026-06-16,823128,SEA,1,25,23,2,0,10,R
660825,Eduard Bazardo,2026-06-16,823128,SEA,0,3,3,0,0,1,R
662253,Andrés Muñoz,2026-06-16,823128,SEA,0,4,4,1,0,1,R
687064,Brandon Young,2026-06-16,823128,BAL,1,26,21,4,0,2,R
664991,Grant Wolfram,2026-06-16,823128,BAL,0,3,1,1,0,0,L
552640,Andrew Kittredge,2026-06-16,823128,BAL,0,1,1,0,0,0,R
669211,Keegan Akin,2026-06-16,823128,BAL,0,4,3,1,0,0,L
666200,Jesús Luzardo,2026-06-16,823451,PHI,1,28,26,5,1,9,L
621383,Tanner Banks,2026-06-16,823451,PHI,0,4,4,1,0,1,L
676661,Max Lazar,2026-06-16,823451,PHI,0,4,4,1,0,2,R
663969,Tyler Phillips,2026-06-16,823451,MIA,1,21,18,6,3,4,R
669199,Lake Bachar,2026-06-16,823451,MIA,0,3,3,0,0,0,R
690978,Dax Fulton,2026-06-16,823451,MIA,0,7,6,0,0,2,L
667463,John King,2026-06-16,823451,MIA,0,3,3,0,0,1,L
543037,Gerrit Cole,2026-06-16,823535,NYY,1,23,21,3,1,6,R
642232,Ryan Yarbrough,2026-06-16,823535,NYY,0,10,10,1,0,3,L
663436,Davis Martin,2026-06-16,823535,CWS,1,21,17,8,3,4,R
669684,Chris Murphy,2026-06-16,823535,CWS,0,6,5,2,0,2,L
697812,Joe Rock,2026-06-16,823535,CWS,0,13,12,4,0,4,L
682668,Luisangel Acuña,2026-06-16,823535,CWS,0,6,5,2,1,0,R
688107,Robert Gasser,2026-06-16,823775,MIL,1,20,18,2,0,5,L
669270,Joel Kuhnel,2026-06-16,823775,MIL,0,2,2,1,0,0,R
676879,Aaron Ashby,2026-06-16,823775,MIL,0,6,4,1,0,2,L
682842,Abner Uribe,2026-06-16,823775,MIL,0,4,3,0,0,2,R
656730,Trevor Megill,2026-06-16,823775,MIL,0,3,3,0,0,2,R
677944,Slade Cecconi,2026-06-16,823775,CLE,1,22,20,3,1,4,R
670059,Colin Holderman,2026-06-16,823775,CLE,0,2,1,0,0,0,R
683769,Hunter Gaddis,2026-06-16,823775,CLE,0,4,4,1,1,0,R
670036,Matt Festa,2026-06-16,823775,CLE,0,3,3,0,0,1,R
680736,Justin Wrobleski,2026-06-16,823939,LAD,1,21,21,3,0,5,L
694361,Will Klein,2026-06-16,823939,LAD,0,3,2,0,0,0,R
669165,Kyle Hurt,2026-06-16,823939,LAD,0,3,3,0,0,1,R
656945,Tanner Scott,2026-06-16,823939,LAD,0,3,3,0,0,2,L
656876,Drew Rasmussen,2026-06-16,823939,TB,1,26,26,6,1,7,R
592155,Cam Booser,2026-06-16,823939,TB,0,3,3,0,0,1,L
686613,Hunter Brown,2026-06-16,824182,HOU,1,21,18,3,0,7,R
595345,Steven Okert,2026-06-16,824182,HOU,0,1,1,0,0,0,L
660853,Enyel De Los Santos,2026-06-16,824182,HOU,0,3,3,0,0,1,R
687911,Bryan King,2026-06-16,824182,HOU,0,5,3,1,0,0,L
623352,Josh Hader,2026-06-16,824182,HOU,0,4,4,1,0,1,L
664285,Framber Valdez,2026-06-16,824182,DET,1,27,24,6,0,6,L
672456,Keider Montero,2026-06-16,824182,DET,0,7,7,2,0,2,R
676684,Will Vest,2026-06-16,824182,DET,0,3,2,1,0,0,R
805427,Drew Sommers,2026-06-16,824182,DET,0,1,1,0,0,0,L
663903,Brady Singer,2026-06-16,824504,CIN,1,22,17,3,0,5,R
594580,Sam Moll,2026-06-16,824504,CIN,0,6,5,2,1,2,L
656271,Brock Burke,2026-06-16,824504,CIN,0,4,4,1,0,0,L
622088,Tejay Antone,2026-06-16,824504,CIN,0,5,3,0,0,2,R
663574,Tony Santillan,2026-06-16,824504,CIN,0,4,4,1,0,2,R
673540,Kodai Senga,2026-06-16,824504,NYM,1,17,13,2,2,5,R
672335,Cionel Pérez,2026-06-16,824504,NYM,0,6,6,3,0,2,L
681810,Austin Warren,2026-06-16,824504,NYM,0,4,4,1,0,1,R
623211,Huascar Brazobán,2026-06-16,824504,NYM,0,3,2,0,0,2,R
596133,Luke Weaver,2026-06-16,824504,NYM,0,3,3,0,0,3,R
665795,Edward Cabrera,2026-06-16,824667,CHC,1,18,16,3,1,3,R
669020,Ryan Rolison,2026-06-16,824667,CHC,0,6,6,1,0,3,L
664208,Phil Maton,2026-06-16,824667,CHC,0,5,4,2,0,1,R
663423,Trent Thornton,2026-06-16,824667,CHC,0,5,3,0,0,0,R
668970,Gavin Hollowell,2026-06-16,824667,CHC,0,3,2,0,0,1,R
663372,Ryan Feltner,2026-06-16,824667,COL,1,23,20,6,1,7,R
680604,Blas Castaño,2026-06-16,824667,COL,0,4,4,0,0,1,R
657514,Brennan Bernardino,2026-06-16,824667,COL,0,5,4,1,0,0,L
680767,Victor Vodnik,2026-06-16,824667,COL,0,3,3,0,0,0,R
677955,Jaden Hill,2026-06-16,824667,COL,0,3,3,0,0,0,R
801139,Payton Tolle,2026-06-16,824750,BOS,1,21,18,4,2,6,L
592454,Tommy Kahnle,2026-06-16,824750,BOS,0,6,5,2,0,0,R
669711,Greg Weissert,2026-06-16,824750,BOS,0,3,3,0,0,0,R
670245,Ryan Watson,2026-06-16,824750,BOS,0,8,7,1,1,1,R
656302,Dylan Cease,2026-06-16,824750,TOR,1,23,19,4,0,7,R
656546,Jeff Hoffman,2026-06-16,824750,TOR,0,3,3,0,0,1,R
643511,Tyler Rogers,2026-06-16,824750,TOR,0,4,4,1,0,0,R
667297,Tommy Nance,2026-06-16,824750,TOR,0,5,4,2,1,1,R
686973,Louis Varland,2026-06-16,824750,TOR,0,6,5,1,0,3,R
656550,Grant Holmes,2026-06-16,824912,ATL,1,13,8,4,0,2,R
675916,James Karinchak,2026-06-16,824912,ATL,0,3,3,0,0,0,R
689266,Dylan Dodd,2026-06-16,824912,ATL,0,8,8,2,2,1,L
625643,Reynaldo López,2026-06-16,824912,ATL,0,7,7,1,0,1,R
683627,Anthony Molina,2026-06-16,824912,ATL,0,9,9,3,1,0,R
605288,Adrian Houser,2026-06-16,824912,SF,1,7,6,3,1,2,R
592662,Robbie Ray,2026-06-16,824912,SF,0,23,21,2,0,8,L
681916,Dylan Smith,2026-06-16,824912,SF,0,6,5,2,0,1,R
668873,Caleb Kilian,2026-06-16,824912,SF,0,2,2,0,0,2,R
678022,Jack Perkins,2026-06-16,824991,ATH,1,22,20,6,1,6,R
686993,Justin Sterner,2026-06-16,824991,ATH,0,4,4,2,0,2,R
663687,Hogan Harris,2026-06-16,824991,ATH,0,6,5,2,1,1,L
643410,Mark Leiter Jr.,2026-06-16,824991,ATH,0,4,4,1,0,0,R
665660,Elvis Alvarado,2026-06-16,824991,ATH,0,4,4,1,1,0,R
656605,Mitch Keller,2026-06-16,824991,PIT,1,24,20,4,1,7,R
681895,Evan Sisk,2026-06-16,824991,PIT,0,4,4,1,0,2,L
670990,Yohan Ramírez,2026-06-16,824991,PIT,0,3,2,0,0,0,R
682254,Mason Montgomery,2026-06-16,824991,PIT,0,4,3,0,0,2,L
642397,Gregory Soto,2026-06-16,824991,PIT,0,5,5,2,0,2,L
518876,Merrill Kelly,2026-06-16,825070,AZ,1,27,26,11,2,4,R
657044,Ryan Thompson,2026-06-16,825070,AZ,0,3,3,1,0,1,R
805299,Brandyn Garcia,2026-06-16,825070,AZ,0,3,3,0,0,2,L
686753,Drey Jameson,2026-06-16,825070,AZ,0,8,8,2,0,3,R
672282,Reid Detmers,2026-06-16,825070,LAA,1,24,24,4,0,3,L
489446,Kirby Yates,2026-06-16,825070,LAA,0,4,3,0,0,1,R
681217,Chase Silseth,2026-06-16,825070,LAA,0,4,4,1,0,2,R
641793,Zack Littell,2026-06-17,822721,WSH,1,24,22,7,4,2,R
680730,Mitchell Parker,2026-06-17,822721,WSH,0,10,8,4,0,0,L
676571,PJ Poulin,2026-06-17,822721,WSH,0,5,4,1,0,0,L
687606,Paxton Schultz,2026-06-17,822721,WSH,0,3,3,1,0,1,R
679883,Luinder Avila,2026-06-17,822721,KC,1,21,20,3,0,5,R
621381,Matt Strahm,2026-06-17,822721,KC,0,2,2,2,0,0,L
668674,Lucas Erceg,2026-06-17,822721,KC,0,3,3,0,0,1,R
670167,John Schreiber,2026-06-17,822721,KC,0,3,3,1,0,0,R
656638,Alex Lange,2026-06-17,822721,KC,0,4,3,0,0,0,R
681517,Kyle Leahy,2026-06-17,823044,STL,1,24,22,7,0,7,R
694335,Matt Svanson,2026-06-17,823044,STL,0,5,5,1,0,1,R
677865,Justin Bruihl,2026-06-17,823044,STL,0,3,3,2,0,0,L
688297,Chris Roycroft,2026-06-17,823044,STL,0,11,8,4,1,1,R
699134,Bradgley Rodriguez,2026-06-17,823044,SD,1,4,4,1,0,1,R
656288,Griffin Canning,2026-06-17,823044,SD,0,20,17,4,0,2,R
606996,Kyle Hart,2026-06-17,823044,SD,0,4,4,0,0,1,L
592094,Jason Adam,2026-06-17,823044,SD,0,3,2,0,0,0,R
670970,Adrian Morejon,2026-06-17,823044,SD,0,3,3,1,0,0,L
669923,George Kirby,2026-06-17,823127,SEA,1,25,25,8,1,5,R
695380,Alex Hoppe,2026-06-17,823127,SEA,0,4,3,1,0,1,R
689546,Nick Davila,2026-06-17,823127,SEA,0,3,3,0,0,0,R
621074,Michael Rucker,2026-06-17,823127,SEA,0,5,4,1,1,3,R
680694,Kyle Bradish,2026-06-17,823127,BAL,1,28,26,5,0,12,R
666974,Yennier Cano,2026-06-17,823127,BAL,0,2,1,0,0,0,R
664854,Ryan Helsley,2026-06-17,823127,BAL,0,5,5,2,2,2,R
691725,Andrew Painter,2026-06-17,823450,PHI,1,14,12,6,2,3,R
641835,Tim Mayza,2026-06-17,823450,PHI,0,7,7,1,0,3,L
680742,Jonathan Bowlan,2026-06-17,823450,PHI,0,3,3,0,0,0,R
621383,Tanner Banks,2026-06-17,823450,PHI,0,7,5,3,2,0,L
676661,Max Lazar,2026-06-17,823450,PHI,0,3,3,0,0,1,R
689147,Orion Kerkering,2026-06-17,823450,PHI,0,7,4,1,0,2,R
663767,Chase Shugart,2026-06-17,823450,PHI,0,4,4,2,1,0,R
596117,Garrett Stubbs,2026-06-17,823450,PHI,0,1,1,0,0,0,R
645261,Sandy Alcantara,2026-06-17,823450,MIA,1,28,27,8,0,6,R
656848,Michael Petersen,2026-06-17,823450,MIA,0,3,3,0,0,3,R
676604,Tyler Zuber,2026-06-17,823450,MIA,0,3,3,1,0,1,R
667463,John King,2026-06-17,823450,MIA,0,4,4,1,0,2,L
607074,Carlos Rodón,2026-06-17,823536,NYY,1,22,21,7,1,7,L
621112,Paul Blackburn,2026-06-17,823536,NYY,0,11,10,3,1,2,R
687396,Brent Headrick,2026-06-17,823536,NYY,0,2,2,0,0,1,L
656234,Jake Bird,2026-06-17,823536,NYY,0,4,4,1,1,1,R
641743,Anthony Kay,2026-06-17,823536,CWS,1,21,19,6,1,2,L
656794,Sean Newcomb,2026-06-17,823536,CWS,0,5,5,3,0,0,L
699823,Tyler Davis,2026-06-17,823536,CWS,0,3,3,2,1,1,R
685126,Brandon Eisert,2026-06-17,823536,CWS,0,3,3,0,0,2,L
670950,Trevor Richards,2026-06-17,823536,CWS,0,10,8,2,1,1,R
687075,Brandon Sproat,2026-06-17,823774,MIL,1,15,13,2,1,6,R
694477,Chad Patrick,2026-06-17,823774,MIL,0,12,11,1,0,7,R
676879,Aaron Ashby,2026-06-17,823774,MIL,0,3,3,0,0,0,L
681982,Grant Anderson,2026-06-17,823774,MIL,0,3,3,0,0,0,R
668909,Gavin Williams,2026-06-17,823774,CLE,1,24,21,7,2,4,R
682982,Daniel Espino,2026-06-17,823774,CLE,0,3,3,0,0,2,R
542888,Shawn Armstrong,2026-06-17,823774,CLE,0,3,3,0,0,2,R
702021,Will Dion,2026-06-17,823774,CLE,0,7,7,4,0,1,L
660271,Shohei Ohtani,2026-06-17,823940,LAD,1,27,24,7,0,5,R
683618,Edgardo Henriquez,2026-06-17,823940,LAD,0,4,4,1,0,0,R
676263,Jack Dreyer,2026-06-17,823940,LAD,0,2,2,0,0,1,L
681911,Alex Vesia,2026-06-17,823940,LAD,0,6,3,0,0,1,L
663556,Shane McClanahan,2026-06-17,823940,TB,1,19,14,3,0,3,L
668984,Casey Legumina,2026-06-17,823940,TB,0,4,3,2,0,0,R
664076,Garrett Cleavinger,2026-06-17,823940,TB,0,4,3,0,0,1,L
687330,Kevin Kelly,2026-06-17,823940,TB,0,9,8,3,1,1,R
642121,Cole Sulser,2026-06-17,823940,TB,0,4,4,1,0,0,R
663567,Peter Lambert,2026-06-17,824178,HOU,1,24,23,2,1,5,R
660853,Enyel De Los Santos,2026-06-17,824178,HOU,0,3,3,0,0,1,R
623352,Josh Hader,2026-06-17,824178,HOU,0,4,4,1,1,3,L
663554,Casey Mize,2026-06-17,824178,DET,1,21,20,6,1,3,R
640448,Kyle Finnegan,2026-06-17,824178,DET,0,7,5,3,0,0,R
805427,Drew Sommers,2026-06-17,824178,DET,0,1,1,0,0,0,L
621097,Jacob Waguespack,2026-06-17,824178,DET,0,6,6,0,0,1,R
666157,Nick Lodolo,2026-06-17,824503,CIN,1,25,21,11,0,2,L
663978,Chris Paddack,2026-06-17,824503,CIN,0,19,18,4,0,2,R
690997,Nolan McLean,2026-06-17,824503,NYM,1,27,24,3,0,9,R
548384,Brooks Raley,2026-06-17,824503,NYM,0,5,5,1,0,0,L
681810,Austin Warren,2026-06-17,824503,NYM,0,5,4,1,0,0,R
665871,Javier Assad,2026-06-17,824668,CHC,1,22,22,5,2,1,R
571948,Hoby Milner,2026-06-17,824668,CHC,0,5,5,1,0,0,L
681799,Ethan Roberts,2026-06-17,824668,CHC,0,4,3,2,1,0,R
573204,Caleb Thielbar,2026-06-17,824668,CHC,0,3,2,0,0,1,L
657097,Jacob Webb,2026-06-17,824668,CHC,0,4,4,1,1,1,R
807743,Sean Sullivan,2026-06-17,824668,COL,1,23,20,9,2,2,L
688642,Zach Agnos,2026-06-17,824668,COL,0,10,8,1,0,2,R
623474,Jimmy Herget,2026-06-17,824668,COL,0,5,5,2,0,2,R
687562,Jake Bennett,2026-06-17,824746,BOS,1,20,19,3,0,5,L
594027,Tyron Guerrero,2026-06-17,824746,BOS,0,6,6,1,0,3,R
669711,Greg Weissert,2026-06-17,824746,BOS,0,5,5,2,0,1,R
543056,Danny Coulombe,2026-06-17,824746,BOS,0,5,5,2,0,1,L
680755,Braydon Fisher,2026-06-17,824746,TOR,1,6,4,0,0,0,R
680573,Simeon Woods Richardson,2026-06-17,824746,TOR,0,14,11,3,0,1,R
689254,Mason Fluharty,2026-06-17,824746,TOR,0,3,2,1,0,1,L
693686,Spencer Miles,2026-06-17,824746,TOR,0,6,5,1,0,1,R
656546,Jeff Hoffman,2026-06-17,824746,TOR,0,4,4,1,0,0,R
643511,Tyler Rogers,2026-06-17,824746,TOR,0,4,4,1,0,0,R
686973,Louis Varland,2026-06-17,824746,TOR,0,3,3,0,0,3,R
656550,Grant Holmes,2026-06-17,824912,ATL,1,13,8,4,0,2,R
675916,James Karinchak,2026-06-17,824912,ATL,0,3,3,0,0,0,R
689266,Dylan Dodd,2026-06-17,824912,ATL,0,8,8,2,2,1,L
625643,Reynaldo López,2026-06-17,824912,ATL,0,7,7,1,0,1,R
683627,Anthony Molina,2026-06-17,824912,ATL,0,9,9,3,1,0,R
605288,Adrian Houser,2026-06-17,824912,SF,1,7,6,3,1,2,R
592662,Robbie Ray,2026-06-17,824912,SF,0,23,21,2,0,8,L
681916,Dylan Smith,2026-06-17,824912,SF,0,6,5,2,0,1,R
668873,Caleb Kilian,2026-06-17,824912,SF,0,2,2,0,0,2,R
702275,JR Ritchie,2026-06-17,824913,ATL,1,22,19,5,3,4,R
471911,Carlos Carrasco,2026-06-17,824913,ATL,0,17,15,4,0,2,R
687931,Carson Whisenhunt,2026-06-17,824913,SF,1,23,21,6,0,2,L
664141,JT Brubaker,2026-06-17,824913,SF,0,3,2,0,0,0,R
656529,Sam Hentges,2026-06-17,824913,SF,0,4,4,1,0,1,L
676254,Ryan Walker,2026-06-17,824913,SF,0,4,4,1,0,2,R
657424,Matt Gage,2026-06-17,824913,SF,0,5,5,4,1,1,L
663941,Tristan Beck,2026-06-17,824913,SF,0,2,2,0,0,1,R
650644,Aaron Civale,2026-06-17,824992,ATH,1,20,18,9,0,2,R
660761,José Suarez,2026-06-17,824992,ATH,0,11,11,3,1,2,L
605130,Scott Barlow,2026-06-17,824992,ATH,0,5,3,2,1,0,R
665622,Luis Medina,2026-06-17,824992,ATH,0,13,10,2,0,6,R
677952,Braxton Ashcraft,2026-06-17,824992,PIT,1,25,22,4,0,7,R
681895,Evan Sisk,2026-06-17,824992,PIT,0,4,4,1,1,1,L
642701,Dennis Santana,2026-06-17,824992,PIT,0,3,3,0,0,2,R
676755,Isaac Mattson,2026-06-17,824992,PIT,0,4,4,1,1,2,R
593958,Eduardo Rodriguez,2026-06-17,825072,AZ,1,27,24,6,1,5,L
664199,Taylor Clarke,2026-06-17,825072,AZ,0,3,3,0,0,2,R
666661,Juan Morillo,2026-06-17,825072,AZ,0,3,3,0,0,0,R
691951,Sam Aldegheri,2026-06-17,825072,LAA,1,19,15,6,1,1,L
820862,José Fermin,2026-06-17,825072,LAA,0,4,4,2,0,0,R
695049,Brett Kerry,2026-06-17,825072,LAA,0,16,15,3,0,2,R
683004,Jack Leiter,2026-06-18,822889,TEX,1,20,18,7,2,4,R
682608,Peyton Gray,2026-06-18,822889,TEX,0,3,3,0,0,2,R
695239,Robby Ahlstrom,2026-06-18,822889,TEX,0,6,5,2,0,0,L
615698,Cal Quantrill,2026-06-18,822889,TEX,0,10,10,4,1,1,R
668390,Cole Winn,2026-06-18,822889,TEX,0,3,3,0,0,1,R
657746,Joe Ryan,2026-06-18,822889,MIN,1,20,18,3,0,7,R
664875,Justin Lawrence,2026-06-18,822889,MIN,0,5,5,2,2,2,R
573124,Taylor Rogers,2026-06-18,822889,MIN,0,3,2,1,0,0,L
702193,Andrew Morris,2026-06-18,822889,MIN,0,1,1,0,0,0,R
679358,Eric Orze,2026-06-18,822889,MIN,0,5,5,2,0,1,R
689520,Cody Laweryson,2026-06-18,822889,MIN,0,6,6,3,1,0,R
693433,Bryan Woo,2026-06-18,823125,SEA,1,25,24,3,0,9,R
660825,Eduard Bazardo,2026-06-18,823125,SEA,0,3,3,0,0,1,R
662253,Andrés Muñoz,2026-06-18,823125,SEA,0,5,3,0,0,1,R
669358,Shane Baz,2026-06-18,823125,BAL,1,28,26,5,0,9,R
670329,Rico Garcia,2026-06-18,823125,BAL,0,3,3,0,0,1,R
605400,Aaron Nola,2026-06-18,823448,PHI,1,24,23,7,2,6,R
686751,Seth Johnson,2026-06-18,823448,PHI,0,3,3,0,0,2,R
621237,José Alvarado,2026-06-18,823448,PHI,0,7,6,3,0,1,L
669060,Bryse Wilson,2026-06-18,823448,PHI,0,7,6,1,0,0,R
640455,Sean Manaea,2026-06-18,823448,NYM,1,23,21,6,0,5,L
623211,Huascar Brazobán,2026-06-18,823448,NYM,0,4,3,0,0,1,R
621345,A.J. Minter,2026-06-18,823448,NYM,0,2,2,0,0,0,L
596133,Luke Weaver,2026-06-18,823448,NYM,0,3,3,0,0,3,R
642207,Devin Williams,2026-06-18,823448,NYM,0,6,5,1,0,1,R
677960,Ryan Weathers,2026-06-18,823533,NYY,1,22,21,3,1,8,L
518585,Fernando Cruz,2026-06-18,823533,NYY,0,3,3,1,0,1,R
657612,Tim Hill,2026-06-18,823533,NYY,0,3,1,0,0,1,L
666808,Camilo Doval,2026-06-18,823533,NYY,0,7,7,2,1,1,R
663542,Bryan Hudson,2026-06-18,823533,CWS,1,6,6,1,0,2,L
680732,Sean Burke,2026-06-18,823533,CWS,0,25,24,5,1,8,R
675660,Shane Drohan,2026-06-18,823772,MIL,1,21,17,3,1,3,L
669270,Joel Kuhnel,2026-06-18,823772,MIL,0,5,4,1,1,0,R
681982,Grant Anderson,2026-06-18,823772,MIL,0,5,3,1,1,1,R
680723,Drew Rom,2026-06-18,823772,MIL,0,7,5,1,0,3,L
684974,Craig Yoho,2026-06-18,823772,MIL,0,4,4,1,0,2,R
800048,Parker Messick,2026-06-18,823772,CLE,1,25,21,4,0,9,L
682120,Tim Herrin,2026-06-18,823772,CLE,0,3,1,0,0,0,L
670059,Colin Holderman,2026-06-18,823772,CLE,0,3,1,0,0,0,R
683769,Hunter Gaddis,2026-06-18,823772,CLE,0,4,3,1,0,2,R
671922,Cade Smith,2026-06-18,823772,CLE,0,6,4,0,0,2,R
702070,Noah Cameron,2026-06-18,824098,KC,1,27,23,8,0,6,L
696131,Mason Black,2026-06-18,824098,KC,0,11,8,3,0,0,R
694360,Beck Way,2026-06-18,824098,KC,0,10,8,2,0,2,R
669461,Matthew Liberatore,2026-06-18,824098,STL,1,13,13,7,1,2,L
700669,Gordon Graceffo,2026-06-18,824098,STL,0,11,9,4,1,0,R
691008,Max Rajcic,2026-06-18,824098,STL,0,8,8,2,1,1,R
677865,Justin Bruihl,2026-06-18,824098,STL,0,12,12,4,0,2,L
543243,Sonny Gray,2026-06-18,824748,BOS,1,27,25,6,2,4,R
686580,Justin Slaten,2026-06-18,824748,BOS,0,4,4,2,0,1,R
547973,Aroldis Chapman,2026-06-18,824748,BOS,0,5,5,2,0,1,L
702056,Trey Yesavage,2026-06-18,824748,TOR,1,26,25,4,2,6,R
667297,Tommy Nance,2026-06-18,824748,TOR,0,3,3,1,0,0,R
689254,Mason Fluharty,2026-06-18,824748,TOR,0,3,3,0,0,0,L
695611,Gage Jump,2026-06-18,824989,ATH,1,24,21,1,0,7,L
686930,Mason Barnett,2026-06-18,824989,ATH,0,5,4,1,0,1,R
663687,Hogan Harris,2026-06-18,824989,ATH,0,5,5,2,0,3,L
696270,Ryan Johnson,2026-06-18,824989,LAA,1,25,23,8,2,2,R
608718,Brent Suter,2026-06-18,824989,LAA,0,6,6,0,0,2,L
666171,Ryan Zeferjahn,2026-06-18,824989,LAA,0,5,3,0,0,1,R
594798,Jacob deGrom,2026-06-19,822886,TEX,1,27,24,6,2,9,R
596001,Jakob Junis,2026-06-19,822886,TEX,0,8,8,3,1,1,R
656641,Jacob Latz,2026-06-19,822886,TEX,0,5,5,1,0,0,L
681190,Randy Vásquez,2026-06-19,822886,SD,1,21,18,8,0,1,R
673513,Yuki Matsui,2026-06-19,822886,SD,0,7,6,1,0,3,L
688158,David Morgan,2026-06-19,822886,SD,0,4,4,3,0,0,R
593974,Wandy Peralta,2026-06-19,822886,SD,0,6,5,0,0,0,L
592094,Jason Adam,2026-06-19,822886,SD,0,4,4,1,1,1,R
643377,Griffin Jax,2026-06-19,822966,TB,1,18,18,4,2,5,R
571927,Steven Matz,2026-06-19,822966,TB,0,6,6,1,0,1,L
687330,Kevin Kelly,2026-06-19,822966,TB,0,3,3,1,0,0,R
664076,Garrett Cleavinger,2026-06-19,822966,TB,0,2,2,0,0,0,L
641329,Bryan Baker,2026-06-19,822966,TB,0,3,3,0,0,1,R
676571,PJ Poulin,2026-06-19,822966,WSH,1,7,7,1,0,1,L
571945,Miles Mikolas,2026-06-19,822966,WSH,0,26,25,9,2,2,R
682243,Bryce Miller,2026-06-19,823124,SEA,1,16,16,3,1,7,R
622491,Luis Castillo,2026-06-19,823124,SEA,0,19,18,7,0,4,R
624133,Ranger Suarez,2026-06-19,823124,BOS,1,24,21,1,0,5,L
686580,Justin Slaten,2026-06-19,823124,BOS,0,1,1,0,0,1,R
669711,Greg Weissert,2026-06-19,823124,BOS,0,3,3,0,0,1,R
592454,Tommy Kahnle,2026-06-19,823124,BOS,0,5,4,1,1,1,R
693645,Cam Schlittler,2026-06-19,823534,NYY,1,23,22,4,0,13,R
656234,Jake Bird,2026-06-19,823534,NYY,0,3,3,0,0,2,R
687396,Brent Headrick,2026-06-19,823534,NYY,0,4,3,0,0,0,L
670280,David Bednar,2026-06-19,823534,NYY,0,3,3,0,0,2,R
695076,Rhett Lowder,2026-06-19,823534,CIN,1,25,22,6,2,5,R
657571,Caleb Ferguson,2026-06-19,823534,CIN,0,5,5,1,0,0,L
687209,Zach Maxwell,2026-06-19,823534,CIN,0,6,4,1,0,1,R
669199,Lake Bachar,2026-06-19,823853,MIA,1,9,6,3,0,1,R
667463,John King,2026-06-19,823853,MIA,0,5,5,2,0,1,L
669622,Anthony Bender,2026-06-19,823853,MIA,0,4,4,0,0,0,R
656848,Michael Petersen,2026-06-19,823853,MIA,0,5,5,2,1,1,R
676604,Tyler Zuber,2026-06-19,823853,MIA,0,4,4,2,0,1,R
806188,Cade Gibson,2026-06-19,823853,MIA,0,5,5,0,0,1,L
676534,Calvin Faucher,2026-06-19,823853,MIA,0,2,2,0,0,0,R
664126,Pete Fairbanks,2026-06-19,823853,MIA,0,3,3,0,0,0,R
694738,Landen Roupp,2026-06-19,823853,SF,1,25,24,7,1,7,R
656529,Sam Hentges,2026-06-19,823853,SF,0,4,2,2,0,0,L
676254,Ryan Walker,2026-06-19,823853,SF,0,3,2,0,0,0,R
681916,Dylan Smith,2026-06-19,823853,SF,0,4,3,1,0,0,R
669062,Erik Miller,2026-06-19,823853,SF,0,1,1,0,0,1,L
808963,Roki Sasaki,2026-06-19,823936,LAD,1,21,20,4,2,6,R
676263,Jack Dreyer,2026-06-19,823936,LAD,0,3,3,1,0,1,L
694361,Will Klein,2026-06-19,823936,LAD,0,4,3,2,0,0,R
669165,Kyle Hurt,2026-06-19,823936,LAD,0,3,3,0,0,1,R
595014,Blake Treinen,2026-06-19,823936,LAD,0,3,3,0,0,2,R
694346,Trey Gibson,2026-06-19,823936,BAL,1,26,22,7,0,8,R
552640,Andrew Kittredge,2026-06-19,823936,BAL,0,4,4,1,0,1,R
669330,Tyler Wells,2026-06-19,823936,BAL,0,7,7,2,0,3,R
666974,Yennier Cano,2026-06-19,823936,BAL,0,1,1,0,0,1,R
664854,Ryan Helsley,2026-06-19,823936,BAL,0,6,4,2,1,0,R
607625,Seth Lugo,2026-06-19,824097,KC,1,23,19,5,0,0,R
670167,John Schreiber,2026-06-19,824097,KC,0,3,3,0,0,1,R
663738,Daniel Lynch IV,2026-06-19,824097,KC,0,3,3,0,0,0,L
621381,Matt Strahm,2026-06-19,824097,KC,0,5,4,2,0,0,L
656638,Alex Lange,2026-06-19,824097,KC,0,2,2,1,0,0,R
700241,Michael McGreevy,2026-06-19,824097,STL,1,23,22,8,1,2,R
666277,George Soriano,2026-06-19,824097,STL,0,5,3,1,0,0,R
694335,Matt Svanson,2026-06-19,824097,STL,0,7,6,0,0,1,R
837227,Tatsuya Imai,2026-06-19,824179,HOU,1,24,24,6,1,11,R
595345,Steven Okert,2026-06-19,824179,HOU,0,6,6,0,0,3,L
681347,Mike Burrows,2026-06-19,824179,HOU,0,4,4,1,0,1,R
676440,Tanner Bibee,2026-06-19,824179,CLE,1,22,20,4,1,7,R
670036,Matt Festa,2026-06-19,824179,CLE,0,5,5,3,1,0,R
682982,Daniel Espino,2026-06-19,824179,CLE,0,6,6,3,1,2,R
681870,Erik Sabrowski,2026-06-19,824179,CLE,0,3,2,1,0,1,L
542888,Shawn Armstrong,2026-06-19,824179,CLE,0,3,3,1,0,1,R
669373,Tarik Skubal,2026-06-19,824264,DET,1,25,24,7,2,8,L
623454,Drew Anderson,2026-06-19,824264,DET,0,5,5,1,0,3,R
676684,Will Vest,2026-06-19,824264,DET,0,3,2,0,0,0,R
445276,Kenley Jansen,2026-06-19,824264,DET,0,3,3,0,0,1,R
685126,Brandon Eisert,2026-06-19,824264,CWS,1,6,6,2,1,2,L
607200,Erick Fedde,2026-06-19,824264,CWS,0,19,18,4,0,4,R
669684,Chris Murphy,2026-06-19,824264,CWS,0,3,3,1,0,1,L
622554,Seranthony Domínguez,2026-06-19,824264,CWS,0,3,3,1,0,0,R
607536,Kyle Freeland,2026-06-19,824345,COL,1,26,26,4,0,8,L
677955,Jaden Hill,2026-06-19,824345,COL,0,4,3,2,0,0,R
622608,Antonio Senzatela,2026-06-19,824345,COL,0,5,4,1,0,1,R
696149,Bubba Chandler,2026-06-19,824345,PIT,1,26,22,6,1,1,R
670990,Yohan Ramírez,2026-06-19,824345,PIT,0,4,4,0,0,0,R
682254,Mason Montgomery,2026-06-19,824345,PIT,0,5,5,3,0,1,L
676962,Ben Brown,2026-06-19,824663,CHC,1,22,22,4,1,4,R
681799,Ethan Roberts,2026-06-19,824663,CHC,0,3,3,0,0,1,R
668970,Gavin Hollowell,2026-06-19,824663,CHC,0,4,4,1,0,0,R
571948,Hoby Milner,2026-06-19,824663,CHC,0,3,3,0,0,2,L
592332,Kevin Gausman,2026-06-19,824663,TOR,1,17,13,7,1,3,R
680755,Braydon Fisher,2026-06-19,824663,TOR,0,5,4,1,0,0,R
667297,Tommy Nance,2026-06-19,824663,TOR,0,5,5,0,0,0,R
663893,Brendon Little,2026-06-19,824663,TOR,0,8,5,2,0,1,L
693686,Spencer Miles,2026-06-19,824663,TOR,0,4,3,1,0,0,R
643511,Tyler Rogers,2026-06-19,824663,TOR,0,7,6,3,0,0,R
664702,Myles Straw,2026-06-19,824663,TOR,0,9,8,4,0,0,R
527048,Martín Pérez,2026-06-19,824910,ATL,1,25,23,6,0,5,L
669276,Dylan Lee,2026-06-19,824910,ATL,0,3,3,1,0,1,L
663158,Robert Suarez,2026-06-19,824910,ATL,0,7,6,2,0,0,R
628452,Raisel Iglesias,2026-06-19,824910,ATL,0,5,4,2,0,1,R
694819,Jacob Misiorowski,2026-06-19,824910,MIL,1,24,23,5,0,7,R
682842,Abner Uribe,2026-06-19,824910,MIL,0,4,4,1,1,2,R
684974,Craig Yoho,2026-06-19,824910,MIL,0,4,4,1,0,1,R
605488,Jeffrey Springs,2026-06-19,824990,ATH,1,18,13,4,2,4,L
686993,Justin Sterner,2026-06-19,824990,ATH,0,9,8,4,2,1,R
660761,José Suarez,2026-06-19,824990,ATH,0,8,8,2,1,3,L
605130,Scott Barlow,2026-06-19,824990,ATH,0,3,3,0,0,2,R
665660,Elvis Alvarado,2026-06-19,824990,ATH,0,6,6,1,0,2,R
667755,José Soriano,2026-06-19,824990,LAA,1,24,20,6,1,6,R
815083,Mitch Farris,2026-06-19,824990,LAA,0,9,7,3,1,3,L
681217,Chase Silseth,2026-06-19,824990,LAA,0,5,4,1,1,1,R
696147,Sam Bachman,2026-06-19,824990,LAA,0,5,5,2,1,0,R
489446,Kirby Yates,2026-06-19,824990,LAA,0,3,1,0,0,0,R
696519,Samy Natera Jr.,2026-06-19,824990,LAA,0,1,0,0,0,0,L
647336,Michael Soroka,2026-06-19,825069,AZ,1,4,4,2,0,0,R
664199,Taylor Clarke,2026-06-19,825069,AZ,0,4,4,1,1,0,R
657044,Ryan Thompson,2026-06-19,825069,AZ,0,5,5,2,0,1,R
686753,Drey Jameson,2026-06-19,825069,AZ,0,9,7,3,0,1,R
642528,Jonathan Loáisiga,2026-06-19,825069,AZ,0,4,4,0,0,0,R
805299,Brandyn Garcia,2026-06-19,825069,AZ,0,4,3,0,0,2,L
656464,Kevin Ginkel,2026-06-19,825069,AZ,0,5,4,2,2,1,R
623149,Paul Sewald,2026-06-19,825069,AZ,0,4,3,0,0,1,R
687570,Connor Prielipp,2026-06-19,825069,MIN,1,30,27,9,1,4,L
701519,Travis Adams,2026-06-19,825069,MIN,0,9,8,4,0,4,R
689520,Cody Laweryson,2026-06-19,825069,MIN,0,2,2,0,0,0,R
669022,MacKenzie Gore,2026-06-20,822885,TEX,1,23,21,5,0,6,L
682608,Peyton Gray,2026-06-20,822885,TEX,0,4,3,0,0,2,R
668390,Cole Winn,2026-06-20,822885,TEX,0,4,3,1,0,0,R
641302,Tyler Alexander,2026-06-20,822885,TEX,0,3,2,1,0,0,L
656641,Jacob Latz,2026-06-20,822885,TEX,0,3,3,0,0,1,L
605452,Joe Ross,2026-06-20,822885,TEX,0,6,5,2,1,0,R
621111,Walker Buehler,2026-06-20,822885,SD,1,21,20,5,0,7,R
606996,Kyle Hart,2026-06-20,822885,SD,0,2,2,0,0,1,L
592094,Jason Adam,2026-06-20,822885,SD,0,5,5,2,1,2,R
670970,Adrian Morejon,2026-06-20,822885,SD,0,8,7,1,0,5,L
695243,Mason Miller,2026-06-20,822885,SD,0,4,4,1,0,2,R
693855,Ian Seymour,2026-06-20,822967,TB,1,22,21,7,1,4,L
518886,Craig Kimbrel,2026-06-20,822967,TB,0,3,3,0,0,0,R
642121,Cole Sulser,2026-06-20,822967,TB,0,6,6,0,0,4,R
592155,Cam Booser,2026-06-20,822967,TB,0,6,6,3,1,0,L
676917,Cade Cavalli,2026-06-20,822967,WSH,1,16,12,6,0,1,R
680730,Mitchell Parker,2026-06-20,822967,WSH,0,8,7,1,0,2,L
695418,Brad Lord,2026-06-20,822967,WSH,0,11,10,2,0,5,R
690925,Clayton Beeter,2026-06-20,822967,WSH,0,6,4,1,0,2,R
676106,Emerson Hancock,2026-06-20,823126,SEA,1,22,20,4,1,6,R
678606,José A. Ferrer,2026-06-20,823126,SEA,0,3,3,2,0,0,L
689546,Nick Davila,2026-06-20,823126,SEA,0,5,3,0,0,1,R
621074,Michael Rucker,2026-06-20,823126,SEA,0,4,3,0,0,2,R
695380,Alex Hoppe,2026-06-20,823126,SEA,0,3,3,0,0,2,R
813349,Connelly Early,2026-06-20,823126,BOS,1,24,19,2,0,7,L
594027,Tyron Guerrero,2026-06-20,823126,BOS,0,3,3,0,0,2,R
676477,Garrett Whitlock,2026-06-20,823126,BOS,0,3,3,0,0,1,R
543056,Danny Coulombe,2026-06-20,823126,BOS,0,3,3,0,0,0,L
650911,Cristopher Sánchez,2026-06-20,823447,PHI,1,24,23,5,1,5,L
676661,Max Lazar,2026-06-20,823447,PHI,0,8,8,2,1,1,R
661395,Jhoan Duran,2026-06-20,823447,PHI,0,4,4,1,0,2,R
642547,Freddy Peralta,2026-06-20,823447,NYM,1,19,18,10,2,2,R
672335,Cionel Pérez,2026-06-20,823447,NYM,0,10,10,4,1,3,L
668964,Tobias Myers,2026-06-20,823447,NYM,0,10,10,3,1,1,R
670097,Zack Short,2026-06-20,823447,NYM,0,3,3,0,0,0,R
701542,Will Warren,2026-06-20,823532,NYY,1,28,25,8,1,8,R
657612,Tim Hill,2026-06-20,823532,NYY,0,1,1,0,0,0,L
656234,Jake Bird,2026-06-20,823532,NYY,0,4,4,1,0,0,R
642232,Ryan Yarbrough,2026-06-20,823532,NYY,0,8,8,5,0,2,L
680474,Max Schuemann,2026-06-20,823532,NYY,0,5,4,1,0,0,R
671096,Andrew Abbott,2026-06-20,823532,CIN,1,23,19,5,1,6,L
622088,Tejay Antone,2026-06-20,823532,CIN,0,7,7,0,0,1,R
656271,Brock Burke,2026-06-20,823532,CIN,0,5,5,2,0,0,L
695534,Chase Petty,2026-06-20,823532,CIN,0,4,4,1,0,1,R
676974,Max Meyer,2026-06-20,823854,MIA,1,23,21,7,1,7,R
676604,Tyler Zuber,2026-06-20,823854,MIA,0,4,4,0,0,2,R
806188,Cade Gibson,2026-06-20,823854,MIA,0,5,4,1,0,1,L
669622,Anthony Bender,2026-06-20,823854,MIA,0,4,4,2,0,0,R
664126,Pete Fairbanks,2026-06-20,823854,MIA,0,3,3,0,0,2,R
686790,Trevor McDonald,2026-06-20,823854,SF,1,20,12,3,0,1,R
657424,Matt Gage,2026-06-20,823854,SF,0,5,3,2,1,0,L
664141,JT Brubaker,2026-06-20,823854,SF,0,9,8,1,0,2,R
663941,Tristan Beck,2026-06-20,823854,SF,0,6,6,0,0,1,R
808967,Yoshinobu Yamamoto,2026-06-20,823937,LAD,1,26,24,6,0,6,R
683618,Edgardo Henriquez,2026-06-20,823937,LAD,0,4,3,0,0,2,R
681911,Alex Vesia,2026-06-20,823937,LAD,0,4,3,0,0,2,L
642546,Jonathan Hernández,2026-06-20,823937,LAD,0,4,4,1,0,1,R
669432,Trevor Rogers,2026-06-20,823937,BAL,1,23,21,1,0,6,L
670329,Rico Garcia,2026-06-20,823937,BAL,0,3,3,1,0,2,R
664991,Grant Wolfram,2026-06-20,823937,BAL,0,1,1,0,0,0,L
552640,Andrew Kittredge,2026-06-20,823937,BAL,0,3,2,1,1,0,R
666974,Yennier Cano,2026-06-20,823937,BAL,0,4,4,1,0,1,R
681293,Spencer Arrighetti,2026-06-20,824180,HOU,1,24,22,6,3,8,R
663878,Nate Pearson,2026-06-20,824180,HOU,0,6,6,4,0,0,R
805123,AJ Blubaugh,2026-06-20,824180,HOU,0,3,3,0,0,3,R
650556,Bryan Abreu,2026-06-20,824180,HOU,0,3,3,0,0,0,R
676282,Joey Cantillo,2026-06-20,824180,CLE,1,28,27,4,0,9,L
670036,Matt Festa,2026-06-20,824180,CLE,0,4,4,1,0,2,R
675512,Troy Melton,2026-06-20,824263,DET,1,23,19,1,1,5,R
663947,Tyler Holton,2026-06-20,824263,DET,0,8,8,2,0,2,L
445276,Kenley Jansen,2026-06-20,824263,DET,0,5,4,1,0,0,R
656794,Sean Newcomb,2026-06-20,824263,CWS,1,9,9,0,0,4,L
699823,Tyler Davis,2026-06-20,824263,CWS,0,5,2,0,0,0,R
697812,Joe Rock,2026-06-20,824263,CWS,0,14,12,5,0,1,L
670950,Trevor Richards,2026-06-20,824263,CWS,0,4,4,1,1,1,R
669684,Chris Murphy,2026-06-20,824263,CWS,0,4,4,1,0,1,L
608372,Tomoyuki Sugano,2026-06-20,824342,COL,1,22,22,4,1,5,R
623474,Jimmy Herget,2026-06-20,824342,COL,0,4,3,0,0,2,R
657514,Brennan Bernardino,2026-06-20,824342,COL,0,5,5,2,0,2,L
677955,Jaden Hill,2026-06-20,824342,COL,0,3,2,0,0,1,R
694973,Paul Skenes,2026-06-20,824342,PIT,1,24,20,4,1,8,R
669387,Carmen Mlodzinski,2026-06-20,824342,PIT,0,8,7,1,0,2,R
607067,Colin Rea,2026-06-20,824665,CHC,1,19,19,3,0,3,R
669020,Ryan Rolison,2026-06-20,824665,CHC,0,1,1,0,0,0,L
663423,Trent Thornton,2026-06-20,824665,CHC,0,5,4,2,1,1,R
573204,Caleb Thielbar,2026-06-20,824665,CHC,0,3,2,1,0,0,L
657097,Jacob Webb,2026-06-20,824665,CHC,0,5,5,3,1,2,R
681799,Ethan Roberts,2026-06-20,824665,CHC,0,4,4,0,0,0,R
571578,Patrick Corbin,2026-06-20,824665,TOR,1,20,17,6,1,4,L
681751,Lazaro Estrada,2026-06-20,824665,TOR,0,9,7,1,1,0,R
656546,Jeff Hoffman,2026-06-20,824665,TOR,0,5,3,0,0,1,R
689254,Mason Fluharty,2026-06-20,824665,TOR,0,3,2,2,0,0,L
686973,Louis Varland,2026-06-20,824665,TOR,0,7,7,0,0,2,R
519242,Chris Sale,2026-06-20,824909,ATL,1,23,21,5,0,7,L
800311,Didier Fuentes,2026-06-20,824909,ATL,0,6,6,2,0,1,R
675916,James Karinchak,2026-06-20,824909,ATL,0,3,3,0,0,1,R
669276,Dylan Lee,2026-06-20,824909,ATL,0,4,4,1,0,1,L
690986,Kyle Harrison,2026-06-20,824909,MIL,1,23,23,4,1,7,L
682842,Abner Uribe,2026-06-20,824909,MIL,0,2,2,0,0,0,R
656730,Trevor Megill,2026-06-20,824909,MIL,0,3,3,0,0,1,R
676879,Aaron Ashby,2026-06-20,824909,MIL,0,3,3,2,1,1,L
669372,J.T. Ginn,2026-06-20,824988,ATH,1,26,22,6,0,5,R
605130,Scott Barlow,2026-06-20,824988,ATH,0,5,5,3,0,1,R
664129,Geoff Hartlieb,2026-06-20,824988,ATH,0,13,12,3,1,1,R
700712,Walbert Ureña,2026-06-20,824988,LAA,1,20,19,4,0,6,R
696519,Samy Natera Jr.,2026-06-20,824988,LAA,0,6,5,1,0,2,L
666171,Ryan Zeferjahn,2026-06-20,824988,LAA,0,6,5,0,0,3,R
489446,Kirby Yates,2026-06-20,824988,LAA,0,3,3,0,0,2,R
668678,Zac Gallen,2026-06-20,825068,AZ,1,26,24,12,0,2,R
700270,Yilber Díaz,2026-06-20,825068,AZ,0,10,9,7,1,0,R
691769,Philip Abner,2026-06-20,825068,AZ,0,11,9,1,0,1,L
545121,Ildemaro Vargas,2026-06-20,825068,AZ,0,6,4,0,0,0,R
671737,Taj Bradley,2026-06-20,825068,MIN,1,20,18,3,1,4,R
607455,Anthony Banda,2026-06-20,825068,MIN,0,4,4,1,0,1,L
664875,Justin Lawrence,2026-06-20,825068,MIN,0,8,4,2,0,2,R
679358,Eric Orze,2026-06-20,825068,MIN,0,7,6,2,0,0,R
672782,Yoendrys Gómez,2026-06-20,825068,MIN,0,3,3,0,0,1,R
543135,Nathan Eovaldi,2026-06-21,822883,TEX,1,25,24,7,0,9,R
682608,Peyton Gray,2026-06-21,822883,TEX,0,3,3,0,0,2,R
695239,Robby Ahlstrom,2026-06-21,822883,TEX,0,3,2,0,0,0,L
596001,Jakob Junis,2026-06-21,822883,TEX,0,5,5,2,0,1,R
593974,Wandy Peralta,2026-06-21,822883,SD,1,4,4,1,0,0,L
608337,Lucas Giolito,2026-06-21,822883,SD,0,20,18,7,1,2,R
606996,Kyle Hart,2026-06-21,822883,SD,0,4,2,0,0,2,L
676760,Ron Marinaccio,2026-06-21,822883,SD,0,4,3,1,0,0,R
673513,Yuki Matsui,2026-06-21,822883,SD,0,3,2,0,0,1,L
607259,Nick Martinez,2026-06-21,822968,TB,1,24,20,4,1,5,R
664076,Garrett Cleavinger,2026-06-21,822968,TB,0,4,4,1,0,2,L
641329,Bryan Baker,2026-06-21,822968,TB,0,3,3,0,0,0,R
687330,Kevin Kelly,2026-06-21,822968,TB,0,3,3,1,0,2,R
674841,Andrew Alvarez,2026-06-21,822968,WSH,1,16,16,4,0,6,L
681402,Gus Varland,2026-06-21,822968,WSH,0,10,9,3,1,2,R
687377,Orlando Ribalta,2026-06-21,822968,WSH,0,6,5,2,1,2,R
687606,Paxton Schultz,2026-06-21,822968,WSH,0,4,4,1,0,0,R
669302,Logan Gilbert,2026-06-21,823123,SEA,1,22,20,3,1,8,R
642100,Gabe Speier,2026-06-21,823123,SEA,0,3,3,1,0,2,L
660825,Eduard Bazardo,2026-06-21,823123,SEA,0,3,3,0,0,1,R
662253,Andrés Muñoz,2026-06-21,823123,SEA,0,4,4,1,0,2,R
801139,Payton Tolle,2026-06-21,823123,BOS,1,25,23,6,1,2,L
543056,Danny Coulombe,2026-06-21,823123,BOS,0,4,3,0,0,0,L
670245,Ryan Watson,2026-06-21,823123,BOS,0,3,3,0,0,2,R
554430,Zack Wheeler,2026-06-21,823449,PHI,1,23,20,4,1,7,R
680742,Jonathan Bowlan,2026-06-21,823449,PHI,0,1,1,0,0,1,R
621237,José Alvarado,2026-06-21,823449,PHI,0,4,4,1,0,2,L
689147,Orion Kerkering,2026-06-21,823449,PHI,0,3,3,0,0,1,R
661395,Jhoan Duran,2026-06-21,823449,PHI,0,4,4,1,0,3,R
656849,David Peterson,2026-06-21,823449,NYM,1,20,18,6,1,5,L
681810,Austin Warren,2026-06-21,823449,NYM,0,8,7,2,1,2,R
548384,Brooks Raley,2026-06-21,823449,NYM,0,5,4,1,0,0,L
621345,A.J. Minter,2026-06-21,823449,NYM,0,3,3,0,0,0,L
695684,Elmer Rodríguez,2026-06-21,823531,NYY,1,19,16,4,1,4,R
657612,Tim Hill,2026-06-21,823531,NYY,0,3,3,1,0,0,L
621112,Paul Blackburn,2026-06-21,823531,NYY,0,4,4,0,0,0,R
687396,Brent Headrick,2026-06-21,823531,NYY,0,3,3,0,0,0,L
518585,Fernando Cruz,2026-06-21,823531,NYY,0,2,2,0,0,0,R
666808,Camilo Doval,2026-06-21,823531,NYY,0,6,5,2,0,2,R
695505,Chase Burns,2026-06-21,823531,CIN,1,21,18,5,1,7,R
594580,Sam Moll,2026-06-21,823531,CIN,0,5,4,1,0,1,L
657571,Caleb Ferguson,2026-06-21,823531,CIN,0,4,4,1,0,1,L
663574,Tony Santillan,2026-06-21,823531,CIN,0,6,6,0,0,1,R
687473,Ryan Gusto,2026-06-21,823852,MIA,1,18,16,3,0,6,R
667463,John King,2026-06-21,823852,MIA,0,5,5,1,0,0,L
676534,Calvin Faucher,2026-06-21,823852,MIA,0,4,3,0,0,0,R
656848,Michael Petersen,2026-06-21,823852,MIA,0,3,3,0,0,0,R
669199,Lake Bachar,2026-06-21,823852,MIA,0,3,2,0,0,0,R
657277,Logan Webb,2026-06-21,823852,SF,1,29,27,5,1,5,R
686218,Emmet Sheehan,2026-06-21,823934,LAD,1,21,18,8,2,4,R
676263,Jack Dreyer,2026-06-21,823934,LAD,0,4,3,1,0,2,L
683618,Edgardo Henriquez,2026-06-21,823934,LAD,0,3,3,0,0,1,R
642546,Jonathan Hernández,2026-06-21,823934,LAD,0,11,9,4,1,2,R
694646,Chayce McDermott,2026-06-21,823934,LAD,0,6,6,2,1,0,R
500743,Miguel Rojas,2026-06-21,823934,LAD,0,3,3,0,0,0,R
687064,Brandon Young,2026-06-21,823934,BAL,1,22,20,5,0,5,R
664991,Grant Wolfram,2026-06-21,823934,BAL,0,6,6,0,0,0,L
669211,Keegan Akin,2026-06-21,823934,BAL,0,7,6,0,0,1,L
663568,Stephen Kolek,2026-06-21,824095,KC,1,15,13,9,3,0,R
657756,Connor Seabold,2026-06-21,824095,KC,0,5,4,0,0,2,R
674444,Steven Cruz,2026-06-21,824095,KC,0,10,9,4,1,3,R
668674,Lucas Erceg,2026-06-21,824095,KC,0,6,5,1,0,1,R
621381,Matt Strahm,2026-06-21,824095,KC,0,5,4,1,0,0,L
694360,Beck Way,2026-06-21,824095,KC,0,7,7,1,0,1,R
669160,Dustin May,2026-06-21,824095,STL,1,13,12,6,2,2,R
691008,Max Rajcic,2026-06-21,824095,STL,0,6,5,1,0,2,R
694335,Matt Svanson,2026-06-21,824095,STL,0,4,3,1,0,1,R
700669,Gordon Graceffo,2026-06-21,824095,STL,0,3,3,0,0,0,R
668941,JoJo Romero,2026-06-21,824095,STL,0,4,4,1,1,2,L
592773,Ryne Stanek,2026-06-21,824095,STL,0,4,4,1,0,1,R
666277,George Soriano,2026-06-21,824095,STL,0,4,3,0,0,0,R
676617,Riley O'Brien,2026-06-21,824095,STL,0,7,5,2,1,1,R
678906,Kai-Wei Teng,2026-06-21,824177,HOU,1,23,22,4,0,4,R
595345,Steven Okert,2026-06-21,824177,HOU,0,4,3,0,0,3,L
687911,Bryan King,2026-06-21,824177,HOU,0,3,3,0,0,1,L
623352,Josh Hader,2026-06-21,824177,HOU,0,3,3,0,0,2,L
677944,Slade Cecconi,2026-06-21,824177,CLE,1,25,22,6,1,1,R
670059,Colin Holderman,2026-06-21,824177,CLE,0,3,3,0,0,1,R
683769,Hunter Gaddis,2026-06-21,824177,CLE,0,4,4,1,0,1,R
672456,Keider Montero,2026-06-21,824260,DET,1,27,27,6,1,3,R
805427,Drew Sommers,2026-06-21,824260,DET,0,3,3,0,0,3,L
640448,Kyle Finnegan,2026-06-21,824260,DET,0,3,3,0,0,1,R
676684,Will Vest,2026-06-21,824260,DET,0,3,2,0,0,0,R
663436,Davis Martin,2026-06-21,824260,CWS,1,24,21,5,0,4,R
663542,Bryan Hudson,2026-06-21,824260,CWS,0,4,4,1,0,1,L
691799,Grant Taylor,2026-06-21,824260,CWS,0,5,4,1,1,1,R
622554,Seranthony Domínguez,2026-06-21,824260,CWS,0,6,6,3,0,1,R
685126,Brandon Eisert,2026-06-21,824260,CWS,0,3,3,2,0,0,L
663855,Jordan Hicks,2026-06-21,824260,CWS,0,1,1,1,0,0,R
547179,Michael Lorenzen,2026-06-21,824343,COL,1,24,23,7,1,5,R
675848,Juan Mejia,2026-06-21,824343,COL,0,9,9,5,1,0,R
605154,John Brebbia,2026-06-21,824343,COL,0,7,7,1,0,1,R
683003,Jared Jones,2026-06-21,824343,PIT,1,12,10,1,0,3,R
670990,Yohan Ramírez,2026-06-21,824343,PIT,0,7,5,0,0,3,R
681895,Evan Sisk,2026-06-21,824343,PIT,0,8,8,2,0,3,L
642701,Dennis Santana,2026-06-21,824343,PIT,0,6,6,3,1,0,R
642397,Gregory Soto,2026-06-21,824343,PIT,0,5,4,2,0,1,L
693821,Bryce Elder,2026-06-21,824908,ATL,1,32,30,12,1,6,R
625643,Reynaldo López,2026-06-21,824908,ATL,0,11,9,1,0,3,R
688107,Robert Gasser,2026-06-21,824908,MIL,1,23,21,4,0,7,L
694477,Chad Patrick,2026-06-21,824908,MIL,0,11,11,3,1,2,R
678022,Jack Perkins,2026-06-21,824987,ATH,1,21,19,4,1,8,R
640454,Matt Krook,2026-06-21,824987,ATH,0,3,2,0,0,0,L
665622,Luis Medina,2026-06-21,824987,ATH,0,4,4,1,0,1,R
663687,Hogan Harris,2026-06-21,824987,ATH,0,5,4,3,1,0,L
665660,Elvis Alvarado,2026-06-21,824987,ATH,0,6,6,2,1,3,R
672282,Reid Detmers,2026-06-21,824987,LAA,1,27,22,6,0,4,L
608718,Brent Suter,2026-06-21,824987,LAA,0,5,5,1,1,0,L
681217,Chase Silseth,2026-06-21,824987,LAA,0,4,3,0,0,2,R
696147,Sam Bachman,2026-06-21,824987,LAA,0,3,3,0,0,0,R
703615,Jose Cabrera,2026-06-21,825067,AZ,1,18,17,3,0,3,R
805299,Brandyn Garcia,2026-06-21,825067,AZ,0,3,2,0,0,1,L
666661,Juan Morillo,2026-06-21,825067,AZ,0,7,7,4,0,1,R
656464,Kevin Ginkel,2026-06-21,825067,AZ,0,5,4,1,0,0,R
657044,Ryan Thompson,2026-06-21,825067,AZ,0,6,6,3,0,0,R
702474,Mike Paredes,2026-06-21,825067,MIN,1,23,19,6,0,1,R
689520,Cody Laweryson,2026-06-21,825067,MIN,0,4,4,0,0,1,R
702193,Andrew Morris,2026-06-21,825067,MIN,0,3,2,0,0,1,R
672782,Yoendrys Gómez,2026-06-21,825067,MIN,0,4,3,0,0,0,R
607455,Anthony Banda,2026-06-21,825067,MIN,0,3,3,0,0,1,L
656492,Foster Griffin,2026-06-22,822720,WSH,1,27,27,4,1,9,L
663992,Richard Lovelady,2026-06-22,822720,WSH,0,2,2,0,0,2,L
690925,Clayton Beeter,2026-06-22,822720,WSH,0,3,3,1,0,1,R
641835,Tim Mayza,2026-06-22,822720,PHI,1,6,6,2,0,2,L
660604,Alan Rangel,2026-06-22,822720,PHI,0,21,20,5,1,4,R
686751,Seth Johnson,2026-06-22,822720,PHI,0,6,6,3,1,0,R
663767,Chase Shugart,2026-06-22,822720,PHI,0,6,5,2,0,2,R
656302,Dylan Cease,2026-06-22,822800,TOR,1,23,19,3,0,8,R
680755,Braydon Fisher,2026-06-22,822800,TOR,0,4,4,0,0,0,R
643511,Tyler Rogers,2026-06-22,822800,TOR,0,5,4,2,0,0,R
686973,Louis Varland,2026-06-22,822800,TOR,0,3,2,0,0,1,R
686613,Hunter Brown,2026-06-22,822800,HOU,1,17,13,4,1,4,R
805123,AJ Blubaugh,2026-06-22,822800,HOU,0,10,6,2,0,1,R
660853,Enyel De Los Santos,2026-06-22,822800,HOU,0,6,6,2,0,2,R
687911,Bryan King,2026-06-22,822800,HOU,0,3,1,0,0,1,L
701121,Logan VanWey,2026-06-22,822800,HOU,0,5,4,3,0,0,R
656876,Drew Rasmussen,2026-06-22,822964,TB,1,24,22,4,0,5,R
592155,Cam Booser,2026-06-22,822964,TB,0,3,3,0,0,0,L
642121,Cole Sulser,2026-06-22,822964,TB,0,3,3,0,0,2,R
518886,Craig Kimbrel,2026-06-22,822964,TB,0,3,3,0,0,0,R
608379,Michael Wacha,2026-06-22,822964,KC,1,27,26,6,0,5,R
670167,John Schreiber,2026-06-22,822964,KC,0,3,2,0,0,2,R
656638,Alex Lange,2026-06-22,822964,KC,0,3,3,0,0,1,R
669467,Andre Pallante,2026-06-22,823040,STL,1,24,23,6,0,2,R
592773,Ryne Stanek,2026-06-22,823040,STL,0,4,4,2,1,0,R
668941,JoJo Romero,2026-06-22,823040,STL,0,3,3,0,0,0,L
666277,George Soriano,2026-06-22,823040,STL,0,1,1,0,0,0,R
676617,Riley O'Brien,2026-06-22,823040,STL,0,3,3,0,0,0,R
518876,Merrill Kelly,2026-06-22,823040,AZ,1,26,22,7,0,2,R
664199,Taylor Clarke,2026-06-22,823040,AZ,0,6,4,0,0,2,R
642528,Jonathan Loáisiga,2026-06-22,823040,AZ,0,1,1,0,0,0,R
650633,Michael King,2026-06-22,823288,SD,1,27,27,6,0,5,R
670970,Adrian Morejon,2026-06-22,823288,SD,0,3,3,0,0,2,L
695243,Mason Miller,2026-06-22,823288,SD,0,5,4,1,0,2,R
656550,Grant Holmes,2026-06-22,823288,ATL,1,21,16,3,1,4,R
800311,Didier Fuentes,2026-06-22,823288,ATL,0,1,1,0,0,1,R
675916,James Karinchak,2026-06-22,823288,ATL,0,6,5,0,0,1,R
689266,Dylan Dodd,2026-06-22,823288,ATL,0,6,5,1,0,3,L
805673,Zebby Matthews,2026-06-22,823692,MIN,1,26,24,6,2,5,R
573124,Taylor Rogers,2026-06-22,823692,MIN,0,4,4,1,0,1,L
679358,Eric Orze,2026-06-22,823692,MIN,0,3,3,1,0,1,R
702193,Andrew Morris,2026-06-22,823692,MIN,0,5,4,1,0,1,R
694361,Will Klein,2026-06-22,823692,LAD,1,6,5,2,1,2,R
641778,Eric Lauer,2026-06-22,823692,LAD,0,21,18,0,0,2,L
669165,Kyle Hurt,2026-06-22,823692,LAD,0,4,4,1,0,1,R
656945,Tanner Scott,2026-06-22,823692,LAD,0,3,3,0,0,0,L
663969,Tyler Phillips,2026-06-22,823851,MIA,1,24,21,5,1,4,R
656848,Michael Petersen,2026-06-22,823851,MIA,0,4,4,2,0,1,R
669622,Anthony Bender,2026-06-22,823851,MIA,0,2,1,0,0,1,R
676534,Calvin Faucher,2026-06-22,823851,MIA,0,6,4,2,0,0,R
690978,Dax Fulton,2026-06-22,823851,MIA,0,3,3,0,0,1,L
641302,Tyler Alexander,2026-06-22,823851,TEX,1,3,3,0,0,1,L
677958,Kumar Rocker,2026-06-22,823851,TEX,0,19,18,5,0,9,R
695239,Robby Ahlstrom,2026-06-22,823851,TEX,0,3,3,0,0,1,L
596001,Jakob Junis,2026-06-22,823851,TEX,0,4,3,1,0,0,R
656641,Jacob Latz,2026-06-22,823851,TEX,0,6,5,1,0,2,L
691951,Sam Aldegheri,2026-06-22,824016,LAA,1,21,19,5,2,3,L
820862,José Fermin,2026-06-22,824016,LAA,0,6,6,2,0,3,R
608718,Brent Suter,2026-06-22,824016,LAA,0,8,8,3,0,3,L
489446,Kirby Yates,2026-06-22,824016,LAA,0,4,4,1,0,3,R
680694,Kyle Bradish,2026-06-22,824016,BAL,1,30,29,6,0,9,R
670329,Rico Garcia,2026-06-22,824016,BAL,0,4,4,1,1,1,R
664285,Framber Valdez,2026-06-22,824261,DET,1,24,22,4,0,8,L
623454,Drew Anderson,2026-06-22,824261,DET,0,6,5,1,1,2,R
805427,Drew Sommers,2026-06-22,824261,DET,0,3,3,2,0,0,L
676684,Will Vest,2026-06-22,824261,DET,0,4,4,0,0,2,R
543037,Gerrit Cole,2026-06-22,824261,NYY,1,24,22,9,1,5,R
621112,Paul Blackburn,2026-06-22,824261,NYY,0,5,5,0,0,2,R
642232,Ryan Yarbrough,2026-06-22,824261,NYY,0,8,5,0,0,0,L
663372,Ryan Feltner,2026-06-22,824344,COL,1,25,21,4,0,2,R
657514,Brennan Bernardino,2026-06-22,824344,COL,0,4,4,1,0,0,L
680767,Victor Vodnik,2026-06-22,824344,COL,0,7,5,0,0,0,R
687562,Jake Bennett,2026-06-22,824344,BOS,1,21,21,4,0,9,L
594027,Tyron Guerrero,2026-06-22,824344,BOS,0,3,3,0,0,0,R
676477,Garrett Whitlock,2026-06-22,824344,BOS,0,5,5,4,0,0,R
547973,Aroldis Chapman,2026-06-22,824344,BOS,0,4,4,4,0,0,L
663903,Brady Singer,2026-06-22,824502,CIN,1,25,23,2,0,7,R
594580,Sam Moll,2026-06-22,824502,CIN,0,3,3,0,0,2,L
622088,Tejay Antone,2026-06-22,824502,CIN,0,3,3,1,0,1,R
656271,Brock Burke,2026-06-22,824502,CIN,0,1,1,0,0,1,L
663574,Tony Santillan,2026-06-22,824502,CIN,0,4,1,0,0,0,R
605540,Brandon Woodruff,2026-06-22,824502,MIL,1,19,19,1,0,10,R
676879,Aaron Ashby,2026-06-22,824502,MIL,0,3,3,0,0,2,L
682842,Abner Uribe,2026-06-22,824502,MIL,0,3,3,0,0,1,R
656730,Trevor Megill,2026-06-22,824502,MIL,0,3,3,0,0,1,R
669270,Joel Kuhnel,2026-06-22,824502,MIL,0,4,4,1,0,0,R
641743,Anthony Kay,2026-06-22,824585,CWS,1,24,21,3,0,8,L
691799,Grant Taylor,2026-06-22,824585,CWS,0,7,5,3,0,2,R
663542,Bryan Hudson,2026-06-22,824585,CWS,0,5,4,0,0,3,L
622554,Seranthony Domínguez,2026-06-22,824585,CWS,0,4,3,2,0,1,R
669684,Chris Murphy,2026-06-22,824585,CWS,0,2,1,0,0,1,L
668909,Gavin Williams,2026-06-22,824585,CLE,1,20,19,5,0,8,R
682120,Tim Herrin,2026-06-22,824585,CLE,0,4,4,1,1,1,L
542888,Shawn Armstrong,2026-06-22,824585,CLE,0,5,5,2,0,1,R
671922,Cade Smith,2026-06-22,824585,CLE,0,8,7,2,0,3,R
676571,PJ Poulin,2026-06-23,822718,WSH,1,3,3,0,0,1,L
641793,Zack Littell,2026-06-23,822718,WSH,0,16,16,5,1,5,R
680730,Mitchell Parker,2026-06-23,822718,WSH,0,6,6,2,0,1,L
687377,Orlando Ribalta,2026-06-23,822718,WSH,0,3,3,0,0,1,R
663992,Richard Lovelady,2026-06-23,822718,WSH,0,4,2,1,0,1,L
690925,Clayton Beeter,2026-06-23,822718,WSH,0,2,2,1,0,0,R
695418,Brad Lord,2026-06-23,822718,WSH,0,8,7,5,2,2,R
687606,Paxton Schultz,2026-06-23,822718,WSH,0,5,4,3,0,1,R
666200,Jesús Luzardo,2026-06-23,822718,PHI,1,28,25,5,0,13,L
680742,Jonathan Bowlan,2026-06-23,822718,PHI,0,1,1,0,0,1,R
689147,Orion Kerkering,2026-06-23,822718,PHI,0,7,5,2,1,2,R
663767,Chase Shugart,2026-06-23,822718,PHI,0,4,4,1,1,1,R
669456,Shane Bieber,2026-06-23,822799,TOR,1,19,19,9,3,2,R
667297,Tommy Nance,2026-06-23,822799,TOR,0,5,4,0,0,1,R
689254,Mason Fluharty,2026-06-23,822799,TOR,0,3,3,0,0,1,L
693686,Spencer Miles,2026-06-23,822799,TOR,0,6,6,2,0,3,R
656546,Jeff Hoffman,2026-06-23,822799,TOR,0,3,2,0,0,1,R
643511,Tyler Rogers,2026-06-23,822799,TOR,0,7,5,3,0,0,R
680755,Braydon Fisher,2026-06-23,822799,TOR,0,8,6,1,1,2,R
663567,Peter Lambert,2026-06-23,822799,HOU,1,23,20,6,1,6,R
595345,Steven Okert,2026-06-23,822799,HOU,0,5,5,2,0,1,L
660853,Enyel De Los Santos,2026-06-23,822799,HOU,0,7,7,3,1,0,R
663878,Nate Pearson,2026-06-23,822799,HOU,0,6,5,1,0,2,R
623352,Josh Hader,2026-06-23,822799,HOU,0,3,3,0,0,1,L
701121,Logan VanWey,2026-06-23,822799,HOU,0,7,6,1,0,0,R
663556,Shane McClanahan,2026-06-23,822963,TB,1,25,23,6,3,4,L
571927,Steven Matz,2026-06-23,822963,TB,0,12,11,6,0,2,L
810938,Ben Williamson,2026-06-23,822963,TB,0,5,5,2,0,0,R
679883,Luinder Avila,2026-06-23,822963,KC,1,21,16,3,0,6,R
674444,Steven Cruz,2026-06-23,822963,KC,0,4,4,1,0,0,R
621381,Matt Strahm,2026-06-23,822963,KC,0,4,3,0,0,1,L
694360,Beck Way,2026-06-23,822963,KC,0,4,4,1,1,0,R
657756,Connor Seabold,2026-06-23,822963,KC,0,8,7,4,0,2,R
681517,Kyle Leahy,2026-06-23,823043,STL,1,23,21,3,0,3,R
691008,Max Rajcic,2026-06-23,823043,STL,0,6,5,0,0,1,R
694335,Matt Svanson,2026-06-23,823043,STL,0,5,4,3,0,1,R
700669,Gordon Graceffo,2026-06-23,823043,STL,0,4,2,0,0,0,R
593958,Eduardo Rodriguez,2026-06-23,823043,AZ,1,25,22,3,0,5,L
666661,Juan Morillo,2026-06-23,823043,AZ,0,2,1,0,0,1,R
656464,Kevin Ginkel,2026-06-23,823043,AZ,0,3,3,0,0,1,R
623149,Paul Sewald,2026-06-23,823043,AZ,0,6,5,4,0,1,R
805299,Brandyn Garcia,2026-06-23,823043,AZ,0,1,1,0,0,1,L
592662,Robbie Ray,2026-06-23,823210,SF,1,29,25,2,0,6,L
668873,Caleb Kilian,2026-06-23,823210,SF,0,5,4,1,0,1,R
650644,Aaron Civale,2026-06-23,823210,ATH,1,18,17,6,1,5,R
640454,Matt Krook,2026-06-23,823210,ATH,0,6,5,1,0,2,L
686930,Mason Barnett,2026-06-23,823210,ATH,0,6,4,1,0,3,R
660761,José Suarez,2026-06-23,823210,ATH,0,6,5,1,0,1,L
593974,Wandy Peralta,2026-06-23,823286,SD,1,3,3,0,0,2,L
656288,Griffin Canning,2026-06-23,823286,SD,0,8,6,4,0,2,R
606996,Kyle Hart,2026-06-23,823286,SD,0,9,8,2,0,3,L
673513,Yuki Matsui,2026-06-23,823286,SD,0,11,10,3,1,3,L
688158,David Morgan,2026-06-23,823286,SD,0,4,3,0,0,0,R
670970,Adrian Morejon,2026-06-23,823286,SD,0,4,4,0,0,1,L
695243,Mason Miller,2026-06-23,823286,SD,0,6,6,0,0,3,R
702275,JR Ritchie,2026-06-23,823286,ATL,1,24,20,5,0,7,R
471911,Carlos Carrasco,2026-06-23,823286,ATL,0,7,6,2,1,0,R
669276,Dylan Lee,2026-06-23,823286,ATL,0,4,4,0,0,0,L
628452,Raisel Iglesias,2026-06-23,823286,ATL,0,5,5,2,0,1,R
656605,Mitch Keller,2026-06-23,823365,PIT,1,26,25,7,2,4,R
682254,Mason Montgomery,2026-06-23,823365,PIT,0,4,4,1,0,3,L
676755,Isaac Mattson,2026-06-23,823365,PIT,0,3,3,0,0,1,R
642701,Dennis Santana,2026-06-23,823365,PIT,0,4,3,0,0,1,R
669923,George Kirby,2026-06-23,823365,SEA,1,27,25,9,0,5,R
678606,José A. Ferrer,2026-06-23,823365,SEA,0,3,3,0,0,0,L
660825,Eduard Bazardo,2026-06-23,823365,SEA,0,5,4,1,0,2,R
662253,Andrés Muñoz,2026-06-23,823365,SEA,0,3,3,0,0,3,R
673540,Kodai Senga,2026-06-23,823614,NYM,1,20,13,3,2,6,R
672335,Cionel Pérez,2026-06-23,823614,NYM,0,7,7,0,0,1,L
668964,Tobias Myers,2026-06-23,823614,NYM,0,10,8,4,0,1,R
621345,A.J. Minter,2026-06-23,823614,NYM,0,4,4,1,0,1,L
665795,Edward Cabrera,2026-06-23,823614,CHC,1,22,18,3,0,4,R
571948,Hoby Milner,2026-06-23,823614,CHC,0,3,2,0,0,0,L
664208,Phil Maton,2026-06-23,823614,CHC,0,5,4,1,1,2,R
669020,Ryan Rolison,2026-06-23,823614,CHC,0,3,3,0,0,2,L
681151,Jayden Murray,2026-06-23,823614,CHC,0,6,5,2,1,2,R
696070,Kendry Rojas,2026-06-23,823690,MIN,1,10,7,1,0,4,L
608723,Austin Voth,2026-06-23,823690,MIN,0,25,23,11,0,2,R
701519,Travis Adams,2026-06-23,823690,MIN,0,7,5,0,0,4,R
573124,Taylor Rogers,2026-06-23,823690,MIN,0,10,8,5,1,0,L
680736,Justin Wrobleski,2026-06-23,823690,LAD,1,28,26,5,1,3,L
683618,Edgardo Henriquez,2026-06-23,823690,LAD,0,3,3,0,0,1,R
592779,Brock Stewart,2026-06-23,823690,LAD,0,5,5,2,1,1,R
645261,Sandy Alcantara,2026-06-23,823849,MIA,1,27,24,5,0,4,R
676604,Tyler Zuber,2026-06-23,823849,MIA,0,5,5,3,1,1,R
669199,Lake Bachar,2026-06-23,823849,MIA,0,2,2,0,0,1,R
664126,Pete Fairbanks,2026-06-23,823849,MIA,0,6,5,2,1,1,R
615698,Cal Quantrill,2026-06-23,823849,TEX,1,9,9,3,1,1,R
692030,Jose Corniell,2026-06-23,823849,TEX,0,19,17,7,2,3,R
605452,Joe Ross,2026-06-23,823849,TEX,0,11,10,2,0,2,R
696270,Ryan Johnson,2026-06-23,824017,LAA,1,19,18,1,0,8,R
696519,Samy Natera Jr.,2026-06-23,824017,LAA,0,3,2,1,0,0,L
681217,Chase Silseth,2026-06-23,824017,LAA,0,3,3,1,0,1,R
666171,Ryan Zeferjahn,2026-06-23,824017,LAA,0,3,3,0,0,3,R
696147,Sam Bachman,2026-06-23,824017,LAA,0,3,3,0,0,1,R
669358,Shane Baz,2026-06-23,824017,BAL,1,24,22,8,1,5,R
544150,Albert Suárez,2026-06-23,824017,BAL,0,9,8,0,0,3,R
663554,Casey Mize,2026-06-23,824262,DET,1,25,24,8,1,6,R
663947,Tyler Holton,2026-06-23,824262,DET,0,5,4,1,0,2,L
640448,Kyle Finnegan,2026-06-23,824262,DET,0,4,4,0,0,4,R
646241,Enmanuel De Jesus,2026-06-23,824262,DET,0,3,3,0,0,1,L
607074,Carlos Rodón,2026-06-23,824262,NYY,1,22,20,6,0,5,L
518585,Fernando Cruz,2026-06-23,824262,NYY,0,3,2,0,0,1,R
687396,Brent Headrick,2026-06-23,824262,NYY,0,6,6,2,0,1,L
670280,David Bednar,2026-06-23,824262,NYY,0,4,4,0,0,0,R
807743,Sean Sullivan,2026-06-23,824340,COL,1,24,19,5,1,3,L
688642,Zach Agnos,2026-06-23,824340,COL,0,14,13,5,0,1,R
675848,Juan Mejia,2026-06-23,824340,COL,0,4,4,1,0,0,R
543243,Sonny Gray,2026-06-23,824340,BOS,1,30,27,6,1,11,R
686580,Justin Slaten,2026-06-23,824340,BOS,0,3,3,1,0,0,R
676477,Garrett Whitlock,2026-06-23,824340,BOS,0,4,4,1,1,1,R
666157,Nick Lodolo,2026-06-23,824501,CIN,1,15,14,2,0,6,L
670062,Julian Garcia,2026-06-23,824501,CIN,0,7,5,0,0,3,R
657571,Caleb Ferguson,2026-06-23,824501,CIN,0,3,3,1,0,0,L
572955,Pierce Johnson,2026-06-23,824501,CIN,0,2,2,0,0,2,R
695534,Chase Petty,2026-06-23,824501,CIN,0,9,7,1,0,3,R
687075,Brandon Sproat,2026-06-23,824501,MIL,1,19,18,1,0,10,R
676879,Aaron Ashby,2026-06-23,824501,MIL,0,3,3,0,0,2,L
682842,Abner Uribe,2026-06-23,824501,MIL,0,3,3,1,0,1,R
656730,Trevor Megill,2026-06-23,824501,MIL,0,3,3,0,0,0,R
680732,Sean Burke,2026-06-23,824584,CWS,1,26,23,6,1,6,R
656794,Sean Newcomb,2026-06-23,824584,CWS,0,9,8,0,0,2,L
800048,Parker Messick,2026-06-23,824584,CLE,1,27,26,3,1,10,L
670059,Colin Holderman,2026-06-23,824584,CLE,0,1,1,0,0,1,R
687223,Carson Palmquist,2026-06-24,822719,WSH,1,12,11,2,0,3,L
571945,Miles Mikolas,2026-06-24,822719,WSH,0,16,15,5,0,1,R
676571,PJ Poulin,2026-06-24,822719,WSH,0,4,4,0,0,1,L
687377,Orlando Ribalta,2026-06-24,822719,WSH,0,3,2,0,0,1,R
663992,Richard Lovelady,2026-06-24,822719,WSH,0,2,2,1,1,0,L
605400,Aaron Nola,2026-06-24,822719,PHI,1,21,18,3,2,5,R
679775,Kyle Backhus,2026-06-24,822719,PHI,0,3,3,1,0,0,L
680742,Jonathan Bowlan,2026-06-24,822719,PHI,0,3,2,1,1,1,R
621237,José Alvarado,2026-06-24,822719,PHI,0,5,4,1,0,1,L
686751,Seth Johnson,2026-06-24,822719,PHI,0,3,3,0,0,0,R
661395,Jhoan Duran,2026-06-24,822719,PHI,0,3,3,0,0,3,R
702056,Trey Yesavage,2026-06-24,822798,TOR,1,25,20,2,0,5,R
667297,Tommy Nance,2026-06-24,822798,TOR,0,3,3,0,0,1,R
656546,Jeff Hoffman,2026-06-24,822798,TOR,0,6,5,1,0,2,R
689254,Mason Fluharty,2026-06-24,822798,TOR,0,6,3,1,0,0,L
681347,Mike Burrows,2026-06-24,822798,HOU,1,21,20,2,1,3,R
595345,Steven Okert,2026-06-24,822798,HOU,0,4,4,1,0,1,L
687911,Bryan King,2026-06-24,822798,HOU,0,3,3,1,0,0,L
623352,Josh Hader,2026-06-24,822798,HOU,0,4,3,0,0,2,L
643377,Griffin Jax,2026-06-24,822965,TB,1,24,21,5,0,7,R
642121,Cole Sulser,2026-06-24,822965,TB,0,4,4,1,0,2,R
687330,Kevin Kelly,2026-06-24,822965,TB,0,3,3,0,0,0,R
664076,Garrett Cleavinger,2026-06-24,822965,TB,0,3,3,0,0,1,L
641329,Bryan Baker,2026-06-24,822965,TB,0,4,4,1,1,2,R
702070,Noah Cameron,2026-06-24,822965,KC,1,27,21,8,0,5,L
668674,Lucas Erceg,2026-06-24,822965,KC,0,3,3,1,0,1,R
663738,Daniel Lynch IV,2026-06-24,822965,KC,0,3,3,0,0,0,L
694360,Beck Way,2026-06-24,822965,KC,0,5,4,1,0,0,R
669461,Matthew Liberatore,2026-06-24,823041,STL,1,26,24,8,2,3,L
700669,Gordon Graceffo,2026-06-24,823041,STL,0,9,7,2,0,0,R
677865,Justin Bruihl,2026-06-24,823041,STL,0,10,8,2,0,2,L
683352,Mitch Bratt,2026-06-24,823041,AZ,1,13,11,2,0,3,L
657044,Ryan Thompson,2026-06-24,823041,AZ,0,8,7,2,0,2,R
642528,Jonathan Loáisiga,2026-06-24,823041,AZ,0,3,3,0,0,1,R
664199,Taylor Clarke,2026-06-24,823041,AZ,0,4,4,1,0,0,R
686753,Drey Jameson,2026-06-24,823041,AZ,0,9,9,3,1,1,R
641816,Tyler Mahle,2026-06-24,823208,SF,1,19,17,2,0,4,R
656529,Sam Hentges,2026-06-24,823208,SF,0,1,1,0,0,0,L
676254,Ryan Walker,2026-06-24,823208,SF,0,3,3,0,0,1,R
681916,Dylan Smith,2026-06-24,823208,SF,0,5,4,1,1,1,R
669062,Erik Miller,2026-06-24,823208,SF,0,4,3,0,0,1,L
695611,Gage Jump,2026-06-24,823208,ATH,1,18,17,3,0,9,L
686993,Justin Sterner,2026-06-24,823208,ATH,0,3,3,0,0,0,R
663687,Hogan Harris,2026-06-24,823208,ATH,0,4,4,1,0,2,L
665622,Luis Medina,2026-06-24,823208,ATH,0,5,2,0,0,2,R
665660,Elvis Alvarado,2026-06-24,823208,ATH,0,4,4,2,2,0,R
676664,JP Sears,2026-06-24,823284,SD,1,25,23,5,1,5,L
688158,David Morgan,2026-06-24,823284,SD,0,4,4,0,0,1,R
593974,Wandy Peralta,2026-06-24,823284,SD,0,4,4,1,0,0,L
592094,Jason Adam,2026-06-24,823284,SD,0,3,3,0,0,0,R
527048,Martín Pérez,2026-06-24,823284,ATL,1,20,15,4,1,4,L
675916,James Karinchak,2026-06-24,823284,ATL,0,4,4,1,0,1,R
689266,Dylan Dodd,2026-06-24,823284,ATL,0,3,1,1,0,0,L
641755,Tyler Kinley,2026-06-24,823284,ATL,0,2,2,1,0,1,R
800311,Didier Fuentes,2026-06-24,823284,ATL,0,4,3,0,0,0,R
641656,Ian Hamilton,2026-06-24,823284,ATL,0,3,3,0,0,2,R
677952,Braxton Ashcraft,2026-06-24,823367,PIT,1,23,23,5,0,10,R
669387,Carmen Mlodzinski,2026-06-24,823367,PIT,0,11,11,2,0,3,R
693433,Bryan Woo,2026-06-24,823367,SEA,1,20,18,6,0,4,R
621074,Michael Rucker,2026-06-24,823367,SEA,0,8,8,2,0,3,R
689546,Nick Davila,2026-06-24,823367,SEA,0,8,6,4,0,0,R
695380,Alex Hoppe,2026-06-24,823367,SEA,0,6,6,3,0,0,R
640455,Sean Manaea,2026-06-24,823611,NYM,1,19,17,6,0,4,L
623211,Huascar Brazobán,2026-06-24,823611,NYM,0,6,6,0,0,4,R
548384,Brooks Raley,2026-06-24,823611,NYM,0,5,4,2,0,0,L
596133,Luke Weaver,2026-06-24,823611,NYM,0,4,3,0,0,1,R
621345,A.J. Minter,2026-06-24,823611,NYM,0,5,5,1,0,1,L
642207,Devin Williams,2026-06-24,823611,NYM,0,7,7,3,0,1,R
684007,Shota Imanaga,2026-06-24,823611,CHC,1,20,19,4,3,4,L
668970,Gavin Hollowell,2026-06-24,823611,CHC,0,4,4,2,1,1,R
571948,Hoby Milner,2026-06-24,823611,CHC,0,5,4,1,0,1,L
663423,Trent Thornton,2026-06-24,823611,CHC,0,4,4,1,0,1,R
657097,Jacob Webb,2026-06-24,823611,CHC,0,5,3,0,0,1,R
690997,Nolan McLean,2026-06-24,823613,NYM,1,28,24,7,2,9,R
702752,Jonathan Pintaro,2026-06-24,823613,NYM,0,11,7,2,1,3,R
681810,Austin Warren,2026-06-24,823613,NYM,0,3,3,0,0,2,R
665871,Javier Assad,2026-06-24,823613,CHC,1,21,19,5,2,5,R
669020,Ryan Rolison,2026-06-24,823613,CHC,0,4,3,1,0,0,L
573204,Caleb Thielbar,2026-06-24,823613,CHC,0,4,4,1,0,2,L
621053,Tyler Ferguson,2026-06-24,823613,CHC,0,6,6,0,0,2,R
657746,Joe Ryan,2026-06-24,823691,MIN,1,27,25,8,1,9,R
607455,Anthony Banda,2026-06-24,823691,MIN,0,5,4,1,0,2,L
672782,Yoendrys Gómez,2026-06-24,823691,MIN,0,3,3,0,0,0,R
702193,Andrew Morris,2026-06-24,823691,MIN,0,3,3,1,0,0,R
660271,Shohei Ohtani,2026-06-24,823691,LAD,1,24,22,5,0,8,R
669165,Kyle Hurt,2026-06-24,823691,LAD,0,5,3,0,0,1,R
681911,Alex Vesia,2026-06-24,823691,LAD,0,5,5,2,0,3,L
656945,Tanner Scott,2026-06-24,823691,LAD,0,4,4,1,0,2,L
691587,Eury Pérez,2026-06-24,823850,MIA,1,15,15,3,1,1,R
667463,John King,2026-06-24,823850,MIA,0,4,4,1,0,1,L
669622,Anthony Bender,2026-06-24,823850,MIA,0,5,5,1,0,2,R
656848,Michael Petersen,2026-06-24,823850,MIA,0,3,3,0,0,3,R
664126,Pete Fairbanks,2026-06-24,823850,MIA,0,4,4,1,1,0,R
594798,Jacob deGrom,2026-06-24,823850,TEX,1,23,20,4,0,8,R
641302,Tyler Alexander,2026-06-24,823850,TEX,0,3,3,0,0,2,L
668390,Cole Winn,2026-06-24,823850,TEX,0,5,4,2,1,0,R
695239,Robby Ahlstrom,2026-06-24,823850,TEX,0,1,1,0,0,1,L
667755,José Soriano,2026-06-24,824018,LAA,1,17,15,6,2,4,R
815083,Mitch Farris,2026-06-24,824018,LAA,0,7,5,1,0,1,L
820862,José Fermin,2026-06-24,824018,LAA,0,4,4,0,0,1,R
696519,Samy Natera Jr.,2026-06-24,824018,LAA,0,5,5,0,0,2,L
696147,Sam Bachman,2026-06-24,824018,LAA,0,3,3,0,0,1,R
681217,Chase Silseth,2026-06-24,824018,LAA,0,5,5,2,0,1,R
694346,Trey Gibson,2026-06-24,824018,BAL,1,18,16,3,1,5,R
664991,Grant Wolfram,2026-06-24,824018,BAL,0,3,3,0,0,1,L
669330,Tyler Wells,2026-06-24,824018,BAL,0,6,5,1,0,4,R
666974,Yennier Cano,2026-06-24,824018,BAL,0,4,2,0,0,2,R
670329,Rico Garcia,2026-06-24,824018,BAL,0,6,5,2,0,1,R
552640,Andrew Kittredge,2026-06-24,824018,BAL,0,3,2,1,0,1,R
664854,Ryan Helsley,2026-06-24,824018,BAL,0,3,3,0,0,2,R
669211,Keegan Akin,2026-06-24,824018,BAL,0,4,4,2,0,1,L
669373,Tarik Skubal,2026-06-24,824259,DET,1,22,22,4,3,9,L
621097,Jacob Waguespack,2026-06-24,824259,DET,0,6,5,0,0,2,R
646241,Enmanuel De Jesus,2026-06-24,824259,DET,0,5,5,2,0,2,L
677960,Ryan Weathers,2026-06-24,824259,NYY,1,26,23,6,0,6,L
666808,Camilo Doval,2026-06-24,824259,NYY,0,3,2,0,0,0,R
518585,Fernando Cruz,2026-06-24,824259,NYY,0,5,5,1,0,4,R
670280,David Bednar,2026-06-24,824259,NYY,0,4,4,1,0,1,R
607536,Kyle Freeland,2026-06-24,824341,COL,1,29,28,11,2,4,L
622608,Antonio Senzatela,2026-06-24,824341,COL,0,6,6,0,0,2,R
623474,Jimmy Herget,2026-06-24,824341,COL,0,3,3,0,0,2,R
624133,Ranger Suarez,2026-06-24,824341,BOS,1,27,25,7,0,9,L
594027,Tyron Guerrero,2026-06-24,824341,BOS,0,6,5,2,0,1,R
543056,Danny Coulombe,2026-06-24,824341,BOS,0,2,2,1,0,0,L
686580,Justin Slaten,2026-06-24,824341,BOS,0,7,6,4,0,1,R
695076,Rhett Lowder,2026-06-24,824500,CIN,1,27,25,8,2,6,R
594580,Sam Moll,2026-06-24,824500,CIN,0,7,5,2,0,0,L
622088,Tejay Antone,2026-06-24,824500,CIN,0,5,5,1,0,2,R
656271,Brock Burke,2026-06-24,824500,CIN,0,3,2,0,0,0,L
675660,Shane Drohan,2026-06-24,824500,MIL,1,20,17,5,0,5,L
694477,Chad Patrick,2026-06-24,824500,MIL,0,9,6,1,0,1,R
681982,Grant Anderson,2026-06-24,824500,MIL,0,6,4,2,0,0,R
684974,Craig Yoho,2026-06-24,824500,MIL,0,6,5,2,1,0,R
669270,Joel Kuhnel,2026-06-24,824500,MIL,0,7,4,1,0,0,R
669684,Chris Murphy,2026-06-24,824583,CWS,1,4,4,0,0,2,L
607200,Erick Fedde,2026-06-24,824583,CWS,0,20,17,5,0,2,R
685126,Brandon Eisert,2026-06-24,824583,CWS,0,5,5,0,0,3,L
697812,Joe Rock,2026-06-24,824583,CWS,0,10,7,1,0,4,L
691799,Grant Taylor,2026-06-24,824583,CWS,0,5,5,2,0,1,R
676440,Tanner Bibee,2026-06-24,824583,CLE,1,21,19,3,0,3,R
681870,Erik Sabrowski,2026-06-24,824583,CLE,0,4,3,2,0,1,L
670059,Colin Holderman,2026-06-24,824583,CLE,0,1,1,0,0,0,R
683769,Hunter Gaddis,2026-06-24,824583,CLE,0,4,4,2,0,0,R
682120,Tim Herrin,2026-06-24,824583,CLE,0,1,1,0,0,0,L
671922,Cade Smith,2026-06-24,824583,CLE,0,6,5,3,2,1,R
542888,Shawn Armstrong,2026-06-24,824583,CLE,0,6,3,0,0,0,R
676917,Cade Cavalli,2026-06-25,822717,WSH,1,25,23,5,1,7,R
680730,Mitchell Parker,2026-06-25,822717,WSH,0,5,3,2,0,1,L
690925,Clayton Beeter,2026-06-25,822717,WSH,0,4,2,0,0,0,R
681402,Gus Varland,2026-06-25,822717,WSH,0,11,11,6,2,2,R
650911,Cristopher Sánchez,2026-06-25,822717,PHI,1,25,23,7,1,6,L
663767,Chase Shugart,2026-06-25,822717,PHI,0,3,3,0,0,2,R
621237,José Alvarado,2026-06-25,822717,PHI,0,3,3,0,0,2,L
689147,Orion Kerkering,2026-06-25,822717,PHI,0,4,4,1,0,2,R
641835,Tim Mayza,2026-06-25,822717,PHI,0,3,3,0,0,0,L
592332,Kevin Gausman,2026-06-25,822797,TOR,1,28,26,10,3,4,R
680573,Simeon Woods Richardson,2026-06-25,822797,TOR,0,11,7,0,0,1,R
669022,MacKenzie Gore,2026-06-25,822797,TEX,1,25,23,4,0,5,L
596001,Jakob Junis,2026-06-25,822797,TEX,0,3,3,0,0,1,R
656641,Jacob Latz,2026-06-25,822797,TEX,0,5,5,2,1,2,L
668984,Casey Legumina,2026-06-25,822961,TB,1,4,4,0,0,0,R
693855,Ian Seymour,2026-06-25,822961,TB,0,21,20,0,0,7,L
518886,Craig Kimbrel,2026-06-25,822961,TB,0,5,4,1,1,2,R
607625,Seth Lugo,2026-06-25,822961,KC,1,24,22,7,3,3,R
621381,Matt Strahm,2026-06-25,822961,KC,0,3,3,0,0,1,L
657756,Connor Seabold,2026-06-25,822961,KC,0,5,5,2,0,1,R
686475,Tyler Tolbert,2026-06-25,822961,KC,0,9,9,6,1,0,R
694738,Landen Roupp,2026-06-25,823209,SF,1,24,22,6,0,6,R
676254,Ryan Walker,2026-06-25,823209,SF,0,4,4,2,0,0,R
669062,Erik Miller,2026-06-25,823209,SF,0,3,2,1,0,0,L
681916,Dylan Smith,2026-06-25,823209,SF,0,5,5,2,0,2,R
668873,Caleb Kilian,2026-06-25,823209,SF,0,7,6,4,0,1,R
657424,Matt Gage,2026-06-25,823209,SF,0,1,1,0,0,0,L
605488,Jeffrey Springs,2026-06-25,823209,ATH,1,21,19,3,1,6,L
640454,Matt Krook,2026-06-25,823209,ATH,0,3,2,1,0,1,L
686993,Justin Sterner,2026-06-25,823209,ATH,0,2,2,1,1,1,R
664129,Geoff Hartlieb,2026-06-25,823209,ATH,0,7,6,0,0,1,R
686930,Mason Barnett,2026-06-25,823209,ATH,0,3,3,0,0,1,R
696149,Bubba Chandler,2026-06-25,823366,PIT,1,23,20,5,0,4,R
681895,Evan Sisk,2026-06-25,823366,PIT,0,6,4,1,0,0,L
670990,Yohan Ramírez,2026-06-25,823366,PIT,0,3,1,0,0,0,R
682254,Mason Montgomery,2026-06-25,823366,PIT,0,4,4,0,0,2,L
642397,Gregory Soto,2026-06-25,823366,PIT,0,3,3,0,0,1,L
682243,Bryce Miller,2026-06-25,823366,SEA,1,22,22,5,2,11,R
642100,Gabe Speier,2026-06-25,823366,SEA,0,1,1,0,0,0,L
660825,Eduard Bazardo,2026-06-25,823366,SEA,0,3,3,0,0,1,R
695380,Alex Hoppe,2026-06-25,823366,SEA,0,7,6,3,0,1,R
642547,Freddy Peralta,2026-06-25,823612,NYM,1,24,23,5,0,5,R
681810,Austin Warren,2026-06-25,823612,NYM,0,5,4,0,0,2,R
596133,Luke Weaver,2026-06-25,823612,NYM,0,3,3,0,0,3,R
642207,Devin Williams,2026-06-25,823612,NYM,0,3,3,0,0,1,R
548384,Brooks Raley,2026-06-25,823612,NYM,0,4,4,1,0,1,L
571510,Matthew Boyd,2026-06-25,823612,CHC,1,21,17,4,0,4,L
681799,Ethan Roberts,2026-06-25,823612,CHC,0,4,3,0,0,0,R
571948,Hoby Milner,2026-06-25,823612,CHC,0,3,3,3,1,0,L
664208,Phil Maton,2026-06-25,823612,CHC,0,7,6,2,1,2,R
573204,Caleb Thielbar,2026-06-25,823612,CHC,0,3,3,0,0,2,L
657097,Jacob Webb,2026-06-25,823612,CHC,0,5,4,0,0,0,R
663423,Trent Thornton,2026-06-25,823612,CHC,0,3,3,0,0,0,R
675512,Troy Melton,2026-06-25,824258,DET,1,20,20,2,1,6,R
640448,Kyle Finnegan,2026-06-25,824258,DET,0,3,3,0,0,1,R
663947,Tyler Holton,2026-06-25,824258,DET,0,4,4,1,0,0,L
445276,Kenley Jansen,2026-06-25,824258,DET,0,5,4,2,0,0,R
837227,Tatsuya Imai,2026-06-25,824258,HOU,1,21,20,2,0,10,R
805123,AJ Blubaugh,2026-06-25,824258,HOU,0,7,7,1,0,3,R
660853,Enyel De Los Santos,2026-06-25,824258,HOU,0,4,4,2,1,0,R
813349,Connelly Early,2026-06-25,824747,BOS,1,24,23,5,1,9,L
669711,Greg Weissert,2026-06-25,824747,BOS,0,4,3,1,0,0,R
543056,Danny Coulombe,2026-06-25,824747,BOS,0,1,1,0,0,0,L
676477,Garrett Whitlock,2026-06-25,824747,BOS,0,3,3,0,0,1,R
547973,Aroldis Chapman,2026-06-25,824747,BOS,0,6,5,2,0,0,L
693645,Cam Schlittler,2026-06-25,824747,NYY,1,25,20,5,1,9,R
621112,Paul Blackburn,2026-06-25,824747,NYY,0,4,4,1,0,1,R
657612,Tim Hill,2026-06-25,824747,NYY,0,3,3,0,0,0,L
660787,Yerry De los Santos,2026-06-25,824747,NYY,0,4,2,1,0,0,R
642232,Ryan Yarbrough,2026-06-25,824747,NYY,0,3,2,0,0,0,L
571578,Patrick Corbin,2026-06-26,822796,TOR,1,21,19,7,1,5,L
693686,Spencer Miles,2026-06-26,822796,TOR,0,9,9,1,0,3,R
671936,Adam Macko,2026-06-26,822796,TOR,0,5,3,0,0,1,L
686973,Louis Varland,2026-06-26,822796,TOR,0,4,4,1,0,1,R
543135,Nathan Eovaldi,2026-06-26,822796,TEX,1,26,25,5,0,9,R
695239,Robby Ahlstrom,2026-06-26,822796,TEX,0,3,2,1,0,0,L
596001,Jakob Junis,2026-06-26,822796,TEX,0,5,5,3,1,2,R
656641,Jacob Latz,2026-06-26,822796,TEX,0,4,3,0,0,0,L
607259,Nick Martinez,2026-06-26,822962,TB,1,23,23,6,1,3,R
592155,Cam Booser,2026-06-26,822962,TB,0,1,1,0,0,0,L
687330,Kevin Kelly,2026-06-26,822962,TB,0,4,4,1,0,0,R
664076,Garrett Cleavinger,2026-06-26,822962,TB,0,3,3,1,0,0,L
518886,Craig Kimbrel,2026-06-26,822962,TB,0,4,3,0,0,1,R
668678,Zac Gallen,2026-06-26,822962,AZ,1,27,24,4,2,0,R
686228,Juan Burgos,2026-06-26,822962,AZ,0,6,6,2,0,0,R
700241,Michael McGreevy,2026-06-26,823039,STL,1,22,21,5,0,4,R
668941,JoJo Romero,2026-06-26,823039,STL,0,3,3,0,0,0,L
666277,George Soriano,2026-06-26,823039,STL,0,7,5,2,0,0,R
691008,Max Rajcic,2026-06-26,823039,STL,0,5,3,1,0,0,R
677865,Justin Bruihl,2026-06-26,823039,STL,0,1,1,0,0,0,L
676974,Max Meyer,2026-06-26,823039,MIA,1,25,22,2,0,5,R
656848,Michael Petersen,2026-06-26,823039,MIA,0,4,4,1,0,1,R
676534,Calvin Faucher,2026-06-26,823039,MIA,0,3,3,0,0,1,R
686790,Trevor McDonald,2026-06-26,823206,SF,1,24,22,7,0,3,R
657424,Matt Gage,2026-06-26,823206,SF,0,3,2,0,0,1,L
656529,Sam Hentges,2026-06-26,823206,SF,0,3,3,1,0,1,L
605288,Adrian Houser,2026-06-26,823206,SF,0,8,8,0,0,1,R
625643,Reynaldo López,2026-06-26,823206,ATL,1,12,12,4,0,1,R
689266,Dylan Dodd,2026-06-26,823206,ATL,0,3,3,0,0,0,L
694462,Hurston Waldrep,2026-06-26,823206,ATL,0,12,8,2,0,3,R
669276,Dylan Lee,2026-06-26,823206,ATL,0,6,5,1,0,0,L
800311,Didier Fuentes,2026-06-26,823206,ATL,0,1,1,0,0,1,R
628452,Raisel Iglesias,2026-06-26,823206,ATL,0,3,3,0,0,0,R
621111,Walker Buehler,2026-06-26,823285,SD,1,20,17,3,1,5,R
673513,Yuki Matsui,2026-06-26,823285,SD,0,4,3,1,0,0,L
592094,Jason Adam,2026-06-26,823285,SD,0,3,3,0,0,1,R
670970,Adrian Morejon,2026-06-26,823285,SD,0,4,4,2,0,0,L
593974,Wandy Peralta,2026-06-26,823285,SD,0,3,3,1,0,0,L
808963,Roki Sasaki,2026-06-26,823285,LAD,1,20,14,3,1,2,R
676263,Jack Dreyer,2026-06-26,823285,LAD,0,3,2,0,0,0,L
592779,Brock Stewart,2026-06-26,823285,LAD,0,4,3,0,0,0,R
683618,Edgardo Henriquez,2026-06-26,823285,LAD,0,3,3,0,0,1,R
642546,Jonathan Hernández,2026-06-26,823285,LAD,0,8,6,4,0,1,R
694973,Paul Skenes,2026-06-26,823363,PIT,1,23,19,6,0,7,R
684049,Brandan Bidois,2026-06-26,823363,PIT,0,3,3,0,0,1,R
676755,Isaac Mattson,2026-06-26,823363,PIT,0,3,3,0,0,1,R
682254,Mason Montgomery,2026-06-26,823363,PIT,0,4,4,2,1,2,L
642701,Dennis Santana,2026-06-26,823363,PIT,0,4,4,0,0,2,R
671096,Andrew Abbott,2026-06-26,823363,CIN,1,24,22,6,3,6,L
622088,Tejay Antone,2026-06-26,823363,CIN,0,4,3,1,0,0,R
656271,Brock Burke,2026-06-26,823363,CIN,0,4,3,0,0,2,L
572955,Pierce Johnson,2026-06-26,823363,CIN,0,3,3,1,0,1,R
657571,Caleb Ferguson,2026-06-26,823363,CIN,0,4,4,1,0,1,L
804267,Zac Thornton,2026-06-26,823610,NYM,1,23,22,5,0,7,L
623211,Huascar Brazobán,2026-06-26,823610,NYM,0,6,5,2,0,1,R
672335,Cionel Pérez,2026-06-26,823610,NYM,0,7,7,2,0,1,L
554430,Zack Wheeler,2026-06-26,823610,PHI,1,25,24,4,0,5,R
689147,Orion Kerkering,2026-06-26,823610,PHI,0,3,3,0,0,1,R
661395,Jhoan Duran,2026-06-26,823610,PHI,0,4,4,1,0,1,R
671737,Taj Bradley,2026-06-26,823688,MIN,1,27,24,3,0,7,R
681892,Kody Funderburk,2026-06-26,823688,MIN,0,6,5,3,0,1,L
679358,Eric Orze,2026-06-26,823688,MIN,0,4,3,2,1,0,R
607455,Anthony Banda,2026-06-26,823688,MIN,0,5,5,3,1,0,L
702193,Andrew Morris,2026-06-26,823688,MIN,0,3,3,0,0,0,R
608372,Tomoyuki Sugano,2026-06-26,823688,COL,1,23,22,8,2,2,R
678020,Seth Halvorsen,2026-06-26,823688,COL,0,4,4,0,0,1,R
675848,Juan Mejia,2026-06-26,823688,COL,0,3,3,1,0,0,R
605154,John Brebbia,2026-06-26,823688,COL,0,4,4,1,0,0,R
622608,Antonio Senzatela,2026-06-26,823688,COL,0,6,6,3,0,1,R
623474,Jimmy Herget,2026-06-26,823688,COL,0,2,1,1,0,0,R
694819,Jacob Misiorowski,2026-06-26,823773,MIL,1,23,19,2,1,8,R
682842,Abner Uribe,2026-06-26,823773,MIL,0,4,4,1,0,0,R
676879,Aaron Ashby,2026-06-26,823773,MIL,0,5,2,0,0,0,L
656730,Trevor Megill,2026-06-26,823773,MIL,0,4,3,0,0,0,R
607067,Colin Rea,2026-06-26,823773,CHC,1,23,19,5,0,4,R
681799,Ethan Roberts,2026-06-26,823773,CHC,0,5,4,2,1,0,R
681151,Jayden Murray,2026-06-26,823773,CHC,0,11,10,4,1,4,R
700712,Walbert Ureña,2026-06-26,824014,LAA,1,21,19,6,0,5,R
608718,Brent Suter,2026-06-26,824014,LAA,0,11,10,4,0,2,L
820862,José Fermin,2026-06-26,824014,LAA,0,4,4,0,0,1,R
489446,Kirby Yates,2026-06-26,824014,LAA,0,3,3,0,0,2,R
669372,J.T. Ginn,2026-06-26,824014,ATH,1,26,25,8,1,5,R
665622,Luis Medina,2026-06-26,824014,ATH,0,7,5,1,0,3,R
663687,Hogan Harris,2026-06-26,824014,ATH,0,3,2,0,0,2,L
665660,Elvis Alvarado,2026-06-26,824014,ATH,0,3,3,0,0,1,R
672456,Keider Montero,2026-06-26,824255,DET,1,26,25,6,0,3,R
646241,Enmanuel De Jesus,2026-06-26,824255,DET,0,7,6,0,0,2,L
681293,Spencer Arrighetti,2026-06-26,824255,HOU,1,19,14,5,3,7,R
663878,Nate Pearson,2026-06-26,824255,HOU,0,10,8,1,0,1,R
650556,Bryan Abreu,2026-06-26,824255,HOU,0,3,3,0,0,1,R
676694,Jake Meyers,2026-06-26,824255,HOU,0,3,3,0,0,0,L
676282,Joey Cantillo,2026-06-26,824423,CLE,1,20,18,2,1,9,L
682120,Tim Herrin,2026-06-26,824423,CLE,0,5,3,1,0,0,L
682982,Daniel Espino,2026-06-26,824423,CLE,0,4,2,1,0,1,R
683769,Hunter Gaddis,2026-06-26,824423,CLE,0,2,2,0,0,2,R
670036,Matt Festa,2026-06-26,824423,CLE,0,5,5,2,0,1,R
622491,Luis Castillo,2026-06-26,824423,SEA,1,22,21,4,0,4,R
678606,José A. Ferrer,2026-06-26,824423,SEA,0,3,3,0,0,1,L
642100,Gabe Speier,2026-06-26,824423,SEA,0,3,3,0,0,0,L
662253,Andrés Muñoz,2026-06-26,824423,SEA,0,3,3,0,0,2,R
689818,David Sandlin,2026-06-26,824582,CWS,1,22,19,3,0,6,R
663855,Jordan Hicks,2026-06-26,824582,CWS,0,3,3,0,0,1,R
685126,Brandon Eisert,2026-06-26,824582,CWS,0,4,4,1,0,1,L
670950,Trevor Richards,2026-06-26,824582,CWS,0,3,3,0,0,2,R
674444,Steven Cruz,2026-06-26,824582,KC,1,5,4,0,0,3,R
687765,Mitch Spence,2026-06-26,824582,KC,0,15,12,8,2,2,R
694360,Beck Way,2026-06-26,824582,KC,0,6,6,2,1,2,R
668674,Lucas Erceg,2026-06-26,824582,KC,0,5,5,2,1,0,R
670167,John Schreiber,2026-06-26,824582,KC,0,8,8,5,1,1,R
656638,Alex Lange,2026-06-26,824582,KC,0,7,5,4,0,1,R
663738,Daniel Lynch IV,2026-06-26,824582,KC,0,3,3,1,0,0,L
686475,Tyler Tolbert,2026-06-26,824582,KC,0,4,3,1,0,0,R
801139,Payton Tolle,2026-06-26,824743,BOS,1,24,22,1,0,7,L
592454,Tommy Kahnle,2026-06-26,824743,BOS,0,4,4,1,0,0,R
670245,Ryan Watson,2026-06-26,824743,BOS,0,4,4,1,0,0,R
701542,Will Warren,2026-06-26,824743,NYY,1,27,23,7,1,0,R
642232,Ryan Yarbrough,2026-06-26,824743,NYY,0,5,4,1,0,1,L
660787,Yerry De los Santos,2026-06-26,824743,NYY,0,4,4,1,0,1,R
669432,Trevor Rogers,2026-06-26,824824,BAL,1,24,24,5,0,7,L
669330,Tyler Wells,2026-06-26,824824,BAL,0,2,2,0,0,0,R
664991,Grant Wolfram,2026-06-26,824824,BAL,0,3,3,0,0,2,L
664854,Ryan Helsley,2026-06-26,824824,BAL,0,3,3,0,0,1,R
674841,Andrew Alvarez,2026-06-26,824824,WSH,1,20,17,6,0,5,L
695418,Brad Lord,2026-06-26,824824,WSH,0,13,10,2,0,5,R
687849,Zak Kent,2026-06-26,824824,WSH,0,5,4,0,0,2,R
656302,Dylan Cease,2026-06-27,822794,TOR,1,23,18,4,0,10,R
689254,Mason Fluharty,2026-06-27,822794,TOR,0,4,3,2,0,0,L
680755,Braydon Fisher,2026-06-27,822794,TOR,0,4,4,1,1,0,R
667297,Tommy Nance,2026-06-27,822794,TOR,0,5,5,2,0,2,R
656546,Jeff Hoffman,2026-06-27,822794,TOR,0,4,4,1,0,1,R
643511,Tyler Rogers,2026-06-27,822794,TOR,0,4,4,1,0,0,R
615698,Cal Quantrill,2026-06-27,822794,TEX,1,15,14,2,0,5,R
695239,Robby Ahlstrom,2026-06-27,822794,TEX,0,4,4,3,1,0,L
605452,Joe Ross,2026-06-27,822794,TEX,0,8,8,4,1,2,R
682608,Peyton Gray,2026-06-27,822794,TEX,0,8,8,1,0,4,R
641302,Tyler Alexander,2026-06-27,822794,TEX,0,3,3,0,0,0,L
642121,Cole Sulser,2026-06-27,822960,TB,1,7,7,2,0,1,R
675627,Michael Grove,2026-06-27,822960,TB,0,10,10,1,0,4,R
668984,Casey Legumina,2026-06-27,822960,TB,0,7,7,2,0,1,R
687330,Kevin Kelly,2026-06-27,822960,TB,0,5,5,2,1,2,R
641329,Bryan Baker,2026-06-27,822960,TB,0,3,3,0,0,0,R
703615,Jose Cabrera,2026-06-27,822960,AZ,1,23,21,7,2,4,R
666661,Juan Morillo,2026-06-27,822960,AZ,0,4,2,0,0,2,R
656464,Kevin Ginkel,2026-06-27,822960,AZ,0,3,2,0,0,1,R
664199,Taylor Clarke,2026-06-27,822960,AZ,0,3,3,1,0,0,R
669467,Andre Pallante,2026-06-27,823038,STL,1,28,27,11,0,4,R
694335,Matt Svanson,2026-06-27,823038,STL,0,3,2,1,0,0,R
677865,Justin Bruihl,2026-06-27,823038,STL,0,7,7,1,0,2,L
687473,Ryan Gusto,2026-06-27,823038,MIA,1,15,13,3,0,4,R
667463,John King,2026-06-27,823038,MIA,0,4,4,0,0,1,L
669199,Lake Bachar,2026-06-27,823038,MIA,0,9,8,3,0,1,R
669622,Anthony Bender,2026-06-27,823038,MIA,0,5,5,1,0,2,R
676604,Tyler Zuber,2026-06-27,823038,MIA,0,3,3,0,0,1,R
657277,Logan Webb,2026-06-27,823207,SF,1,24,22,1,0,6,R
676254,Ryan Walker,2026-06-27,823207,SF,0,4,3,0,0,0,R
656529,Sam Hentges,2026-06-27,823207,SF,0,3,3,0,0,1,L
693821,Bryce Elder,2026-06-27,823207,ATL,1,17,15,5,2,4,R
656550,Grant Holmes,2026-06-27,823207,ATL,0,13,13,1,0,4,R
606996,Kyle Hart,2026-06-27,823283,SD,1,9,8,2,0,2,L
681190,Randy Vásquez,2026-06-27,823283,SD,0,19,18,8,2,1,R
676760,Ron Marinaccio,2026-06-27,823283,SD,0,11,8,3,1,1,R
688158,David Morgan,2026-06-27,823283,SD,0,5,5,2,0,2,R
660710,Rodolfo Durán,2026-06-27,823283,SD,0,5,5,2,0,0,R
808967,Yoshinobu Yamamoto,2026-06-27,823283,LAD,1,24,22,5,1,4,R
669165,Kyle Hurt,2026-06-27,823283,LAD,0,5,3,2,0,0,R
681911,Alex Vesia,2026-06-27,823283,LAD,0,2,2,0,0,1,L
676263,Jack Dreyer,2026-06-27,823283,LAD,0,5,5,2,0,1,L
500743,Miguel Rojas,2026-06-27,823283,LAD,0,3,3,0,0,0,R
683003,Jared Jones,2026-06-27,823364,PIT,1,20,18,4,1,4,R
681895,Evan Sisk,2026-06-27,823364,PIT,0,3,2,1,0,0,L
670990,Yohan Ramírez,2026-06-27,823364,PIT,0,9,8,3,0,2,R
676755,Isaac Mattson,2026-06-27,823364,PIT,0,3,3,0,0,2,R
642397,Gregory Soto,2026-06-27,823364,PIT,0,7,4,2,1,1,L
695505,Chase Burns,2026-06-27,823364,CIN,1,27,27,9,1,10,R
594580,Sam Moll,2026-06-27,823364,CIN,0,5,2,1,0,0,L
622088,Tejay Antone,2026-06-27,823364,CIN,0,1,1,0,0,1,R
657571,Caleb Ferguson,2026-06-27,823364,CIN,0,4,4,1,1,1,L
695534,Chase Petty,2026-06-27,823364,CIN,0,4,3,0,0,0,R
681035,Christian Scott,2026-06-27,823609,NYM,1,18,16,3,1,6,R
621345,A.J. Minter,2026-06-27,823609,NYM,0,5,5,1,0,1,L
623211,Huascar Brazobán,2026-06-27,823609,NYM,0,4,4,1,0,0,R
596133,Luke Weaver,2026-06-27,823609,NYM,0,3,3,0,0,2,R
642207,Devin Williams,2026-06-27,823609,NYM,0,4,3,0,0,1,R
641835,Tim Mayza,2026-06-27,823609,PHI,1,5,5,1,0,1,L
660604,Alan Rangel,2026-06-27,823609,PHI,0,18,16,4,0,4,R
680742,Jonathan Bowlan,2026-06-27,823609,PHI,0,4,3,1,0,1,R
679775,Kyle Backhus,2026-06-27,823609,PHI,0,6,4,2,0,1,L
686751,Seth Johnson,2026-06-27,823609,PHI,0,4,3,0,0,2,R
702474,Mike Paredes,2026-06-27,823689,MIN,1,24,24,8,2,2,R
573124,Taylor Rogers,2026-06-27,823689,MIN,0,3,2,0,0,1,L
681892,Kody Funderburk,2026-06-27,823689,MIN,0,6,5,2,1,0,L
694397,Marco Raya,2026-06-27,823689,MIN,0,9,7,2,1,1,R
547179,Michael Lorenzen,2026-06-27,823689,COL,1,25,23,7,0,1,R
680767,Victor Vodnik,2026-06-27,823689,COL,0,4,4,0,0,1,R
657514,Brennan Bernardino,2026-06-27,823689,COL,0,3,3,0,0,1,L
688642,Zach Agnos,2026-06-27,823689,COL,0,5,4,3,0,1,R
623474,Jimmy Herget,2026-06-27,823689,COL,0,2,2,0,0,0,R
690986,Kyle Harrison,2026-06-27,823770,MIL,1,19,18,3,1,9,L
694477,Chad Patrick,2026-06-27,823770,MIL,0,6,4,2,1,0,R
681982,Grant Anderson,2026-06-27,823770,MIL,0,7,4,2,0,0,R
657649,Jared Koenig,2026-06-27,823770,MIL,0,4,4,1,0,1,L
669270,Joel Kuhnel,2026-06-27,823770,MIL,0,4,4,1,1,1,R
656849,David Peterson,2026-06-27,823770,CHC,1,20,20,5,1,2,L
621053,Tyler Ferguson,2026-06-27,823770,CHC,0,1,1,0,0,1,R
657097,Jacob Webb,2026-06-27,823770,CHC,0,3,3,0,0,2,R
663423,Trent Thornton,2026-06-27,823770,CHC,0,4,3,0,0,0,R
592826,Vince Velasquez,2026-06-27,823770,CHC,0,3,3,0,0,0,R
672282,Reid Detmers,2026-06-27,824015,LAA,1,24,21,4,1,8,L
681217,Chase Silseth,2026-06-27,824015,LAA,0,1,1,0,0,1,R
666171,Ryan Zeferjahn,2026-06-27,824015,LAA,0,3,3,0,0,2,R
696147,Sam Bachman,2026-06-27,824015,LAA,0,6,4,1,0,1,R
489446,Kirby Yates,2026-06-27,824015,LAA,0,3,3,0,0,1,R
678022,Jack Perkins,2026-06-27,824015,ATH,1,21,19,4,0,5,R
686993,Justin Sterner,2026-06-27,824015,ATH,0,4,4,1,0,2,R
664129,Geoff Hartlieb,2026-06-27,824015,ATH,0,4,4,2,0,0,R
640454,Matt Krook,2026-06-27,824015,ATH,0,5,4,1,0,1,L
686930,Mason Barnett,2026-06-27,824015,ATH,0,2,2,1,0,0,R
664285,Framber Valdez,2026-06-27,824257,DET,1,26,26,9,1,2,L
623454,Drew Anderson,2026-06-27,824257,DET,0,5,4,2,0,1,R
805427,Drew Sommers,2026-06-27,824257,DET,0,1,1,0,0,0,L
676684,Will Vest,2026-06-27,824257,DET,0,7,7,4,0,2,R
621097,Jacob Waguespack,2026-06-27,824257,DET,0,5,3,1,0,0,R
678906,Kai-Wei Teng,2026-06-27,824257,HOU,1,22,20,8,1,1,R
595345,Steven Okert,2026-06-27,824257,HOU,0,6,5,1,1,0,L
805123,AJ Blubaugh,2026-06-27,824257,HOU,0,8,8,2,0,2,R
687911,Bryan King,2026-06-27,824257,HOU,0,3,3,0,0,1,L
623352,Josh Hader,2026-06-27,824257,HOU,0,3,3,0,0,1,L
677944,Slade Cecconi,2026-06-27,824421,CLE,1,24,22,3,0,4,R
670059,Colin Holderman,2026-06-27,824421,CLE,0,3,2,0,0,1,R
681870,Erik Sabrowski,2026-06-27,824421,CLE,0,1,1,0,0,1,L
542888,Shawn Armstrong,2026-06-27,824421,CLE,0,4,3,3,1,0,R
683769,Hunter Gaddis,2026-06-27,824421,CLE,0,4,4,1,0,1,R
671922,Cade Smith,2026-06-27,824421,CLE,0,5,4,1,0,1,R
669302,Logan Gilbert,2026-06-27,824421,SEA,1,28,28,7,0,7,R
678606,José A. Ferrer,2026-06-27,824421,SEA,0,3,3,0,0,1,L
663436,Davis Martin,2026-06-27,824581,CWS,1,20,19,4,0,3,R
656794,Sean Newcomb,2026-06-27,824581,CWS,0,8,6,2,0,2,L
691799,Grant Taylor,2026-06-27,824581,CWS,0,6,6,0,0,4,R
608379,Michael Wacha,2026-06-27,824581,KC,1,29,28,6,0,7,R
663738,Daniel Lynch IV,2026-06-27,824581,KC,0,4,4,3,0,0,L
670167,John Schreiber,2026-06-27,824581,KC,0,2,2,1,0,1,R
687562,Jake Bennett,2026-06-27,824745,BOS,1,23,21,3,1,3,L
686580,Justin Slaten,2026-06-27,824745,BOS,0,2,2,0,0,2,R
676477,Garrett Whitlock,2026-06-27,824745,BOS,0,3,3,0,0,0,R
547973,Aroldis Chapman,2026-06-27,824745,BOS,0,4,3,0,0,1,L
543037,Gerrit Cole,2026-06-27,824745,NYY,1,24,23,7,2,5,R
687396,Brent Headrick,2026-06-27,824745,NYY,0,4,3,0,0,3,L
666808,Camilo Doval,2026-06-27,824745,NYY,0,2,2,0,0,1,R
621112,Paul Blackburn,2026-06-27,824745,NYY,0,3,3,0,0,0,R
687064,Brandon Young,2026-06-27,824825,BAL,1,24,22,7,1,8,R
670329,Rico Garcia,2026-06-27,824825,BAL,0,5,5,2,0,1,R
669211,Keegan Akin,2026-06-27,824825,BAL,0,8,7,1,0,2,L
552640,Andrew Kittredge,2026-06-27,824825,BAL,0,4,4,1,0,2,R
664854,Ryan Helsley,2026-06-27,824825,BAL,0,5,5,2,0,1,R
656492,Foster Griffin,2026-06-27,824825,WSH,1,26,24,3,0,9,L
676571,PJ Poulin,2026-06-27,824825,WSH,0,3,3,1,0,1,L
687377,Orlando Ribalta,2026-06-27,824825,WSH,0,3,3,2,0,0,R
690925,Clayton Beeter,2026-06-27,824825,WSH,0,3,3,0,0,2,R
664875,Justin Lawrence,2026-06-27,824825,WSH,0,5,4,1,0,0,R
669456,Shane Bieber,2026-06-28,822795,TOR,1,24,20,5,1,4,R
671936,Adam Macko,2026-06-28,822795,TOR,0,7,5,1,0,1,L
656546,Jeff Hoffman,2026-06-28,822795,TOR,0,4,4,0,0,2,R
686973,Louis Varland,2026-06-28,822795,TOR,0,4,4,1,0,3,R
677958,Kumar Rocker,2026-06-28,822795,TEX,1,23,22,4,0,5,R
668390,Cole Winn,2026-06-28,822795,TEX,0,8,8,2,1,2,R
641302,Tyler Alexander,2026-06-28,822795,TEX,0,3,3,0,0,1,L
656876,Drew Rasmussen,2026-06-28,822959,TB,1,24,21,3,0,5,R
518886,Craig Kimbrel,2026-06-28,822959,TB,0,3,3,0,0,1,R
664076,Garrett Cleavinger,2026-06-28,822959,TB,0,4,4,1,1,2,L
694680,Trevor Martin,2026-06-28,822959,TB,0,4,4,1,0,1,R
518876,Merrill Kelly,2026-06-28,822959,AZ,1,27,24,8,3,3,R
642528,Jonathan Loáisiga,2026-06-28,822959,AZ,0,4,4,1,0,1,R
686753,Drey Jameson,2026-06-28,822959,AZ,0,3,3,1,0,1,R
681517,Kyle Leahy,2026-06-28,823037,STL,1,20,16,2,0,5,R
668941,JoJo Romero,2026-06-28,823037,STL,0,5,5,1,0,1,L
592773,Ryne Stanek,2026-06-28,823037,STL,0,2,2,1,0,0,R
666277,George Soriano,2026-06-28,823037,STL,0,3,3,0,0,2,R
676617,Riley O'Brien,2026-06-28,823037,STL,0,3,3,0,0,1,R
663969,Tyler Phillips,2026-06-28,823037,MIA,1,27,27,6,1,1,R
806188,Cade Gibson,2026-06-28,823037,MIA,0,1,1,0,0,1,L
592662,Robbie Ray,2026-06-28,823204,SF,1,30,28,4,0,2,L
668873,Caleb Kilian,2026-06-28,823204,SF,0,5,5,2,0,1,R
519242,Chris Sale,2026-06-28,823204,ATL,1,26,25,8,0,10,L
800311,Didier Fuentes,2026-06-28,823204,ATL,0,4,2,2,0,0,R
669276,Dylan Lee,2026-06-28,823204,ATL,0,2,2,0,0,2,L
641755,Tyler Kinley,2026-06-28,823204,ATL,0,3,3,0,0,0,R
650633,Michael King,2026-06-28,823281,SD,1,22,15,3,0,5,R
673513,Yuki Matsui,2026-06-28,823281,SD,0,6,6,1,0,2,L
592094,Jason Adam,2026-06-28,823281,SD,0,4,4,1,0,0,R
593974,Wandy Peralta,2026-06-28,823281,SD,0,6,6,0,0,2,L
686218,Emmet Sheehan,2026-06-28,823281,LAD,1,20,16,2,1,5,R
681911,Alex Vesia,2026-06-28,823281,LAD,0,3,3,1,0,1,L
694361,Will Klein,2026-06-28,823281,LAD,0,6,5,2,0,2,R
656945,Tanner Scott,2026-06-28,823281,LAD,0,5,4,1,0,2,L
683618,Edgardo Henriquez,2026-06-28,823281,LAD,0,3,2,0,0,0,R
656605,Mitch Keller,2026-06-28,823362,PIT,1,23,21,5,0,4,R
669387,Carmen Mlodzinski,2026-06-28,823362,PIT,0,10,9,3,0,1,R
642701,Dennis Santana,2026-06-28,823362,PIT,0,5,3,0,0,1,R
663903,Brady Singer,2026-06-28,823362,CIN,1,24,23,9,2,6,R
670062,Julian Garcia,2026-06-28,823362,CIN,0,7,4,0,0,2,R
685112,Zach McCambley,2026-06-28,823362,CIN,0,4,1,0,0,0,R
656271,Brock Burke,2026-06-28,823362,CIN,0,3,3,0,0,1,L
572955,Pierce Johnson,2026-06-28,823362,CIN,0,6,4,2,2,2,R
672335,Cionel Pérez,2026-06-28,823608,NYM,1,3,3,0,0,2,L
668964,Tobias Myers,2026-06-28,823608,NYM,0,15,14,6,0,3,R
673540,Kodai Senga,2026-06-28,823608,NYM,0,20,19,4,1,4,R
666200,Jesús Luzardo,2026-06-28,823608,PHI,1,22,19,4,0,6,L
663767,Chase Shugart,2026-06-28,823608,PHI,0,5,4,3,1,1,R
679775,Kyle Backhus,2026-06-28,823608,PHI,0,3,3,1,0,0,L
621237,José Alvarado,2026-06-28,823608,PHI,0,5,4,1,0,2,L
689147,Orion Kerkering,2026-06-28,823608,PHI,0,6,3,0,0,1,R
661395,Jhoan Duran,2026-06-28,823608,PHI,0,4,3,0,0,0,R
687570,Connor Prielipp,2026-06-28,823686,MIN,1,26,23,6,0,10,L
702193,Andrew Morris,2026-06-28,823686,MIN,0,4,4,0,0,2,R
607455,Anthony Banda,2026-06-28,823686,MIN,0,5,3,1,0,2,L
672782,Yoendrys Gómez,2026-06-28,823686,MIN,0,3,3,0,0,0,R
663372,Ryan Feltner,2026-06-28,823686,COL,1,22,22,5,1,0,R
678020,Seth Halvorsen,2026-06-28,823686,COL,0,5,5,3,1,0,R
657514,Brennan Bernardino,2026-06-28,823686,COL,0,1,1,0,0,0,L
675848,Juan Mejia,2026-06-28,823686,COL,0,3,3,0,0,1,R
605540,Brandon Woodruff,2026-06-28,823769,MIL,1,20,18,1,0,6,R
676879,Aaron Ashby,2026-06-28,823769,MIL,0,5,3,1,0,1,L
682842,Abner Uribe,2026-06-28,823769,MIL,0,5,5,0,0,1,R
656730,Trevor Megill,2026-06-28,823769,MIL,0,4,4,1,0,3,R
669270,Joel Kuhnel,2026-06-28,823769,MIL,0,7,4,1,0,1,R
669020,Ryan Rolison,2026-06-28,823769,CHC,1,7,7,2,1,2,L
669060,Bryse Wilson,2026-06-28,823769,CHC,0,17,17,4,0,4,R
573204,Caleb Thielbar,2026-06-28,823769,CHC,0,4,3,0,0,2,L
621053,Tyler Ferguson,2026-06-28,823769,CHC,0,3,3,1,0,1,R
657097,Jacob Webb,2026-06-28,823769,CHC,0,5,4,1,0,3,R
681799,Ethan Roberts,2026-06-28,823769,CHC,0,3,2,2,0,0,R
696136,Jordan Wicks,2026-06-28,823769,CHC,0,3,2,0,0,0,L
691951,Sam Aldegheri,2026-06-28,824011,LAA,1,21,19,5,0,4,L
820862,José Fermin,2026-06-28,824011,LAA,0,6,6,0,0,1,R
666171,Ryan Zeferjahn,2026-06-28,824011,LAA,0,4,2,0,0,2,R
696519,Samy Natera Jr.,2026-06-28,824011,LAA,0,5,5,1,0,2,L
650644,Aaron Civale,2026-06-28,824011,ATH,1,22,21,6,1,2,R
665660,Elvis Alvarado,2026-06-28,824011,ATH,0,3,3,0,0,1,R
660761,José Suarez,2026-06-28,824011,ATH,0,6,6,0,0,2,L
656427,Jack Flaherty,2026-06-28,824256,DET,1,20,17,2,0,9,R
663947,Tyler Holton,2026-06-28,824256,DET,0,7,7,1,1,0,L
640448,Kyle Finnegan,2026-06-28,824256,DET,0,7,6,2,1,3,R
445276,Kenley Jansen,2026-06-28,824256,DET,0,7,6,2,1,1,R
621097,Jacob Waguespack,2026-06-28,824256,DET,0,2,2,0,0,0,R
686613,Hunter Brown,2026-06-28,824256,HOU,1,25,23,5,1,4,R
650556,Bryan Abreu,2026-06-28,824256,HOU,0,4,2,1,0,0,R
595345,Steven Okert,2026-06-28,824256,HOU,0,1,1,0,0,0,L
687911,Bryan King,2026-06-28,824256,HOU,0,3,3,1,0,0,L
623352,Josh Hader,2026-06-28,824256,HOU,0,6,3,0,0,2,L
660853,Enyel De Los Santos,2026-06-28,824256,HOU,0,6,5,2,1,1,R
668909,Gavin Williams,2026-06-28,824422,CLE,1,25,22,6,0,6,R
542888,Shawn Armstrong,2026-06-28,824422,CLE,0,4,4,2,0,2,R
682120,Tim Herrin,2026-06-28,824422,CLE,0,5,4,1,0,0,L
670036,Matt Festa,2026-06-28,824422,CLE,0,6,5,2,0,0,R
671922,Cade Smith,2026-06-28,824422,CLE,0,6,6,2,0,1,R
676106,Emerson Hancock,2026-06-28,824422,SEA,1,25,21,5,0,6,R
660825,Eduard Bazardo,2026-06-28,824422,SEA,0,2,2,1,0,1,R
642100,Gabe Speier,2026-06-28,824422,SEA,0,5,5,2,0,0,L
621074,Michael Rucker,2026-06-28,824422,SEA,0,5,2,2,0,0,R
681006,Josh Simpson,2026-06-28,824422,SEA,0,5,4,2,0,0,L
641743,Anthony Kay,2026-06-28,824580,CWS,1,21,18,7,0,2,L
670950,Trevor Richards,2026-06-28,824580,CWS,0,4,4,0,0,1,R
622554,Seranthony Domínguez,2026-06-28,824580,CWS,0,4,4,1,0,2,R
663542,Bryan Hudson,2026-06-28,824580,CWS,0,5,4,2,0,1,L
663855,Jordan Hicks,2026-06-28,824580,CWS,0,4,4,0,0,2,R
669684,Chris Murphy,2026-06-28,824580,CWS,0,3,3,1,0,0,L
679883,Luinder Avila,2026-06-28,824580,KC,1,20,17,6,1,4,R
674444,Steven Cruz,2026-06-28,824580,KC,0,3,3,0,0,1,R
694360,Beck Way,2026-06-28,824580,KC,0,5,4,1,0,1,R
668674,Lucas Erceg,2026-06-28,824580,KC,0,3,2,0,0,0,R
621381,Matt Strahm,2026-06-28,824580,KC,0,3,3,0,0,0,L
656638,Alex Lange,2026-06-28,824580,KC,0,3,3,0,0,0,R
543243,Sonny Gray,2026-06-28,824744,BOS,1,24,23,1,0,9,R
594027,Tyron Guerrero,2026-06-28,824744,BOS,0,2,2,0,0,0,R
547973,Aroldis Chapman,2026-06-28,824744,BOS,0,6,5,1,0,2,L
686580,Justin Slaten,2026-06-28,824744,BOS,0,5,4,1,0,1,R
607074,Carlos Rodón,2026-06-28,824744,NYY,1,21,17,1,0,6,L
621112,Paul Blackburn,2026-06-28,824744,NYY,0,6,6,1,0,1,R
670280,David Bednar,2026-06-28,824744,NYY,0,6,6,1,0,1,R
518585,Fernando Cruz,2026-06-28,824744,NYY,0,4,3,3,0,0,R
680694,Kyle Bradish,2026-06-28,824821,BAL,1,19,14,1,0,2,R
669330,Tyler Wells,2026-06-28,824821,BAL,0,5,5,2,1,1,R
544150,Albert Suárez,2026-06-28,824821,BAL,0,11,11,3,1,2,R
664991,Grant Wolfram,2026-06-28,824821,BAL,0,3,3,1,0,1,L
641793,Zack Littell,2026-06-28,824821,WSH,1,20,18,3,1,3,R
680730,Mitchell Parker,2026-06-28,824821,WSH,0,8,7,2,1,2,L
663992,Richard Lovelady,2026-06-28,824821,WSH,0,1,1,0,0,0,L
676571,PJ Poulin,2026-06-28,824821,WSH,0,6,5,0,0,0,L
702056,Trey Yesavage,2026-06-29,822792,TOR,1,25,24,3,1,3,R
689254,Mason Fluharty,2026-06-29,822792,TOR,0,0,0,0,0,0,L
643511,Tyler Rogers,2026-06-29,822792,TOR,0,5,4,1,0,0,R
686973,Louis Varland,2026-06-29,822792,TOR,0,5,4,1,0,2,R
640455,Sean Manaea,2026-06-29,822792,NYM,1,23,19,3,0,4,L
681810,Austin Warren,2026-06-29,822792,NYM,0,7,5,1,0,2,R
680702,Joey Gerber,2026-06-29,822792,NYM,0,3,3,0,0,2,R
669923,George Kirby,2026-06-29,823121,SEA,1,30,29,7,1,7,R
678606,José A. Ferrer,2026-06-29,823121,SEA,0,4,3,1,0,1,L
696270,Ryan Johnson,2026-06-29,823121,LAA,1,20,19,4,1,3,R
815083,Mitch Farris,2026-06-29,823121,LAA,0,13,11,2,2,3,L
605400,Aaron Nola,2026-06-29,823444,PHI,1,23,20,8,2,5,R
686751,Seth Johnson,2026-06-29,823444,PHI,0,6,5,0,0,4,R
641835,Tim Mayza,2026-06-29,823444,PHI,0,8,7,1,0,2,L
663767,Chase Shugart,2026-06-29,823444,PHI,0,6,5,2,1,2,R
677952,Braxton Ashcraft,2026-06-29,823444,PIT,1,24,22,5,3,8,R
681895,Evan Sisk,2026-06-29,823444,PIT,0,5,3,1,0,1,L
642397,Gregory Soto,2026-06-29,823444,PIT,0,4,4,2,1,1,L
670990,Yohan Ramírez,2026-06-29,823444,PIT,0,3,2,1,0,1,R
682254,Mason Montgomery,2026-06-29,823444,PIT,0,4,3,0,0,2,L
677960,Ryan Weathers,2026-06-29,823529,NYY,1,14,12,7,0,3,L
660787,Yerry De los Santos,2026-06-29,823529,NYY,0,9,9,2,0,0,R
657612,Tim Hill,2026-06-29,823529,NYY,0,4,4,0,0,0,L
656234,Jake Bird,2026-06-29,823529,NYY,0,5,4,0,0,2,R
642232,Ryan Yarbrough,2026-06-29,823529,NYY,0,4,3,1,0,1,L
666808,Camilo Doval,2026-06-29,823529,NYY,0,3,3,0,0,3,R
687396,Brent Headrick,2026-06-29,823529,NYY,0,4,4,1,0,0,L
663554,Casey Mize,2026-06-29,823529,DET,1,22,22,1,0,10,R
805427,Drew Sommers,2026-06-29,823529,DET,0,6,5,2,1,2,L
623454,Drew Anderson,2026-06-29,823529,DET,0,3,3,0,0,1,R
688107,Robert Gasser,2026-06-29,823771,MIL,1,24,22,7,1,5,L
694477,Chad Patrick,2026-06-29,823771,MIL,0,6,6,1,0,2,R
676879,Aaron Ashby,2026-06-29,823771,MIL,0,4,4,1,0,1,L
656730,Trevor Megill,2026-06-29,823771,MIL,0,3,3,0,0,2,R
666157,Nick Lodolo,2026-06-29,823771,CIN,1,20,15,1,0,4,L
695534,Chase Petty,2026-06-29,823771,CIN,0,11,9,4,1,1,R
594580,Sam Moll,2026-06-29,823771,CIN,0,4,3,1,0,1,L
622088,Tejay Antone,2026-06-29,823771,CIN,0,2,2,1,1,0,R
663567,Peter Lambert,2026-06-29,824176,HOU,1,25,22,5,3,4,R
663878,Nate Pearson,2026-06-29,824176,HOU,0,6,5,1,0,0,R
699044,Miguel Ullola,2026-06-29,824176,HOU,0,8,8,2,0,4,R
805673,Zebby Matthews,2026-06-29,824176,MIN,1,25,24,4,1,7,R
701519,Travis Adams,2026-06-29,824176,MIN,0,7,5,1,1,1,R
672782,Yoendrys Gómez,2026-06-29,824176,MIN,0,2,2,1,1,0,R
807743,Sean Sullivan,2026-06-29,824339,COL,1,23,20,6,1,5,L
680767,Victor Vodnik,2026-06-29,824339,COL,0,6,6,2,1,0,R
622608,Antonio Senzatela,2026-06-29,824339,COL,0,7,6,4,0,0,R
688642,Zach Agnos,2026-06-29,824339,COL,0,8,7,1,0,1,R
645261,Sandy Alcantara,2026-06-29,824339,MIA,1,27,21,7,0,3,R
656848,Michael Petersen,2026-06-29,824339,MIA,0,5,5,1,1,1,R
676534,Calvin Faucher,2026-06-29,824339,MIA,0,3,3,0,0,0,R
664126,Pete Fairbanks,2026-06-29,824339,MIA,0,5,5,2,0,1,R
800048,Parker Messick,2026-06-29,824420,CLE,1,28,27,8,0,5,L
670059,Colin Holderman,2026-06-29,824420,CLE,0,4,4,0,0,3,R
681870,Erik Sabrowski,2026-06-29,824420,CLE,0,5,4,3,0,1,L
670036,Matt Festa,2026-06-29,824420,CLE,0,1,1,0,0,1,R
641302,Tyler Alexander,2026-06-29,824420,TEX,1,4,4,1,0,2,L
663978,Chris Paddack,2026-06-29,824420,TEX,0,19,19,7,1,1,R
695239,Robby Ahlstrom,2026-06-29,824420,TEX,0,4,3,0,0,0,L
596001,Jakob Junis,2026-06-29,824420,TEX,0,5,5,2,0,1,R
656641,Jacob Latz,2026-06-29,824420,TEX,0,6,6,0,0,1,L
684007,Shota Imanaga,2026-06-29,824662,CHC,1,27,26,9,0,4,L
668970,Gavin Hollowell,2026-06-29,824662,CHC,0,5,4,0,0,2,R
573204,Caleb Thielbar,2026-06-29,824662,CHC,0,3,2,1,0,0,L
663423,Trent Thornton,2026-06-29,824662,CHC,0,3,3,1,0,1,R
656288,Griffin Canning,2026-06-29,824662,SD,1,20,17,5,0,3,R
606996,Kyle Hart,2026-06-29,824662,SD,0,3,1,0,0,1,L
699134,Bradgley Rodriguez,2026-06-29,824662,SD,0,4,4,1,0,2,R
670970,Adrian Morejon,2026-06-29,824662,SD,0,5,4,0,0,2,L
592094,Jason Adam,2026-06-29,824662,SD,0,5,5,2,0,1,R
695243,Mason Miller,2026-06-29,824662,SD,0,3,3,2,0,0,R
624133,Ranger Suarez,2026-06-29,824741,BOS,1,24,23,5,1,8,L
543056,Danny Coulombe,2026-06-29,824741,BOS,0,3,2,0,0,0,L
594027,Tyron Guerrero,2026-06-29,824741,BOS,0,4,4,1,0,2,R
676477,Garrett Whitlock,2026-06-29,824741,BOS,0,4,4,1,0,2,R
571945,Miles Mikolas,2026-06-29,824741,WSH,1,30,28,9,2,3,R
687849,Zak Kent,2026-06-29,824741,WSH,0,3,2,0,0,1,R
669358,Shane Baz,2026-06-29,824822,BAL,1,27,23,4,0,6,R
664991,Grant Wolfram,2026-06-29,824822,BAL,0,4,3,1,0,1,L
670329,Rico Garcia,2026-06-29,824822,BAL,0,2,2,1,0,0,R
666974,Yennier Cano,2026-06-29,824822,BAL,0,5,5,4,0,0,R
677020,Josh Walker,2026-06-29,824822,BAL,0,3,3,0,0,1,L
680732,Sean Burke,2026-06-29,824822,CWS,1,23,18,4,0,8,R
669684,Chris Murphy,2026-06-29,824822,CWS,0,3,2,0,0,0,L
691799,Grant Taylor,2026-06-29,824822,CWS,0,6,6,0,0,2,R
685126,Brandon Eisert,2026-06-29,824822,CWS,0,3,3,0,0,3,L
695611,Gage Jump,2026-06-29,824986,ATH,1,24,24,11,2,5,L
640454,Matt Krook,2026-06-29,824986,ATH,0,4,3,2,1,1,L
686993,Justin Sterner,2026-06-29,824986,ATH,0,4,4,1,0,2,R
695034,Kade Morris,2026-06-29,824986,ATH,0,13,12,3,0,2,R
641778,Eric Lauer,2026-06-29,824986,LAD,1,28,27,9,1,2,L
669165,Kyle Hurt,2026-06-29,824986,LAD,0,3,3,0,0,3,R
642546,Jonathan Hernández,2026-06-29,824986,LAD,0,7,6,2,0,1,R
676263,Jack Dreyer,2026-06-29,824986,LAD,0,3,2,0,0,1,L
593958,Eduardo Rodriguez,2026-06-29,825065,AZ,1,26,25,5,0,1,L
656464,Kevin Ginkel,2026-06-29,825065,AZ,0,4,2,1,0,1,R
805299,Brandyn Garcia,2026-06-29,825065,AZ,0,1,1,0,0,1,L
623149,Paul Sewald,2026-06-29,825065,AZ,0,6,6,3,1,0,R
641816,Tyler Mahle,2026-06-29,825065,SF,1,19,16,4,1,3,R
656529,Sam Hentges,2026-06-29,825065,SF,0,3,1,1,0,0,L
664141,JT Brubaker,2026-06-29,825065,SF,0,11,10,1,1,0,R
592332,Kevin Gausman,2026-06-30,822793,TOR,1,25,23,5,1,7,R
689254,Mason Fluharty,2026-06-30,822793,TOR,0,4,4,1,1,1,L
667297,Tommy Nance,2026-06-30,822793,TOR,0,7,5,1,0,2,R
671936,Adam Macko,2026-06-30,822793,TOR,0,1,1,0,0,1,L
690997,Nolan McLean,2026-06-30,822793,NYM,1,25,23,5,0,7,R
548384,Brooks Raley,2026-06-30,822793,NYM,0,3,3,0,0,2,L
596133,Luke Weaver,2026-06-30,822793,NYM,0,3,3,0,0,0,R
642207,Devin Williams,2026-06-30,822793,NYM,0,4,4,1,0,0,R
693433,Bryan Woo,2026-06-30,823122,SEA,1,25,24,4,0,5,R
660825,Eduard Bazardo,2026-06-30,823122,SEA,0,5,4,2,0,0,R
621074,Michael Rucker,2026-06-30,823122,SEA,0,3,2,0,0,0,R
662253,Andrés Muñoz,2026-06-30,823122,SEA,0,3,3,0,0,1,R
667755,José Soriano,2026-06-30,823122,LAA,1,22,21,6,0,9,R
681217,Chase Silseth,2026-06-30,823122,LAA,0,6,5,2,0,3,R
608718,Brent Suter,2026-06-30,823122,LAA,0,8,7,4,0,3,L
666171,Ryan Zeferjahn,2026-06-30,823122,LAA,0,3,3,1,0,1,R
650911,Cristopher Sánchez,2026-06-30,823445,PHI,1,26,24,3,0,9,L
680742,Jonathan Bowlan,2026-06-30,823445,PHI,0,5,4,1,0,3,R
642152,Lou Trivino III,2026-06-30,823445,PHI,0,4,4,1,0,1,R
696149,Bubba Chandler,2026-06-30,823445,PIT,1,29,25,7,0,6,R
676755,Isaac Mattson,2026-06-30,823445,PIT,0,3,3,1,0,0,R
684049,Brandan Bidois,2026-06-30,823445,PIT,0,7,6,4,1,2,R
682997,Tyler Callihan,2026-06-30,823445,PIT,0,1,1,0,0,0,R
693645,Cam Schlittler,2026-06-30,823528,NYY,1,20,19,7,4,5,R
642232,Ryan Yarbrough,2026-06-30,823528,NYY,0,9,9,2,1,0,L
672442,Yovanny Cruz,2026-06-30,823528,NYY,0,6,6,0,0,3,R
656234,Jake Bird,2026-06-30,823528,NYY,0,4,4,2,0,0,R
669373,Tarik Skubal,2026-06-30,823528,DET,1,20,19,1,1,9,L
621097,Jacob Waguespack,2026-06-30,823528,DET,0,7,7,1,0,2,R
663947,Tyler Holton,2026-06-30,823528,DET,0,6,5,2,0,0,L
687075,Brandon Sproat,2026-06-30,823768,MIL,1,21,19,4,1,7,R
694477,Chad Patrick,2026-06-30,823768,MIL,0,5,5,0,0,1,R
657649,Jared Koenig,2026-06-30,823768,MIL,0,3,3,1,0,0,L
681982,Grant Anderson,2026-06-30,823768,MIL,0,4,4,1,0,2,R
695076,Rhett Lowder,2026-06-30,823768,CIN,1,26,24,11,1,8,R
657571,Caleb Ferguson,2026-06-30,823768,CIN,0,4,3,1,0,1,L
670062,Julian Garcia,2026-06-30,823768,CIN,0,9,9,2,1,3,R
702070,Noah Cameron,2026-06-30,824096,KC,1,21,17,9,2,0,L
657756,Connor Seabold,2026-06-30,824096,KC,0,5,2,0,0,0,R
672021,Eric Cerantola,2026-06-30,824096,KC,0,9,3,1,0,0,R
694360,Beck Way,2026-06-30,824096,KC,0,4,4,1,0,1,R
674444,Steven Cruz,2026-06-30,824096,KC,0,3,3,0,0,1,R
668674,Lucas Erceg,2026-06-30,824096,KC,0,3,3,0,0,0,R
643377,Griffin Jax,2026-06-30,824096,TB,1,22,22,5,2,5,R
592155,Cam Booser,2026-06-30,824096,TB,0,4,3,0,0,1,L
642121,Cole Sulser,2026-06-30,824096,TB,0,4,4,1,1,1,R
518886,Craig Kimbrel,2026-06-30,824096,TB,0,3,3,0,0,0,R
681347,Mike Burrows,2026-06-30,824175,HOU,1,23,20,6,0,3,R
660853,Enyel De Los Santos,2026-06-30,824175,HOU,0,3,3,0,0,1,R
595345,Steven Okert,2026-06-30,824175,HOU,0,3,3,0,0,2,L
687911,Bryan King,2026-06-30,824175,HOU,0,3,3,0,0,1,L
623352,Josh Hader,2026-06-30,824175,HOU,0,3,3,0,0,2,L
657746,Joe Ryan,2026-06-30,824175,MIN,1,21,18,5,1,5,R
679358,Eric Orze,2026-06-30,824175,MIN,0,7,6,0,0,3,R
694397,Marco Raya,2026-06-30,824175,MIN,0,8,8,2,0,1,R
685299,Tanner Gordon,2026-06-30,824338,COL,1,24,23,9,1,4,R
678020,Seth Halvorsen,2026-06-30,824338,COL,0,8,7,4,0,0,R
605154,John Brebbia,2026-06-30,824338,COL,0,10,10,5,2,1,R
664954,Brett Sullivan,2026-06-30,824338,COL,0,8,7,3,0,0,R
691587,Eury Pérez,2026-06-30,824338,MIA,1,22,17,2,1,8,R
669199,Lake Bachar,2026-06-30,824338,MIA,0,2,2,0,0,0,R
694350,Zach Brzykcy,2026-06-30,824338,MIA,0,9,7,1,0,2,R
806188,Cade Gibson,2026-06-30,824338,MIA,0,5,5,2,0,2,L
676440,Tanner Bibee,2026-06-30,824418,CLE,1,26,26,5,1,2,R
542888,Shawn Armstrong,2026-06-30,824418,CLE,0,4,4,1,1,1,R
682982,Daniel Espino,2026-06-30,824418,CLE,0,3,3,0,0,2,R
594798,Jacob deGrom,2026-06-30,824418,TEX,1,25,25,4,1,9,R
682608,Peyton Gray,2026-06-30,824418,TEX,0,4,4,1,0,1,R
656641,Jacob Latz,2026-06-30,824418,TEX,0,3,3,0,0,2,L
571510,Matthew Boyd,2026-06-30,824661,CHC,1,24,23,8,2,2,L
665871,Javier Assad,2026-06-30,824661,CHC,0,14,12,5,2,1,R
621053,Tyler Ferguson,2026-06-30,824661,CHC,0,3,3,0,0,1,R
669020,Ryan Rolison,2026-06-30,824661,CHC,0,1,1,0,0,0,L
676664,JP Sears,2026-06-30,824661,SD,1,25,22,8,3,4,L
676760,Ron Marinaccio,2026-06-30,824661,SD,0,11,8,3,2,1,R
593974,Wandy Peralta,2026-06-30,824661,SD,0,6,6,2,0,0,L
813349,Connelly Early,2026-06-30,824742,BOS,1,15,13,3,0,5,L
543056,Danny Coulombe,2026-06-30,824742,BOS,0,4,3,2,0,0,L
669711,Greg Weissert,2026-06-30,824742,BOS,0,7,6,1,0,1,R
686580,Justin Slaten,2026-06-30,824742,BOS,0,4,4,2,0,2,R
592454,Tommy Kahnle,2026-06-30,824742,BOS,0,8,7,4,1,0,R
670245,Ryan Watson,2026-06-30,824742,BOS,0,3,3,0,0,0,R
676917,Cade Cavalli,2026-06-30,824742,WSH,1,23,23,1,0,13,R
687377,Orlando Ribalta,2026-06-30,824742,WSH,0,4,4,2,0,0,R
687849,Zak Kent,2026-06-30,824742,WSH,0,4,4,1,0,0,R
694346,Trey Gibson,2026-06-30,824819,BAL,1,21,15,7,2,5,R
677020,Josh Walker,2026-06-30,824819,BAL,0,6,6,2,0,1,L
552640,Andrew Kittredge,2026-06-30,824819,BAL,0,4,4,1,0,2,R
544150,Albert Suárez,2026-06-30,824819,BAL,0,10,10,1,0,4,R
670329,Rico Garcia,2026-06-30,824819,BAL,0,3,3,0,0,1,R
607200,Erick Fedde,2026-06-30,824819,CWS,1,23,20,5,0,3,R
805326,Tyler Schweitzer,2026-06-30,824819,CWS,0,15,15,4,0,3,L
527048,Martín Pérez,2026-06-30,824907,ATL,1,23,20,5,2,1,L
675916,James Karinchak,2026-06-30,824907,ATL,0,4,2,0,0,1,R
689266,Dylan Dodd,2026-06-30,824907,ATL,0,3,3,0,0,2,L
641656,Ian Hamilton,2026-06-30,824907,ATL,0,5,4,1,0,1,R
628452,Raisel Iglesias,2026-06-30,824907,ATL,0,3,3,0,0,1,R
669461,Matthew Liberatore,2026-06-30,824907,STL,1,21,15,1,0,9,L
666277,George Soriano,2026-06-30,824907,STL,0,6,5,0,0,1,R
668941,JoJo Romero,2026-06-30,824907,STL,0,6,6,4,0,1,L
681676,Ryan Fernandez,2026-06-30,824907,STL,0,4,2,0,0,1,R
676617,Riley O'Brien,2026-06-30,824907,STL,0,4,4,1,0,0,R
605488,Jeffrey Springs,2026-06-30,824984,ATH,1,28,23,8,2,2,L
665660,Elvis Alvarado,2026-06-30,824984,ATH,0,2,2,0,0,0,R
664129,Geoff Hartlieb,2026-06-30,824984,ATH,0,15,13,6,0,1,R
680736,Justin Wrobleski,2026-06-30,824984,LAD,1,27,27,7,1,11,L
592779,Brock Stewart,2026-06-30,824984,LAD,0,4,3,0,0,1,R
670090,Wyatt Mills,2026-06-30,824984,LAD,0,3,3,0,0,3,R
694297,Brandon Pfaadt,2026-06-30,825066,AZ,1,19,18,3,1,2,R
664199,Taylor Clarke,2026-06-30,825066,AZ,0,4,4,1,1,0,R
657044,Ryan Thompson,2026-06-30,825066,AZ,0,2,2,0,0,0,R
666661,Juan Morillo,2026-06-30,825066,AZ,0,3,3,0,0,0,R
686753,Drey Jameson,2026-06-30,825066,AZ,0,4,3,0,0,1,R
694738,Landen Roupp,2026-06-30,825066,SF,1,19,13,5,1,4,R
605288,Adrian Houser,2026-06-30,825066,SF,0,22,21,5,1,1,R
680755,Braydon Fisher,2026-07-01,822791,TOR,1,4,3,0,0,1,R
693686,Spencer Miles,2026-07-01,822791,TOR,0,11,10,1,0,5,R
571578,Patrick Corbin,2026-07-01,822791,TOR,0,18,18,4,2,5,L
642547,Freddy Peralta,2026-07-01,822791,NYM,1,22,19,7,1,4,R
680702,Joey Gerber,2026-07-01,822791,NYM,0,4,3,0,0,0,R
672335,Cionel Pérez,2026-07-01,822791,NYM,0,8,7,5,1,2,L
621345,A.J. Minter,2026-07-01,822791,NYM,0,4,4,0,0,1,L
554430,Zack Wheeler,2026-07-01,823446,PHI,1,24,23,9,1,10,R
679775,Kyle Backhus,2026-07-01,823446,PHI,0,5,3,1,0,1,L
686751,Seth Johnson,2026-07-01,823446,PHI,0,6,4,1,0,1,R
689147,Orion Kerkering,2026-07-01,823446,PHI,0,5,5,0,0,0,R
661395,Jhoan Duran,2026-07-01,823446,PHI,0,4,4,1,0,1,R
694973,Paul Skenes,2026-07-01,823446,PIT,1,22,19,6,2,5,R
676742,Cam Sanders,2026-07-01,823446,PIT,0,8,6,1,0,2,R
670990,Yohan Ramírez,2026-07-01,823446,PIT,0,7,6,2,0,4,R
642701,Dennis Santana,2026-07-01,823446,PIT,0,5,5,2,1,2,R
701542,Will Warren,2026-07-01,823530,NYY,1,22,20,5,1,7,R
621112,Paul Blackburn,2026-07-01,823530,NYY,0,6,5,0,0,1,R
687396,Brent Headrick,2026-07-01,823530,NYY,0,4,4,0,0,1,L
518585,Fernando Cruz,2026-07-01,823530,NYY,0,5,5,0,0,1,R
666808,Camilo Doval,2026-07-01,823530,NYY,0,7,4,1,0,0,R
675512,Troy Melton,2026-07-01,823530,DET,1,22,21,2,0,7,R
805427,Drew Sommers,2026-07-01,823530,DET,0,2,2,0,0,1,L
623454,Drew Anderson,2026-07-01,823530,DET,0,10,9,5,1,1,R
672456,Keider Montero,2026-07-01,823530,DET,0,7,5,0,0,3,R
675660,Shane Drohan,2026-07-01,823767,MIL,1,23,22,6,1,7,L
676879,Aaron Ashby,2026-07-01,823767,MIL,0,5,5,1,0,2,L
682842,Abner Uribe,2026-07-01,823767,MIL,0,2,2,0,0,0,R
656730,Trevor Megill,2026-07-01,823767,MIL,0,4,4,1,0,1,R
671096,Andrew Abbott,2026-07-01,823767,CIN,1,25,19,5,0,3,L
622088,Tejay Antone,2026-07-01,823767,CIN,0,4,3,0,0,0,R
656271,Brock Burke,2026-07-01,823767,CIN,0,5,4,2,0,0,L
572955,Pierce Johnson,2026-07-01,823767,CIN,0,4,4,1,0,0,R
641941,Emilio Pagán,2026-07-01,823767,CIN,0,2,1,0,0,1,R
607625,Seth Lugo,2026-07-01,824094,KC,1,26,25,9,2,7,R
621381,Matt Strahm,2026-07-01,824094,KC,0,3,3,0,0,0,L
621016,Jose Cuas,2026-07-01,824094,KC,0,8,8,2,0,3,R
663556,Shane McClanahan,2026-07-01,824094,TB,1,20,20,3,0,4,L
642121,Cole Sulser,2026-07-01,824094,TB,0,4,4,1,0,2,R
664076,Garrett Cleavinger,2026-07-01,824094,TB,0,4,3,1,0,1,L
687330,Kevin Kelly,2026-07-01,824094,TB,0,5,5,1,0,0,R
837227,Tatsuya Imai,2026-07-01,824174,HOU,1,13,8,4,2,2,R
805123,AJ Blubaugh,2026-07-01,824174,HOU,0,10,10,2,0,3,R
663878,Nate Pearson,2026-07-01,824174,HOU,0,5,3,1,0,1,R
699044,Miguel Ullola,2026-07-01,824174,HOU,0,6,6,0,0,3,R
650556,Bryan Abreu,2026-07-01,824174,HOU,0,7,7,1,1,3,R
671737,Taj Bradley,2026-07-01,824174,MIN,1,21,18,4,0,11,R
689520,Cody Laweryson,2026-07-01,824174,MIN,0,6,5,2,0,0,R
702193,Andrew Morris,2026-07-01,824174,MIN,0,5,4,1,0,0,R
573124,Taylor Rogers,2026-07-01,824174,MIN,0,3,3,0,0,1,L
672782,Yoendrys Gómez,2026-07-01,824174,MIN,0,5,5,1,0,1,R
607536,Kyle Freeland,2026-07-01,824337,COL,1,21,20,6,0,7,L
675848,Juan Mejia,2026-07-01,824337,COL,0,8,7,1,1,3,R
623474,Jimmy Herget,2026-07-01,824337,COL,0,3,3,0,0,0,R
657514,Brennan Bernardino,2026-07-01,824337,COL,0,3,3,0,0,1,L
676974,Max Meyer,2026-07-01,824337,MIA,1,25,25,6,2,5,R
676604,Tyler Zuber,2026-07-01,824337,MIA,0,4,4,1,1,0,R
667463,John King,2026-07-01,824337,MIA,0,3,3,0,0,1,L
676282,Joey Cantillo,2026-07-01,824419,CLE,1,23,17,3,0,4,L
670059,Colin Holderman,2026-07-01,824419,CLE,0,6,6,3,0,1,R
683769,Hunter Gaddis,2026-07-01,824419,CLE,0,3,2,1,0,1,R
682120,Tim Herrin,2026-07-01,824419,CLE,0,1,1,0,0,0,L
681870,Erik Sabrowski,2026-07-01,824419,CLE,0,4,4,1,1,2,L
670036,Matt Festa,2026-07-01,824419,CLE,0,3,3,0,0,0,R
669022,MacKenzie Gore,2026-07-01,824419,TEX,1,24,22,7,1,7,L
668390,Cole Winn,2026-07-01,824419,TEX,0,5,5,2,0,0,R
692437,Winston Santos,2026-07-01,824419,TEX,0,9,8,2,1,1,R
607067,Colin Rea,2026-07-01,824660,CHC,1,25,20,6,1,5,R
663423,Trent Thornton,2026-07-01,824660,CHC,0,3,3,0,0,0,R
696136,Jordan Wicks,2026-07-01,824660,CHC,0,13,13,5,0,2,L
621111,Walker Buehler,2026-07-01,824660,SD,1,23,19,7,3,6,R
606996,Kyle Hart,2026-07-01,824660,SD,0,12,10,3,3,4,L
660710,Rodolfo Durán,2026-07-01,824660,SD,0,14,13,7,2,0,R
801139,Payton Tolle,2026-07-01,824740,BOS,1,20,17,7,2,5,L
670245,Ryan Watson,2026-07-01,824740,BOS,0,8,7,3,0,1,R
663558,Jovani Morán,2026-07-01,824740,BOS,0,7,5,0,0,3,L
687941,Alec Gamboa,2026-07-01,824740,BOS,0,13,9,3,1,1,L
695418,Brad Lord,2026-07-01,824740,WSH,1,11,9,2,0,1,R
674841,Andrew Alvarez,2026-07-01,824740,WSH,0,17,15,2,0,6,L
683000,Riley Cornelio,2026-07-01,824740,WSH,0,7,6,3,0,2,R
687223,Carson Palmquist,2026-07-01,824740,WSH,0,5,5,2,0,1,L
665152,Dean Kremer,2026-07-01,824818,BAL,1,22,21,4,1,4,R
669330,Tyler Wells,2026-07-01,824818,BAL,0,6,6,0,0,2,R
552640,Andrew Kittredge,2026-07-01,824818,BAL,0,3,3,0,0,0,R
702273,Noah Schultz,2026-07-01,824818,CWS,1,18,14,2,1,7,L
663542,Bryan Hudson,2026-07-01,824818,CWS,0,3,2,2,0,0,L
670950,Trevor Richards,2026-07-01,824818,CWS,0,7,5,1,0,2,R
663855,Jordan Hicks,2026-07-01,824818,CWS,0,5,4,1,0,2,R
685126,Brandon Eisert,2026-07-01,824818,CWS,0,4,4,1,1,1,L
625643,Reynaldo López,2026-07-01,824905,ATL,1,18,17,2,0,6,R
689266,Dylan Dodd,2026-07-01,824905,ATL,0,3,3,0,0,1,L
800311,Didier Fuentes,2026-07-01,824905,ATL,0,3,3,0,0,1,R
669276,Dylan Lee,2026-07-01,824905,ATL,0,3,3,0,0,2,L
628452,Raisel Iglesias,2026-07-01,824905,ATL,0,3,3,0,0,1,R
700241,Michael McGreevy,2026-07-01,824905,STL,1,22,21,3,1,3,R
691008,Max Rajcic,2026-07-01,824905,STL,0,5,3,0,0,1,R
677865,Justin Bruihl,2026-07-01,824905,STL,0,4,3,1,0,0,L
700669,Gordon Graceffo,2026-07-01,824905,STL,0,4,4,3,0,1,R
669372,J.T. Ginn,2026-07-01,824985,ATH,1,25,20,3,1,4,R
665622,Luis Medina,2026-07-01,824985,ATH,0,7,6,1,0,3,R
663687,Hogan Harris,2026-07-01,824985,ATH,0,5,5,1,0,4,L
676263,Jack Dreyer,2026-07-01,824985,LAD,1,3,3,0,0,3,L
656212,Charlie Barnes,2026-07-01,824985,LAD,0,34,32,12,3,2,L
668678,Zac Gallen,2026-07-01,825064,AZ,1,24,23,7,2,4,R
657044,Ryan Thompson,2026-07-01,825064,AZ,0,3,3,2,0,0,R
642528,Jonathan Loáisiga,2026-07-01,825064,AZ,0,5,5,2,0,1,R
664199,Taylor Clarke,2026-07-01,825064,AZ,0,3,3,0,0,0,R
805299,Brandyn Garcia,2026-07-01,825064,AZ,0,4,4,0,0,1,L
686790,Trevor McDonald,2026-07-01,825064,SF,1,19,19,1,0,5,R
669062,Erik Miller,2026-07-01,825064,SF,0,5,4,1,0,2,L
676254,Ryan Walker,2026-07-01,825064,SF,0,4,4,4,0,0,R
681916,Dylan Smith,2026-07-01,825064,SF,0,4,4,1,0,1,R
668873,Caleb Kilian,2026-07-01,825064,SF,0,3,3,0,0,2,R
543135,Nathan Eovaldi,2026-07-02,822884,TEX,1,22,21,6,2,9,R
641302,Tyler Alexander,2026-07-02,822884,TEX,0,4,3,1,0,1,L
682608,Peyton Gray,2026-07-02,822884,TEX,0,4,3,1,0,1,R
695239,Robby Ahlstrom,2026-07-02,822884,TEX,0,2,2,0,0,1,L
668390,Cole Winn,2026-07-02,822884,TEX,0,5,5,2,0,1,R
686560,Gavin Collyer,2026-07-02,822884,TEX,0,4,4,1,0,1,R
664285,Framber Valdez,2026-07-02,822884,DET,1,26,23,9,1,1,L
689225,Beau Brieske,2026-07-02,822884,DET,0,6,6,1,1,1,R
805427,Drew Sommers,2026-07-02,822884,DET,0,5,4,4,0,0,L
445276,Kenley Jansen,2026-07-02,822884,DET,0,2,1,0,0,0,R
640448,Kyle Finnegan,2026-07-02,822884,DET,0,6,6,3,1,1,R
682243,Bryce Miller,2026-07-02,823119,SEA,1,24,24,2,0,8,R
660825,Eduard Bazardo,2026-07-02,823119,SEA,0,3,3,0,0,2,R
662253,Andrés Muñoz,2026-07-02,823119,SEA,0,5,4,2,0,0,R
700712,Walbert Ureña,2026-07-02,823119,LAA,1,24,18,1,0,6,R
696519,Samy Natera Jr.,2026-07-02,823119,LAA,0,4,4,0,0,3,L
696147,Sam Bachman,2026-07-02,823119,LAA,0,4,4,1,0,1,R
660604,Alan Rangel,2026-07-02,823442,PHI,1,18,14,3,0,4,R
641835,Tim Mayza,2026-07-02,823442,PHI,0,5,5,3,0,1,L
680742,Jonathan Bowlan,2026-07-02,823442,PHI,0,5,5,2,0,2,R
621237,José Alvarado,2026-07-02,823442,PHI,0,6,6,3,0,2,L
642152,Lou Trivino III,2026-07-02,823442,PHI,0,7,4,2,1,2,R
679775,Kyle Backhus,2026-07-02,823442,PHI,0,4,4,1,1,1,L
683003,Jared Jones,2026-07-02,823442,PIT,1,16,14,2,0,6,R
669387,Carmen Mlodzinski,2026-07-02,823442,PIT,0,11,11,2,0,0,R
642397,Gregory Soto,2026-07-02,823442,PIT,0,3,3,0,0,1,L
682254,Mason Montgomery,2026-07-02,823442,PIT,0,3,3,0,0,3,L
694819,Jacob Misiorowski,2026-07-02,823765,MIL,1,21,20,5,2,10,R
681982,Grant Anderson,2026-07-02,823765,MIL,0,6,6,1,1,2,R
657649,Jared Koenig,2026-07-02,823765,MIL,0,4,2,1,0,0,L
669270,Joel Kuhnel,2026-07-02,823765,MIL,0,6,6,3,0,0,R
668831,Garrett Stallings,2026-07-02,823765,MIL,0,5,4,1,0,1,R
695505,Chase Burns,2026-07-02,823765,CIN,1,23,21,4,1,4,R
594580,Sam Moll,2026-07-02,823765,CIN,0,5,4,0,0,1,L
622088,Tejay Antone,2026-07-02,823765,CIN,0,2,2,0,0,1,R
656271,Brock Burke,2026-07-02,823765,CIN,0,3,3,0,0,1,L
808963,Roki Sasaki,2026-07-02,823935,LAD,1,18,16,7,3,3,R
694361,Will Klein,2026-07-02,823935,LAD,0,7,7,1,0,3,R
592779,Brock Stewart,2026-07-02,823935,LAD,0,3,3,1,0,0,R
681911,Alex Vesia,2026-07-02,823935,LAD,0,4,3,0,0,1,L
683618,Edgardo Henriquez,2026-07-02,823935,LAD,0,3,3,0,0,1,R
801434,Paul Gervase,2026-07-02,823935,LAD,0,4,2,0,0,1,R
656945,Tanner Scott,2026-07-02,823935,LAD,0,2,2,1,0,0,L
681190,Randy Vásquez,2026-07-02,823935,SD,1,16,15,7,1,0,R
593974,Wandy Peralta,2026-07-02,823935,SD,0,9,9,6,0,2,L
673513,Yuki Matsui,2026-07-02,823935,SD,0,7,5,2,0,1,L
608566,Germán Márquez,2026-07-02,823935,SD,0,13,9,2,0,1,R
663568,Stephen Kolek,2026-07-02,824093,KC,1,11,10,4,0,0,R
677976,Randy Dobnak,2026-07-02,824093,KC,0,18,17,6,1,2,R
670167,John Schreiber,2026-07-02,824093,KC,0,3,3,0,0,0,R
663738,Daniel Lynch IV,2026-07-02,824093,KC,0,3,3,0,0,1,L
674444,Steven Cruz,2026-07-02,824093,KC,0,4,3,1,0,0,R
693855,Ian Seymour,2026-07-02,824093,TB,1,23,22,3,1,8,L
592155,Cam Booser,2026-07-02,824093,TB,0,4,4,1,1,1,L
664076,Garrett Cleavinger,2026-07-02,824093,TB,0,4,4,1,0,0,L
641329,Bryan Baker,2026-07-02,824093,TB,0,3,3,0,0,1,R
547179,Michael Lorenzen,2026-07-02,824335,COL,1,23,15,3,0,1,R
657514,Brennan Bernardino,2026-07-02,824335,COL,0,5,5,1,0,0,L
680767,Victor Vodnik,2026-07-02,824335,COL,0,4,4,1,0,0,R
688642,Zach Agnos,2026-07-02,824335,COL,0,7,7,1,0,2,R
687473,Ryan Gusto,2026-07-02,824335,MIA,1,16,13,4,1,2,R
667463,John King,2026-07-02,824335,MIA,0,7,6,1,1,1,L
676534,Calvin Faucher,2026-07-02,824335,MIA,0,5,4,3,0,1,R
806188,Cade Gibson,2026-07-02,824335,MIA,0,10,8,4,0,0,L
691594,Javier Sanoja,2026-07-02,824335,MIA,0,7,4,2,0,0,R
677944,Slade Cecconi,2026-07-02,824416,CLE,1,25,24,9,1,3,R
682982,Daniel Espino,2026-07-02,824416,CLE,0,7,6,1,0,2,R
542888,Shawn Armstrong,2026-07-02,824416,CLE,0,4,4,0,0,0,R
682120,Tim Herrin,2026-07-02,824416,CLE,0,3,3,0,0,1,L
663436,Davis Martin,2026-07-02,824416,CWS,1,19,14,6,0,0,R
669684,Chris Murphy,2026-07-02,824416,CWS,0,5,5,0,0,0,L
656794,Sean Newcomb,2026-07-02,824416,CWS,0,6,4,1,0,1,L
685126,Brandon Eisert,2026-07-02,824416,CWS,0,4,4,1,1,1,L
691799,Grant Taylor,2026-07-02,824416,CWS,0,7,5,1,1,2,R
694462,Hurston Waldrep,2026-07-02,824906,ATL,1,22,20,5,1,4,R
641755,Tyler Kinley,2026-07-02,824906,ATL,0,4,3,2,1,0,R
669276,Dylan Lee,2026-07-02,824906,ATL,0,4,4,3,0,0,L
641656,Ian Hamilton,2026-07-02,824906,ATL,0,8,8,3,0,0,R
675916,James Karinchak,2026-07-02,824906,ATL,0,6,5,2,1,0,R
669160,Dustin May,2026-07-02,824906,STL,1,9,6,5,0,1,R
677865,Justin Bruihl,2026-07-02,824906,STL,0,10,9,1,0,2,L
681676,Ryan Fernandez,2026-07-02,824906,STL,0,5,5,1,0,0,R
700669,Gordon Graceffo,2026-07-02,824906,STL,0,3,3,0,0,0,R
668941,JoJo Romero,2026-07-02,824906,STL,0,4,4,1,0,1,L
666277,George Soriano,2026-07-02,824906,STL,0,4,3,0,0,0,R
694335,Matt Svanson,2026-07-02,824906,STL,0,3,3,0,0,2,R
656492,Foster Griffin,2026-07-03,822714,WSH,1,20,19,4,1,2,L
687377,Orlando Ribalta,2026-07-03,822714,WSH,0,4,4,1,0,2,R
664875,Justin Lawrence,2026-07-03,822714,WSH,0,5,3,1,0,1,R
690925,Clayton Beeter,2026-07-03,822714,WSH,0,1,1,0,0,1,R
687849,Zak Kent,2026-07-03,822714,WSH,0,13,13,7,0,1,R
656605,Mitch Keller,2026-07-03,822714,PIT,1,26,26,8,3,1,R
676755,Isaac Mattson,2026-07-03,822714,PIT,0,8,7,3,2,1,R
682997,Tyler Callihan,2026-07-03,822714,PIT,0,5,3,1,0,0,R
622491,Luis Castillo,2026-07-03,823120,SEA,1,26,24,5,0,4,R
678606,José A. Ferrer,2026-07-03,823120,SEA,0,4,3,0,0,1,L
621074,Michael Rucker,2026-07-03,823120,SEA,0,4,4,1,0,0,R
689546,Nick Davila,2026-07-03,823120,SEA,0,3,3,0,0,0,R
656302,Dylan Cease,2026-07-03,823120,TOR,1,24,23,3,0,9,R
656546,Jeff Hoffman,2026-07-03,823120,TOR,0,4,3,0,0,2,R
686973,Louis Varland,2026-07-03,823120,TOR,0,4,4,1,0,1,R
543037,Gerrit Cole,2026-07-03,823527,NYY,1,20,20,5,1,7,R
687396,Brent Headrick,2026-07-03,823527,NYY,0,3,3,0,0,2,L
621112,Paul Blackburn,2026-07-03,823527,NYY,0,3,3,0,0,2,R
518585,Fernando Cruz,2026-07-03,823527,NYY,0,6,4,1,0,0,R
670280,David Bednar,2026-07-03,823527,NYY,0,3,3,0,0,3,R
702474,Mike Paredes,2026-07-03,823527,MIN,1,18,16,4,2,2,R
681892,Kody Funderburk,2026-07-03,823527,MIN,0,6,6,0,0,2,L
679358,Eric Orze,2026-07-03,823527,MIN,0,9,6,2,0,0,R
660271,Shohei Ohtani,2026-07-03,823933,LAD,1,27,25,7,1,9,R
669165,Kyle Hurt,2026-07-03,823933,LAD,0,4,3,1,0,1,R
683618,Edgardo Henriquez,2026-07-03,823933,LAD,0,3,3,0,0,1,R
656945,Tanner Scott,2026-07-03,823933,LAD,0,3,3,0,0,3,L
650633,Michael King,2026-07-03,823933,SD,1,23,21,3,0,5,R
670970,Adrian Morejon,2026-07-03,823933,SD,0,7,5,2,1,0,L
699134,Bradgley Rodriguez,2026-07-03,823933,SD,0,4,3,0,0,0,R
672282,Reid Detmers,2026-07-03,824013,LAA,1,26,21,7,1,5,L
820862,José Fermin,2026-07-03,824013,LAA,0,4,4,1,0,2,R
815083,Mitch Farris,2026-07-03,824013,LAA,0,7,7,2,0,1,L
489446,Kirby Yates,2026-07-03,824013,LAA,0,3,3,1,0,2,R
687562,Jake Bennett,2026-07-03,824013,BOS,1,28,28,5,1,6,L
676477,Garrett Whitlock,2026-07-03,824013,BOS,0,1,1,0,0,0,R
547973,Aroldis Chapman,2026-07-03,824013,BOS,0,4,4,2,0,1,L
681293,Spencer Arrighetti,2026-07-03,824173,HOU,1,19,18,2,1,4,R
595345,Steven Okert,2026-07-03,824173,HOU,0,4,4,1,1,2,L
660853,Enyel De Los Santos,2026-07-03,824173,HOU,0,8,8,2,0,2,R
607259,Nick Martinez,2026-07-03,824173,TB,1,21,19,3,1,3,R
687330,Kevin Kelly,2026-07-03,824173,TB,0,5,5,0,0,0,R
668984,Casey Legumina,2026-07-03,824173,TB,0,3,3,0,0,0,R
641329,Bryan Baker,2026-07-03,824173,TB,0,3,3,0,0,1,R
663372,Ryan Feltner,2026-07-03,824336,COL,1,24,24,6,1,9,R
687312,Gabriel Hughes,2026-07-03,824336,COL,0,11,10,2,0,1,R
657277,Logan Webb,2026-07-03,824336,SF,1,21,19,11,2,2,R
657424,Matt Gage,2026-07-03,824336,SF,0,10,8,4,1,1,L
676254,Ryan Walker,2026-07-03,824336,SF,0,12,10,2,0,1,R
664141,JT Brubaker,2026-07-03,824336,SF,0,5,3,1,0,2,R
668909,Gavin Williams,2026-07-03,824417,CLE,1,20,17,5,1,6,R
680916,Franco Aleman,2026-07-03,824417,CLE,0,4,4,0,0,1,R
683769,Hunter Gaddis,2026-07-03,824417,CLE,0,4,4,1,0,1,R
670059,Colin Holderman,2026-07-03,824417,CLE,0,3,3,0,0,1,R
671922,Cade Smith,2026-07-03,824417,CLE,0,3,3,0,0,0,R
681870,Erik Sabrowski,2026-07-03,824417,CLE,0,3,3,0,0,2,L
641743,Anthony Kay,2026-07-03,824417,CWS,1,14,11,1,0,2,L
663855,Jordan Hicks,2026-07-03,824417,CWS,0,4,4,1,0,3,R
669684,Chris Murphy,2026-07-03,824417,CWS,0,3,3,0,0,2,L
622554,Seranthony Domínguez,2026-07-03,824417,CWS,0,3,1,0,0,1,R
663542,Bryan Hudson,2026-07-03,824417,CWS,0,4,4,2,0,2,L
670950,Trevor Richards,2026-07-03,824417,CWS,0,8,7,0,0,3,R
656794,Sean Newcomb,2026-07-03,824417,CWS,0,2,2,2,0,0,L
663903,Brady Singer,2026-07-03,824498,CIN,1,21,16,3,1,6,R
657571,Caleb Ferguson,2026-07-03,824498,CIN,0,4,4,1,0,1,L
695534,Chase Petty,2026-07-03,824498,CIN,0,5,5,0,0,0,R
670062,Julian Garcia,2026-07-03,824498,CIN,0,3,3,0,0,0,R
669432,Trevor Rogers,2026-07-03,824498,BAL,1,22,17,2,0,4,L
670329,Rico Garcia,2026-07-03,824498,BAL,0,8,7,1,0,2,R
666974,Yennier Cano,2026-07-03,824498,BAL,0,4,4,1,0,0,R
669330,Tyler Wells,2026-07-03,824498,BAL,0,3,3,0,0,1,R
656849,David Peterson,2026-07-03,824659,CHC,1,23,19,9,1,3,L
669060,Bryse Wilson,2026-07-03,824659,CHC,0,21,18,8,2,4,R
668970,Gavin Hollowell,2026-07-03,824659,CHC,0,4,3,0,0,0,R
519141,Drew Pomeranz,2026-07-03,824659,CHC,0,3,3,0,0,0,L
669467,Andre Pallante,2026-07-03,824659,STL,1,24,23,5,0,2,R
691008,Max Rajcic,2026-07-03,824659,STL,0,9,9,2,0,3,R
592773,Ryne Stanek,2026-07-03,824659,STL,0,3,3,0,0,1,R
656550,Grant Holmes,2026-07-03,824904,ATL,1,22,21,5,1,2,R
689266,Dylan Dodd,2026-07-03,824904,ATL,0,4,4,1,0,1,L
664849,Danny Young,2026-07-03,824904,ATL,0,3,2,0,0,0,L
800311,Didier Fuentes,2026-07-03,824904,ATL,0,5,5,1,0,1,R
628452,Raisel Iglesias,2026-07-03,824904,ATL,0,6,6,3,0,1,R
681035,Christian Scott,2026-07-03,824904,NYM,1,18,14,2,2,7,R
621345,A.J. Minter,2026-07-03,824904,NYM,0,4,4,1,1,0,L
673540,Kodai Senga,2026-07-03,824904,NYM,0,10,10,2,1,4,R
680702,Joey Gerber,2026-07-03,824904,NYM,0,1,1,0,0,0,R
678022,Jack Perkins,2026-07-03,824982,ATH,1,23,18,7,2,8,R
660761,José Suarez,2026-07-03,824982,ATH,0,5,4,0,0,0,L
686993,Justin Sterner,2026-07-03,824982,ATH,0,4,4,1,1,0,R
643410,Mark Leiter Jr.,2026-07-03,824982,ATH,0,3,2,0,0,2,R
686930,Mason Barnett,2026-07-03,824982,ATH,0,11,9,3,2,2,R
663969,Tyler Phillips,2026-07-03,824982,MIA,1,18,16,7,1,2,R
656848,Michael Petersen,2026-07-03,824982,MIA,0,4,2,0,0,1,R
676604,Tyler Zuber,2026-07-03,824982,MIA,0,5,5,2,0,1,R
676534,Calvin Faucher,2026-07-03,824982,MIA,0,3,3,0,0,2,R
669199,Lake Bachar,2026-07-03,824982,MIA,0,6,6,0,0,1,R
687531,William Kempner,2026-07-03,824982,MIA,0,3,3,0,0,1,R
703615,Jose Cabrera,2026-07-03,825062,AZ,1,19,16,6,1,3,R
642528,Jonathan Loáisiga,2026-07-03,825062,AZ,0,5,5,1,0,1,R
656464,Kevin Ginkel,2026-07-03,825062,AZ,0,4,4,1,0,1,R
666661,Juan Morillo,2026-07-03,825062,AZ,0,3,3,0,0,1,R
805299,Brandyn Garcia,2026-07-03,825062,AZ,0,5,4,1,0,1,L
623149,Paul Sewald,2026-07-03,825062,AZ,0,4,4,1,0,0,R
664199,Taylor Clarke,2026-07-03,825062,AZ,0,3,3,0,0,1,R
657044,Ryan Thompson,2026-07-03,825062,AZ,0,7,4,2,0,2,R
690986,Kyle Harrison,2026-07-03,825062,MIL,1,15,14,5,0,3,L
694477,Chad Patrick,2026-07-03,825062,MIL,0,11,11,1,0,2,R
676879,Aaron Ashby,2026-07-03,825062,MIL,0,4,3,0,0,0,L
682842,Abner Uribe,2026-07-03,825062,MIL,0,4,4,1,0,1,R
656730,Trevor Megill,2026-07-03,825062,MIL,0,4,4,1,0,0,R
681982,Grant Anderson,2026-07-03,825062,MIL,0,7,6,1,0,1,R
687223,Carson Palmquist,2026-07-04,822716,WSH,1,8,7,4,0,3,L
641793,Zack Littell,2026-07-04,822716,WSH,0,21,20,4,0,3,R
683000,Riley Cornelio,2026-07-04,822716,WSH,0,11,9,3,0,3,R
677952,Braxton Ashcraft,2026-07-04,822716,PIT,1,23,21,6,1,7,R
670990,Yohan Ramírez,2026-07-04,822716,PIT,0,5,2,0,0,1,R
682254,Mason Montgomery,2026-07-04,822716,PIT,0,1,1,0,0,1,L
642701,Dennis Santana,2026-07-04,822716,PIT,0,3,3,0,0,1,R
676742,Cam Sanders,2026-07-04,822716,PIT,0,3,3,0,0,1,R
615698,Cal Quantrill,2026-07-04,822882,TEX,1,21,19,3,1,2,R
641302,Tyler Alexander,2026-07-04,822882,TEX,0,3,3,0,0,2,L
687239,Ben Peoples,2026-07-04,822882,TEX,0,8,8,2,0,1,R
455119,Chris Martin,2026-07-04,822882,TEX,0,4,4,1,0,1,R
656427,Jack Flaherty,2026-07-04,822882,DET,1,21,20,3,0,5,R
663947,Tyler Holton,2026-07-04,822882,DET,0,1,1,0,0,0,L
672456,Keider Montero,2026-07-04,822882,DET,0,10,9,0,0,0,R
669302,Logan Gilbert,2026-07-04,823118,SEA,1,23,23,1,0,7,R
677961,Cole Wilcox,2026-07-04,823118,SEA,0,5,5,0,0,1,R
669456,Shane Bieber,2026-07-04,823118,TOR,1,21,18,6,2,3,R
671936,Adam Macko,2026-07-04,823118,TOR,0,9,8,3,0,2,L
667297,Tommy Nance,2026-07-04,823118,TOR,0,3,3,2,1,1,R
680755,Braydon Fisher,2026-07-04,823118,TOR,0,3,3,0,0,3,R
664702,Myles Straw,2026-07-04,823118,TOR,0,3,3,0,0,0,R
694341,Brendan Beck,2026-07-04,823526,NYY,1,18,16,5,3,3,R
657612,Tim Hill,2026-07-04,823526,NYY,0,4,3,1,1,1,L
656234,Jake Bird,2026-07-04,823526,NYY,0,5,3,1,0,0,R
642232,Ryan Yarbrough,2026-07-04,823526,NYY,0,7,6,1,1,2,L
666808,Camilo Doval,2026-07-04,823526,NYY,0,7,6,3,1,2,R
687396,Brent Headrick,2026-07-04,823526,NYY,0,4,4,0,0,2,L
805673,Zebby Matthews,2026-07-04,823526,MIN,1,20,16,3,2,5,R
701519,Travis Adams,2026-07-04,823526,MIN,0,7,6,3,0,1,R
573124,Taylor Rogers,2026-07-04,823526,MIN,0,3,2,0,0,0,L
702193,Andrew Morris,2026-07-04,823526,MIN,0,2,2,0,0,1,R
694397,Marco Raya,2026-07-04,823526,MIN,0,8,7,1,0,2,R
808967,Yoshinobu Yamamoto,2026-07-04,823932,LAD,1,25,23,3,0,10,R
592779,Brock Stewart,2026-07-04,823932,LAD,0,3,3,1,0,0,R
681911,Alex Vesia,2026-07-04,823932,LAD,0,1,1,0,0,1,L
694361,Will Klein,2026-07-04,823932,LAD,0,3,3,0,0,2,R
593974,Wandy Peralta,2026-07-04,823932,SD,1,4,3,1,0,0,L
656288,Griffin Canning,2026-07-04,823932,SD,0,16,14,2,0,4,R
606996,Kyle Hart,2026-07-04,823932,SD,0,7,7,1,1,3,L
695243,Mason Miller,2026-07-04,823932,SD,0,4,3,1,0,0,R
691951,Sam Aldegheri,2026-07-04,824012,LAA,1,18,14,1,1,2,L
696519,Samy Natera Jr.,2026-07-04,824012,LAA,0,7,5,3,1,0,L
666171,Ryan Zeferjahn,2026-07-04,824012,LAA,0,6,4,0,0,2,R
681217,Chase Silseth,2026-07-04,824012,LAA,0,3,3,0,0,2,R
608718,Brent Suter,2026-07-04,824012,LAA,0,9,9,3,0,0,L
543243,Sonny Gray,2026-07-04,824012,BOS,1,22,20,4,1,7,R
663558,Jovani Morán,2026-07-04,824012,BOS,0,3,3,0,0,2,L
669711,Greg Weissert,2026-07-04,824012,BOS,0,3,2,0,0,0,R
687941,Alec Gamboa,2026-07-04,824012,BOS,0,3,3,0,0,0,L
608379,Michael Wacha,2026-07-04,824092,KC,1,26,25,8,3,7,R
668674,Lucas Erceg,2026-07-04,824092,KC,0,5,4,1,0,0,R
621016,Jose Cuas,2026-07-04,824092,KC,0,5,5,2,0,0,R
694360,Beck Way,2026-07-04,824092,KC,0,5,4,1,0,1,R
666200,Jesús Luzardo,2026-07-04,824092,PHI,1,23,22,4,0,9,L
680742,Jonathan Bowlan,2026-07-04,824092,PHI,0,4,4,1,0,3,R
689147,Orion Kerkering,2026-07-04,824092,PHI,0,3,3,0,0,2,R
641835,Tim Mayza,2026-07-04,824092,PHI,0,3,3,0,0,1,L
686613,Hunter Brown,2026-07-04,824171,HOU,1,22,17,6,2,3,R
663878,Nate Pearson,2026-07-04,824171,HOU,0,5,3,0,0,0,R
664299,Cristian Javier,2026-07-04,824171,HOU,0,9,8,2,1,4,R
687911,Bryan King,2026-07-04,824171,HOU,0,4,4,1,0,2,L
623352,Josh Hader,2026-07-04,824171,HOU,0,4,3,0,0,1,L
656876,Drew Rasmussen,2026-07-04,824171,TB,1,22,20,6,2,2,R
642121,Cole Sulser,2026-07-04,824171,TB,0,6,5,2,0,0,R
664076,Garrett Cleavinger,2026-07-04,824171,TB,0,3,2,1,0,1,L
518886,Craig Kimbrel,2026-07-04,824171,TB,0,5,5,1,0,1,R
668984,Casey Legumina,2026-07-04,824171,TB,0,2,1,1,1,0,R
807743,Sean Sullivan,2026-07-04,824334,COL,1,32,29,12,1,4,L
675848,Juan Mejia,2026-07-04,824334,COL,0,5,4,0,0,2,R
622608,Antonio Senzatela,2026-07-04,824334,COL,0,4,4,1,0,0,R
605447,Jordan Romano,2026-07-04,824334,COL,0,4,4,1,0,2,R
592662,Robbie Ray,2026-07-04,824334,SF,1,24,21,5,1,4,L
656529,Sam Hentges,2026-07-04,824334,SF,0,3,3,0,0,1,L
681916,Dylan Smith,2026-07-04,824334,SF,0,4,3,0,0,0,R
668873,Caleb Kilian,2026-07-04,824334,SF,0,5,5,2,0,2,R
800048,Parker Messick,2026-07-04,824415,CLE,1,23,20,5,0,3,L
542888,Shawn Armstrong,2026-07-04,824415,CLE,0,4,4,1,0,1,R
683769,Hunter Gaddis,2026-07-04,824415,CLE,0,3,3,0,0,2,R
682120,Tim Herrin,2026-07-04,824415,CLE,0,4,4,1,1,1,L
670036,Matt Festa,2026-07-04,824415,CLE,0,6,4,2,0,0,R
680732,Sean Burke,2026-07-04,824415,CWS,1,24,24,7,1,11,R
685126,Brandon Eisert,2026-07-04,824415,CWS,0,6,6,0,0,2,L
691799,Grant Taylor,2026-07-04,824415,CWS,0,4,3,0,0,1,R
668881,Hunter Greene,2026-07-04,824499,CIN,1,20,16,7,1,7,R
594580,Sam Moll,2026-07-04,824499,CIN,0,3,3,1,0,1,L
670062,Julian Garcia,2026-07-04,824499,CIN,0,6,6,0,0,1,R
695076,Rhett Lowder,2026-07-04,824499,CIN,0,14,11,2,0,0,R
687064,Brandon Young,2026-07-04,824499,BAL,1,25,22,8,0,5,R
664991,Grant Wolfram,2026-07-04,824499,BAL,0,3,2,0,0,0,L
666974,Yennier Cano,2026-07-04,824499,BAL,0,5,4,2,0,0,R
552640,Andrew Kittredge,2026-07-04,824499,BAL,0,3,3,0,0,1,R
669330,Tyler Wells,2026-07-04,824499,BAL,0,5,4,1,0,0,R
684007,Shota Imanaga,2026-07-04,824658,CHC,1,19,16,4,1,8,L
621053,Tyler Ferguson,2026-07-04,824658,CHC,0,5,4,1,0,2,R
669020,Ryan Rolison,2026-07-04,824658,CHC,0,4,3,1,0,1,L
663423,Trent Thornton,2026-07-04,824658,CHC,0,5,5,2,0,1,R
573204,Caleb Thielbar,2026-07-04,824658,CHC,0,4,4,0,0,1,L
681517,Kyle Leahy,2026-07-04,824658,STL,1,20,17,3,0,6,R
666277,George Soriano,2026-07-04,824658,STL,0,3,3,0,0,2,R
592773,Ryne Stanek,2026-07-04,824658,STL,0,4,4,1,0,1,R
668941,JoJo Romero,2026-07-04,824658,STL,0,5,4,1,0,2,L
676617,Riley O'Brien,2026-07-04,824658,STL,0,3,2,0,0,1,R
519242,Chris Sale,2026-07-04,824903,ATL,1,24,21,7,2,3,L
669276,Dylan Lee,2026-07-04,824903,ATL,0,3,3,0,0,3,L
702275,JR Ritchie,2026-07-04,824903,ATL,0,14,12,3,0,4,R
640455,Sean Manaea,2026-07-04,824903,NYM,1,24,21,5,2,4,L
681810,Austin Warren,2026-07-04,824903,NYM,0,12,10,4,1,1,R
680702,Joey Gerber,2026-07-04,824903,NYM,0,5,3,1,1,0,R
620443,Luis Torrens,2026-07-04,824903,NYM,0,3,3,2,1,0,R
650644,Aaron Civale,2026-07-04,824983,ATH,1,21,19,6,2,6,R
665660,Elvis Alvarado,2026-07-04,824983,ATH,0,2,1,0,0,1,R
660761,José Suarez,2026-07-04,824983,ATH,0,3,2,0,0,0,L
695034,Kade Morris,2026-07-04,824983,ATH,0,18,16,7,1,0,R
645261,Sandy Alcantara,2026-07-04,824983,MIA,1,31,28,6,0,8,R
676604,Tyler Zuber,2026-07-04,824983,MIA,0,5,4,1,0,1,R
518876,Merrill Kelly,2026-07-04,825063,AZ,1,25,23,8,1,6,R
642528,Jonathan Loáisiga,2026-07-04,825063,AZ,0,4,4,1,0,1,R
805299,Brandyn Garcia,2026-07-04,825063,AZ,0,4,4,1,0,0,L
666661,Juan Morillo,2026-07-04,825063,AZ,0,3,3,1,0,1,R
623149,Paul Sewald,2026-07-04,825063,AZ,0,4,4,1,1,2,R
605540,Brandon Woodruff,2026-07-04,825063,MIL,1,14,13,2,1,6,R
684974,Craig Yoho,2026-07-04,825063,MIL,0,8,8,0,0,1,R
657649,Jared Koenig,2026-07-04,825063,MIL,0,8,7,2,0,2,L
676917,Cade Cavalli,2026-07-05,822715,WSH,1,15,13,6,1,3,R
678868,Eddy Yean,2026-07-05,822715,WSH,0,7,6,0,0,3,R
676571,PJ Poulin,2026-07-05,822715,WSH,0,4,3,1,0,0,L
687377,Orlando Ribalta,2026-07-05,822715,WSH,0,3,3,0,0,2,R
695418,Brad Lord,2026-07-05,822715,WSH,0,9,8,4,1,0,R
664875,Justin Lawrence,2026-07-05,822715,WSH,0,7,6,2,0,2,R
696149,Bubba Chandler,2026-07-05,822715,PIT,1,21,17,6,1,0,R
682254,Mason Montgomery,2026-07-05,822715,PIT,0,3,2,0,0,1,L
676755,Isaac Mattson,2026-07-05,822715,PIT,0,4,4,2,0,1,R
642397,Gregory Soto,2026-07-05,822715,PIT,0,8,7,1,1,2,L
642701,Dennis Santana,2026-07-05,822715,PIT,0,4,4,1,0,0,R
677958,Kumar Rocker,2026-07-05,822879,TEX,1,18,17,5,1,4,R
695239,Robby Ahlstrom,2026-07-05,822879,TEX,0,5,3,3,0,0,L
686560,Gavin Collyer,2026-07-05,822879,TEX,0,6,5,0,0,3,R
668390,Cole Winn,2026-07-05,822879,TEX,0,7,7,1,0,3,R
682608,Peyton Gray,2026-07-05,822879,TEX,0,5,4,1,0,0,R
663554,Casey Mize,2026-07-05,822879,DET,1,27,25,5,1,4,R
805427,Drew Sommers,2026-07-05,822879,DET,0,1,1,0,0,1,L
623454,Drew Anderson,2026-07-05,822879,DET,0,4,4,1,1,0,R
445276,Kenley Jansen,2026-07-05,822879,DET,0,3,3,0,0,0,R
676106,Emerson Hancock,2026-07-05,823117,SEA,1,24,22,2,0,5,R
642100,Gabe Speier,2026-07-05,823117,SEA,0,3,3,0,0,0,L
662253,Andrés Muñoz,2026-07-05,823117,SEA,0,4,4,1,0,1,R
702056,Trey Yesavage,2026-07-05,823117,TOR,1,24,21,3,1,7,R
643511,Tyler Rogers,2026-07-05,823117,TOR,0,3,3,0,0,1,R
689254,Mason Fluharty,2026-07-05,823117,TOR,0,6,6,3,0,2,L
677960,Ryan Weathers,2026-07-05,823525,NYY,1,19,16,6,0,6,L
621112,Paul Blackburn,2026-07-05,823525,NYY,0,5,4,1,0,1,R
666808,Camilo Doval,2026-07-05,823525,NYY,0,7,5,3,0,1,R
656234,Jake Bird,2026-07-05,823525,NYY,0,7,7,2,0,1,R
683409,Angel Chivilli,2026-07-05,823525,NYY,0,5,5,1,0,1,R
657746,Joe Ryan,2026-07-05,823525,MIN,1,24,23,3,0,9,R
702193,Andrew Morris,2026-07-05,823525,MIN,0,3,3,0,0,2,R
672782,Yoendrys Gómez,2026-07-05,823525,MIN,0,4,4,2,0,0,R
686218,Emmet Sheehan,2026-07-05,823931,LAD,1,19,16,3,0,5,R
676263,Jack Dreyer,2026-07-05,823931,LAD,0,6,5,0,0,2,L
669165,Kyle Hurt,2026-07-05,823931,LAD,0,7,6,3,1,0,R
801434,Paul Gervase,2026-07-05,823931,LAD,0,9,8,2,0,2,R
676664,JP Sears,2026-07-05,823931,SD,1,17,15,1,0,5,L
673513,Yuki Matsui,2026-07-05,823931,SD,0,4,2,0,0,0,L
699134,Bradgley Rodriguez,2026-07-05,823931,SD,0,3,2,0,0,1,R
670970,Adrian Morejon,2026-07-05,823931,SD,0,9,8,3,0,3,L
695243,Mason Miller,2026-07-05,823931,SD,0,3,3,0,0,1,R
696270,Ryan Johnson,2026-07-05,824010,LAA,1,20,19,6,2,6,R
820862,José Fermin,2026-07-05,824010,LAA,0,7,6,0,0,1,R
681217,Chase Silseth,2026-07-05,824010,LAA,0,6,4,3,0,1,R
642048,Tayler Saucedo,2026-07-05,824010,LAA,0,2,2,1,0,1,L
815083,Mitch Farris,2026-07-05,824010,LAA,0,3,3,0,0,1,L
489446,Kirby Yates,2026-07-05,824010,LAA,0,3,3,0,0,1,R
624133,Ranger Suarez,2026-07-05,824010,BOS,1,15,15,6,0,5,L
669711,Greg Weissert,2026-07-05,824010,BOS,0,4,4,0,0,2,R
594027,Tyron Guerrero,2026-07-05,824010,BOS,0,7,6,0,0,1,R
676477,Garrett Whitlock,2026-07-05,824010,BOS,0,3,3,0,0,2,R
686580,Justin Slaten,2026-07-05,824010,BOS,0,5,5,2,0,1,R
547973,Aroldis Chapman,2026-07-05,824010,BOS,0,4,4,1,1,2,L
679883,Luinder Avila,2026-07-05,824091,KC,1,18,15,3,0,4,R
621381,Matt Strahm,2026-07-05,824091,KC,0,5,4,1,0,1,L
670167,John Schreiber,2026-07-05,824091,KC,0,5,5,1,0,1,R
663738,Daniel Lynch IV,2026-07-05,824091,KC,0,3,3,0,0,1,L
656638,Alex Lange,2026-07-05,824091,KC,0,3,3,0,0,0,R
605400,Aaron Nola,2026-07-05,824091,PHI,1,28,27,7,0,7,R
686751,Seth Johnson,2026-07-05,824091,PHI,0,3,1,0,0,0,R
679775,Kyle Backhus,2026-07-05,824091,PHI,0,3,3,1,0,1,L
663567,Peter Lambert,2026-07-05,824172,HOU,1,21,20,3,0,6,R
595345,Steven Okert,2026-07-05,824172,HOU,0,4,4,0,0,1,L
687911,Bryan King,2026-07-05,824172,HOU,0,4,4,1,0,0,L
623352,Josh Hader,2026-07-05,824172,HOU,0,4,3,0,0,2,L
669438,Mason Englert,2026-07-05,824172,TB,1,24,23,5,2,9,R
592155,Cam Booser,2026-07-05,824172,TB,0,4,4,0,0,3,L
518886,Craig Kimbrel,2026-07-05,824172,TB,0,3,3,1,0,0,R
685299,Tanner Gordon,2026-07-05,824333,COL,1,23,21,6,4,7,R
657514,Brennan Bernardino,2026-07-05,824333,COL,0,5,3,1,0,0,L
623474,Jimmy Herget,2026-07-05,824333,COL,0,5,4,1,0,1,R
680767,Victor Vodnik,2026-07-05,824333,COL,0,5,4,1,0,2,R
605447,Jordan Romano,2026-07-05,824333,COL,0,4,4,1,0,2,R
641816,Tyler Mahle,2026-07-05,824333,SF,1,21,20,8,0,5,R
669062,Erik Miller,2026-07-05,824333,SF,0,4,4,0,0,2,L
605288,Adrian Houser,2026-07-05,824333,SF,0,3,3,1,0,0,R
656529,Sam Hentges,2026-07-05,824333,SF,0,1,1,0,0,1,L
681916,Dylan Smith,2026-07-05,824333,SF,0,6,5,2,1,1,R
676440,Tanner Bibee,2026-07-05,824413,CLE,1,19,18,6,3,1,R
680916,Franco Aleman,2026-07-05,824413,CLE,0,4,3,0,0,1,R
670059,Colin Holderman,2026-07-05,824413,CLE,0,3,2,2,0,0,R
681870,Erik Sabrowski,2026-07-05,824413,CLE,0,4,3,0,0,0,L
683769,Hunter Gaddis,2026-07-05,824413,CLE,0,3,3,0,0,1,R
542888,Shawn Armstrong,2026-07-05,824413,CLE,0,5,3,1,0,0,R
682120,Tim Herrin,2026-07-05,824413,CLE,0,1,1,0,0,1,L
671922,Cade Smith,2026-07-05,824413,CLE,0,3,3,0,0,0,R
669684,Chris Murphy,2026-07-05,824413,CWS,1,6,5,3,1,1,L
607200,Erick Fedde,2026-07-05,824413,CWS,0,24,23,8,1,4,R
670950,Trevor Richards,2026-07-05,824413,CWS,0,5,5,1,0,2,R
656794,Sean Newcomb,2026-07-05,824413,CWS,0,6,5,0,0,2,L
666157,Nick Lodolo,2026-07-05,824497,CIN,1,26,24,6,0,4,L
656271,Brock Burke,2026-07-05,824497,CIN,0,3,3,0,0,0,L
622088,Tejay Antone,2026-07-05,824497,CIN,0,3,3,0,0,2,R
641941,Emilio Pagán,2026-07-05,824497,CIN,0,6,3,1,0,1,R
680694,Kyle Bradish,2026-07-05,824497,BAL,1,29,28,5,1,5,R
670329,Rico Garcia,2026-07-05,824497,BAL,0,1,1,0,0,0,R
665871,Javier Assad,2026-07-05,824656,CHC,1,17,15,2,0,2,R
669020,Ryan Rolison,2026-07-05,824656,CHC,0,4,4,2,0,1,L
621053,Tyler Ferguson,2026-07-05,824656,CHC,0,3,3,1,1,0,R
519141,Drew Pomeranz,2026-07-05,824656,CHC,0,4,4,1,0,1,L
657097,Jacob Webb,2026-07-05,824656,CHC,0,8,6,1,0,1,R
669461,Matthew Liberatore,2026-07-05,824656,STL,1,23,17,4,0,3,L
694335,Matt Svanson,2026-07-05,824656,STL,0,10,8,3,0,2,R
681676,Ryan Fernandez,2026-07-05,824656,STL,0,4,4,0,0,2,R
527048,Martín Pérez,2026-07-05,824902,ATL,1,20,18,6,1,1,L
641755,Tyler Kinley,2026-07-05,824902,ATL,0,2,2,0,0,0,R
664849,Danny Young,2026-07-05,824902,ATL,0,4,4,1,0,2,L
689266,Dylan Dodd,2026-07-05,824902,ATL,0,3,3,0,0,1,L
471911,Carlos Carrasco,2026-07-05,824902,ATL,0,12,10,5,1,1,R
690997,Nolan McLean,2026-07-05,824902,NYM,1,25,23,5,0,5,R
548384,Brooks Raley,2026-07-05,824902,NYM,0,3,3,0,0,1,L
596133,Luke Weaver,2026-07-05,824902,NYM,0,3,3,0,0,2,R
623211,Huascar Brazobán,2026-07-05,824902,NYM,0,6,5,4,1,1,R
642207,Devin Williams,2026-07-05,824902,NYM,0,5,5,3,0,2,R
695611,Gage Jump,2026-07-05,824980,ATH,1,21,15,8,2,1,L
686930,Mason Barnett,2026-07-05,824980,ATH,0,8,8,3,2,0,R
686993,Justin Sterner,2026-07-05,824980,ATH,0,4,4,2,0,0,R
663687,Hogan Harris,2026-07-05,824980,ATH,0,5,3,0,0,1,L
665622,Luis Medina,2026-07-05,824980,ATH,0,6,3,1,0,1,R
665660,Elvis Alvarado,2026-07-05,824980,ATH,0,6,5,2,0,1,R
691587,Eury Pérez,2026-07-05,824980,MIA,1,21,21,0,0,8,R
669199,Lake Bachar,2026-07-05,824980,MIA,0,6,4,4,1,0,R
656848,Michael Petersen,2026-07-05,824980,MIA,0,2,2,0,0,1,R
664126,Pete Fairbanks,2026-07-05,824980,MIA,0,7,6,3,0,1,R
593958,Eduardo Rodriguez,2026-07-05,825061,AZ,1,23,22,5,1,3,L
656464,Kevin Ginkel,2026-07-05,825061,AZ,0,4,4,2,0,1,R
664199,Taylor Clarke,2026-07-05,825061,AZ,0,3,3,0,0,0,R
686753,Drey Jameson,2026-07-05,825061,AZ,0,3,3,0,0,1,R
687075,Brandon Sproat,2026-07-05,825061,MIL,1,20,17,5,0,4,R
681982,Grant Anderson,2026-07-05,825061,MIL,0,5,5,0,0,0,R
680723,Drew Rom,2026-07-05,825061,MIL,0,1,1,0,0,1,L
676879,Aaron Ashby,2026-07-05,825061,MIL,0,4,3,2,0,0,L
682842,Abner Uribe,2026-07-05,825061,MIL,0,5,3,0,0,1,R
656730,Trevor Megill,2026-07-05,825061,MIL,0,4,3,0,0,0,R
571945,Miles Mikolas,2026-07-06,822712,WSH,1,27,25,9,2,3,R
669371,Cole Henry,2026-07-06,822712,WSH,0,9,8,3,1,2,R
690925,Clayton Beeter,2026-07-06,822712,WSH,0,4,4,0,0,1,R
681347,Mike Burrows,2026-07-06,822712,HOU,1,25,23,9,2,3,R
805123,AJ Blubaugh,2026-07-06,822712,HOU,0,8,7,3,1,3,R
663878,Nate Pearson,2026-07-06,822712,HOU,0,3,3,1,0,1,R
660853,Enyel De Los Santos,2026-07-06,822712,HOU,0,4,3,0,0,2,R
643377,Griffin Jax,2026-07-06,822958,TB,1,18,16,1,1,10,R
642121,Cole Sulser,2026-07-06,822958,TB,0,3,3,0,0,1,R
668984,Casey Legumina,2026-07-06,822958,TB,0,3,3,0,0,2,R
688297,Chris Roycroft,2026-07-06,822958,TB,0,8,8,2,2,4,R
693645,Cam Schlittler,2026-07-06,822958,NYY,1,28,28,4,0,8,R
670280,David Bednar,2026-07-06,822958,NYY,0,3,3,0,0,1,R
669160,Dustin May,2026-07-06,823036,STL,1,18,18,4,0,7,R
677865,Justin Bruihl,2026-07-06,823036,STL,0,6,5,1,0,0,L
681676,Ryan Fernandez,2026-07-06,823036,STL,0,3,3,2,0,0,R
592773,Ryne Stanek,2026-07-06,823036,STL,0,4,3,1,0,0,R
700669,Gordon Graceffo,2026-07-06,823036,STL,0,7,6,0,0,2,R
675660,Shane Drohan,2026-07-06,823036,MIL,1,26,23,6,0,2,L
694477,Chad Patrick,2026-07-06,823036,MIL,0,6,6,0,0,2,R
656730,Trevor Megill,2026-07-06,823036,MIL,0,4,4,1,0,2,R
694738,Landen Roupp,2026-07-06,823205,SF,1,30,28,3,1,5,R
702352,Spencer Bivens,2026-07-06,823205,SF,0,3,3,0,0,2,R
592332,Kevin Gausman,2026-07-06,823205,TOR,1,26,20,5,0,8,R
667297,Tommy Nance,2026-07-06,823205,TOR,0,7,6,1,1,0,R
671936,Adam Macko,2026-07-06,823205,TOR,0,5,5,2,1,0,L
621111,Walker Buehler,2026-07-06,823282,SD,1,24,22,7,2,4,R
689690,Alek Jacob,2026-07-06,823282,SD,0,11,11,2,1,3,R
676760,Ron Marinaccio,2026-07-06,823282,SD,0,5,5,2,0,2,R
694297,Brandon Pfaadt,2026-07-06,823282,AZ,1,19,19,4,0,6,R
657044,Ryan Thompson,2026-07-06,823282,AZ,0,8,8,2,0,4,R
686753,Drey Jameson,2026-07-06,823282,AZ,0,8,8,2,0,1,R
641778,Eric Lauer,2026-07-06,823930,LAD,1,26,22,6,1,3,L
592779,Brock Stewart,2026-07-06,823930,LAD,0,3,3,0,0,2,R
681911,Alex Vesia,2026-07-06,823930,LAD,0,5,3,0,0,0,L
656945,Tanner Scott,2026-07-06,823930,LAD,0,7,5,3,0,2,L
683618,Edgardo Henriquez,2026-07-06,823930,LAD,0,7,4,0,0,0,R
607536,Kyle Freeland,2026-07-06,823930,COL,1,23,22,9,1,2,L
688642,Zach Agnos,2026-07-06,823930,COL,0,10,10,1,0,1,R
622608,Antonio Senzatela,2026-07-06,823930,COL,0,5,3,1,0,2,R
657514,Brennan Bernardino,2026-07-06,823930,COL,0,3,3,1,0,0,L
623474,Jimmy Herget,2026-07-06,823930,COL,0,4,2,1,0,0,R
702070,Noah Cameron,2026-07-06,824089,KC,1,26,21,6,0,7,L
674444,Steven Cruz,2026-07-06,824089,KC,0,5,4,1,0,2,R
694360,Beck Way,2026-07-06,824089,KC,0,5,4,2,0,1,R
621016,Jose Cuas,2026-07-06,824089,KC,0,7,7,1,0,3,R
650911,Cristopher Sánchez,2026-07-06,824089,PHI,1,21,20,12,3,1,L
686751,Seth Johnson,2026-07-06,824089,PHI,0,3,2,0,0,1,R
621383,Tanner Banks,2026-07-06,824089,PHI,0,4,4,1,1,1,L
679775,Kyle Backhus,2026-07-06,824089,PHI,0,7,7,4,0,1,L
642152,Lou Trivino III,2026-07-06,824089,PHI,0,7,4,1,0,1,R
596117,Garrett Stubbs,2026-07-06,824089,PHI,0,8,7,4,0,0,R
625643,Reynaldo López,2026-07-06,824900,ATL,1,20,18,3,1,5,R
800311,Didier Fuentes,2026-07-06,824900,ATL,0,6,6,4,0,1,R
669276,Dylan Lee,2026-07-06,824900,ATL,0,4,2,0,0,0,L
641755,Tyler Kinley,2026-07-06,824900,ATL,0,3,2,0,0,1,R
628452,Raisel Iglesias,2026-07-06,824900,ATL,0,6,6,3,1,1,R
702566,Owen Murphy,2026-07-06,824900,ATL,0,5,4,1,0,1,R
642547,Freddy Peralta,2026-07-06,824900,NYM,1,23,21,6,1,6,R
672335,Cionel Pérez,2026-07-06,824900,NYM,0,5,5,1,0,3,L
621345,A.J. Minter,2026-07-06,824900,NYM,0,5,5,2,0,1,L
670871,Guillo Zuñiga,2026-07-06,824900,NYM,0,4,3,0,0,1,R
642207,Devin Williams,2026-07-06,824900,NYM,0,6,5,3,1,0,R
548384,Brooks Raley,2026-07-06,824900,NYM,0,1,1,0,0,1,L
596133,Luke Weaver,2026-07-06,824900,NYM,0,6,4,1,0,1,R
674841,Andrew Alvarez,2026-07-07,822713,WSH,1,27,19,4,0,3,L
664875,Justin Lawrence,2026-07-07,822713,WSH,0,1,1,0,0,1,R
640454,Matt Krook,2026-07-07,822713,WSH,0,5,3,1,0,1,L
683000,Riley Cornelio,2026-07-07,822713,WSH,0,5,5,1,1,3,R
687223,Carson Palmquist,2026-07-07,822713,WSH,0,3,2,0,0,0,L
837227,Tatsuya Imai,2026-07-07,822713,HOU,1,18,14,4,1,3,R
595345,Steven Okert,2026-07-07,822713,HOU,0,5,5,1,0,3,L
660853,Enyel De Los Santos,2026-07-07,822713,HOU,0,4,4,1,0,0,R
687911,Bryan King,2026-07-07,822713,HOU,0,4,4,1,0,1,L
650556,Bryan Abreu,2026-07-07,822713,HOU,0,3,3,1,0,1,R
695001,Alimber Santa,2026-07-07,822713,HOU,0,4,4,2,1,1,R
623352,Josh Hader,2026-07-07,822713,HOU,0,3,2,1,0,1,L
594798,Jacob deGrom,2026-07-07,822881,TEX,1,21,19,5,0,7,R
668390,Cole Winn,2026-07-07,822881,TEX,0,3,3,0,0,0,R
455119,Chris Martin,2026-07-07,822881,TEX,0,4,4,2,0,0,R
682608,Peyton Gray,2026-07-07,822881,TEX,0,4,4,1,0,2,R
641302,Tyler Alexander,2026-07-07,822881,TEX,0,4,4,1,0,2,L
667755,José Soriano,2026-07-07,822881,LAA,1,23,19,2,0,4,R
642048,Tayler Saucedo,2026-07-07,822881,LAA,0,5,5,2,1,2,L
696147,Sam Bachman,2026-07-07,822881,LAA,0,8,8,6,1,0,R
608718,Brent Suter,2026-07-07,822881,LAA,0,2,2,1,0,1,L
693855,Ian Seymour,2026-07-07,822956,TB,1,21,21,5,1,12,L
687330,Kevin Kelly,2026-07-07,822956,TB,0,6,5,4,0,1,R
592155,Cam Booser,2026-07-07,822956,TB,0,2,2,0,0,1,L
664076,Garrett Cleavinger,2026-07-07,822956,TB,0,4,4,1,0,2,L
641329,Bryan Baker,2026-07-07,822956,TB,0,4,4,1,0,1,R
701542,Will Warren,2026-07-07,822956,NYY,1,21,19,7,3,3,R
657612,Tim Hill,2026-07-07,822956,NYY,0,6,6,1,0,0,L
621112,Paul Blackburn,2026-07-07,822956,NYY,0,5,4,0,0,1,R
687396,Brent Headrick,2026-07-07,822956,NYY,0,3,3,0,0,2,L
690928,Hunter Dobbins,2026-07-07,823035,STL,1,22,19,4,0,4,R
694363,Jared Shuster,2026-07-07,823035,STL,0,12,9,5,1,2,L
700669,Gordon Graceffo,2026-07-07,823035,STL,0,3,3,1,0,0,R
663494,Bryan Torres,2026-07-07,823035,STL,0,8,7,1,0,0,R
688107,Robert Gasser,2026-07-07,823035,MIL,1,29,27,4,1,4,L
684974,Craig Yoho,2026-07-07,823035,MIL,0,4,4,0,0,1,R
694335,Matt Svanson,2026-07-07,823062,STL,1,4,4,1,0,1,R
669145,Bruce Zimmermann,2026-07-07,823062,STL,0,21,20,6,0,2,L
592773,Ryne Stanek,2026-07-07,823062,STL,0,2,1,1,0,0,R
668941,JoJo Romero,2026-07-07,823062,STL,0,5,4,1,0,1,L
677865,Justin Bruihl,2026-07-07,823062,STL,0,8,7,1,0,1,L
694819,Jacob Misiorowski,2026-07-07,823062,MIL,1,25,24,3,2,11,R
676879,Aaron Ashby,2026-07-07,823062,MIL,0,5,5,2,0,1,L
682842,Abner Uribe,2026-07-07,823062,MIL,0,4,3,0,0,1,R
686790,Trevor McDonald,2026-07-07,823203,SF,1,18,17,11,1,0,R
605288,Adrian Houser,2026-07-07,823203,SF,0,18,16,0,0,5,R
676254,Ryan Walker,2026-07-07,823203,SF,0,4,4,2,0,0,R
693686,Spencer Miles,2026-07-07,823203,TOR,1,18,18,7,0,1,R
571578,Patrick Corbin,2026-07-07,823203,TOR,0,9,9,2,0,2,L
656546,Jeff Hoffman,2026-07-07,823203,TOR,0,2,2,0,0,1,R
689254,Mason Fluharty,2026-07-07,823203,TOR,0,3,3,0,0,1,L
686973,Louis Varland,2026-07-07,823203,TOR,0,3,3,0,0,1,R
608566,Germán Márquez,2026-07-07,823280,SD,1,20,17,3,0,4,R
673513,Yuki Matsui,2026-07-07,823280,SD,0,3,3,2,0,1,L
666745,Jhony Brito,2026-07-07,823280,SD,0,4,4,0,0,1,R
699134,Bradgley Rodriguez,2026-07-07,823280,SD,0,3,3,0,0,0,R
695243,Mason Miller,2026-07-07,823280,SD,0,3,3,0,0,2,R
668678,Zac Gallen,2026-07-07,823280,AZ,1,26,23,6,1,5,R
656464,Kevin Ginkel,2026-07-07,823280,AZ,0,3,3,0,0,0,R
642528,Jonathan Loáisiga,2026-07-07,823280,AZ,0,3,3,0,0,0,R
694973,Paul Skenes,2026-07-07,823361,PIT,1,25,24,8,0,4,R
669387,Carmen Mlodzinski,2026-07-07,823361,PIT,0,6,6,0,0,2,R
676702,Hunter Stratton,2026-07-07,823361,PIT,0,6,6,3,0,0,R
694462,Hurston Waldrep,2026-07-07,823361,ATL,1,22,16,6,2,2,R
671162,Connor Thomas,2026-07-07,823361,ATL,0,17,16,5,1,2,L
622761,Jorge Mateo,2026-07-07,823361,ATL,0,6,5,3,0,0,R
672335,Cionel Pérez,2026-07-07,823607,NYM,1,5,5,2,0,1,L
673540,Kodai Senga,2026-07-07,823607,NYM,0,17,13,5,1,4,R
681810,Austin Warren,2026-07-07,823607,NYM,0,6,4,4,0,0,R
623211,Huascar Brazobán,2026-07-07,823607,NYM,0,10,8,3,0,2,R
676910,Matt Seelinger,2026-07-07,823607,NYM,0,15,11,5,1,2,R
621345,A.J. Minter,2026-07-07,823607,NYM,0,3,3,0,0,2,L
607625,Seth Lugo,2026-07-07,823607,KC,1,24,22,9,2,4,R
663738,Daniel Lynch IV,2026-07-07,823607,KC,0,5,4,0,0,0,L
670167,John Schreiber,2026-07-07,823607,KC,0,5,4,2,0,0,R
694360,Beck Way,2026-07-07,823607,KC,0,2,1,0,0,0,R
621381,Matt Strahm,2026-07-07,823607,KC,0,6,5,2,0,0,L
668674,Lucas Erceg,2026-07-07,823607,KC,0,3,3,0,0,0,R
671737,Taj Bradley,2026-07-07,823687,MIN,1,24,24,3,1,10,R
702193,Andrew Morris,2026-07-07,823687,MIN,0,3,3,0,0,1,R
573124,Taylor Rogers,2026-07-07,823687,MIN,0,3,2,0,0,1,L
672782,Yoendrys Gómez,2026-07-07,823687,MIN,0,1,1,0,0,1,R
676282,Joey Cantillo,2026-07-07,823687,CLE,1,25,21,6,0,7,L
680916,Franco Aleman,2026-07-07,823687,CLE,0,4,4,1,0,0,R
681870,Erik Sabrowski,2026-07-07,823687,CLE,0,5,5,2,0,1,L
670036,Matt Festa,2026-07-07,823687,CLE,0,4,4,1,0,0,R
676974,Max Meyer,2026-07-07,823847,MIA,1,20,17,4,1,4,R
656848,Michael Petersen,2026-07-07,823847,MIA,0,3,3,0,0,1,R
667463,John King,2026-07-07,823847,MIA,0,5,4,1,0,0,L
676534,Calvin Faucher,2026-07-07,823847,MIA,0,7,5,2,0,1,R
664126,Pete Fairbanks,2026-07-07,823847,MIA,0,4,4,1,0,2,R
806188,Cade Gibson,2026-07-07,823847,MIA,0,3,3,0,0,0,L
693433,Bryan Woo,2026-07-07,823847,SEA,1,25,23,9,1,5,R
678606,José A. Ferrer,2026-07-07,823847,SEA,0,3,3,0,0,1,L
660825,Eduard Bazardo,2026-07-07,823847,SEA,0,3,3,0,0,1,R
642100,Gabe Speier,2026-07-07,823847,SEA,0,6,3,1,1,0,L
662253,Andrés Muñoz,2026-07-07,823847,SEA,0,3,3,0,0,1,R
621074,Michael Rucker,2026-07-07,823847,SEA,0,3,2,1,0,0,R
680736,Justin Wrobleski,2026-07-07,823929,LAD,1,28,25,6,0,9,L
694361,Will Klein,2026-07-07,823929,LAD,0,4,3,1,0,0,R
676263,Jack Dreyer,2026-07-07,823929,LAD,0,2,1,0,0,0,L
623465,Evan Phillips,2026-07-07,823929,LAD,0,4,4,1,0,2,R
547179,Michael Lorenzen,2026-07-07,823929,COL,1,27,24,6,1,5,R
675848,Juan Mejia,2026-07-07,823929,COL,0,7,7,1,0,1,R
605447,Jordan Romano,2026-07-07,823929,COL,0,5,4,1,0,1,R
669373,Tarik Skubal,2026-07-07,824254,DET,1,22,20,5,1,9,L
640448,Kyle Finnegan,2026-07-07,824254,DET,0,3,3,1,0,0,R
623454,Drew Anderson,2026-07-07,824254,DET,0,7,5,1,0,2,R
621097,Jacob Waguespack,2026-07-07,824254,DET,0,6,6,0,0,1,R
669372,J.T. Ginn,2026-07-07,824254,ATH,1,18,15,2,1,4,R
682052,Jacob Lopez,2026-07-07,824254,ATH,0,14,13,5,0,4,L
665660,Elvis Alvarado,2026-07-07,824254,ATH,0,5,4,1,0,3,R
671096,Andrew Abbott,2026-07-07,824495,CIN,1,23,23,5,1,8,L
572955,Pierce Johnson,2026-07-07,824495,CIN,0,4,3,0,0,0,R
657571,Caleb Ferguson,2026-07-07,824495,CIN,0,3,3,2,0,0,L
670062,Julian Garcia,2026-07-07,824495,CIN,0,3,1,0,0,0,R
594580,Sam Moll,2026-07-07,824495,CIN,0,4,4,1,0,1,L
554430,Zack Wheeler,2026-07-07,824495,PHI,1,25,25,4,1,14,R
689147,Orion Kerkering,2026-07-07,824495,PHI,0,5,2,0,0,0,R
680742,Jonathan Bowlan,2026-07-07,824495,PHI,0,1,1,0,0,1,R
661395,Jhoan Duran,2026-07-07,824495,PHI,0,4,4,1,0,3,R
702273,Noah Schultz,2026-07-07,824579,CWS,1,24,19,7,2,3,L
622554,Seranthony Domínguez,2026-07-07,824579,CWS,0,5,4,1,0,2,R
663855,Jordan Hicks,2026-07-07,824579,CWS,0,3,3,0,0,2,R
685126,Brandon Eisert,2026-07-07,824579,CWS,0,9,7,2,0,0,L
670950,Trevor Richards,2026-07-07,824579,CWS,0,3,2,1,0,1,R
801139,Payton Tolle,2026-07-07,824579,BOS,1,21,20,2,0,6,L
543056,Danny Coulombe,2026-07-07,824579,BOS,0,4,3,2,0,0,L
686580,Justin Slaten,2026-07-07,824579,BOS,0,2,2,0,0,2,R
676477,Garrett Whitlock,2026-07-07,824579,BOS,0,3,3,0,0,0,R
670245,Ryan Watson,2026-07-07,824579,BOS,0,3,3,0,0,2,R
669358,Shane Baz,2026-07-07,824820,BAL,1,26,23,6,0,3,R
689296,Anthony Nunez,2026-07-07,824820,BAL,0,10,9,4,0,2,R
675919,Nick Raquet,2026-07-07,824820,BAL,0,3,3,0,0,0,L
571510,Matthew Boyd,2026-07-07,824820,CHC,1,23,20,3,0,7,L
669020,Ryan Rolison,2026-07-07,824820,CHC,0,5,4,2,0,2,L
657097,Jacob Webb,2026-07-07,824820,CHC,0,2,2,1,0,1,R
621053,Tyler Ferguson,2026-07-07,824820,CHC,0,3,3,0,0,1,R
663423,Trent Thornton,2026-07-07,824820,CHC,0,3,3,0,0,1,R
656492,Foster Griffin,2026-07-08,822710,WSH,1,25,25,5,0,9,L
687377,Orlando Ribalta,2026-07-08,822710,WSH,0,5,5,2,0,1,R
664875,Justin Lawrence,2026-07-08,822710,WSH,0,4,4,1,0,0,R
681293,Spencer Arrighetti,2026-07-08,822710,HOU,1,25,18,7,2,2,R
695001,Alimber Santa,2026-07-08,822710,HOU,0,8,6,1,0,0,R
663878,Nate Pearson,2026-07-08,822710,HOU,0,4,3,0,0,1,R
664299,Cristian Javier,2026-07-08,822710,HOU,0,6,4,1,0,0,R
669022,MacKenzie Gore,2026-07-08,822880,TEX,1,25,24,9,2,7,L
686560,Gavin Collyer,2026-07-08,822880,TEX,0,6,5,2,0,0,R
687239,Ben Peoples,2026-07-08,822880,TEX,0,3,3,0,0,1,R
695239,Robby Ahlstrom,2026-07-08,822880,TEX,0,5,5,2,1,1,L
543309,Kyle Higashioka,2026-07-08,822880,TEX,0,5,3,2,0,0,R
700712,Walbert Ureña,2026-07-08,822880,LAA,1,17,12,1,0,3,R
696519,Samy Natera Jr.,2026-07-08,822880,LAA,0,6,6,0,0,5,L
666171,Ryan Zeferjahn,2026-07-08,822880,LAA,0,4,4,1,0,2,R
820862,José Fermin,2026-07-08,822880,LAA,0,4,4,1,1,2,R
815083,Mitch Farris,2026-07-08,822880,LAA,0,3,3,0,0,2,L
663556,Shane McClanahan,2026-07-08,822957,TB,1,22,22,4,0,5,L
642121,Cole Sulser,2026-07-08,822957,TB,0,6,6,1,0,3,R
641329,Bryan Baker,2026-07-08,822957,TB,0,4,4,1,0,3,R
543037,Gerrit Cole,2026-07-08,822957,NYY,1,27,26,7,0,6,R
518585,Fernando Cruz,2026-07-08,822957,NYY,0,3,2,1,0,1,R
683409,Angel Chivilli,2026-07-08,822957,NYY,0,3,3,0,0,0,R
700241,Michael McGreevy,2026-07-08,823032,STL,1,24,23,5,0,6,R
703725,Luis Gastelum,2026-07-08,823032,STL,0,3,2,1,0,0,R
668941,JoJo Romero,2026-07-08,823032,STL,0,4,3,0,0,2,L
676617,Riley O'Brien,2026-07-08,823032,STL,0,4,4,1,0,1,R
690986,Kyle Harrison,2026-07-08,823032,MIL,1,17,17,4,1,2,L
681982,Grant Anderson,2026-07-08,823032,MIL,0,5,5,1,0,2,R
657649,Jared Koenig,2026-07-08,823032,MIL,0,4,4,2,1,0,L
668831,Garrett Stallings,2026-07-08,823032,MIL,0,6,6,0,0,3,R
657277,Logan Webb,2026-07-08,823202,SF,1,30,28,5,1,2,R
702352,Spencer Bivens,2026-07-08,823202,SF,0,7,6,3,0,1,R
676254,Ryan Walker,2026-07-08,823202,SF,0,7,6,3,2,0,R
656302,Dylan Cease,2026-07-08,823202,TOR,1,28,25,1,0,11,R
643511,Tyler Rogers,2026-07-08,823202,TOR,0,3,3,0,0,0,R
650633,Michael King,2026-07-08,823279,SD,1,23,21,4,0,4,R
676760,Ron Marinaccio,2026-07-08,823279,SD,0,5,5,3,1,0,R
606996,Kyle Hart,2026-07-08,823279,SD,0,9,9,3,0,0,L
703615,Jose Cabrera,2026-07-08,823279,AZ,1,21,18,4,0,2,R
805299,Brandyn Garcia,2026-07-08,823279,AZ,0,2,2,0,0,2,L
664199,Taylor Clarke,2026-07-08,823279,AZ,0,7,7,5,1,0,R
666661,Juan Morillo,2026-07-08,823279,AZ,0,6,6,3,0,0,R
657044,Ryan Thompson,2026-07-08,823279,AZ,0,5,4,1,0,0,R
683003,Jared Jones,2026-07-08,823360,PIT,1,18,18,0,0,8,R
682254,Mason Montgomery,2026-07-08,823360,PIT,0,4,4,1,0,2,L
642701,Dennis Santana,2026-07-08,823360,PIT,0,5,5,2,1,2,R
676755,Isaac Mattson,2026-07-08,823360,PIT,0,5,5,2,0,1,R
656550,Grant Holmes,2026-07-08,823360,ATL,1,20,18,3,0,5,R
800311,Didier Fuentes,2026-07-08,823360,ATL,0,4,4,1,0,2,R
689266,Dylan Dodd,2026-07-08,823360,ATL,0,3,3,0,0,0,L
669276,Dylan Lee,2026-07-08,823360,ATL,0,3,3,0,0,2,L
628452,Raisel Iglesias,2026-07-08,823360,ATL,0,4,3,0,0,2,R
681035,Christian Scott,2026-07-08,823605,NYM,1,19,18,3,0,5,R
668964,Tobias Myers,2026-07-08,823605,NYM,0,10,9,3,0,1,R
548384,Brooks Raley,2026-07-08,823605,NYM,0,4,4,1,0,0,L
675540,Xzavion Curry,2026-07-08,823605,NYM,0,5,4,1,0,1,R
674444,Steven Cruz,2026-07-08,823605,KC,1,4,4,1,1,2,R
677976,Randy Dobnak,2026-07-08,823605,KC,0,23,20,3,0,2,R
621381,Matt Strahm,2026-07-08,823605,KC,0,1,1,0,0,1,L
656638,Alex Lange,2026-07-08,823605,KC,0,7,5,3,0,0,R
621016,Jose Cuas,2026-07-08,823605,KC,0,4,3,2,0,1,R
687570,Connor Prielipp,2026-07-08,823684,MIN,1,21,19,4,2,6,L
701519,Travis Adams,2026-07-08,823684,MIN,0,4,3,0,0,1,R
679358,Eric Orze,2026-07-08,823684,MIN,0,3,1,0,0,1,R
573124,Taylor Rogers,2026-07-08,823684,MIN,0,5,4,2,0,2,L
681892,Kody Funderburk,2026-07-08,823684,MIN,0,5,5,2,0,3,L
672782,Yoendrys Gómez,2026-07-08,823684,MIN,0,4,3,0,0,0,R
677944,Slade Cecconi,2026-07-08,823684,CLE,1,17,15,6,0,4,R
670059,Colin Holderman,2026-07-08,823684,CLE,0,4,4,0,0,0,R
682120,Tim Herrin,2026-07-08,823684,CLE,0,2,2,0,0,0,L
542888,Shawn Armstrong,2026-07-08,823684,CLE,0,4,2,0,0,0,R
681870,Erik Sabrowski,2026-07-08,823684,CLE,0,3,0,0,0,0,L
683769,Hunter Gaddis,2026-07-08,823684,CLE,0,4,4,2,0,0,R
671922,Cade Smith,2026-07-08,823684,CLE,0,4,3,0,0,2,R
670036,Matt Festa,2026-07-08,823684,CLE,0,6,5,3,0,1,R
663969,Tyler Phillips,2026-07-08,823848,MIA,1,21,18,4,0,3,R
806188,Cade Gibson,2026-07-08,823848,MIA,0,6,6,0,0,3,L
656848,Michael Petersen,2026-07-08,823848,MIA,0,3,3,0,0,1,R
664126,Pete Fairbanks,2026-07-08,823848,MIA,0,4,4,1,0,2,R
669923,George Kirby,2026-07-08,823848,SEA,1,24,24,8,1,7,R
689546,Nick Davila,2026-07-08,823848,SEA,0,6,6,0,0,0,R
808963,Roki Sasaki,2026-07-08,823928,LAD,1,23,21,4,2,5,R
676263,Jack Dreyer,2026-07-08,823928,LAD,0,3,3,0,0,1,L
681911,Alex Vesia,2026-07-08,823928,LAD,0,5,4,1,0,2,L
683618,Edgardo Henriquez,2026-07-08,823928,LAD,0,1,1,0,0,0,R
656945,Tanner Scott,2026-07-08,823928,LAD,0,3,3,0,0,2,L
687312,Gabriel Hughes,2026-07-08,823928,COL,1,24,22,4,0,7,R
657514,Brennan Bernardino,2026-07-08,823928,COL,0,3,3,0,0,0,L
622608,Antonio Senzatela,2026-07-08,823928,COL,0,6,6,3,0,2,R
675512,Troy Melton,2026-07-08,824253,DET,1,22,21,4,0,9,R
672456,Keider Montero,2026-07-08,824253,DET,0,8,7,2,0,1,R
663947,Tyler Holton,2026-07-08,824253,DET,0,3,3,0,0,1,L
689225,Beau Brieske,2026-07-08,824253,DET,0,4,4,1,0,1,R
605488,Jeffrey Springs,2026-07-08,824253,ATH,1,23,19,6,2,4,L
686993,Justin Sterner,2026-07-08,824253,ATH,0,2,2,0,0,0,R
686930,Mason Barnett,2026-07-08,824253,ATH,0,5,3,0,0,0,R
660761,José Suarez,2026-07-08,824253,ATH,0,7,7,1,0,4,L
695505,Chase Burns,2026-07-08,824496,CIN,1,23,16,3,0,2,R
656271,Brock Burke,2026-07-08,824496,CIN,0,6,5,2,1,2,L
657571,Caleb Ferguson,2026-07-08,824496,CIN,0,3,2,0,0,1,L
695076,Rhett Lowder,2026-07-08,824496,CIN,0,10,9,3,1,2,R
660604,Alan Rangel,2026-07-08,824496,PHI,1,16,13,3,2,5,R
621383,Tanner Banks,2026-07-08,824496,PHI,0,5,5,4,3,0,L
676661,Max Lazar,2026-07-08,824496,PHI,0,5,5,1,0,0,R
621237,José Alvarado,2026-07-08,824496,PHI,0,8,5,2,0,2,L
641745,Brad Keller,2026-07-08,824496,PHI,0,4,3,0,0,1,R
641835,Tim Mayza,2026-07-08,824496,PHI,0,4,4,1,0,2,L
663436,Davis Martin,2026-07-08,824578,CWS,1,20,17,6,0,2,R
669684,Chris Murphy,2026-07-08,824578,CWS,0,5,4,1,0,2,L
622554,Seranthony Domínguez,2026-07-08,824578,CWS,0,3,2,0,0,1,R
663542,Bryan Hudson,2026-07-08,824578,CWS,0,4,3,0,0,2,L
670950,Trevor Richards,2026-07-08,824578,CWS,0,9,9,3,0,4,R
687562,Jake Bennett,2026-07-08,824578,BOS,1,25,24,4,0,4,L
669711,Greg Weissert,2026-07-08,824578,BOS,0,3,3,0,0,0,R
663558,Jovani Morán,2026-07-08,824578,BOS,0,3,3,0,0,2,L
665152,Dean Kremer,2026-07-08,824815,BAL,1,21,20,6,4,4,R
670329,Rico Garcia,2026-07-08,824815,BAL,0,6,5,1,0,1,R
664991,Grant Wolfram,2026-07-08,824815,BAL,0,5,2,1,1,0,L
544150,Albert Suárez,2026-07-08,824815,BAL,0,4,4,0,0,0,R
669330,Tyler Wells,2026-07-08,824815,BAL,0,3,3,0,0,1,R
607067,Colin Rea,2026-07-08,824815,CHC,1,22,20,7,1,2,R
519141,Drew Pomeranz,2026-07-08,824815,CHC,0,7,7,3,1,0,L
663423,Trent Thornton,2026-07-08,824815,CHC,0,2,2,1,0,0,R
573204,Caleb Thielbar,2026-07-08,824815,CHC,0,6,6,3,2,2,L
657097,Jacob Webb,2026-07-08,824815,CHC,0,3,3,0,0,0,R
543135,Nathan Eovaldi,2026-07-09,822877,TEX,1,27,24,6,0,10,R
682608,Peyton Gray,2026-07-09,822877,TEX,0,5,4,2,0,1,R
641302,Tyler Alexander,2026-07-09,822877,TEX,0,2,2,1,0,1,L
656641,Jacob Latz,2026-07-09,822877,TEX,0,7,6,1,0,3,L
668390,Cole Winn,2026-07-09,822877,TEX,0,1,1,0,0,0,R
672282,Reid Detmers,2026-07-09,822877,LAA,1,20,19,7,3,6,L
681217,Chase Silseth,2026-07-09,822877,LAA,0,3,3,0,0,0,R
608718,Brent Suter,2026-07-09,822877,LAA,0,6,5,2,0,2,L
666171,Ryan Zeferjahn,2026-07-09,822877,LAA,0,3,3,0,0,1,R
696147,Sam Bachman,2026-07-09,822877,LAA,0,3,3,0,0,1,R
489446,Kirby Yates,2026-07-09,822877,LAA,0,3,2,2,0,0,R
656876,Drew Rasmussen,2026-07-09,822954,TB,1,14,14,7,1,2,R
592155,Cam Booser,2026-07-09,822954,TB,0,6,5,1,1,2,L
668984,Casey Legumina,2026-07-09,822954,TB,0,12,7,2,1,2,R
518886,Craig Kimbrel,2026-07-09,822954,TB,0,5,5,2,0,1,R
688297,Chris Roycroft,2026-07-09,822954,TB,0,5,4,2,0,0,R
810938,Ben Williamson,2026-07-09,822954,TB,0,3,3,0,0,0,R
621112,Paul Blackburn,2026-07-09,822954,NYY,1,8,8,2,1,3,R
656234,Jake Bird,2026-07-09,822954,NYY,0,4,3,2,0,0,R
642232,Ryan Yarbrough,2026-07-09,822954,NYY,0,5,5,2,0,0,L
666808,Camilo Doval,2026-07-09,822954,NYY,0,4,2,0,0,0,R
687396,Brent Headrick,2026-07-09,822954,NYY,0,8,8,3,0,3,L
683409,Angel Chivilli,2026-07-09,822954,NYY,0,6,6,0,0,3,R
657612,Tim Hill,2026-07-09,822954,NYY,0,4,4,1,0,0,L
669467,Andre Pallante,2026-07-09,823034,STL,1,25,23,8,1,2,R
703725,Luis Gastelum,2026-07-09,823034,STL,0,5,5,2,1,1,R
700669,Gordon Graceffo,2026-07-09,823034,STL,0,7,6,0,0,4,R
694335,Matt Svanson,2026-07-09,823034,STL,0,4,3,1,0,1,R
701656,Logan Henderson,2026-07-09,823034,MIL,1,21,19,3,0,4,R
694477,Chad Patrick,2026-07-09,823034,MIL,0,6,6,1,1,2,R
676879,Aaron Ashby,2026-07-09,823034,MIL,0,5,4,1,0,1,L
682842,Abner Uribe,2026-07-09,823034,MIL,0,4,3,0,0,0,R
687931,Carson Whisenhunt,2026-07-09,823201,SF,1,23,19,3,1,4,L
664141,JT Brubaker,2026-07-09,823201,SF,0,4,4,0,0,1,R
669062,Erik Miller,2026-07-09,823201,SF,0,3,3,0,0,2,L
668873,Caleb Kilian,2026-07-09,823201,SF,0,5,5,2,0,2,R
663372,Ryan Feltner,2026-07-09,823201,COL,1,23,19,6,2,3,R
680767,Victor Vodnik,2026-07-09,823201,COL,0,7,6,1,0,3,R
669298,TJ Shook,2026-07-09,823201,COL,0,13,12,6,1,3,R
656288,Griffin Canning,2026-07-09,823277,SD,1,20,19,7,0,5,R
673513,Yuki Matsui,2026-07-09,823277,SD,0,6,4,1,1,0,L
699134,Bradgley Rodriguez,2026-07-09,823277,SD,0,4,4,0,0,2,R
593974,Wandy Peralta,2026-07-09,823277,SD,0,3,3,0,0,1,L
670970,Adrian Morejon,2026-07-09,823277,SD,0,3,3,0,0,2,L
518876,Merrill Kelly,2026-07-09,823277,AZ,1,24,21,3,1,6,R
656464,Kevin Ginkel,2026-07-09,823277,AZ,0,3,3,0,0,1,R
623149,Paul Sewald,2026-07-09,823277,AZ,0,3,3,0,0,2,R
656605,Mitch Keller,2026-07-09,823359,PIT,1,15,13,4,1,3,R
676742,Cam Sanders,2026-07-09,823359,PIT,0,7,4,2,1,2,R
676702,Hunter Stratton,2026-07-09,823359,PIT,0,6,6,2,0,2,R
670990,Yohan Ramírez,2026-07-09,823359,PIT,0,7,6,0,0,2,R
642397,Gregory Soto,2026-07-09,823359,PIT,0,3,3,0,0,0,L
642701,Dennis Santana,2026-07-09,823359,PIT,0,8,5,3,1,1,R
693821,Bryce Elder,2026-07-09,823359,ATL,1,20,17,5,3,3,R
689266,Dylan Dodd,2026-07-09,823359,ATL,0,3,3,0,0,0,L
702275,JR Ritchie,2026-07-09,823359,ATL,0,8,6,2,0,1,R
664849,Danny Young,2026-07-09,823359,ATL,0,1,1,0,0,0,L
675916,James Karinchak,2026-07-09,823359,ATL,0,4,3,0,0,1,R
682989,Victor Mederos,2026-07-09,823359,ATL,0,4,4,1,0,2,R
640455,Sean Manaea,2026-07-09,823606,NYM,1,26,25,6,2,6,L
623211,Huascar Brazobán,2026-07-09,823606,NYM,0,3,3,0,0,2,R
642207,Devin Williams,2026-07-09,823606,NYM,0,4,4,1,0,1,R
608379,Michael Wacha,2026-07-09,823606,KC,1,23,18,6,1,5,R
668674,Lucas Erceg,2026-07-09,823606,KC,0,5,5,1,0,0,R
694360,Beck Way,2026-07-09,823606,KC,0,4,4,2,1,0,R
621016,Jose Cuas,2026-07-09,823606,KC,0,5,4,1,0,2,R
641927,Bailey Ober,2026-07-09,823683,MIN,1,19,18,3,1,5,R
696070,Kendry Rojas,2026-07-09,823683,MIN,0,11,8,2,1,3,L
681892,Kody Funderburk,2026-07-09,823683,MIN,0,3,3,0,0,0,L
808970,Woo-Suk Go,2026-07-09,823683,MIN,0,4,4,1,1,1,R
668909,Gavin Williams,2026-07-09,823683,CLE,1,26,24,3,1,11,R
683769,Hunter Gaddis,2026-07-09,823683,CLE,0,3,3,0,0,1,R
671922,Cade Smith,2026-07-09,823683,CLE,0,3,3,0,0,2,R
676083,Janson Junk,2026-07-09,823846,MIA,1,21,17,3,1,5,R
669199,Lake Bachar,2026-07-09,823846,MIA,0,7,7,1,0,3,R
687531,William Kempner,2026-07-09,823846,MIA,0,5,3,2,1,0,R
676534,Calvin Faucher,2026-07-09,823846,MIA,0,2,2,0,0,0,R
676604,Tyler Zuber,2026-07-09,823846,MIA,0,4,4,1,0,1,R
682243,Bryce Miller,2026-07-09,823846,SEA,1,28,24,9,1,3,R
621074,Michael Rucker,2026-07-09,823846,SEA,0,9,9,3,0,1,R
677961,Cole Wilcox,2026-07-09,823846,SEA,0,3,2,0,0,0,R
664285,Framber Valdez,2026-07-09,824251,DET,1,26,24,3,0,9,L
640448,Kyle Finnegan,2026-07-09,824251,DET,0,3,3,1,0,1,R
445276,Kenley Jansen,2026-07-09,824251,DET,0,5,4,1,0,1,R
660761,José Suarez,2026-07-09,824251,ATH,1,4,4,0,0,2,L
678022,Jack Perkins,2026-07-09,824251,ATH,0,13,11,2,2,2,R
665622,Luis Medina,2026-07-09,824251,ATH,0,6,6,1,0,1,R
663687,Hogan Harris,2026-07-09,824251,ATH,0,6,5,2,1,2,L
643410,Mark Leiter Jr.,2026-07-09,824251,ATH,0,5,4,1,0,2,R
663903,Brady Singer,2026-07-09,824494,CIN,1,28,25,4,0,5,R
594580,Sam Moll,2026-07-09,824494,CIN,0,2,2,0,0,2,L
622088,Tejay Antone,2026-07-09,824494,CIN,0,4,4,1,0,0,R
666200,Jesús Luzardo,2026-07-09,824494,PHI,1,26,23,2,0,11,L
680742,Jonathan Bowlan,2026-07-09,824494,PHI,0,3,3,0,0,1,R
661395,Jhoan Duran,2026-07-09,824494,PHI,0,5,4,1,0,2,R
641743,Anthony Kay,2026-07-09,824577,CWS,1,22,18,4,1,4,L
663855,Jordan Hicks,2026-07-09,824577,CWS,0,5,5,0,0,2,R
691799,Grant Taylor,2026-07-09,824577,CWS,0,4,3,0,0,0,R
699823,Tyler Davis,2026-07-09,824577,CWS,0,3,2,0,0,0,R
663776,Patrick Sandoval,2026-07-09,824577,BOS,1,19,18,5,0,5,L
594027,Tyron Guerrero,2026-07-09,824577,BOS,0,7,7,2,0,1,R
676477,Garrett Whitlock,2026-07-09,824577,BOS,0,3,3,0,0,2,R
686580,Justin Slaten,2026-07-09,824577,BOS,0,3,3,0,0,1,R
547973,Aroldis Chapman,2026-07-09,824577,BOS,0,3,3,0,0,0,L
669432,Trevor Rogers,2026-07-09,824816,BAL,1,23,21,5,1,4,L
666974,Yennier Cano,2026-07-09,824816,BAL,0,4,4,1,0,0,R
669330,Tyler Wells,2026-07-09,824816,BAL,0,5,5,2,0,1,R
552640,Andrew Kittredge,2026-07-09,824816,BAL,0,4,4,1,0,0,R
656849,David Peterson,2026-07-09,824816,CHC,1,20,16,2,1,2,L
668970,Gavin Hollowell,2026-07-09,824816,CHC,0,6,4,0,0,1,R
573204,Caleb Thielbar,2026-07-09,824816,CHC,0,2,2,0,0,1,L
621053,Tyler Ferguson,2026-07-09,824816,CHC,0,3,1,0,0,1,R
669020,Ryan Rolison,2026-07-09,824816,CHC,0,4,3,1,0,0,L
687223,Carson Palmquist,2026-07-10,822709,WSH,1,12,12,3,1,4,L
641793,Zack Littell,2026-07-10,822709,WSH,0,15,15,5,1,5,R
676680,Tom Cosgrove,2026-07-10,822709,WSH,0,3,2,1,0,0,L
690925,Clayton Beeter,2026-07-10,822709,WSH,0,1,1,0,0,1,R
640454,Matt Krook,2026-07-10,822709,WSH,0,3,3,2,1,0,L
664875,Justin Lawrence,2026-07-10,822709,WSH,0,6,4,2,1,1,R
677960,Ryan Weathers,2026-07-10,822709,NYY,1,23,23,6,0,6,L
518585,Fernando Cruz,2026-07-10,822709,NYY,0,2,2,0,0,2,R
657612,Tim Hill,2026-07-10,822709,NYY,0,3,3,2,2,0,L
656234,Jake Bird,2026-07-10,822709,NYY,0,2,2,0,0,0,R
670280,David Bednar,2026-07-10,822709,NYY,0,7,6,0,0,0,R
615698,Cal Quantrill,2026-07-10,822878,TEX,1,23,22,5,1,1,R
455119,Chris Martin,2026-07-10,822878,TEX,0,4,4,2,1,0,R
668390,Cole Winn,2026-07-10,822878,TEX,0,4,4,0,0,0,R
641302,Tyler Alexander,2026-07-10,822878,TEX,0,3,3,1,0,1,L
686613,Hunter Brown,2026-07-10,822878,HOU,1,25,20,4,1,4,R
595345,Steven Okert,2026-07-10,822878,HOU,0,3,3,0,0,2,L
687911,Bryan King,2026-07-10,822878,HOU,0,8,6,4,2,1,L
607259,Nick Martinez,2026-07-10,822955,TB,1,20,19,4,1,1,R
642121,Cole Sulser,2026-07-10,822955,TB,0,2,2,0,0,1,R
664076,Garrett Cleavinger,2026-07-10,822955,TB,0,4,4,1,0,2,L
687330,Kevin Kelly,2026-07-10,822955,TB,0,6,6,0,0,1,R
622491,Luis Castillo,2026-07-10,822955,SEA,1,25,24,9,3,4,R
660825,Eduard Bazardo,2026-07-10,822955,SEA,0,3,3,0,0,2,R
678606,José A. Ferrer,2026-07-10,822955,SEA,0,5,5,4,1,0,L
689546,Nick Davila,2026-07-10,822955,SEA,0,2,1,0,0,0,R
677961,Cole Wilcox,2026-07-10,822955,SEA,0,4,4,1,0,0,R
681517,Kyle Leahy,2026-07-10,823033,STL,1,10,10,1,0,2,R
666277,George Soriano,2026-07-10,823033,STL,0,6,6,2,0,1,R
677865,Justin Bruihl,2026-07-10,823033,STL,0,6,5,0,0,1,L
592773,Ryne Stanek,2026-07-10,823033,STL,0,4,3,0,0,0,R
668941,JoJo Romero,2026-07-10,823033,STL,0,3,3,0,0,1,L
676617,Riley O'Brien,2026-07-10,823033,STL,0,3,3,0,0,2,R
519242,Chris Sale,2026-07-10,823033,ATL,1,11,10,2,0,5,L
682989,Victor Mederos,2026-07-10,823033,ATL,0,6,6,0,0,3,R
800311,Didier Fuentes,2026-07-10,823033,ATL,0,6,5,2,0,1,R
641755,Tyler Kinley,2026-07-10,823033,ATL,0,3,2,0,0,1,R
664849,Danny Young,2026-07-10,823033,ATL,0,4,4,1,1,1,L
592662,Robbie Ray,2026-07-10,823200,SF,1,23,17,4,0,4,L
681916,Dylan Smith,2026-07-10,823200,SF,0,3,3,0,0,1,R
676775,Keaton Winn,2026-07-10,823200,SF,0,3,3,1,0,0,R
656529,Sam Hentges,2026-07-10,823200,SF,0,5,5,1,0,3,L
668873,Caleb Kilian,2026-07-10,823200,SF,0,4,3,3,0,0,R
669062,Erik Miller,2026-07-10,823200,SF,0,4,3,1,0,1,L
685299,Tanner Gordon,2026-07-10,823200,COL,1,23,22,8,1,1,R
657514,Brennan Bernardino,2026-07-10,823200,COL,0,3,2,0,0,0,L
623474,Jimmy Herget,2026-07-10,823200,COL,0,6,5,2,0,1,R
622608,Antonio Senzatela,2026-07-10,823200,COL,0,3,3,0,0,1,R
605447,Jordan Romano,2026-07-10,823200,COL,0,6,2,1,0,0,R
675848,Juan Mejia,2026-07-10,823200,COL,0,1,1,0,0,0,R
676664,JP Sears,2026-07-10,823278,SD,1,19,18,6,0,3,L
666745,Jhony Brito,2026-07-10,823278,SD,0,12,11,3,1,2,R
593974,Wandy Peralta,2026-07-10,823278,SD,0,3,3,0,0,0,L
676760,Ron Marinaccio,2026-07-10,823278,SD,0,3,3,0,0,0,R
669456,Shane Bieber,2026-07-10,823278,TOR,1,22,19,6,1,4,R
689254,Mason Fluharty,2026-07-10,823278,TOR,0,1,1,0,0,1,L
689149,Chad Dallas,2026-07-10,823278,TOR,0,4,4,1,0,1,R
656546,Jeff Hoffman,2026-07-10,823278,TOR,0,3,3,0,0,1,R
643511,Tyler Rogers,2026-07-10,823278,TOR,0,3,3,0,0,0,R
686973,Louis Varland,2026-07-10,823278,TOR,0,6,6,3,0,1,R
690997,Nolan McLean,2026-07-10,823604,NYM,1,26,22,5,0,7,R
621345,A.J. Minter,2026-07-10,823604,NYM,0,7,7,4,1,1,L
673540,Kodai Senga,2026-07-10,823604,NYM,0,3,3,0,0,1,R
672335,Cionel Pérez,2026-07-10,823604,NYM,0,7,4,2,1,1,L
675540,Xzavion Curry,2026-07-10,823604,NYM,0,1,1,0,0,0,R
543243,Sonny Gray,2026-07-10,823604,BOS,1,23,21,5,0,3,R
594027,Tyron Guerrero,2026-07-10,823604,BOS,0,4,4,2,0,0,R
676477,Garrett Whitlock,2026-07-10,823604,BOS,0,5,5,2,0,0,R
669711,Greg Weissert,2026-07-10,823604,BOS,0,4,4,1,1,0,R
805673,Zebby Matthews,2026-07-10,823685,MIN,1,26,23,9,1,3,R
702193,Andrew Morris,2026-07-10,823685,MIN,0,7,7,1,0,2,R
701519,Travis Adams,2026-07-10,823685,MIN,0,3,3,0,0,1,R
680570,Grayson Rodriguez,2026-07-10,823685,LAA,1,23,20,6,0,0,R
696519,Samy Natera Jr.,2026-07-10,823685,LAA,0,8,7,2,0,2,L
696147,Sam Bachman,2026-07-10,823685,LAA,0,4,3,0,0,2,R
489446,Kirby Yates,2026-07-10,823685,LAA,0,4,4,1,0,0,R
645261,Sandy Alcantara,2026-07-10,823845,MIA,1,26,25,5,1,8,R
687473,Ryan Gusto,2026-07-10,823845,MIA,0,6,6,0,0,1,R
800048,Parker Messick,2026-07-10,823845,CLE,1,22,17,1,1,1,L
681870,Erik Sabrowski,2026-07-10,823845,CLE,0,3,2,1,1,0,L
670059,Colin Holderman,2026-07-10,823845,CLE,0,3,3,1,0,1,R
683769,Hunter Gaddis,2026-07-10,823845,CLE,0,4,4,1,0,1,R
671922,Cade Smith,2026-07-10,823845,CLE,0,3,3,0,0,0,R
669165,Kyle Hurt,2026-07-10,823927,LAD,1,9,8,3,0,1,R
694361,Will Klein,2026-07-10,823927,LAD,0,7,5,0,0,2,R
592779,Brock Stewart,2026-07-10,823927,LAD,0,6,5,1,1,2,R
683618,Edgardo Henriquez,2026-07-10,823927,LAD,0,8,6,1,0,2,R
676263,Jack Dreyer,2026-07-10,823927,LAD,0,4,4,1,0,1,L
623465,Evan Phillips,2026-07-10,823927,LAD,0,5,5,2,0,2,R
681911,Alex Vesia,2026-07-10,823927,LAD,0,4,4,1,0,2,L
593958,Eduardo Rodriguez,2026-07-10,823927,AZ,1,25,24,7,2,5,L
805299,Brandyn Garcia,2026-07-10,823927,AZ,0,3,3,0,0,2,L
642528,Jonathan Loáisiga,2026-07-10,823927,AZ,0,3,3,0,0,2,R
686753,Drey Jameson,2026-07-10,823927,AZ,0,5,5,2,0,0,R
656427,Jack Flaherty,2026-07-10,824252,DET,1,24,20,2,1,6,R
621097,Jacob Waguespack,2026-07-10,824252,DET,0,4,4,1,0,0,R
805427,Drew Sommers,2026-07-10,824252,DET,0,1,1,0,0,0,L
689225,Beau Brieske,2026-07-10,824252,DET,0,7,7,1,0,1,R
605400,Aaron Nola,2026-07-10,824252,PHI,1,20,18,3,1,8,R
641835,Tim Mayza,2026-07-10,824252,PHI,0,8,5,2,0,1,L
676661,Max Lazar,2026-07-10,824252,PHI,0,7,6,3,2,0,R
596117,Garrett Stubbs,2026-07-10,824252,PHI,0,3,3,0,0,0,R
668881,Hunter Greene,2026-07-10,824493,CIN,1,25,24,3,0,12,R
656271,Brock Burke,2026-07-10,824493,CIN,0,4,4,1,0,1,L
641941,Emilio Pagán,2026-07-10,824493,CIN,0,3,3,0,0,3,R
684007,Shota Imanaga,2026-07-10,824493,CHC,1,23,22,7,1,5,L
663423,Trent Thornton,2026-07-10,824493,CHC,0,3,3,1,0,0,R
663765,Jake Woodford,2026-07-10,824493,CHC,0,11,10,5,1,3,R
680732,Sean Burke,2026-07-10,824575,CWS,1,24,23,4,1,9,R
699823,Tyler Davis,2026-07-10,824575,CWS,0,7,6,1,0,2,R
682052,Jacob Lopez,2026-07-10,824575,ATH,1,5,5,0,0,1,L
650644,Aaron Civale,2026-07-10,824575,ATH,0,14,13,6,0,4,R
665660,Elvis Alvarado,2026-07-10,824575,ATH,0,6,5,0,0,3,R
686993,Justin Sterner,2026-07-10,824575,ATH,0,5,3,3,1,0,R
686930,Mason Barnett,2026-07-10,824575,ATH,0,7,6,3,0,0,R
666126,Carlos Cortes,2026-07-10,824575,ATH,0,6,6,3,1,1,S
687064,Brandon Young,2026-07-10,824817,BAL,1,27,26,8,2,5,R
670329,Rico Garcia,2026-07-10,824817,BAL,0,3,3,0,0,1,R
552640,Andrew Kittredge,2026-07-10,824817,BAL,0,4,4,1,0,1,R
679883,Luinder Avila,2026-07-10,824817,KC,1,24,21,7,1,3,R
674444,Steven Cruz,2026-07-10,824817,KC,0,3,3,0,0,1,R
663738,Daniel Lynch IV,2026-07-10,824817,KC,0,3,3,0,0,1,L
621381,Matt Strahm,2026-07-10,824817,KC,0,5,5,2,1,2,L
676571,PJ Poulin,2026-07-11,822711,WSH,1,7,6,1,0,3,L
571945,Miles Mikolas,2026-07-11,822711,WSH,0,15,14,4,0,0,R
676680,Tom Cosgrove,2026-07-11,822711,WSH,0,4,4,0,0,2,L
687377,Orlando Ribalta,2026-07-11,822711,WSH,0,3,2,1,1,0,R
690925,Clayton Beeter,2026-07-11,822711,WSH,0,3,3,3,2,0,R
640454,Matt Krook,2026-07-11,822711,WSH,0,6,5,0,0,1,L
693645,Cam Schlittler,2026-07-11,822711,NYY,1,27,23,4,2,6,R
687396,Brent Headrick,2026-07-11,822711,NYY,0,4,3,2,0,1,L
518585,Fernando Cruz,2026-07-11,822711,NYY,0,3,3,0,0,0,R
670280,David Bednar,2026-07-11,822711,NYY,0,4,4,1,0,1,R
677958,Kumar Rocker,2026-07-11,822875,TEX,1,28,25,8,3,6,R
686560,Gavin Collyer,2026-07-11,822875,TEX,0,5,4,0,0,2,R
695239,Robby Ahlstrom,2026-07-11,822875,TEX,0,4,3,0,0,0,L
455119,Chris Martin,2026-07-11,822875,TEX,0,5,4,2,0,1,R
663567,Peter Lambert,2026-07-11,822875,HOU,1,23,21,3,1,7,R
660853,Enyel De Los Santos,2026-07-11,822875,HOU,0,3,3,1,0,1,R
805123,AJ Blubaugh,2026-07-11,822875,HOU,0,10,9,3,1,4,R
643377,Griffin Jax,2026-07-11,822953,TB,1,21,16,4,0,3,R
592155,Cam Booser,2026-07-11,822953,TB,0,7,7,1,0,5,L
664076,Garrett Cleavinger,2026-07-11,822953,TB,0,5,4,1,0,2,L
668984,Casey Legumina,2026-07-11,822953,TB,0,3,3,0,0,0,R
669302,Logan Gilbert,2026-07-11,822953,SEA,1,30,28,9,0,5,R
642100,Gabe Speier,2026-07-11,822953,SEA,0,2,2,1,1,0,L
621074,Michael Rucker,2026-07-11,822953,SEA,0,5,5,2,0,0,R
669461,Matthew Liberatore,2026-07-11,823030,STL,1,22,21,4,0,6,L
703725,Luis Gastelum,2026-07-11,823030,STL,0,5,5,2,1,2,R
666277,George Soriano,2026-07-11,823030,STL,0,3,3,0,0,2,R
676617,Riley O'Brien,2026-07-11,823030,STL,0,5,3,0,0,1,R
625643,Reynaldo López,2026-07-11,823030,ATL,1,21,20,5,1,3,R
702566,Owen Murphy,2026-07-11,823030,ATL,0,9,9,0,0,3,R
641816,Tyler Mahle,2026-07-11,823198,SF,1,29,26,5,0,4,R
664141,JT Brubaker,2026-07-11,823198,SF,0,7,7,1,1,2,R
607536,Kyle Freeland,2026-07-11,823198,COL,1,24,24,6,1,9,L
688642,Zach Agnos,2026-07-11,823198,COL,0,8,7,1,0,0,R
621111,Walker Buehler,2026-07-11,823276,SD,1,13,9,3,1,1,R
663362,Matt Waldron,2026-07-11,823276,SD,0,12,11,2,0,3,R
673513,Yuki Matsui,2026-07-11,823276,SD,0,4,2,0,0,0,L
699134,Bradgley Rodriguez,2026-07-11,823276,SD,0,5,5,1,1,0,R
670970,Adrian Morejon,2026-07-11,823276,SD,0,3,3,1,0,1,L
695243,Mason Miller,2026-07-11,823276,SD,0,4,4,1,0,2,R
702056,Trey Yesavage,2026-07-11,823276,TOR,1,13,5,1,0,1,R
671936,Adam Macko,2026-07-11,823276,TOR,0,7,5,2,0,2,L
680755,Braydon Fisher,2026-07-11,823276,TOR,0,6,5,2,0,2,R
689254,Mason Fluharty,2026-07-11,823276,TOR,0,8,8,2,1,1,L
693686,Spencer Miles,2026-07-11,823276,TOR,0,8,6,1,0,1,R
696149,Bubba Chandler,2026-07-11,823356,PIT,1,21,18,5,0,6,R
685126,Brandon Eisert,2026-07-11,823356,PIT,0,3,1,0,0,0,L
670990,Yohan Ramírez,2026-07-11,823356,PIT,0,5,4,1,0,0,R
642701,Dennis Santana,2026-07-11,823356,PIT,0,3,3,0,0,1,R
676755,Isaac Mattson,2026-07-11,823356,PIT,0,4,4,1,0,0,R
682254,Mason Montgomery,2026-07-11,823356,PIT,0,4,3,0,0,2,L
675660,Shane Drohan,2026-07-11,823356,MIL,1,25,24,5,1,6,L
681982,Grant Anderson,2026-07-11,823356,MIL,0,3,3,1,0,0,R
682842,Abner Uribe,2026-07-11,823356,MIL,0,4,3,1,0,0,R
677952,Braxton Ashcraft,2026-07-11,823357,PIT,1,22,20,5,2,6,R
669387,Carmen Mlodzinski,2026-07-11,823357,PIT,0,14,12,3,0,2,R
642397,Gregory Soto,2026-07-11,823357,PIT,0,5,4,1,0,0,L
687075,Brandon Sproat,2026-07-11,823357,MIL,1,16,11,2,1,3,R
684974,Craig Yoho,2026-07-11,823357,MIL,0,7,6,0,0,3,R
694477,Chad Patrick,2026-07-11,823357,MIL,0,4,4,2,0,0,R
676879,Aaron Ashby,2026-07-11,823357,MIL,0,6,6,3,1,3,L
669060,Bryse Wilson,2026-07-11,823357,MIL,0,3,3,0,0,0,R
642547,Freddy Peralta,2026-07-11,823603,NYM,1,21,15,3,1,6,R
623211,Huascar Brazobán,2026-07-11,823603,NYM,0,2,2,0,0,1,R
621345,A.J. Minter,2026-07-11,823603,NYM,0,4,4,1,0,2,L
548384,Brooks Raley,2026-07-11,823603,NYM,0,3,3,0,0,0,L
668964,Tobias Myers,2026-07-11,823603,NYM,0,8,8,2,1,0,R
700842,Eduardo Rivera,2026-07-11,823603,BOS,1,14,12,1,0,3,L
669711,Greg Weissert,2026-07-11,823603,BOS,0,4,4,1,0,2,R
663558,Jovani Morán,2026-07-11,823603,BOS,0,6,5,0,0,1,L
686580,Justin Slaten,2026-07-11,823603,BOS,0,4,3,1,0,2,R
543056,Danny Coulombe,2026-07-11,823603,BOS,0,8,5,0,0,0,L
657746,Joe Ryan,2026-07-11,823682,MIN,1,26,24,6,0,6,R
667297,Tommy Nance,2026-07-11,823682,MIN,0,5,5,2,0,2,R
808970,Woo-Suk Go,2026-07-11,823682,MIN,0,5,4,1,0,0,R
672782,Yoendrys Gómez,2026-07-11,823682,MIN,0,5,4,1,0,1,R
696270,Ryan Johnson,2026-07-11,823682,LAA,1,18,14,3,1,1,R
815083,Mitch Farris,2026-07-11,823682,LAA,0,10,10,6,0,2,L
820862,José Fermin,2026-07-11,823682,LAA,0,4,3,0,0,1,R
691587,Eury Pérez,2026-07-11,823844,MIA,1,26,24,8,0,6,R
806188,Cade Gibson,2026-07-11,823844,MIA,0,4,4,0,0,2,L
687531,William Kempner,2026-07-11,823844,MIA,0,9,8,3,0,3,R
676440,Tanner Bibee,2026-07-11,823844,CLE,1,27,23,5,0,3,R
542888,Shawn Armstrong,2026-07-11,823844,CLE,0,2,2,1,0,0,R
680916,Franco Aleman,2026-07-11,823844,CLE,0,4,4,1,0,1,R
670059,Colin Holderman,2026-07-11,823844,CLE,0,3,3,0,0,0,R
808967,Yoshinobu Yamamoto,2026-07-11,823926,LAD,1,27,22,5,1,6,R
689017,Landon Knack,2026-07-11,823926,LAD,0,16,12,4,2,2,R
694297,Brandon Pfaadt,2026-07-11,823926,AZ,1,22,22,6,0,2,R
805299,Brandyn Garcia,2026-07-11,823926,AZ,0,2,2,0,0,1,L
656464,Kevin Ginkel,2026-07-11,823926,AZ,0,3,3,0,0,1,R
666661,Juan Morillo,2026-07-11,823926,AZ,0,3,3,0,0,2,R
691769,Philip Abner,2026-07-11,823926,AZ,0,3,3,0,0,0,L
663554,Casey Mize,2026-07-11,824249,DET,1,24,21,5,0,5,R
623454,Drew Anderson,2026-07-11,824249,DET,0,4,4,0,0,2,R
663947,Tyler Holton,2026-07-11,824249,DET,0,3,3,1,0,1,L
445276,Kenley Jansen,2026-07-11,824249,DET,0,4,4,1,0,1,R
650911,Cristopher Sánchez,2026-07-11,824249,PHI,1,29,28,10,1,7,L
680742,Jonathan Bowlan,2026-07-11,824249,PHI,0,4,2,0,0,0,R
661395,Jhoan Duran,2026-07-11,824249,PHI,0,3,3,0,0,0,R
666157,Nick Lodolo,2026-07-11,824492,CIN,1,22,19,5,1,4,L
657571,Caleb Ferguson,2026-07-11,824492,CIN,0,4,4,2,0,0,L
670062,Julian Garcia,2026-07-11,824492,CIN,0,5,4,1,1,2,R
656271,Brock Burke,2026-07-11,824492,CIN,0,1,1,1,0,0,L
572955,Pierce Johnson,2026-07-11,824492,CIN,0,4,3,0,0,0,R
622088,Tejay Antone,2026-07-11,824492,CIN,0,3,3,0,0,1,R
665871,Javier Assad,2026-07-11,824492,CHC,1,20,20,7,2,4,R
519141,Drew Pomeranz,2026-07-11,824492,CHC,0,5,4,2,1,0,L
573204,Caleb Thielbar,2026-07-11,824492,CHC,0,4,4,1,0,2,L
657097,Jacob Webb,2026-07-11,824492,CHC,0,4,3,0,0,1,R
669020,Ryan Rolison,2026-07-11,824492,CHC,0,4,3,1,0,1,L
663423,Trent Thornton,2026-07-11,824492,CHC,0,1,1,0,0,0,R
663542,Bryan Hudson,2026-07-11,824576,CWS,1,3,3,0,0,0,L
669684,Chris Murphy,2026-07-11,824576,CWS,0,5,4,1,0,0,L
607200,Erick Fedde,2026-07-11,824576,CWS,0,15,14,2,0,3,R
656794,Sean Newcomb,2026-07-11,824576,CWS,0,6,5,1,0,1,L
691799,Grant Taylor,2026-07-11,824576,CWS,0,6,5,0,0,2,R
695611,Gage Jump,2026-07-11,824576,ATH,1,23,21,5,0,7,L
665622,Luis Medina,2026-07-11,824576,ATH,0,5,4,0,0,2,R
663687,Hogan Harris,2026-07-11,824576,ATH,0,3,3,0,0,2,L
680694,Kyle Bradish,2026-07-11,824813,BAL,1,25,22,2,0,5,R
664991,Grant Wolfram,2026-07-11,824813,BAL,0,3,3,0,0,2,L
666974,Yennier Cano,2026-07-11,824813,BAL,0,1,1,0,0,1,R
669330,Tyler Wells,2026-07-11,824813,BAL,0,3,3,0,0,1,R
702070,Noah Cameron,2026-07-11,824813,KC,1,27,25,5,3,9,L
669212,Eli Morgan,2026-07-11,824813,KC,0,4,4,1,1,1,R
676917,Cade Cavalli,2026-07-12,822708,WSH,1,21,20,4,0,5,R
674841,Andrew Alvarez,2026-07-12,822708,WSH,0,11,10,4,0,2,L
664875,Justin Lawrence,2026-07-12,822708,WSH,0,4,2,0,0,1,R
701542,Will Warren,2026-07-12,822708,NYY,1,19,16,4,1,2,R
657612,Tim Hill,2026-07-12,822708,NYY,0,3,3,1,1,1,L
683409,Angel Chivilli,2026-07-12,822708,NYY,0,5,5,1,0,1,R
642232,Ryan Yarbrough,2026-07-12,822708,NYY,0,2,1,0,0,0,L
621112,Paul Blackburn,2026-07-12,822708,NYY,0,6,6,0,0,2,R
669022,MacKenzie Gore,2026-07-12,822876,TEX,1,15,14,2,1,4,L
641302,Tyler Alexander,2026-07-12,822876,TEX,0,5,5,1,0,2,L
668390,Cole Winn,2026-07-12,822876,TEX,0,3,2,0,0,1,R
695239,Robby Ahlstrom,2026-07-12,822876,TEX,0,3,3,2,0,0,L
682608,Peyton Gray,2026-07-12,822876,TEX,0,5,2,1,0,0,R
687239,Ben Peoples,2026-07-12,822876,TEX,0,4,4,1,1,1,R
656641,Jacob Latz,2026-07-12,822876,TEX,0,4,3,1,0,0,L
664299,Cristian Javier,2026-07-12,822876,HOU,1,16,13,4,0,4,R
660853,Enyel De Los Santos,2026-07-12,822876,HOU,0,3,3,0,0,0,R
650556,Bryan Abreu,2026-07-12,822876,HOU,0,5,4,1,0,2,R
595345,Steven Okert,2026-07-12,822876,HOU,0,3,3,0,0,1,L
687911,Bryan King,2026-07-12,822876,HOU,0,10,9,3,1,1,L
623352,Josh Hader,2026-07-12,822876,HOU,0,3,3,3,0,0,L
693855,Ian Seymour,2026-07-12,822951,TB,1,19,14,6,1,3,L
642121,Cole Sulser,2026-07-12,822951,TB,0,3,3,1,1,1,R
688297,Chris Roycroft,2026-07-12,822951,TB,0,9,9,0,0,3,R
518886,Craig Kimbrel,2026-07-12,822951,TB,0,8,7,2,0,2,R
687330,Kevin Kelly,2026-07-12,822951,TB,0,2,1,0,0,0,R
676106,Emerson Hancock,2026-07-12,822951,SEA,1,6,5,0,0,2,R
678606,José A. Ferrer,2026-07-12,822951,SEA,0,6,5,1,0,2,L
689546,Nick Davila,2026-07-12,822951,SEA,0,7,7,1,0,0,R
642100,Gabe Speier,2026-07-12,822951,SEA,0,4,3,0,0,0,L
621074,Michael Rucker,2026-07-12,822951,SEA,0,4,3,0,0,1,R
660825,Eduard Bazardo,2026-07-12,822951,SEA,0,5,5,2,1,1,R
662253,Andrés Muñoz,2026-07-12,822951,SEA,0,4,3,0,0,2,R
669160,Dustin May,2026-07-12,823029,STL,1,20,14,2,0,4,R
677865,Justin Bruihl,2026-07-12,823029,STL,0,8,7,3,0,1,L
700669,Gordon Graceffo,2026-07-12,823029,STL,0,4,4,0,0,0,R
592773,Ryne Stanek,2026-07-12,823029,STL,0,4,4,1,0,1,R
668941,JoJo Romero,2026-07-12,823029,STL,0,7,5,1,0,0,L
664849,Danny Young,2026-07-12,823029,ATL,1,5,3,1,0,1,L
702275,JR Ritchie,2026-07-12,823029,ATL,0,16,14,1,0,2,R
689266,Dylan Dodd,2026-07-12,823029,ATL,0,3,2,1,0,0,L
800311,Didier Fuentes,2026-07-12,823029,ATL,0,3,3,1,0,2,R
669276,Dylan Lee,2026-07-12,823029,ATL,0,5,5,0,0,2,L
641755,Tyler Kinley,2026-07-12,823029,ATL,0,1,1,0,0,1,R
628452,Raisel Iglesias,2026-07-12,823029,ATL,0,3,3,0,0,1,R
686790,Trevor McDonald,2026-07-12,823199,SF,1,25,23,3,1,4,R
676775,Keaton Winn,2026-07-12,823199,SF,0,3,2,0,0,0,R
669062,Erik Miller,2026-07-12,823199,SF,0,5,5,1,0,2,L
547179,Michael Lorenzen,2026-07-12,823199,COL,1,22,19,5,0,1,R
657514,Brennan Bernardino,2026-07-12,823199,COL,0,4,4,1,0,1,L
623474,Jimmy Herget,2026-07-12,823199,COL,0,4,3,0,0,1,R
622608,Antonio Senzatela,2026-07-12,823199,COL,0,6,5,2,0,1,R
608566,Germán Márquez,2026-07-12,823274,SD,1,20,18,6,2,4,R
676760,Ron Marinaccio,2026-07-12,823274,SD,0,4,4,1,0,1,R
606996,Kyle Hart,2026-07-12,823274,SD,0,3,3,0,0,0,L
670970,Adrian Morejon,2026-07-12,823274,SD,0,9,8,2,0,1,L
695243,Mason Miller,2026-07-12,823274,SD,0,3,3,0,0,1,R
592332,Kevin Gausman,2026-07-12,823274,TOR,1,25,22,4,0,8,R
643511,Tyler Rogers,2026-07-12,823274,TOR,0,4,4,0,0,1,R
656546,Jeff Hoffman,2026-07-12,823274,TOR,0,6,5,3,0,0,R
694973,Paul Skenes,2026-07-12,823358,PIT,1,20,19,3,0,7,R
676755,Isaac Mattson,2026-07-12,823358,PIT,0,4,3,1,0,1,R
699008,Antwone Kelly,2026-07-12,823358,PIT,0,11,10,4,1,0,R
685126,Brandon Eisert,2026-07-12,823358,PIT,0,3,2,0,0,0,L
688107,Robert Gasser,2026-07-12,823358,MIL,1,18,17,8,2,3,L
657649,Jared Koenig,2026-07-12,823358,MIL,0,5,2,2,0,0,L
681982,Grant Anderson,2026-07-12,823358,MIL,0,6,6,3,0,1,R
684974,Craig Yoho,2026-07-12,823358,MIL,0,5,3,0,0,2,R
669060,Bryse Wilson,2026-07-12,823358,MIL,0,10,10,2,0,4,R
804267,Zac Thornton,2026-07-12,823602,NYM,1,25,22,2,0,5,L
596133,Luke Weaver,2026-07-12,823602,NYM,0,3,3,0,0,1,R
642207,Devin Williams,2026-07-12,823602,NYM,0,7,5,2,0,0,R
548384,Brooks Raley,2026-07-12,823602,NYM,0,3,1,0,0,0,L
801139,Payton Tolle,2026-07-12,823602,BOS,1,15,14,3,0,7,L
678394,Brayan Bello,2026-07-12,823602,BOS,0,14,14,2,1,5,R
547973,Aroldis Chapman,2026-07-12,823602,BOS,0,4,4,1,0,1,L
676477,Garrett Whitlock,2026-07-12,823602,BOS,0,3,3,0,0,1,R
671737,Taj Bradley,2026-07-12,823681,MIN,1,28,26,6,2,6,R
702193,Andrew Morris,2026-07-12,823681,MIN,0,8,7,1,0,2,R
667755,José Soriano,2026-07-12,823681,LAA,1,20,18,5,0,0,R
681217,Chase Silseth,2026-07-12,823681,LAA,0,6,5,0,0,4,R
666171,Ryan Zeferjahn,2026-07-12,823681,LAA,0,5,5,1,1,2,R
663969,Tyler Phillips,2026-07-12,823842,MIA,1,6,5,2,0,1,R
676534,Calvin Faucher,2026-07-12,823842,MIA,0,8,7,2,0,1,R
676604,Tyler Zuber,2026-07-12,823842,MIA,0,4,4,2,0,0,R
656848,Michael Petersen,2026-07-12,823842,MIA,0,5,5,2,1,0,R
806188,Cade Gibson,2026-07-12,823842,MIA,0,8,5,0,0,1,L
669199,Lake Bachar,2026-07-12,823842,MIA,0,6,6,2,0,3,R
664126,Pete Fairbanks,2026-07-12,823842,MIA,0,4,4,1,1,0,R
676282,Joey Cantillo,2026-07-12,823842,CLE,1,22,20,6,0,9,L
680916,Franco Aleman,2026-07-12,823842,CLE,0,3,3,0,0,1,R
683769,Hunter Gaddis,2026-07-12,823842,CLE,0,4,3,0,0,2,R
542888,Shawn Armstrong,2026-07-12,823842,CLE,0,3,3,0,0,0,R
671922,Cade Smith,2026-07-12,823842,CLE,0,5,5,2,1,2,R
686218,Emmet Sheehan,2026-07-12,823925,LAD,1,21,19,3,0,7,R
683618,Edgardo Henriquez,2026-07-12,823925,LAD,0,4,3,1,0,0,R
592779,Brock Stewart,2026-07-12,823925,LAD,0,4,3,0,0,1,R
656945,Tanner Scott,2026-07-12,823925,LAD,0,3,3,0,0,1,L
623465,Evan Phillips,2026-07-12,823925,LAD,0,4,4,1,1,0,R
683352,Mitch Bratt,2026-07-12,823925,AZ,1,15,12,3,1,0,L
664199,Taylor Clarke,2026-07-12,823925,AZ,0,4,4,0,0,2,R
657044,Ryan Thompson,2026-07-12,823925,AZ,0,3,3,0,0,1,R
656464,Kevin Ginkel,2026-07-12,823925,AZ,0,2,2,0,0,0,R
642528,Jonathan Loáisiga,2026-07-12,823925,AZ,0,4,3,0,0,2,R
666661,Juan Morillo,2026-07-12,823925,AZ,0,3,2,0,0,0,R
623149,Paul Sewald,2026-07-12,823925,AZ,0,3,3,0,0,1,R
669373,Tarik Skubal,2026-07-12,824250,DET,1,21,19,4,0,5,L
672456,Keider Montero,2026-07-12,824250,DET,0,14,12,4,0,5,R
805427,Drew Sommers,2026-07-12,824250,DET,0,4,3,1,0,1,L
689225,Beau Brieske,2026-07-12,824250,DET,0,1,1,0,0,1,R
554430,Zack Wheeler,2026-07-12,824250,PHI,1,22,20,2,0,10,R
621237,José Alvarado,2026-07-12,824250,PHI,0,3,3,0,0,2,L
689147,Orion Kerkering,2026-07-12,824250,PHI,0,3,3,0,0,1,R
680742,Jonathan Bowlan,2026-07-12,824250,PHI,0,3,3,0,0,1,R
671096,Andrew Abbott,2026-07-12,824491,CIN,1,19,16,4,0,3,L
695534,Chase Petty,2026-07-12,824491,CIN,0,7,7,2,0,2,R
594580,Sam Moll,2026-07-12,824491,CIN,0,3,3,2,0,1,L
572955,Pierce Johnson,2026-07-12,824491,CIN,0,3,3,1,1,0,R
695076,Rhett Lowder,2026-07-12,824491,CIN,0,8,6,0,0,1,R
571510,Matthew Boyd,2026-07-12,824491,CHC,1,28,25,6,1,3,L
668970,Gavin Hollowell,2026-07-12,824491,CHC,0,6,6,1,0,3,R
573204,Caleb Thielbar,2026-07-12,824491,CHC,0,3,3,2,0,0,L
657097,Jacob Webb,2026-07-12,824491,CHC,0,2,2,0,0,0,R
702273,Noah Schultz,2026-07-12,824574,CWS,1,21,20,4,1,4,L
663855,Jordan Hicks,2026-07-12,824574,CWS,0,3,3,0,0,3,R
622554,Seranthony Domínguez,2026-07-12,824574,CWS,0,3,3,0,0,1,R
805326,Tyler Schweitzer,2026-07-12,824574,CWS,0,7,7,2,0,0,L
669372,J.T. Ginn,2026-07-12,824574,ATH,1,23,19,6,2,7,R
660761,José Suarez,2026-07-12,824574,ATH,0,7,7,2,0,1,L
643410,Mark Leiter Jr.,2026-07-12,824574,ATH,0,3,3,0,0,1,R
686993,Justin Sterner,2026-07-12,824574,ATH,0,4,4,1,0,0,R
669358,Shane Baz,2026-07-12,824814,BAL,1,22,22,8,0,9,R
689296,Anthony Nunez,2026-07-12,824814,BAL,0,3,3,0,0,1,R
664991,Grant Wolfram,2026-07-12,824814,BAL,0,3,3,0,0,1,L
666974,Yennier Cano,2026-07-12,824814,BAL,0,3,3,1,0,0,R
670329,Rico Garcia,2026-07-12,824814,BAL,0,4,4,1,0,0,R
552640,Andrew Kittredge,2026-07-12,824814,BAL,0,3,3,0,0,0,R
607625,Seth Lugo,2026-07-12,824814,KC,1,19,16,4,1,6,R
674444,Steven Cruz,2026-07-12,824814,KC,0,3,2,0,0,0,R
621381,Matt Strahm,2026-07-12,824814,KC,0,6,5,4,0,1,L
670167,John Schreiber,2026-07-12,824814,KC,0,3,2,1,0,1,R
668674,Lucas Erceg,2026-07-12,824814,KC,0,5,4,1,1,2,R
694360,Beck Way,2026-07-12,824814,KC,0,5,5,2,0,0,R
605400,Aaron Nola,2026-07-16,823440,PHI,1,27,23,6,3,6,R
680742,Jonathan Bowlan,2026-07-16,823440,PHI,0,3,2,0,0,0,R
686751,Seth Johnson,2026-07-16,823440,PHI,0,8,7,1,0,2,R
681035,Christian Scott,2026-07-16,823440,NYM,1,20,20,3,0,7,R
548384,Brooks Raley,2026-07-16,823440,NYM,0,2,1,0,0,1,L
623211,Huascar Brazobán,2026-07-16,823440,NYM,0,3,3,0,0,0,R
596133,Luke Weaver,2026-07-16,823440,NYM,0,4,4,1,1,0,R
642207,Devin Williams,2026-07-16,823440,NYM,0,3,3,0,0,1,R
693686,Spencer Miles,2026-07-17,822789,TOR,1,18,18,6,1,4,R
671936,Adam Macko,2026-07-17,822789,TOR,0,7,5,2,0,2,L
571578,Patrick Corbin,2026-07-17,822789,TOR,0,8,7,2,0,1,L
680755,Braydon Fisher,2026-07-17,822789,TOR,0,3,2,1,0,0,R
669310,CJ Van Eyk,2026-07-17,822789,TOR,0,8,7,1,0,1,R
641743,Anthony Kay,2026-07-17,822789,CWS,1,19,14,2,1,5,L
670950,Trevor Richards,2026-07-17,822789,CWS,0,9,9,4,2,1,R
622554,Seranthony Domínguez,2026-07-17,822789,CWS,0,1,1,0,0,0,R
805326,Tyler Schweitzer,2026-07-17,822789,CWS,0,11,10,1,0,3,L
682243,Bryce Miller,2026-07-17,823115,SEA,1,26,24,7,1,6,R
678606,José A. Ferrer,2026-07-17,823115,SEA,0,3,2,0,0,0,L
689546,Nick Davila,2026-07-17,823115,SEA,0,8,7,4,1,0,R
677961,Cole Wilcox,2026-07-17,823115,SEA,0,3,3,0,0,2,R
621074,Michael Rucker,2026-07-17,823115,SEA,0,4,4,1,0,1,R
694738,Landen Roupp,2026-07-17,823115,SF,1,24,21,2,0,2,R
671345,Jason Foley,2026-07-17,823115,SF,0,3,3,0,0,1,R
668873,Caleb Kilian,2026-07-17,823115,SF,0,4,4,0,0,1,R
543037,Gerrit Cole,2026-07-17,823524,NYY,1,23,22,4,1,8,R
687396,Brent Headrick,2026-07-17,823524,NYY,0,3,3,0,0,1,L
518585,Fernando Cruz,2026-07-17,823524,NYY,0,4,4,1,0,1,R
621112,Paul Blackburn,2026-07-17,823524,NYY,0,3,2,0,0,0,R
808963,Roki Sasaki,2026-07-17,823524,LAD,1,22,21,5,0,5,R
676263,Jack Dreyer,2026-07-17,823524,LAD,0,4,4,0,0,2,L
681911,Alex Vesia,2026-07-17,823524,LAD,0,5,3,1,0,0,L
656945,Tanner Scott,2026-07-17,823524,LAD,0,3,3,0,0,1,L
701656,Logan Henderson,2026-07-17,823766,MIL,1,17,17,3,1,4,R
694477,Chad Patrick,2026-07-17,823766,MIL,0,4,4,1,0,1,R
676879,Aaron Ashby,2026-07-17,823766,MIL,0,4,4,1,0,2,L
682842,Abner Uribe,2026-07-17,823766,MIL,0,3,3,1,0,1,R
656730,Trevor Megill,2026-07-17,823766,MIL,0,4,4,1,0,1,R
684974,Craig Yoho,2026-07-17,823766,MIL,0,3,3,0,0,0,R
645261,Sandy Alcantara,2026-07-17,823766,MIA,1,25,21,3,1,7,R
676534,Calvin Faucher,2026-07-17,823766,MIA,0,3,3,1,0,0,R
656848,Michael Petersen,2026-07-17,823766,MIA,0,5,3,0,0,2,R
664126,Pete Fairbanks,2026-07-17,823766,MIA,0,5,4,1,0,2,R
669199,Lake Bachar,2026-07-17,823766,MIA,0,4,3,1,0,2,R
672282,Reid Detmers,2026-07-17,824009,LAA,1,22,22,4,0,7,L
666171,Ryan Zeferjahn,2026-07-17,824009,LAA,0,3,3,0,0,2,R
696147,Sam Bachman,2026-07-17,824009,LAA,0,4,4,1,0,3,R
489446,Kirby Yates,2026-07-17,824009,LAA,0,5,3,1,0,0,R
696519,Samy Natera Jr.,2026-07-17,824009,LAA,0,1,1,0,0,0,L
675512,Troy Melton,2026-07-17,824009,DET,1,23,19,4,0,9,R
672456,Keider Montero,2026-07-17,824009,DET,0,12,11,1,0,5,R
607625,Seth Lugo,2026-07-17,824090,KC,1,23,20,4,0,3,R
674444,Steven Cruz,2026-07-17,824090,KC,0,4,4,1,0,1,R
670167,John Schreiber,2026-07-17,824090,KC,0,3,3,0,0,0,R
656638,Alex Lange,2026-07-17,824090,KC,0,4,4,1,1,0,R
668674,Lucas Erceg,2026-07-17,824090,KC,0,6,4,2,0,0,R
650633,Michael King,2026-07-17,824090,SD,1,21,18,4,1,4,R
699134,Bradgley Rodriguez,2026-07-17,824090,SD,0,5,4,1,0,1,R
670970,Adrian Morejon,2026-07-17,824090,SD,0,9,8,2,0,1,L
695243,Mason Miller,2026-07-17,824090,SD,0,6,5,2,0,3,R
606996,Kyle Hart,2026-07-17,824090,SD,0,5,5,4,0,0,L
663567,Peter Lambert,2026-07-17,824170,HOU,1,25,21,3,0,10,R
595345,Steven Okert,2026-07-17,824170,HOU,0,3,3,0,0,2,L
687911,Bryan King,2026-07-17,824170,HOU,0,5,5,2,1,1,L
660853,Enyel De Los Santos,2026-07-17,824170,HOU,0,3,2,0,0,0,R
665152,Dean Kremer,2026-07-17,824170,BAL,1,17,13,4,0,5,R
689296,Anthony Nunez,2026-07-17,824170,BAL,0,8,5,0,0,0,R
664991,Grant Wolfram,2026-07-17,824170,BAL,0,4,1,1,0,0,L
676742,Cam Sanders,2026-07-17,824170,BAL,0,2,2,0,0,1,R
552640,Andrew Kittredge,2026-07-17,824170,BAL,0,4,3,0,0,1,R
669330,Tyler Wells,2026-07-17,824170,BAL,0,5,4,1,0,1,R
687312,Gabriel Hughes,2026-07-17,824332,COL,1,21,19,5,0,6,R
623474,Jimmy Herget,2026-07-17,824332,COL,0,4,4,2,2,1,R
680767,Victor Vodnik,2026-07-17,824332,COL,0,5,4,1,0,1,R
676105,Jeff Criswell,2026-07-17,824332,COL,0,9,8,3,2,1,R
663903,Brady Singer,2026-07-17,824332,CIN,1,26,25,4,1,6,R
656271,Brock Burke,2026-07-17,824332,CIN,0,5,4,1,0,1,L
622088,Tejay Antone,2026-07-17,824332,CIN,0,4,4,1,0,1,R
607067,Colin Rea,2026-07-17,824655,CHC,1,24,23,5,1,6,R
519141,Drew Pomeranz,2026-07-17,824655,CHC,0,4,2,1,0,0,L
668970,Gavin Hollowell,2026-07-17,824655,CHC,0,2,2,0,0,2,R
669020,Ryan Rolison,2026-07-17,824655,CHC,0,3,3,1,0,1,L
621053,Tyler Ferguson,2026-07-17,824655,CHC,0,3,3,0,0,1,R
641927,Bailey Ober,2026-07-17,824655,MIN,1,21,19,5,0,7,R
667297,Tommy Nance,2026-07-17,824655,MIN,0,6,5,1,0,1,R
573124,Taylor Rogers,2026-07-17,824655,MIN,0,1,1,0,0,0,L
702193,Andrew Morris,2026-07-17,824655,MIN,0,3,3,0,0,0,R
672782,Yoendrys Gómez,2026-07-17,824655,MIN,0,4,3,0,0,1,R
700842,Eduardo Rivera,2026-07-17,824737,BOS,1,12,10,3,1,3,L
669711,Greg Weissert,2026-07-17,824737,BOS,0,4,4,2,0,0,R
663558,Jovani Morán,2026-07-17,824737,BOS,0,6,6,0,0,0,L
594027,Tyron Guerrero,2026-07-17,824737,BOS,0,4,4,1,0,1,R
676477,Garrett Whitlock,2026-07-17,824737,BOS,0,3,3,1,0,1,R
686580,Justin Slaten,2026-07-17,824737,BOS,0,3,3,0,0,1,R
547973,Aroldis Chapman,2026-07-17,824737,BOS,0,3,3,0,0,2,L
669438,Mason Englert,2026-07-17,824737,TB,1,23,22,8,3,4,R
518886,Craig Kimbrel,2026-07-17,824737,TB,0,4,3,0,0,1,R
642121,Cole Sulser,2026-07-17,824737,TB,0,4,3,0,0,1,R
592155,Cam Booser,2026-07-17,824737,TB,0,3,3,0,0,0,L
687562,Jake Bennett,2026-07-17,824766,BOS,1,21,19,1,0,3,L
687941,Alec Gamboa,2026-07-17,824766,BOS,0,11,11,2,0,1,L
643377,Griffin Jax,2026-07-17,824766,TB,1,25,22,8,1,6,R
688297,Chris Roycroft,2026-07-17,824766,TB,0,11,10,5,1,2,R
810938,Ben Williamson,2026-07-17,824766,TB,0,5,5,2,0,0,R
519242,Chris Sale,2026-07-17,824901,ATL,1,23,23,2,0,6,L
682989,Victor Mederos,2026-07-17,824901,ATL,0,9,9,3,0,1,R
615698,Cal Quantrill,2026-07-17,824901,TEX,1,23,22,11,2,3,R
693713,Emiliano Teodo,2026-07-17,824901,TEX,0,10,8,3,0,1,R
686560,Gavin Collyer,2026-07-17,824901,TEX,0,8,5,2,0,1,R
687239,Ben Peoples,2026-07-17,824901,TEX,0,1,1,0,0,0,R
543309,Kyle Higashioka,2026-07-17,824901,TEX,0,7,6,3,1,0,R
695611,Gage Jump,2026-07-17,824981,ATH,1,17,15,4,0,8,L
660761,José Suarez,2026-07-17,824981,ATH,0,5,5,2,1,1,L
686993,Justin Sterner,2026-07-17,824981,ATH,0,7,5,4,1,0,R
814305,Yunior Tur,2026-07-17,824981,ATH,0,14,13,7,1,2,R
669620,Brady Basso,2026-07-17,824981,ATH,0,3,3,0,0,2,L
666126,Carlos Cortes,2026-07-17,824981,ATH,0,8,7,4,1,0,S
676917,Cade Cavalli,2026-07-17,824981,WSH,1,21,21,4,1,9,R
683000,Riley Cornelio,2026-07-17,824981,WSH,0,9,8,2,0,5,R
678391,Jorbit Vivas,2026-07-17,824981,WSH,0,6,6,3,1,0,R
518876,Merrill Kelly,2026-07-17,825060,AZ,1,21,19,4,1,3,R
664199,Taylor Clarke,2026-07-17,825060,AZ,0,5,4,1,0,0,R
656464,Kevin Ginkel,2026-07-17,825060,AZ,0,3,3,1,0,0,R
666661,Juan Morillo,2026-07-17,825060,AZ,0,5,3,1,0,1,R
623149,Paul Sewald,2026-07-17,825060,AZ,0,4,2,1,0,0,R
805299,Brandyn Garcia,2026-07-17,825060,AZ,0,2,2,0,0,1,L
700241,Michael McGreevy,2026-07-17,825060,STL,1,26,24,6,1,5,R
666277,George Soriano,2026-07-17,825060,STL,0,2,2,0,0,1,R
703725,Luis Gastelum,2026-07-17,825060,STL,0,5,4,1,1,1,R
676617,Riley O'Brien,2026-07-17,825060,STL,0,4,3,1,0,1,R
669456,Shane Bieber,2026-07-18,822790,TOR,1,22,20,3,0,6,R
656546,Jeff Hoffman,2026-07-18,822790,TOR,0,4,3,0,0,2,R
643511,Tyler Rogers,2026-07-18,822790,TOR,0,3,3,1,0,1,R
686973,Louis Varland,2026-07-18,822790,TOR,0,3,3,0,0,1,R
663436,Davis Martin,2026-07-18,822790,CWS,1,23,21,4,0,5,R
656794,Sean Newcomb,2026-07-18,822790,CWS,0,6,5,1,0,1,L
663855,Jordan Hicks,2026-07-18,822790,CWS,0,3,3,0,0,0,R
693433,Bryan Woo,2026-07-18,823116,SEA,1,26,24,6,2,7,R
642100,Gabe Speier,2026-07-18,823116,SEA,0,3,3,0,0,1,L
660825,Eduard Bazardo,2026-07-18,823116,SEA,0,4,4,1,0,1,R
662253,Andrés Muñoz,2026-07-18,823116,SEA,0,3,3,0,0,2,R
678606,José A. Ferrer,2026-07-18,823116,SEA,0,4,3,0,0,1,L
657277,Logan Webb,2026-07-18,823116,SF,1,26,23,2,1,5,R
656529,Sam Hentges,2026-07-18,823116,SF,0,4,3,1,0,1,L
676775,Keaton Winn,2026-07-18,823116,SF,0,2,1,0,0,0,R
669062,Erik Miller,2026-07-18,823116,SF,0,3,3,0,0,2,L
681916,Dylan Smith,2026-07-18,823116,SF,0,3,0,0,0,0,R
666200,Jesús Luzardo,2026-07-18,823441,PHI,1,20,18,2,1,7,L
689147,Orion Kerkering,2026-07-18,823441,PHI,0,3,3,0,0,1,R
621237,José Alvarado,2026-07-18,823441,PHI,0,4,4,1,0,1,L
663767,Chase Shugart,2026-07-18,823441,PHI,0,6,6,0,0,2,R
640455,Sean Manaea,2026-07-18,823441,NYM,1,24,21,7,2,7,L
673540,Kodai Senga,2026-07-18,823441,NYM,0,10,7,3,0,2,R
675540,Xzavion Curry,2026-07-18,823441,NYM,0,8,8,2,0,1,R
675660,Shane Drohan,2026-07-18,823763,MIL,1,25,22,5,0,9,L
682842,Abner Uribe,2026-07-18,823763,MIL,0,4,4,1,0,3,R
684974,Craig Yoho,2026-07-18,823763,MIL,0,6,4,1,1,0,R
656730,Trevor Megill,2026-07-18,823763,MIL,0,3,3,0,0,1,R
676974,Max Meyer,2026-07-18,823763,MIA,1,16,12,3,0,5,R
806188,Cade Gibson,2026-07-18,823763,MIA,0,5,3,0,0,0,L
676604,Tyler Zuber,2026-07-18,823763,MIA,0,4,4,1,0,2,R
676534,Calvin Faucher,2026-07-18,823763,MIA,0,7,5,3,0,1,R
687473,Ryan Gusto,2026-07-18,823763,MIA,0,11,11,3,0,2,R
680570,Grayson Rodriguez,2026-07-18,824008,LAA,1,22,17,7,1,3,R
608718,Brent Suter,2026-07-18,824008,LAA,0,10,10,2,1,2,L
820862,José Fermin,2026-07-18,824008,LAA,0,8,8,2,0,2,R
669373,Tarik Skubal,2026-07-18,824008,DET,1,24,24,5,0,9,L
621097,Jacob Waguespack,2026-07-18,824008,DET,0,5,3,1,0,1,R
640448,Kyle Finnegan,2026-07-18,824008,DET,0,1,1,0,0,0,R
669724,Brenan Hanifee,2026-07-18,824008,DET,0,4,4,1,0,0,R
677976,Randy Dobnak,2026-07-18,824088,KC,1,21,17,4,1,3,R
674444,Steven Cruz,2026-07-18,824088,KC,0,1,1,0,0,0,R
663738,Daniel Lynch IV,2026-07-18,824088,KC,0,7,7,2,0,0,L
694360,Beck Way,2026-07-18,824088,KC,0,3,3,0,0,2,R
669212,Eli Morgan,2026-07-18,824088,KC,0,3,2,0,0,0,R
656288,Griffin Canning,2026-07-18,824088,SD,1,18,16,5,1,4,R
663362,Matt Waldron,2026-07-18,824088,SD,0,8,8,2,1,2,R
676760,Ron Marinaccio,2026-07-18,824088,SD,0,4,4,1,0,1,R
666745,Jhony Brito,2026-07-18,824088,SD,0,4,4,1,0,1,R
681293,Spencer Arrighetti,2026-07-18,824169,HOU,1,21,16,1,0,6,R
805123,AJ Blubaugh,2026-07-18,824169,HOU,0,7,6,1,0,3,R
650556,Bryan Abreu,2026-07-18,824169,HOU,0,3,3,0,0,0,R
623352,Josh Hader,2026-07-18,824169,HOU,0,3,3,0,0,3,L
595345,Steven Okert,2026-07-18,824169,HOU,0,4,3,1,0,1,L
660853,Enyel De Los Santos,2026-07-18,824169,HOU,0,6,5,2,0,2,R
669432,Trevor Rogers,2026-07-18,824169,BAL,1,27,26,7,0,8,L
670329,Rico Garcia,2026-07-18,824169,BAL,0,3,1,0,0,0,R
666974,Yennier Cano,2026-07-18,824169,BAL,0,3,3,0,0,0,R
669330,Tyler Wells,2026-07-18,824169,BAL,0,3,3,0,0,1,R
552640,Andrew Kittredge,2026-07-18,824169,BAL,0,5,5,2,0,0,R
676742,Cam Sanders,2026-07-18,824169,BAL,0,3,3,0,0,1,R
608372,Tomoyuki Sugano,2026-07-18,824331,COL,1,24,24,6,2,3,R
675848,Juan Mejia,2026-07-18,824331,COL,0,4,3,1,0,0,R
657514,Brennan Bernardino,2026-07-18,824331,COL,0,4,4,1,0,3,L
688642,Zach Agnos,2026-07-18,824331,COL,0,4,4,1,0,0,R
695076,Rhett Lowder,2026-07-18,824331,CIN,1,18,18,11,0,2,R
670062,Julian Garcia,2026-07-18,824331,CIN,0,9,9,2,0,2,R
657571,Caleb Ferguson,2026-07-18,824331,CIN,0,5,4,1,1,2,L
594580,Sam Moll,2026-07-18,824331,CIN,0,5,3,0,0,1,L
572955,Pierce Johnson,2026-07-18,824331,CIN,0,3,3,0,0,1,R
671106,Logan Allen,2026-07-18,824412,CLE,1,19,15,6,0,3,L
542888,Shawn Armstrong,2026-07-18,824412,CLE,0,3,3,0,0,3,R
681870,Erik Sabrowski,2026-07-18,824412,CLE,0,2,2,0,0,0,L
680916,Franco Aleman,2026-07-18,824412,CLE,0,3,2,0,0,0,R
670059,Colin Holderman,2026-07-18,824412,CLE,0,4,3,0,0,1,R
702021,Will Dion,2026-07-18,824412,CLE,0,3,3,0,0,1,L
671922,Cade Smith,2026-07-18,824412,CLE,0,3,3,0,0,2,R
682254,Mason Montgomery,2026-07-18,824412,PIT,1,4,3,0,0,1,L
694753,Khristian Curtis,2026-07-18,824412,PIT,0,17,15,2,0,4,R
670990,Yohan Ramírez,2026-07-18,824412,PIT,0,4,4,2,0,1,R
685126,Brandon Eisert,2026-07-18,824412,PIT,0,5,5,3,0,2,L
642397,Gregory Soto,2026-07-18,824412,PIT,0,4,3,1,0,2,L
642701,Dennis Santana,2026-07-18,824412,PIT,0,3,3,3,1,0,R
668909,Gavin Williams,2026-07-18,824414,CLE,1,25,25,7,3,11,R
670036,Matt Festa,2026-07-18,824414,CLE,0,6,6,2,0,3,R
676051,Codi Heuer,2026-07-18,824414,CLE,0,6,5,2,0,0,R
683003,Jared Jones,2026-07-18,824414,PIT,1,19,18,3,0,9,R
669387,Carmen Mlodzinski,2026-07-18,824414,PIT,0,11,11,2,0,2,R
676755,Isaac Mattson,2026-07-18,824414,PIT,0,4,4,1,0,2,R
571510,Matthew Boyd,2026-07-18,824657,CHC,1,21,20,3,1,4,L
573204,Caleb Thielbar,2026-07-18,824657,CHC,0,4,4,1,1,2,L
663423,Trent Thornton,2026-07-18,824657,CHC,0,4,4,1,0,0,R
657097,Jacob Webb,2026-07-18,824657,CHC,0,4,4,3,0,1,R
671737,Taj Bradley,2026-07-18,824657,MIN,1,25,22,7,1,6,R
702474,Mike Paredes,2026-07-18,824657,MIN,0,10,9,3,0,4,R
696070,Kendry Rojas,2026-07-18,824657,MIN,0,4,4,1,0,1,L
663776,Patrick Sandoval,2026-07-18,824738,BOS,1,23,22,9,1,5,L
670245,Ryan Watson,2026-07-18,824738,BOS,0,7,7,1,1,2,R
676477,Garrett Whitlock,2026-07-18,824738,BOS,0,3,3,0,0,0,R
547973,Aroldis Chapman,2026-07-18,824738,BOS,0,5,3,0,0,0,L
693855,Ian Seymour,2026-07-18,824738,TB,1,13,11,2,2,4,L
687330,Kevin Kelly,2026-07-18,824738,TB,0,7,6,1,0,2,R
668984,Casey Legumina,2026-07-18,824738,TB,0,5,4,1,0,0,R
642121,Cole Sulser,2026-07-18,824738,TB,0,4,4,1,0,1,R
664076,Garrett Cleavinger,2026-07-18,824738,TB,0,3,2,1,1,0,L
592155,Cam Booser,2026-07-18,824738,TB,0,3,3,0,0,1,L
702566,Owen Murphy,2026-07-18,824899,ATL,1,15,13,5,1,2,R
689266,Dylan Dodd,2026-07-18,824899,ATL,0,4,4,0,0,2,L
702275,JR Ritchie,2026-07-18,824899,ATL,0,4,4,1,0,1,R
641755,Tyler Kinley,2026-07-18,824899,ATL,0,4,3,2,1,0,R
669276,Dylan Lee,2026-07-18,824899,ATL,0,5,5,3,0,1,L
664849,Danny Young,2026-07-18,824899,ATL,0,5,2,1,0,0,L
800311,Didier Fuentes,2026-07-18,824899,ATL,0,4,4,0,0,2,R
628452,Raisel Iglesias,2026-07-18,824899,ATL,0,3,3,0,0,1,R
669022,MacKenzie Gore,2026-07-18,824899,TEX,1,27,22,6,2,7,L
695239,Robby Ahlstrom,2026-07-18,824899,TEX,0,1,1,0,0,0,L
641302,Tyler Alexander,2026-07-18,824899,TEX,0,5,5,2,0,0,L
596001,Jakob Junis,2026-07-18,824899,TEX,0,3,3,1,0,1,R
656641,Jacob Latz,2026-07-18,824899,TEX,0,4,4,0,0,1,L
669372,J.T. Ginn,2026-07-18,824979,ATH,1,23,20,1,0,7,R
663687,Hogan Harris,2026-07-18,824979,ATH,0,2,2,0,0,1,L
643410,Mark Leiter Jr.,2026-07-18,824979,ATH,0,6,4,1,0,2,R
665622,Luis Medina,2026-07-18,824979,ATH,0,5,4,2,0,1,R
641793,Zack Littell,2026-07-18,824979,WSH,1,30,25,8,2,4,R
668820,Max Kranick,2026-07-18,824979,WSH,0,7,5,3,1,1,R
687223,Carson Palmquist,2026-07-18,824979,WSH,0,3,2,1,0,1,L
678391,Jorbit Vivas,2026-07-18,824979,WSH,0,6,4,1,0,0,R
694297,Brandon Pfaadt,2026-07-18,825059,AZ,1,23,22,6,0,3,R
657044,Ryan Thompson,2026-07-18,825059,AZ,0,2,2,0,0,0,R
642528,Jonathan Loáisiga,2026-07-18,825059,AZ,0,4,3,1,0,1,R
805299,Brandyn Garcia,2026-07-18,825059,AZ,0,1,1,0,0,0,L
656464,Kevin Ginkel,2026-07-18,825059,AZ,0,4,3,0,0,1,R
623149,Paul Sewald,2026-07-18,825059,AZ,0,4,4,1,1,2,R
669160,Dustin May,2026-07-18,825059,STL,1,25,21,8,0,6,R
700669,Gordon Graceffo,2026-07-18,825059,STL,0,3,3,0,0,2,R
677865,Justin Bruihl,2026-07-18,825059,STL,0,4,3,0,0,0,L
694335,Matt Svanson,2026-07-18,825059,STL,0,3,3,0,0,0,R
702056,Trey Yesavage,2026-07-19,822786,TOR,1,24,21,5,1,9,R
680755,Braydon Fisher,2026-07-19,822786,TOR,0,3,3,1,0,1,R
689254,Mason Fluharty,2026-07-19,822786,TOR,0,4,4,0,0,2,L
681751,Lazaro Estrada,2026-07-19,822786,TOR,0,3,3,0,0,0,R
680732,Sean Burke,2026-07-19,822786,CWS,1,23,22,2,0,5,R
663542,Bryan Hudson,2026-07-19,822786,CWS,0,4,4,0,0,1,L
691799,Grant Taylor,2026-07-19,822786,CWS,0,4,4,2,0,0,R
669302,Logan Gilbert,2026-07-19,823113,SEA,1,23,21,4,1,10,R
660825,Eduard Bazardo,2026-07-19,823113,SEA,0,4,4,1,0,3,R
642100,Gabe Speier,2026-07-19,823113,SEA,0,4,3,0,0,1,L
662253,Andrés Muñoz,2026-07-19,823113,SEA,0,3,3,0,0,2,R
592662,Robbie Ray,2026-07-19,823113,SF,1,22,20,8,0,6,L
656529,Sam Hentges,2026-07-19,823113,SF,0,2,2,0,0,0,L
605288,Adrian Houser,2026-07-19,823113,SF,0,14,13,4,2,1,R
660604,Alan Rangel,2026-07-19,823439,PHI,1,23,18,7,1,4,R
641835,Tim Mayza,2026-07-19,823439,PHI,0,6,6,4,0,1,L
676661,Max Lazar,2026-07-19,823439,PHI,0,8,6,1,0,1,R
686751,Seth Johnson,2026-07-19,823439,PHI,0,7,5,1,0,2,R
661395,Jhoan Duran,2026-07-19,823439,PHI,0,4,4,1,0,0,R
690997,Nolan McLean,2026-07-19,823439,NYM,1,21,19,2,0,10,R
621345,A.J. Minter,2026-07-19,823439,NYM,0,5,5,3,1,0,L
623211,Huascar Brazobán,2026-07-19,823439,NYM,0,4,3,0,0,2,R
672335,Cionel Pérez,2026-07-19,823439,NYM,0,4,4,1,0,2,L
642232,Ryan Yarbrough,2026-07-19,823521,NYY,1,10,10,2,0,1,L
621112,Paul Blackburn,2026-07-19,823521,NYY,0,7,6,1,0,1,R
687396,Brent Headrick,2026-07-19,823521,NYY,0,6,6,0,0,3,L
518585,Fernando Cruz,2026-07-19,823521,NYY,0,4,2,1,1,1,R
670280,David Bednar,2026-07-19,823521,NYY,0,6,5,0,0,2,R
694361,Will Klein,2026-07-19,823521,LAD,1,6,6,3,0,1,R
669165,Kyle Hurt,2026-07-19,823521,LAD,0,8,6,0,0,1,R
683618,Edgardo Henriquez,2026-07-19,823521,LAD,0,4,2,0,0,1,R
676263,Jack Dreyer,2026-07-19,823521,LAD,0,4,4,3,0,0,L
592779,Brock Stewart,2026-07-19,823521,LAD,0,6,6,0,0,2,R
681911,Alex Vesia,2026-07-19,823521,LAD,0,3,3,0,0,3,L
623465,Evan Phillips,2026-07-19,823521,LAD,0,6,5,2,1,1,R
693645,Cam Schlittler,2026-07-19,823523,NYY,1,20,19,6,0,8,R
657612,Tim Hill,2026-07-19,823523,NYY,0,6,4,0,0,1,L
683409,Angel Chivilli,2026-07-19,823523,NYY,0,4,4,0,0,3,R
656234,Jake Bird,2026-07-19,823523,NYY,0,7,5,4,0,1,R
666808,Camilo Doval,2026-07-19,823523,NYY,0,8,3,0,0,0,R
808967,Yoshinobu Yamamoto,2026-07-19,823523,LAD,1,30,30,4,1,7,R
688107,Robert Gasser,2026-07-19,823764,MIL,1,18,18,3,1,5,L
694477,Chad Patrick,2026-07-19,823764,MIL,0,8,7,1,0,3,R
676879,Aaron Ashby,2026-07-19,823764,MIL,0,5,5,2,0,1,L
681982,Grant Anderson,2026-07-19,823764,MIL,0,3,3,0,0,1,R
691587,Eury Pérez,2026-07-19,823764,MIA,1,22,18,1,0,9,R
806188,Cade Gibson,2026-07-19,823764,MIA,0,3,3,1,0,1,L
656848,Michael Petersen,2026-07-19,823764,MIA,0,3,3,0,0,1,R
664126,Pete Fairbanks,2026-07-19,823764,MIA,0,4,3,2,1,1,R
696270,Ryan Johnson,2026-07-19,824007,LAA,1,20,17,2,1,5,R
696519,Samy Natera Jr.,2026-07-19,824007,LAA,0,3,3,0,0,2,L
681217,Chase Silseth,2026-07-19,824007,LAA,0,4,4,1,0,0,R
696147,Sam Bachman,2026-07-19,824007,LAA,0,3,3,0,0,0,R
666171,Ryan Zeferjahn,2026-07-19,824007,LAA,0,4,4,1,1,0,R
663554,Casey Mize,2026-07-19,824007,DET,1,16,14,5,0,5,R
623454,Drew Anderson,2026-07-19,824007,DET,0,8,5,1,0,1,R
669724,Brenan Hanifee,2026-07-19,824007,DET,0,5,5,2,0,0,R
663947,Tyler Holton,2026-07-19,824007,DET,0,6,5,1,0,2,L
445276,Kenley Jansen,2026-07-19,824007,DET,0,4,3,0,0,2,R
702070,Noah Cameron,2026-07-19,824086,KC,1,26,23,9,1,1,L
621381,Matt Strahm,2026-07-19,824086,KC,0,4,4,1,1,1,L
694360,Beck Way,2026-07-19,824086,KC,0,9,8,2,0,2,R
668674,Lucas Erceg,2026-07-19,824086,KC,0,5,2,1,1,0,R
686475,Tyler Tolbert,2026-07-19,824086,KC,0,11,9,6,2,0,R
608566,Germán Márquez,2026-07-19,824086,SD,1,18,16,5,1,2,R
673513,Yuki Matsui,2026-07-19,824086,SD,0,5,5,0,0,3,L
681190,Randy Vásquez,2026-07-19,824086,SD,0,11,11,3,0,2,R
593974,Wandy Peralta,2026-07-19,824086,SD,0,3,3,0,0,0,L
686613,Hunter Brown,2026-07-19,824168,HOU,1,24,16,3,0,4,R
687911,Bryan King,2026-07-19,824168,HOU,0,4,4,1,1,1,L
678906,Kai-Wei Teng,2026-07-19,824168,HOU,0,10,7,1,0,3,R
664299,Cristian Javier,2026-07-19,824168,HOU,0,4,4,1,0,2,R
687064,Brandon Young,2026-07-19,824168,BAL,1,27,26,5,0,7,R
670329,Rico Garcia,2026-07-19,824168,BAL,0,5,5,2,1,1,R
664991,Grant Wolfram,2026-07-19,824168,BAL,0,3,3,0,0,0,L
663372,Ryan Feltner,2026-07-19,824330,COL,1,18,14,7,3,3,R
685299,Tanner Gordon,2026-07-19,824330,COL,0,20,19,3,1,2,R
605447,Jordan Romano,2026-07-19,824330,COL,0,3,3,0,0,1,R
668881,Hunter Greene,2026-07-19,824330,CIN,1,23,23,4,2,7,R
656271,Brock Burke,2026-07-19,824330,CIN,0,3,3,0,0,0,L
594580,Sam Moll,2026-07-19,824330,CIN,0,5,5,2,1,0,L
641941,Emilio Pagán,2026-07-19,824330,CIN,0,5,5,2,1,2,R
676282,Joey Cantillo,2026-07-19,824411,CLE,1,25,22,7,0,7,L
680916,Franco Aleman,2026-07-19,824411,CLE,0,6,5,2,0,3,R
683769,Hunter Gaddis,2026-07-19,824411,CLE,0,3,2,0,0,1,R
702021,Will Dion,2026-07-19,824411,CLE,0,8,8,2,1,4,L
694973,Paul Skenes,2026-07-19,824411,PIT,1,25,23,7,0,8,R
682254,Mason Montgomery,2026-07-19,824411,PIT,0,3,3,0,0,2,L
676755,Isaac Mattson,2026-07-19,824411,PIT,0,3,3,0,0,1,R
684007,Shota Imanaga,2026-07-19,824653,CHC,1,26,25,6,0,4,L
664208,Phil Maton,2026-07-19,824653,CHC,0,6,4,2,0,0,R
519141,Drew Pomeranz,2026-07-19,824653,CHC,0,4,3,0,0,0,L
805673,Zebby Matthews,2026-07-19,824653,MIN,1,22,19,9,1,4,R
701519,Travis Adams,2026-07-19,824653,MIN,0,10,9,1,0,2,R
681892,Kody Funderburk,2026-07-19,824653,MIN,0,4,3,0,0,1,L
808970,Woo-Suk Go,2026-07-19,824653,MIN,0,6,5,2,0,2,R
543243,Sonny Gray,2026-07-19,824739,BOS,1,26,22,5,1,5,R
669711,Greg Weissert,2026-07-19,824739,BOS,0,4,4,1,0,1,R
663558,Jovani Morán,2026-07-19,824739,BOS,0,4,4,1,0,0,L
670245,Ryan Watson,2026-07-19,824739,BOS,0,5,4,1,0,2,R
663556,Shane McClanahan,2026-07-19,824739,TB,1,24,20,5,1,3,L
518886,Craig Kimbrel,2026-07-19,824739,TB,0,3,3,0,0,2,R
688297,Chris Roycroft,2026-07-19,824739,TB,0,8,7,1,0,0,R
656550,Grant Holmes,2026-07-19,824897,ATL,1,24,21,7,0,2,R
689266,Dylan Dodd,2026-07-19,824897,ATL,0,4,4,2,0,2,L
800311,Didier Fuentes,2026-07-19,824897,ATL,0,4,4,0,0,0,R
669276,Dylan Lee,2026-07-19,824897,ATL,0,5,4,1,0,2,L
628452,Raisel Iglesias,2026-07-19,824897,ATL,0,4,4,1,1,1,R
543135,Nathan Eovaldi,2026-07-19,824897,TEX,1,20,17,6,3,2,R
695239,Robby Ahlstrom,2026-07-19,824897,TEX,0,4,4,1,0,3,L
668390,Cole Winn,2026-07-19,824897,TEX,0,5,5,2,0,2,R
641302,Tyler Alexander,2026-07-19,824897,TEX,0,3,3,1,0,0,L
682608,Peyton Gray,2026-07-19,824897,TEX,0,4,4,2,0,1,R
687239,Ben Peoples,2026-07-19,824897,TEX,0,5,5,2,1,1,R
682052,Jacob Lopez,2026-07-19,824978,ATH,1,19,15,2,0,6,L
665660,Elvis Alvarado,2026-07-19,824978,ATH,0,6,4,2,2,0,R
669620,Brady Basso,2026-07-19,824978,ATH,0,9,8,2,0,3,L
664129,Geoff Hartlieb,2026-07-19,824978,ATH,0,7,6,1,0,1,R
656492,Foster Griffin,2026-07-19,824978,WSH,1,28,27,8,0,2,L
676680,Tom Cosgrove,2026-07-19,824978,WSH,0,4,4,2,0,2,L
690925,Clayton Beeter,2026-07-19,824978,WSH,0,6,5,1,0,2,R
593958,Eduardo Rodriguez,2026-07-19,825057,AZ,1,16,14,7,0,3,L
686753,Drey Jameson,2026-07-19,825057,AZ,0,10,7,1,0,2,R
691769,Philip Abner,2026-07-19,825057,AZ,0,9,7,1,0,1,L
664199,Taylor Clarke,2026-07-19,825057,AZ,0,6,6,2,0,1,R
657044,Ryan Thompson,2026-07-19,825057,AZ,0,4,3,1,0,0,R
666661,Juan Morillo,2026-07-19,825057,AZ,0,4,4,1,0,0,R
669467,Andre Pallante,2026-07-19,825057,STL,1,22,20,5,0,3,R
592773,Ryne Stanek,2026-07-19,825057,STL,0,4,3,1,0,0,R
666277,George Soriano,2026-07-19,825057,STL,0,4,4,1,1,2,R
700669,Gordon Graceffo,2026-07-19,825057,STL,0,6,5,2,1,0,R
703725,Luis Gastelum,2026-07-19,825057,STL,0,5,5,1,0,2,R
656302,Dylan Cease,2026-07-20,822788,TOR,1,26,24,7,2,7,R
680755,Braydon Fisher,2026-07-20,822788,TOR,0,5,5,2,0,1,R
663893,Brendon Little,2026-07-20,822788,TOR,0,9,8,4,1,1,L
607259,Nick Martinez,2026-07-20,822788,TB,1,24,23,6,0,0,R
592155,Cam Booser,2026-07-20,822788,TB,0,3,3,0,0,1,L
668984,Casey Legumina,2026-07-20,822788,TB,0,4,4,1,0,1,R
641329,Bryan Baker,2026-07-20,822788,TB,0,4,3,1,0,0,R
594798,Jacob deGrom,2026-07-20,822874,TEX,1,23,21,7,0,6,R
682608,Peyton Gray,2026-07-20,822874,TEX,0,5,5,1,0,0,R
687239,Ben Peoples,2026-07-20,822874,TEX,0,3,3,0,0,0,R
695239,Robby Ahlstrom,2026-07-20,822874,TEX,0,4,3,1,0,1,L
692030,Jose Corniell,2026-07-20,822874,TEX,0,9,6,4,0,1,R
607200,Erick Fedde,2026-07-20,822874,CWS,1,15,15,4,1,6,R
669684,Chris Murphy,2026-07-20,822874,CWS,0,4,4,0,0,1,L
663855,Jordan Hicks,2026-07-20,822874,CWS,0,3,2,0,0,2,R
622554,Seranthony Domínguez,2026-07-20,822874,CWS,0,4,4,1,1,2,R
656794,Sean Newcomb,2026-07-20,822874,CWS,0,5,4,1,0,2,L
670950,Trevor Richards,2026-07-20,822874,CWS,0,4,4,1,0,1,R
669923,George Kirby,2026-07-20,823112,SEA,1,21,20,3,0,6,R
689546,Nick Davila,2026-07-20,823112,SEA,0,3,2,0,0,0,R
677961,Cole Wilcox,2026-07-20,823112,SEA,0,4,3,0,0,0,R
621074,Michael Rucker,2026-07-20,823112,SEA,0,3,3,0,0,3,R
671096,Andrew Abbott,2026-07-20,823112,CIN,1,24,22,4,0,6,L
572955,Pierce Johnson,2026-07-20,823112,CIN,0,5,4,4,0,0,R
657571,Caleb Ferguson,2026-07-20,823112,CIN,0,6,5,3,1,1,L
695534,Chase Petty,2026-07-20,823112,CIN,0,6,5,2,0,0,R
650911,Cristopher Sánchez,2026-07-20,823436,PHI,1,25,23,7,0,7,L
689147,Orion Kerkering,2026-07-20,823436,PHI,0,5,4,1,0,1,R
680742,Jonathan Bowlan,2026-07-20,823436,PHI,0,4,4,1,1,0,R
621237,José Alvarado,2026-07-20,823436,PHI,0,3,3,0,0,1,L
663767,Chase Shugart,2026-07-20,823436,PHI,0,5,4,2,1,1,R
661395,Jhoan Duran,2026-07-20,823436,PHI,0,1,1,0,0,0,R
686218,Emmet Sheehan,2026-07-20,823436,LAD,1,25,22,8,2,6,R
681911,Alex Vesia,2026-07-20,823436,LAD,0,4,3,1,1,1,L
689017,Landon Knack,2026-07-20,823436,LAD,0,8,8,2,2,2,R
677960,Ryan Weathers,2026-07-20,823522,NYY,1,23,21,7,1,5,L
683409,Angel Chivilli,2026-07-20,823522,NYY,0,5,4,0,0,0,R
687396,Brent Headrick,2026-07-20,823522,NYY,0,3,3,0,0,2,L
657612,Tim Hill,2026-07-20,823522,NYY,0,3,3,2,0,0,L
518585,Fernando Cruz,2026-07-20,823522,NYY,0,4,4,0,0,3,R
677952,Braxton Ashcraft,2026-07-20,823522,PIT,1,20,19,9,2,2,R
696062,Wilber Dotel,2026-07-20,823522,PIT,0,10,10,1,0,5,R
685126,Brandon Eisert,2026-07-20,823522,PIT,0,3,3,0,0,1,L
642701,Dennis Santana,2026-07-20,823522,PIT,0,3,3,1,0,0,R
694819,Jacob Misiorowski,2026-07-20,823762,MIL,1,17,16,4,0,6,R
684974,Craig Yoho,2026-07-20,823762,MIL,0,4,3,0,0,2,R
621121,Lance McCullers Jr.,2026-07-20,823762,MIL,0,12,11,2,0,4,R
681982,Grant Anderson,2026-07-20,823762,MIL,0,4,3,0,0,3,R
642547,Freddy Peralta,2026-07-20,823762,NYM,1,26,24,8,2,6,R
675540,Xzavion Curry,2026-07-20,823762,NYM,0,11,10,2,1,2,R
667755,José Soriano,2026-07-20,824006,LAA,1,25,24,4,0,7,R
696519,Samy Natera Jr.,2026-07-20,824006,LAA,0,3,3,0,0,2,L
820862,José Fermin,2026-07-20,824006,LAA,0,4,3,0,0,2,R
681517,Kyle Leahy,2026-07-20,824006,STL,1,20,20,3,1,4,R
592773,Ryne Stanek,2026-07-20,824006,STL,0,4,3,0,0,1,R
666277,George Soriano,2026-07-20,824006,STL,0,4,4,1,0,1,R
676617,Riley O'Brien,2026-07-20,824006,STL,0,6,3,2,0,1,R
608379,Michael Wacha,2026-07-20,824087,KC,1,23,21,3,1,5,R
674444,Steven Cruz,2026-07-20,824087,KC,0,3,3,0,0,0,R
663738,Daniel Lynch IV,2026-07-20,824087,KC,0,4,4,1,0,1,L
656638,Alex Lange,2026-07-20,824087,KC,0,5,5,2,1,2,R
686790,Trevor McDonald,2026-07-20,824087,SF,1,19,15,4,1,3,R
664141,JT Brubaker,2026-07-20,824087,SF,0,10,10,3,0,2,R
681916,Dylan Smith,2026-07-20,824087,SF,0,2,2,0,0,1,R
671345,Jason Foley,2026-07-20,824087,SF,0,3,3,0,0,0,R
668873,Caleb Kilian,2026-07-20,824087,SF,0,4,2,1,0,0,R
669854,Ronel Blanco,2026-07-20,824167,HOU,1,19,16,2,2,8,R
660853,Enyel De Los Santos,2026-07-20,824167,HOU,0,5,5,1,0,2,R
595345,Steven Okert,2026-07-20,824167,HOU,0,5,5,2,0,2,L
650556,Bryan Abreu,2026-07-20,824167,HOU,0,5,4,1,0,2,R
623352,Josh Hader,2026-07-20,824167,HOU,0,6,6,3,0,0,L
676083,Janson Junk,2026-07-20,824167,MIA,1,19,16,5,2,3,R
669199,Lake Bachar,2026-07-20,824167,MIA,0,4,4,1,1,1,R
690978,Dax Fulton,2026-07-20,824167,MIA,0,13,11,2,0,4,L
607536,Kyle Freeland,2026-07-20,824328,COL,1,27,25,7,2,4,L
622608,Antonio Senzatela,2026-07-20,824328,COL,0,5,5,2,1,2,R
675848,Juan Mejia,2026-07-20,824328,COL,0,3,3,1,0,1,R
680767,Victor Vodnik,2026-07-20,824328,COL,0,5,5,2,0,0,R
674841,Andrew Alvarez,2026-07-20,824328,WSH,1,21,18,6,0,2,L
683000,Riley Cornelio,2026-07-20,824328,WSH,0,6,4,0,0,0,R
640454,Matt Krook,2026-07-20,824328,WSH,0,3,3,0,0,1,L
676680,Tom Cosgrove,2026-07-20,824328,WSH,0,6,6,0,0,0,L
676440,Tanner Bibee,2026-07-20,824410,CLE,1,25,23,6,0,5,R
670059,Colin Holderman,2026-07-20,824410,CLE,0,4,3,1,0,0,R
670036,Matt Festa,2026-07-20,824410,CLE,0,5,5,2,0,3,R
542888,Shawn Armstrong,2026-07-20,824410,CLE,0,5,4,1,0,1,R
657746,Joe Ryan,2026-07-20,824410,MIN,1,22,22,10,6,3,R
681892,Kody Funderburk,2026-07-20,824410,MIN,0,5,5,2,0,0,L
667297,Tommy Nance,2026-07-20,824410,MIN,0,7,5,2,0,2,R
808970,Woo-Suk Go,2026-07-20,824410,MIN,0,7,7,4,1,2,R
656577,Alex Jackson,2026-07-20,824410,MIN,0,4,4,1,0,0,R
592791,Jameson Taillon,2026-07-20,824654,CHC,1,20,18,5,2,6,R
669020,Ryan Rolison,2026-07-20,824654,CHC,0,6,6,1,0,0,L
668970,Gavin Hollowell,2026-07-20,824654,CHC,0,4,4,2,0,1,R
573204,Caleb Thielbar,2026-07-20,824654,CHC,0,1,1,0,0,0,L
621053,Tyler Ferguson,2026-07-20,824654,CHC,0,4,4,1,1,1,R
657097,Jacob Webb,2026-07-20,824654,CHC,0,4,3,0,0,1,R
663423,Trent Thornton,2026-07-20,824654,CHC,0,1,1,1,0,0,R
665871,Javier Assad,2026-07-20,824654,CHC,0,7,6,2,0,2,R
656427,Jack Flaherty,2026-07-20,824654,DET,1,18,16,4,2,4,R
805427,Drew Sommers,2026-07-20,824654,DET,0,5,4,1,0,1,L
621097,Jacob Waguespack,2026-07-20,824654,DET,0,5,5,1,0,1,R
640448,Kyle Finnegan,2026-07-20,824654,DET,0,6,6,2,1,2,R
445276,Kenley Jansen,2026-07-20,824654,DET,0,6,4,1,0,2,R
663947,Tyler Holton,2026-07-20,824654,DET,0,5,5,2,0,0,L
801139,Payton Tolle,2026-07-20,824736,BOS,1,26,24,8,1,9,L
594027,Tyron Guerrero,2026-07-20,824736,BOS,0,6,6,2,0,3,R
676477,Garrett Whitlock,2026-07-20,824736,BOS,0,3,3,0,0,1,R
547973,Aroldis Chapman,2026-07-20,824736,BOS,0,5,4,1,0,2,L
669358,Shane Baz,2026-07-20,824736,BAL,1,25,24,6,0,6,R
666974,Yennier Cano,2026-07-20,824736,BAL,0,4,4,2,0,0,R
669330,Tyler Wells,2026-07-20,824736,BAL,0,5,5,1,1,3,R
693821,Bryce Elder,2026-07-20,824898,ATL,1,22,21,5,2,4,R
664849,Danny Young,2026-07-20,824898,ATL,0,3,3,1,0,0,L
682989,Victor Mederos,2026-07-20,824898,ATL,0,9,8,1,0,1,R
676664,JP Sears,2026-07-20,824898,SD,1,18,17,3,1,3,L
593974,Wandy Peralta,2026-07-20,824898,SD,0,5,4,1,1,1,L
699134,Bradgley Rodriguez,2026-07-20,824898,SD,0,3,3,0,0,2,R
606996,Kyle Hart,2026-07-20,824898,SD,0,3,2,0,0,2,L
683352,Mitch Bratt,2026-07-20,825058,AZ,1,23,21,8,2,4,L
686228,Juan Burgos,2026-07-20,825058,AZ,0,6,4,1,0,0,R
656464,Kevin Ginkel,2026-07-20,825058,AZ,0,7,7,4,0,1,R
642528,Jonathan Loáisiga,2026-07-20,825058,AZ,0,4,4,1,0,1,R
805299,Brandyn Garcia,2026-07-20,825058,AZ,0,3,3,0,0,1,L
605488,Jeffrey Springs,2026-07-20,825058,ATH,1,20,19,6,1,2,L
665622,Luis Medina,2026-07-20,825058,ATH,0,7,7,1,0,2,R
660761,José Suarez,2026-07-20,825058,ATH,0,3,3,0,0,0,L
663687,Hogan Harris,2026-07-20,825058,ATH,0,5,4,1,0,3,L
592332,Kevin Gausman,2026-07-21,822787,TOR,1,21,19,9,0,1,R
689254,Mason Fluharty,2026-07-21,822787,TOR,0,2,2,1,0,0,L
681751,Lazaro Estrada,2026-07-21,822787,TOR,0,10,9,3,1,3,R
571578,Patrick Corbin,2026-07-21,822787,TOR,0,14,14,7,1,3,L
664702,Myles Straw,2026-07-21,822787,TOR,0,3,3,1,0,0,R
656876,Drew Rasmussen,2026-07-21,822787,TB,1,23,22,7,0,5,R
642121,Cole Sulser,2026-07-21,822787,TB,0,5,5,0,0,0,R
518886,Craig Kimbrel,2026-07-21,822787,TB,0,3,3,0,0,0,R
664076,Garrett Cleavinger,2026-07-21,822787,TB,0,3,3,0,0,1,L
677958,Kumar Rocker,2026-07-21,822871,TEX,1,21,19,1,0,6,R
594835,Marco Gonzales,2026-07-21,822871,TEX,0,13,11,2,0,2,L
702273,Noah Schultz,2026-07-21,822871,CWS,1,22,22,11,1,2,L
670950,Trevor Richards,2026-07-21,822871,CWS,0,4,2,1,0,1,R
805326,Tyler Schweitzer,2026-07-21,822871,CWS,0,14,14,6,1,1,L
682668,Luisangel Acuña,2026-07-21,822871,CWS,0,3,3,0,0,0,R
622491,Luis Castillo,2026-07-21,823114,SEA,1,27,24,4,2,3,R
678606,José A. Ferrer,2026-07-21,823114,SEA,0,4,3,0,0,0,L
621074,Michael Rucker,2026-07-21,823114,SEA,0,4,4,1,1,1,R
695505,Chase Burns,2026-07-21,823114,CIN,1,20,18,3,0,6,R
594580,Sam Moll,2026-07-21,823114,CIN,0,3,2,1,0,1,L
622088,Tejay Antone,2026-07-21,823114,CIN,0,6,5,1,1,0,R
656271,Brock Burke,2026-07-21,823114,CIN,0,3,1,0,0,0,L
670062,Julian Garcia,2026-07-21,823114,CIN,0,4,4,1,1,1,R
641941,Emilio Pagán,2026-07-21,823114,CIN,0,3,3,0,0,1,R
554430,Zack Wheeler,2026-07-21,823437,PHI,1,25,25,5,1,9,R
621237,José Alvarado,2026-07-21,823437,PHI,0,3,3,0,0,1,L
680742,Jonathan Bowlan,2026-07-21,823437,PHI,0,3,3,0,0,1,R
680736,Justin Wrobleski,2026-07-21,823437,LAD,1,25,24,5,0,7,L
623465,Evan Phillips,2026-07-21,823437,LAD,0,3,3,0,0,2,R
656945,Tanner Scott,2026-07-21,823437,LAD,0,6,6,2,0,2,L
687075,Brandon Sproat,2026-07-21,823760,MIL,1,21,17,4,1,4,R
694477,Chad Patrick,2026-07-21,823760,MIL,0,3,3,2,0,1,R
669060,Bryse Wilson,2026-07-21,823760,MIL,0,18,18,7,1,2,R
804267,Zac Thornton,2026-07-21,823760,NYM,1,20,19,3,0,2,L
596133,Luke Weaver,2026-07-21,823760,NYM,0,3,3,0,0,0,R
548384,Brooks Raley,2026-07-21,823760,NYM,0,3,3,0,0,1,L
642207,Devin Williams,2026-07-21,823760,NYM,0,4,4,1,0,0,R
700712,Walbert Ureña,2026-07-21,824005,LAA,1,24,23,6,0,5,R
815083,Mitch Farris,2026-07-21,824005,LAA,0,4,4,0,0,2,L
681217,Chase Silseth,2026-07-21,824005,LAA,0,2,2,0,0,1,R
666171,Ryan Zeferjahn,2026-07-21,824005,LAA,0,5,4,1,0,3,R
669461,Matthew Liberatore,2026-07-21,824005,STL,1,25,23,9,1,7,L
694335,Matt Svanson,2026-07-21,824005,STL,0,2,2,0,0,0,R
656240,Scott Blewett,2026-07-21,824005,STL,0,9,7,1,0,2,R
679883,Luinder Avila,2026-07-21,824085,KC,1,25,22,5,0,7,R
621381,Matt Strahm,2026-07-21,824085,KC,0,2,2,0,0,1,L
670167,John Schreiber,2026-07-21,824085,KC,0,4,3,0,0,0,R
656638,Alex Lange,2026-07-21,824085,KC,0,4,3,0,0,2,R
641816,Tyler Mahle,2026-07-21,824085,SF,1,22,19,5,1,4,R
656529,Sam Hentges,2026-07-21,824085,SF,0,3,2,1,0,1,L
676775,Keaton Winn,2026-07-21,824085,SF,0,3,3,1,0,0,R
681916,Dylan Smith,2026-07-21,824085,SF,0,5,4,1,0,2,R
668873,Caleb Kilian,2026-07-21,824085,SF,0,3,3,0,0,0,R
837227,Tatsuya Imai,2026-07-21,824165,HOU,1,25,22,4,0,8,R
805123,AJ Blubaugh,2026-07-21,824165,HOU,0,6,6,3,1,3,R
656986,Bennett Sousa,2026-07-21,824165,HOU,0,3,3,0,0,1,L
623352,Josh Hader,2026-07-21,824165,HOU,0,4,4,1,0,1,L
663969,Tyler Phillips,2026-07-21,824165,MIA,1,18,17,5,1,2,R
676604,Tyler Zuber,2026-07-21,824165,MIA,0,4,4,1,1,1,R
687473,Ryan Gusto,2026-07-21,824165,MIA,0,6,6,0,0,2,R
694350,Zach Brzykcy,2026-07-21,824165,MIA,0,3,3,2,0,0,R
547179,Michael Lorenzen,2026-07-21,824329,COL,1,19,18,7,2,5,R
657514,Brennan Bernardino,2026-07-21,824329,COL,0,4,4,0,0,1,L
680767,Victor Vodnik,2026-07-21,824329,COL,0,3,3,1,0,0,R
623474,Jimmy Herget,2026-07-21,824329,COL,0,6,4,2,0,1,R
675848,Juan Mejia,2026-07-21,824329,COL,0,3,3,0,0,1,R
605447,Jordan Romano,2026-07-21,824329,COL,0,3,3,0,0,2,R
687223,Carson Palmquist,2026-07-21,824329,WSH,1,11,8,4,0,2,L
571945,Miles Mikolas,2026-07-21,824329,WSH,0,18,18,6,1,1,R
687377,Orlando Ribalta,2026-07-21,824329,WSH,0,2,2,0,0,2,R
640454,Matt Krook,2026-07-21,824329,WSH,0,5,4,1,0,1,L
690925,Clayton Beeter,2026-07-21,824329,WSH,0,4,4,1,1,0,R
800048,Parker Messick,2026-07-21,824409,CLE,1,22,22,4,1,6,L
670059,Colin Holderman,2026-07-21,824409,CLE,0,2,1,0,0,0,R
542888,Shawn Armstrong,2026-07-21,824409,CLE,0,4,4,2,0,1,R
683769,Hunter Gaddis,2026-07-21,824409,CLE,0,4,4,0,0,1,R
671922,Cade Smith,2026-07-21,824409,CLE,0,3,3,0,0,1,R
696070,Kendry Rojas,2026-07-21,824409,MIN,1,10,7,1,0,2,L
702474,Mike Paredes,2026-07-21,824409,MIN,0,16,13,6,0,0,R
573124,Taylor Rogers,2026-07-21,824409,MIN,0,7,5,2,0,0,L
681252,Jack Anderson,2026-07-21,824409,MIN,0,4,4,0,0,1,R
656849,David Peterson,2026-07-21,824652,CHC,1,24,23,3,0,4,L
650644,Aaron Civale,2026-07-21,824652,CHC,0,13,11,4,1,2,R
664285,Framber Valdez,2026-07-21,824652,DET,1,10,7,5,0,1,L
680744,Ty Madden,2026-07-21,824652,DET,0,15,11,1,0,5,R
669724,Brenan Hanifee,2026-07-21,824652,DET,0,8,7,2,1,1,R
656716,Zach McKinstry,2026-07-21,824652,DET,0,8,5,2,0,0,R
668670,Jake Rogers,2026-07-21,824652,DET,0,6,4,1,0,2,R
625643,Reynaldo López,2026-07-21,824895,ATL,1,23,20,9,2,6,R
702275,JR Ritchie,2026-07-21,824895,ATL,0,16,13,3,2,4,R
641755,Tyler Kinley,2026-07-21,824895,ATL,0,3,3,1,0,1,R
621111,Walker Buehler,2026-07-21,824895,SD,1,24,19,2,0,3,R
673513,Yuki Matsui,2026-07-21,824895,SD,0,4,2,0,0,1,L
699134,Bradgley Rodriguez,2026-07-21,824895,SD,0,3,3,1,0,2,R
670970,Adrian Morejon,2026-07-21,824895,SD,0,3,3,0,0,0,L
695243,Mason Miller,2026-07-21,824895,SD,0,5,4,1,0,3,R
684442,Kohl Drake,2026-07-21,825056,AZ,1,21,18,4,0,5,L
664199,Taylor Clarke,2026-07-21,825056,AZ,0,3,3,0,0,0,R
666661,Juan Morillo,2026-07-21,825056,AZ,0,4,3,0,0,2,R
657044,Ryan Thompson,2026-07-21,825056,AZ,0,5,5,3,1,0,R
623149,Paul Sewald,2026-07-21,825056,AZ,0,5,5,2,1,2,R
656464,Kevin Ginkel,2026-07-21,825056,AZ,0,3,2,0,0,0,R
678022,Jack Perkins,2026-07-21,825056,ATH,1,21,20,5,1,4,R
669620,Brady Basso,2026-07-21,825056,ATH,0,4,4,1,0,0,L
664129,Geoff Hartlieb,2026-07-21,825056,ATH,0,3,0,0,0,0,R
660761,José Suarez,2026-07-21,825056,ATH,0,2,2,0,0,2,L
665660,Elvis Alvarado,2026-07-21,825056,ATH,0,5,3,0,0,1,R
663687,Hogan Harris,2026-07-21,825056,ATH,0,4,4,1,0,0,L
665622,Luis Medina,2026-07-21,825056,ATH,0,5,3,2,0,1,R
680755,Braydon Fisher,2026-07-22,822784,TOR,1,5,3,0,0,1,R
693686,Spencer Miles,2026-07-22,822784,TOR,0,13,13,3,0,4,R
656546,Jeff Hoffman,2026-07-22,822784,TOR,0,6,4,2,0,1,R
689254,Mason Fluharty,2026-07-22,822784,TOR,0,3,2,1,0,0,L
643511,Tyler Rogers,2026-07-22,822784,TOR,0,4,4,1,0,2,R
663893,Brendon Little,2026-07-22,822784,TOR,0,3,2,0,0,1,L
686973,Louis Varland,2026-07-22,822784,TOR,0,3,3,1,0,0,R
643377,Griffin Jax,2026-07-22,822784,TB,1,22,21,3,0,5,R
592155,Cam Booser,2026-07-22,822784,TB,0,3,3,1,1,1,L
687330,Kevin Kelly,2026-07-22,822784,TB,0,4,4,0,0,1,R
641329,Bryan Baker,2026-07-22,822784,TB,0,3,3,0,0,1,R
641302,Tyler Alexander,2026-07-22,822873,TEX,1,7,6,1,0,1,L
615698,Cal Quantrill,2026-07-22,822873,TEX,0,14,11,2,0,1,R
596001,Jakob Junis,2026-07-22,822873,TEX,0,6,6,3,0,1,R
695239,Robby Ahlstrom,2026-07-22,822873,TEX,0,3,3,0,0,2,L
682608,Peyton Gray,2026-07-22,822873,TEX,0,4,4,1,0,1,R
656641,Jacob Latz,2026-07-22,822873,TEX,0,3,3,0,0,1,L
641743,Anthony Kay,2026-07-22,822873,CWS,1,22,18,5,1,4,L
663855,Jordan Hicks,2026-07-22,822873,CWS,0,4,4,0,0,1,R
691799,Grant Taylor,2026-07-22,822873,CWS,0,6,6,0,0,5,R
663542,Bryan Hudson,2026-07-22,822873,CWS,0,3,3,0,0,2,L
676106,Emerson Hancock,2026-07-22,823110,SEA,1,24,23,5,1,3,R
660825,Eduard Bazardo,2026-07-22,823110,SEA,0,6,5,2,1,0,R
677961,Cole Wilcox,2026-07-22,823110,SEA,0,7,7,1,0,2,R
663903,Brady Singer,2026-07-22,823110,CIN,1,26,25,6,0,6,R
656271,Brock Burke,2026-07-22,823110,CIN,0,5,5,1,0,0,L
641941,Emilio Pagán,2026-07-22,823110,CIN,0,3,3,0,0,0,R
605400,Aaron Nola,2026-07-22,823438,PHI,1,23,22,7,2,4,R
686751,Seth Johnson,2026-07-22,823438,PHI,0,3,3,1,0,2,R
641835,Tim Mayza,2026-07-22,823438,PHI,0,5,4,1,0,0,L
689147,Orion Kerkering,2026-07-22,823438,PHI,0,5,2,1,0,1,R
686934,Alex McFarlane,2026-07-22,823438,PHI,0,4,4,1,0,0,R
641778,Eric Lauer,2026-07-22,823438,LAD,1,21,20,4,2,5,L
592779,Brock Stewart,2026-07-22,823438,LAD,0,2,2,0,0,0,R
676263,Jack Dreyer,2026-07-22,823438,LAD,0,3,3,0,0,1,L
694361,Will Klein,2026-07-22,823438,LAD,0,6,4,1,0,1,R
683618,Edgardo Henriquez,2026-07-22,823438,LAD,0,5,5,2,0,2,R
543037,Gerrit Cole,2026-07-22,823518,NYY,1,25,25,4,2,11,R
687396,Brent Headrick,2026-07-22,823518,NYY,0,3,3,0,0,3,L
670280,David Bednar,2026-07-22,823518,NYY,0,5,4,1,0,1,R
518585,Fernando Cruz,2026-07-22,823518,NYY,0,5,3,2,0,0,R
665645,Kervin Castro,2026-07-22,823518,NYY,0,2,2,0,0,2,R
656605,Mitch Keller,2026-07-22,823518,PIT,1,21,18,3,0,6,R
669387,Carmen Mlodzinski,2026-07-22,823518,PIT,0,13,11,3,1,3,R
682254,Mason Montgomery,2026-07-22,823518,PIT,0,5,4,0,0,2,L
642397,Gregory Soto,2026-07-22,823518,PIT,0,3,3,0,0,1,L
608331,Max Fried,2026-07-22,823519,NYY,1,16,15,1,0,7,L
683409,Angel Chivilli,2026-07-22,823519,NYY,0,4,4,1,0,1,R
621112,Paul Blackburn,2026-07-22,823519,NYY,0,7,6,0,0,3,R
701542,Will Warren,2026-07-22,823519,NYY,0,4,3,1,0,1,R
657612,Tim Hill,2026-07-22,823519,NYY,0,1,1,0,0,0,L
696149,Bubba Chandler,2026-07-22,823519,PIT,1,21,20,2,0,5,R
685126,Brandon Eisert,2026-07-22,823519,PIT,0,5,4,2,0,1,L
670990,Yohan Ramírez,2026-07-22,823519,PIT,0,3,3,1,0,0,R
701656,Logan Henderson,2026-07-22,823761,MIL,1,20,20,5,2,9,R
676879,Aaron Ashby,2026-07-22,823761,MIL,0,7,6,0,0,4,L
682842,Abner Uribe,2026-07-22,823761,MIL,0,5,5,2,0,2,R
656730,Trevor Megill,2026-07-22,823761,MIL,0,5,4,1,0,0,R
681035,Christian Scott,2026-07-22,823761,NYM,1,18,15,4,0,6,R
672335,Cionel Pérez,2026-07-22,823761,NYM,0,5,5,2,0,1,L
623211,Huascar Brazobán,2026-07-22,823761,NYM,0,4,4,1,0,0,R
621345,A.J. Minter,2026-07-22,823761,NYM,0,5,4,1,0,1,L
650960,Daniel Duarte,2026-07-22,823761,NYM,0,5,4,0,0,1,R
672282,Reid Detmers,2026-07-22,824004,LAA,1,19,17,2,1,6,L
820862,José Fermin,2026-07-22,824004,LAA,0,2,2,0,0,0,R
696519,Samy Natera Jr.,2026-07-22,824004,LAA,0,4,4,1,0,2,L
815083,Mitch Farris,2026-07-22,824004,LAA,0,3,3,0,0,0,L
489446,Kirby Yates,2026-07-22,824004,LAA,0,4,3,0,0,2,R
690928,Hunter Dobbins,2026-07-22,824004,STL,1,24,23,6,0,5,R
703725,Luis Gastelum,2026-07-22,824004,STL,0,3,3,1,0,1,R
666277,George Soriano,2026-07-22,824004,STL,0,3,3,0,0,1,R
676617,Riley O'Brien,2026-07-22,824004,STL,0,5,3,0,0,3,R
607625,Seth Lugo,2026-07-22,824083,KC,1,26,21,3,0,5,R
663738,Daniel Lynch IV,2026-07-22,824083,KC,0,3,3,0,0,0,L
674444,Steven Cruz,2026-07-22,824083,KC,0,4,4,1,1,1,R
694738,Landen Roupp,2026-07-22,824083,SF,1,22,22,4,1,7,R
656529,Sam Hentges,2026-07-22,824083,SF,0,3,3,2,0,0,L
676775,Keaton Winn,2026-07-22,824083,SF,0,5,4,2,0,0,R
669062,Erik Miller,2026-07-22,824083,SF,0,4,4,1,0,1,L
663567,Peter Lambert,2026-07-22,824166,HOU,1,26,24,6,0,3,R
660853,Enyel De Los Santos,2026-07-22,824166,HOU,0,4,4,1,0,2,R
595345,Steven Okert,2026-07-22,824166,HOU,0,3,3,0,0,0,L
650556,Bryan Abreu,2026-07-22,824166,HOU,0,3,3,0,0,1,R
645261,Sandy Alcantara,2026-07-22,824166,MIA,1,30,29,9,3,3,R
676534,Calvin Faucher,2026-07-22,824166,MIA,0,3,3,0,0,2,R
687312,Gabriel Hughes,2026-07-22,824327,COL,1,21,19,5,0,5,R
657514,Brennan Bernardino,2026-07-22,824327,COL,0,2,2,0,0,2,L
623474,Jimmy Herget,2026-07-22,824327,COL,0,6,4,2,1,0,R
688642,Zach Agnos,2026-07-22,824327,COL,0,14,13,7,0,1,R
676917,Cade Cavalli,2026-07-22,824327,WSH,1,24,22,4,0,8,R
678868,Eddy Yean,2026-07-22,824327,WSH,0,8,7,1,0,1,R
668820,Max Kranick,2026-07-22,824327,WSH,0,5,4,1,0,1,R
677944,Slade Cecconi,2026-07-22,824408,CLE,1,26,23,7,2,5,R
681870,Erik Sabrowski,2026-07-22,824408,CLE,0,4,4,0,0,1,L
680916,Franco Aleman,2026-07-22,824408,CLE,0,3,3,0,0,0,R
670036,Matt Festa,2026-07-22,824408,CLE,0,6,4,1,0,1,R
702021,Will Dion,2026-07-22,824408,CLE,0,6,6,3,0,2,L
641927,Bailey Ober,2026-07-22,824408,MIN,1,21,20,8,0,2,R
681892,Kody Funderburk,2026-07-22,824408,MIN,0,4,3,0,0,1,L
701519,Travis Adams,2026-07-22,824408,MIN,0,7,7,1,0,0,R
702193,Andrew Morris,2026-07-22,824408,MIN,0,6,5,2,1,1,R
672782,Yoendrys Gómez,2026-07-22,824408,MIN,0,5,5,2,0,1,R
607067,Colin Rea,2026-07-22,824650,CHC,1,21,20,6,2,5,R
669020,Ryan Rolison,2026-07-22,824650,CHC,0,3,3,0,0,3,L
668970,Gavin Hollowell,2026-07-22,824650,CHC,0,3,3,0,0,1,R
573204,Caleb Thielbar,2026-07-22,824650,CHC,0,4,4,1,0,2,L
621053,Tyler Ferguson,2026-07-22,824650,CHC,0,5,5,2,0,1,R
672456,Keider Montero,2026-07-22,824650,DET,1,20,20,3,1,8,R
805427,Drew Sommers,2026-07-22,824650,DET,0,1,1,0,0,0,L
623454,Drew Anderson,2026-07-22,824650,DET,0,4,4,1,0,2,R
640448,Kyle Finnegan,2026-07-22,824650,DET,0,4,3,0,0,1,R
445276,Kenley Jansen,2026-07-22,824650,DET,0,4,3,0,0,1,R
700842,Eduardo Rivera,2026-07-22,824732,BOS,1,8,6,3,0,1,L
678394,Brayan Bello,2026-07-22,824732,BOS,0,21,18,4,0,5,R
663558,Jovani Morán,2026-07-22,824732,BOS,0,5,3,1,0,1,L
670245,Ryan Watson,2026-07-22,824732,BOS,0,4,4,1,0,0,R
687941,Alec Gamboa,2026-07-22,824732,BOS,0,3,3,0,0,1,L
680694,Kyle Bradish,2026-07-22,824732,BAL,1,23,21,4,0,4,R
666974,Yennier Cano,2026-07-22,824732,BAL,0,3,3,0,0,0,R
552640,Andrew Kittredge,2026-07-22,824732,BAL,0,4,4,1,0,1,R
669330,Tyler Wells,2026-07-22,824732,BAL,0,4,3,0,0,0,R
687562,Jake Bennett,2026-07-22,824735,BOS,1,26,26,9,1,4,L
686580,Justin Slaten,2026-07-22,824735,BOS,0,5,5,1,0,1,R
676477,Garrett Whitlock,2026-07-22,824735,BOS,0,3,3,0,0,0,R
547973,Aroldis Chapman,2026-07-22,824735,BOS,0,4,3,1,0,0,L
665152,Dean Kremer,2026-07-22,824735,BAL,1,27,25,8,1,5,R
689296,Anthony Nunez,2026-07-22,824735,BAL,0,7,7,1,0,1,R
527048,Martín Pérez,2026-07-22,824896,ATL,1,16,12,1,0,3,L
689266,Dylan Dodd,2026-07-22,824896,ATL,0,3,3,0,0,2,L
800311,Didier Fuentes,2026-07-22,824896,ATL,0,10,9,3,1,2,R
669276,Dylan Lee,2026-07-22,824896,ATL,0,3,3,0,0,1,L
682989,Victor Mederos,2026-07-22,824896,ATL,0,5,4,3,0,0,R
628452,Raisel Iglesias,2026-07-22,824896,ATL,0,3,3,1,1,2,R
650633,Michael King,2026-07-22,824896,SD,1,27,23,5,0,7,R
670970,Adrian Morejon,2026-07-22,824896,SD,0,5,5,2,0,2,L
593974,Wandy Peralta,2026-07-22,824896,SD,0,5,4,3,0,0,L
681190,Randy Vásquez,2026-07-22,824896,SD,0,6,6,4,0,1,R
518876,Merrill Kelly,2026-07-22,825055,AZ,1,19,18,5,1,3,R
672629,Gerardo Carrillo,2026-07-22,825055,AZ,0,9,8,3,0,1,R
642528,Jonathan Loáisiga,2026-07-22,825055,AZ,0,3,3,0,0,1,R
545121,Ildemaro Vargas,2026-07-22,825055,AZ,0,7,4,2,0,0,R
695611,Gage Jump,2026-07-22,825055,ATH,1,24,20,8,3,5,L
814305,Yunior Tur,2026-07-22,825055,ATH,0,10,7,5,2,1,R
696522,Hayden Juenger,2026-07-22,825055,ATH,0,12,10,4,0,2,R
666126,Carlos Cortes,2026-07-22,825055,ATH,0,1,1,0,0,0,S
669456,Shane Bieber,2026-07-23,822785,TOR,1,24,24,3,0,3,R
643511,Tyler Rogers,2026-07-23,822785,TOR,0,3,3,0,0,1,R
686973,Louis Varland,2026-07-23,822785,TOR,0,3,3,0,0,2,R
668984,Casey Legumina,2026-07-23,822785,TB,1,9,7,2,0,2,R
693855,Ian Seymour,2026-07-23,822785,TB,0,23,22,5,0,7,L
700241,Michael McGreevy,2026-07-23,823042,STL,1,27,22,7,1,3,R
677865,Justin Bruihl,2026-07-23,823042,STL,0,5,5,2,0,1,L
694335,Matt Svanson,2026-07-23,823042,STL,0,8,5,4,0,0,R
700669,Gordon Graceffo,2026-07-23,823042,STL,0,6,6,3,0,2,R
694297,Brandon Pfaadt,2026-07-23,823042,AZ,1,26,24,7,0,1,R
805299,Brandyn Garcia,2026-07-23,823042,AZ,0,4,4,1,0,1,L
664199,Taylor Clarke,2026-07-23,823042,AZ,0,3,3,0,0,0,R
657044,Ryan Thompson,2026-07-23,823042,AZ,0,8,8,5,0,0,R
675512,Troy Melton,2026-07-23,824247,DET,1,24,20,5,1,5,R
663947,Tyler Holton,2026-07-23,824247,DET,0,6,6,1,0,0,L
621097,Jacob Waguespack,2026-07-23,824247,DET,0,1,1,0,0,0,R
623454,Drew Anderson,2026-07-23,824247,DET,0,5,5,2,0,1,R
805427,Drew Sommers,2026-07-23,824247,DET,0,3,2,1,0,1,L
640448,Kyle Finnegan,2026-07-23,824247,DET,0,1,1,0,0,0,R
677976,Randy Dobnak,2026-07-23,824247,KC,1,18,17,4,0,3,R
621381,Matt Strahm,2026-07-23,824247,KC,0,4,3,0,0,1,L
670167,John Schreiber,2026-07-23,824247,KC,0,6,6,4,1,1,R
674444,Steven Cruz,2026-07-23,824247,KC,0,6,6,2,0,1,R
668909,Gavin Williams,2026-07-23,824406,CLE,1,23,23,2,0,11,R
683769,Hunter Gaddis,2026-07-23,824406,CLE,0,3,1,0,0,1,R
671922,Cade Smith,2026-07-23,824406,CLE,0,6,6,2,0,1,R
670059,Colin Holderman,2026-07-23,824406,CLE,0,7,6,0,0,0,R
681870,Erik Sabrowski,2026-07-23,824406,CLE,0,6,5,2,0,1,L
671737,Taj Bradley,2026-07-23,824406,MIN,1,25,22,2,1,5,R
702193,Andrew Morris,2026-07-23,824406,MIN,0,4,4,1,0,0,R
672782,Yoendrys Gómez,2026-07-23,824406,MIN,0,5,3,0,0,2,R
667297,Tommy Nance,2026-07-23,824406,MIN,0,3,3,0,0,1,R
573124,Taylor Rogers,2026-07-23,824406,MIN,0,4,3,0,0,1,L
681252,Jack Anderson,2026-07-23,824406,MIN,0,4,3,0,0,1,R
519242,Chris Sale,2026-07-23,824893,ATL,1,25,23,5,0,11,L
689266,Dylan Dodd,2026-07-23,824893,ATL,0,3,3,0,0,1,L
641755,Tyler Kinley,2026-07-23,824893,ATL,0,4,4,2,1,1,R
664849,Danny Young,2026-07-23,824893,ATL,0,1,1,0,0,0,L
628452,Raisel Iglesias,2026-07-23,824893,ATL,0,5,5,2,0,2,R
606996,Kyle Hart,2026-07-23,824893,SD,1,3,3,0,0,1,L
656288,Griffin Canning,2026-07-23,824893,SD,0,14,13,5,3,4,R
673513,Yuki Matsui,2026-07-23,824893,SD,0,4,4,1,0,1,L
663362,Matt Waldron,2026-07-23,824893,SD,0,9,9,3,1,0,R
699134,Bradgley Rodriguez,2026-07-23,824893,SD,0,3,3,0,0,2,R
687223,Carson Palmquist,2026-07-24,822707,WSH,1,8,4,2,0,1,L
641793,Zack Littell,2026-07-24,822707,WSH,0,20,19,4,0,5,R
676680,Tom Cosgrove,2026-07-24,822707,WSH,0,3,1,1,0,0,L
687377,Orlando Ribalta,2026-07-24,822707,WSH,0,6,5,1,0,3,R
668820,Max Kranick,2026-07-24,822707,WSH,0,3,3,0,0,0,R
593958,Eduardo Rodriguez,2026-07-24,822707,AZ,1,27,23,7,1,4,L
666661,Juan Morillo,2026-07-24,822707,AZ,0,3,3,0,0,1,R
656464,Kevin Ginkel,2026-07-24,822707,AZ,0,3,3,0,0,1,R
623149,Paul Sewald,2026-07-24,822707,AZ,0,3,3,0,0,1,R
669022,MacKenzie Gore,2026-07-24,822872,TEX,1,23,21,7,0,5,L
682608,Peyton Gray,2026-07-24,822872,TEX,0,4,4,1,0,2,R
596001,Jakob Junis,2026-07-24,822872,TEX,0,3,3,0,0,1,R
641302,Tyler Alexander,2026-07-24,822872,TEX,0,3,3,1,0,0,L
668390,Cole Winn,2026-07-24,822872,TEX,0,1,1,0,0,0,R
656641,Jacob Latz,2026-07-24,822872,TEX,0,4,4,1,0,1,L
682243,Bryce Miller,2026-07-24,822872,SEA,1,23,22,6,2,0,R
660825,Eduard Bazardo,2026-07-24,822872,SEA,0,5,4,2,0,1,R
621074,Michael Rucker,2026-07-24,822872,SEA,0,8,8,2,0,3,R
663556,Shane McClanahan,2026-07-24,822952,TB,1,19,17,2,0,3,L
642121,Cole Sulser,2026-07-24,822952,TB,0,4,4,1,0,2,R
688297,Chris Roycroft,2026-07-24,822952,TB,0,13,13,4,1,2,R
676282,Joey Cantillo,2026-07-24,822952,CLE,1,20,19,8,1,4,L
670036,Matt Festa,2026-07-24,822952,CLE,0,7,7,2,0,2,R
680916,Franco Aleman,2026-07-24,822952,CLE,0,5,4,1,0,3,R
682120,Tim Herrin,2026-07-24,822952,CLE,0,5,5,2,0,1,L
542888,Shawn Armstrong,2026-07-24,822952,CLE,0,5,2,1,0,0,R
683769,Hunter Gaddis,2026-07-24,822952,CLE,0,2,2,1,1,0,R
669160,Dustin May,2026-07-24,823031,STL,1,27,25,7,0,8,R
666277,George Soriano,2026-07-24,823031,STL,0,6,6,3,1,1,R
592773,Ryne Stanek,2026-07-24,823031,STL,0,3,3,0,0,2,R
703725,Luis Gastelum,2026-07-24,823031,STL,0,5,3,1,0,0,R
695076,Rhett Lowder,2026-07-24,823031,CIN,1,18,15,1,0,4,R
657571,Caleb Ferguson,2026-07-24,823031,CIN,0,3,2,0,0,0,L
670062,Julian Garcia,2026-07-24,823031,CIN,0,1,1,0,0,1,R
656271,Brock Burke,2026-07-24,823031,CIN,0,3,3,0,0,1,L
622088,Tejay Antone,2026-07-24,823031,CIN,0,4,4,1,0,1,R
641941,Emilio Pagán,2026-07-24,823031,CIN,0,3,3,0,0,2,R
657277,Logan Webb,2026-07-24,823196,SF,1,25,22,6,0,4,R
681916,Dylan Smith,2026-07-24,823196,SF,0,4,3,0,0,3,R
671345,Jason Foley,2026-07-24,823196,SF,0,5,5,2,1,1,R
669062,Erik Miller,2026-07-24,823196,SF,0,5,2,0,0,1,L
668873,Caleb Kilian,2026-07-24,823196,SF,0,3,3,1,0,1,R
680570,Grayson Rodriguez,2026-07-24,823196,LAA,1,18,16,6,2,3,R
608718,Brent Suter,2026-07-24,823196,LAA,0,4,4,1,0,1,L
820862,José Fermin,2026-07-24,823196,LAA,0,3,3,0,0,2,R
489446,Kirby Yates,2026-07-24,823196,LAA,0,4,2,0,0,0,R
696519,Samy Natera Jr.,2026-07-24,823196,LAA,0,3,3,0,0,1,L
666171,Ryan Zeferjahn,2026-07-24,823196,LAA,0,4,3,0,0,1,R
681217,Chase Silseth,2026-07-24,823196,LAA,0,4,3,2,0,0,R
683003,Jared Jones,2026-07-24,823352,PIT,1,21,20,2,1,5,R
696062,Wilber Dotel,2026-07-24,823352,PIT,0,5,5,2,0,1,R
682254,Mason Montgomery,2026-07-24,823352,PIT,0,3,3,0,0,3,L
642397,Gregory Soto,2026-07-24,823352,PIT,0,3,3,0,0,0,L
670990,Yohan Ramírez,2026-07-24,823352,PIT,0,7,5,2,0,2,R
571510,Matthew Boyd,2026-07-24,823352,CHC,1,29,26,7,0,4,L
657097,Jacob Webb,2026-07-24,823352,CHC,0,4,4,1,0,1,R
573204,Caleb Thielbar,2026-07-24,823352,CHC,0,3,3,0,0,1,L
668970,Gavin Hollowell,2026-07-24,823352,CHC,0,3,3,0,0,0,R
666200,Jesús Luzardo,2026-07-24,823434,PHI,1,26,24,4,1,9,L
680742,Jonathan Bowlan,2026-07-24,823434,PHI,0,3,3,0,0,3,R
621237,José Alvarado,2026-07-24,823434,PHI,0,3,2,0,0,0,L
693645,Cam Schlittler,2026-07-24,823434,NYY,1,26,25,3,0,12,R
687396,Brent Headrick,2026-07-24,823434,NYY,0,3,3,1,0,0,L
670280,David Bednar,2026-07-24,823434,NYY,0,3,3,0,0,1,R
640455,Sean Manaea,2026-07-24,823601,NYM,1,24,21,6,0,3,L
548384,Brooks Raley,2026-07-24,823601,NYM,0,6,4,2,0,0,L
621345,A.J. Minter,2026-07-24,823601,NYM,0,5,5,2,1,0,L
672335,Cionel Pérez,2026-07-24,823601,NYM,0,4,4,1,0,2,L
808963,Roki Sasaki,2026-07-24,823601,LAD,1,25,23,3,1,9,R
623465,Evan Phillips,2026-07-24,823601,LAD,0,4,4,1,1,1,R
656945,Tanner Scott,2026-07-24,823601,LAD,0,3,3,0,0,1,L
805673,Zebby Matthews,2026-07-24,823680,MIN,1,22,18,3,0,1,R
681892,Kody Funderburk,2026-07-24,823680,MIN,0,4,4,1,0,0,L
701519,Travis Adams,2026-07-24,823680,MIN,0,3,3,0,0,2,R
681252,Jack Anderson,2026-07-24,823680,MIN,0,4,4,1,0,2,R
682052,Jacob Lopez,2026-07-24,823680,ATH,1,21,16,1,0,4,L
664129,Geoff Hartlieb,2026-07-24,823680,ATH,0,4,1,0,0,1,R
660761,José Suarez,2026-07-24,823680,ATH,0,4,4,0,0,0,L
665660,Elvis Alvarado,2026-07-24,823680,ATH,0,3,3,1,0,0,R
663687,Hogan Harris,2026-07-24,823680,ATH,0,3,2,0,0,1,L
675660,Shane Drohan,2026-07-24,823759,MIL,1,25,22,6,0,6,L
681982,Grant Anderson,2026-07-24,823759,MIL,0,4,4,1,0,1,R
684974,Craig Yoho,2026-07-24,823759,MIL,0,8,7,2,0,1,R
608372,Tomoyuki Sugano,2026-07-24,823759,COL,1,23,22,6,2,5,R
680767,Victor Vodnik,2026-07-24,823759,COL,0,5,5,0,0,1,R
622608,Antonio Senzatela,2026-07-24,823759,COL,0,4,4,1,0,1,R
605447,Jordan Romano,2026-07-24,823759,COL,0,5,5,2,0,1,R
687473,Ryan Gusto,2026-07-24,823843,MIA,1,13,12,2,0,4,R
806188,Cade Gibson,2026-07-24,823843,MIA,0,5,1,0,0,0,L
656848,Michael Petersen,2026-07-24,823843,MIA,0,4,3,1,0,0,R
669199,Lake Bachar,2026-07-24,823843,MIA,0,7,5,0,0,1,R
676604,Tyler Zuber,2026-07-24,823843,MIA,0,4,4,2,1,2,R
667463,John King,2026-07-24,823843,MIA,0,4,2,0,0,0,L
676534,Calvin Faucher,2026-07-24,823843,MIA,0,3,3,0,0,1,R
608566,Germán Márquez,2026-07-24,823843,SD,1,12,11,3,1,4,R
606996,Kyle Hart,2026-07-24,823843,SD,0,8,8,2,0,2,L
593974,Wandy Peralta,2026-07-24,823843,SD,0,6,6,2,1,1,L
699134,Bradgley Rodriguez,2026-07-24,823843,SD,0,4,4,2,0,1,R
670970,Adrian Morejon,2026-07-24,823843,SD,0,5,4,0,0,2,L
695243,Mason Miller,2026-07-24,823843,SD,0,3,3,0,0,1,R
669373,Tarik Skubal,2026-07-24,824248,DET,1,28,25,4,0,12,L
669724,Brenan Hanifee,2026-07-24,824248,DET,0,2,2,0,0,0,R
445276,Kenley Jansen,2026-07-24,824248,DET,0,3,3,0,0,1,R
694360,Beck Way,2026-07-24,824248,KC,1,7,5,3,0,0,R
702070,Noah Cameron,2026-07-24,824248,KC,0,24,21,2,0,8,L
663436,Davis Martin,2026-07-24,824573,CWS,1,23,21,6,0,3,R
663542,Bryan Hudson,2026-07-24,824573,CWS,0,6,5,3,1,1,L
622554,Seranthony Domínguez,2026-07-24,824573,CWS,0,4,2,1,0,1,R
670950,Trevor Richards,2026-07-24,824573,CWS,0,7,7,2,0,3,R
669684,Chris Murphy,2026-07-24,824573,CWS,0,6,4,1,0,1,L
681293,Spencer Arrighetti,2026-07-24,824573,HOU,1,9,4,2,0,0,R
805123,AJ Blubaugh,2026-07-24,824573,HOU,0,8,7,1,0,2,R
678906,Kai-Wei Teng,2026-07-24,824573,HOU,0,11,8,2,0,1,R
656986,Bennett Sousa,2026-07-24,824573,HOU,0,4,4,1,0,1,L
650556,Bryan Abreu,2026-07-24,824573,HOU,0,4,4,1,0,2,R
595345,Steven Okert,2026-07-24,824573,HOU,0,4,4,1,0,0,L
623352,Josh Hader,2026-07-24,824573,HOU,0,3,3,0,0,2,L
663776,Patrick Sandoval,2026-07-24,824733,BOS,1,22,20,5,0,3,L
594027,Tyron Guerrero,2026-07-24,824733,BOS,0,4,4,0,0,1,R
669711,Greg Weissert,2026-07-24,824733,BOS,0,6,5,2,1,1,R
676477,Garrett Whitlock,2026-07-24,824733,BOS,0,5,4,2,0,1,R
547973,Aroldis Chapman,2026-07-24,824733,BOS,0,4,3,0,0,2,L
702056,Trey Yesavage,2026-07-24,824733,TOR,1,18,17,5,2,9,R
689254,Mason Fluharty,2026-07-24,824733,TOR,0,3,3,0,0,2,L
680755,Braydon Fisher,2026-07-24,824733,TOR,0,6,3,2,0,1,R
656546,Jeff Hoffman,2026-07-24,824733,TOR,0,6,5,1,0,0,R
669310,CJ Van Eyk,2026-07-24,824733,TOR,0,5,5,4,0,0,R
671936,Adam Macko,2026-07-24,824733,TOR,0,3,2,0,0,1,L
669432,Trevor Rogers,2026-07-24,824812,BAL,1,26,25,6,0,6,L
670329,Rico Garcia,2026-07-24,824812,BAL,0,4,4,1,1,2,R
669330,Tyler Wells,2026-07-24,824812,BAL,0,4,4,1,0,2,R
552640,Andrew Kittredge,2026-07-24,824812,BAL,0,5,5,2,1,2,R
664991,Grant Wolfram,2026-07-24,824812,BAL,0,2,2,1,0,0,L
656550,Grant Holmes,2026-07-24,824812,ATL,1,22,18,6,0,5,R
664849,Danny Young,2026-07-24,824812,ATL,0,4,2,0,0,2,L
641755,Tyler Kinley,2026-07-24,824812,ATL,0,1,1,0,0,0,R
622694,Elieser Hernández,2026-07-24,824812,ATL,0,13,10,1,0,2,R
669276,Dylan Lee,2026-07-24,824812,ATL,0,5,4,2,1,2,L
656492,Foster Griffin,2026-07-25,822704,WSH,1,26,23,6,0,2,L
678868,Eddy Yean,2026-07-25,822704,WSH,0,4,4,0,0,0,R
690925,Clayton Beeter,2026-07-25,822704,WSH,0,3,3,0,0,0,R
683352,Mitch Bratt,2026-07-25,822704,AZ,1,26,21,7,1,3,L
672629,Gerardo Carrillo,2026-07-25,822704,AZ,0,10,8,2,0,2,R
664199,Taylor Clarke,2026-07-25,822704,AZ,0,3,3,0,0,1,R
543135,Nathan Eovaldi,2026-07-25,822869,TEX,1,24,23,3,0,8,R
695239,Robby Ahlstrom,2026-07-25,822869,TEX,0,4,4,1,0,1,L
687239,Ben Peoples,2026-07-25,822869,TEX,0,4,4,1,0,0,R
693433,Bryan Woo,2026-07-25,822869,SEA,1,25,23,9,0,5,R
677961,Cole Wilcox,2026-07-25,822869,SEA,0,7,6,1,0,2,R
689546,Nick Davila,2026-07-25,822869,SEA,0,6,5,2,0,0,R
607259,Nick Martinez,2026-07-25,822948,TB,1,21,21,4,0,5,R
642121,Cole Sulser,2026-07-25,822948,TB,0,3,3,0,0,1,R
664076,Garrett Cleavinger,2026-07-25,822948,TB,0,4,3,0,0,2,L
641329,Bryan Baker,2026-07-25,822948,TB,0,4,4,1,0,0,R
676440,Tanner Bibee,2026-07-25,822948,CLE,1,28,24,9,0,5,R
702021,Will Dion,2026-07-25,822948,CLE,0,6,6,0,0,4,L
669467,Andre Pallante,2026-07-25,823027,STL,1,24,23,2,0,8,R
700669,Gordon Graceffo,2026-07-25,823027,STL,0,9,7,1,0,4,R
668881,Hunter Greene,2026-07-25,823027,CIN,1,26,24,8,0,3,R
594580,Sam Moll,2026-07-25,823027,CIN,0,2,1,0,0,1,L
695534,Chase Petty,2026-07-25,823027,CIN,0,8,8,2,0,2,R
592662,Robbie Ray,2026-07-25,823197,SF,1,25,23,6,0,5,L
663941,Tristan Beck,2026-07-25,823197,SF,0,8,6,1,0,0,R
676775,Keaton Winn,2026-07-25,823197,SF,0,7,5,2,0,1,R
696270,Ryan Johnson,2026-07-25,823197,LAA,1,20,18,8,1,4,R
608718,Brent Suter,2026-07-25,823197,LAA,0,10,10,2,1,4,L
489446,Kirby Yates,2026-07-25,823197,LAA,0,6,4,1,0,0,R
623168,Tyler Heineman,2026-07-25,823197,LAA,0,3,3,0,0,0,R
694973,Paul Skenes,2026-07-25,823355,PIT,1,25,22,6,0,11,R
676755,Isaac Mattson,2026-07-25,823355,PIT,0,6,5,4,0,1,R
676760,Ron Marinaccio,2026-07-25,823355,PIT,0,9,7,3,1,1,R
685126,Brandon Eisert,2026-07-25,823355,PIT,0,5,5,2,0,2,L
682997,Tyler Callihan,2026-07-25,823355,PIT,0,4,4,1,0,1,R
684007,Shota Imanaga,2026-07-25,823355,CHC,1,23,22,4,0,4,L
665871,Javier Assad,2026-07-25,823355,CHC,0,11,10,1,0,3,R
641835,Tim Mayza,2026-07-25,823435,PHI,1,6,6,0,0,1,L
662144,Brian Keller,2026-07-25,823435,PHI,0,11,11,2,1,3,R
679775,Kyle Backhus,2026-07-25,823435,PHI,0,3,2,0,0,2,L
686751,Seth Johnson,2026-07-25,823435,PHI,0,3,3,2,0,0,R
621237,José Alvarado,2026-07-25,823435,PHI,0,5,5,2,1,1,L
680742,Jonathan Bowlan,2026-07-25,823435,PHI,0,4,4,1,0,1,R
661395,Jhoan Duran,2026-07-25,823435,PHI,0,3,3,0,0,3,R
677960,Ryan Weathers,2026-07-25,823435,NYY,1,24,21,6,0,7,L
683409,Angel Chivilli,2026-07-25,823435,NYY,0,2,2,1,0,0,R
621112,Paul Blackburn,2026-07-25,823435,NYY,0,7,6,0,0,0,R
670280,David Bednar,2026-07-25,823435,NYY,0,3,3,0,0,0,R
690997,Nolan McLean,2026-07-25,823600,NYM,1,27,25,7,1,7,R
650960,Daniel Duarte,2026-07-25,823600,NYM,0,7,6,1,0,2,R
623211,Huascar Brazobán,2026-07-25,823600,NYM,0,3,3,0,0,0,R
808967,Yoshinobu Yamamoto,2026-07-25,823600,LAD,1,26,23,5,0,5,R
681911,Alex Vesia,2026-07-25,823600,LAD,0,4,3,0,0,1,L
683618,Edgardo Henriquez,2026-07-25,823600,LAD,0,4,2,0,0,2,R
656945,Tanner Scott,2026-07-25,823600,LAD,0,3,2,1,0,1,L
592779,Brock Stewart,2026-07-25,823600,LAD,0,3,3,0,0,2,R
696070,Kendry Rojas,2026-07-25,823679,MIN,1,14,12,1,0,5,L
573124,Taylor Rogers,2026-07-25,823679,MIN,0,8,7,1,0,2,L
667297,Tommy Nance,2026-07-25,823679,MIN,0,4,4,1,0,0,R
702193,Andrew Morris,2026-07-25,823679,MIN,0,5,4,0,0,2,R
672782,Yoendrys Gómez,2026-07-25,823679,MIN,0,3,3,0,0,1,R
669620,Brady Basso,2026-07-25,823679,ATH,1,10,9,2,0,3,L
686930,Mason Barnett,2026-07-25,823679,ATH,0,15,14,4,0,2,R
660761,José Suarez,2026-07-25,823679,ATH,0,1,1,0,0,1,L
696522,Hayden Juenger,2026-07-25,823679,ATH,0,3,3,0,0,0,R
665622,Luis Medina,2026-07-25,823679,ATH,0,3,3,0,0,2,R
688107,Robert Gasser,2026-07-25,823758,MIL,1,23,22,5,0,4,L
694477,Chad Patrick,2026-07-25,823758,MIL,0,3,3,0,0,1,R
621121,Lance McCullers Jr.,2026-07-25,823758,MIL,0,11,7,1,0,1,R
656730,Trevor Megill,2026-07-25,823758,MIL,0,2,2,1,0,1,R
663372,Ryan Feltner,2026-07-25,823758,COL,1,23,21,9,1,4,R
675848,Juan Mejia,2026-07-25,823758,COL,0,6,4,2,0,1,R
685299,Tanner Gordon,2026-07-25,823758,COL,0,9,7,2,0,4,R
691587,Eury Pérez,2026-07-25,823841,MIA,1,28,25,7,0,2,R
690978,Dax Fulton,2026-07-25,823841,MIA,0,11,8,4,0,1,L
681190,Randy Vásquez,2026-07-25,823841,SD,1,10,6,1,0,0,R
676664,JP Sears,2026-07-25,823841,SD,0,12,11,1,0,3,L
673513,Yuki Matsui,2026-07-25,823841,SD,0,3,3,0,0,1,L
663362,Matt Waldron,2026-07-25,823841,SD,0,8,8,3,0,1,R
663554,Casey Mize,2026-07-25,824244,DET,1,21,19,3,0,3,R
640448,Kyle Finnegan,2026-07-25,824244,DET,0,3,3,2,1,1,R
663947,Tyler Holton,2026-07-25,824244,DET,0,4,4,1,0,0,L
621097,Jacob Waguespack,2026-07-25,824244,DET,0,7,7,1,1,1,R
608379,Michael Wacha,2026-07-25,824244,KC,1,28,26,6,1,3,R
663738,Daniel Lynch IV,2026-07-25,824244,KC,0,4,4,1,0,0,L
656638,Alex Lange,2026-07-25,824244,KC,0,4,4,1,0,2,R
680732,Sean Burke,2026-07-25,824571,CWS,1,24,22,4,0,10,R
670950,Trevor Richards,2026-07-25,824571,CWS,0,8,8,2,0,2,R
805326,Tyler Schweitzer,2026-07-25,824571,CWS,0,4,3,0,0,0,L
686613,Hunter Brown,2026-07-25,824571,HOU,1,23,23,2,0,7,R
650556,Bryan Abreu,2026-07-25,824571,HOU,0,4,3,1,0,1,R
656986,Bennett Sousa,2026-07-25,824571,HOU,0,4,4,2,0,0,L
623352,Josh Hader,2026-07-25,824571,HOU,0,2,2,0,0,2,L
543243,Sonny Gray,2026-07-25,824734,BOS,1,23,23,10,1,3,R
687941,Alec Gamboa,2026-07-25,824734,BOS,0,17,16,5,0,6,L
656302,Dylan Cease,2026-07-25,824734,TOR,1,30,27,1,0,12,R
687064,Brandon Young,2026-07-25,824811,BAL,1,25,23,4,0,6,R
664991,Grant Wolfram,2026-07-25,824811,BAL,0,3,3,1,0,1,L
670329,Rico Garcia,2026-07-25,824811,BAL,0,4,4,1,1,1,R
666974,Yennier Cano,2026-07-25,824811,BAL,0,3,3,0,0,1,R
693821,Bryce Elder,2026-07-25,824811,ATL,1,22,18,4,1,8,R
682989,Victor Mederos,2026-07-25,824811,ATL,0,8,8,1,0,3,R
800311,Didier Fuentes,2026-07-25,824811,ATL,0,7,7,2,0,3,R
571945,Miles Mikolas,2026-07-26,822706,WSH,1,18,16,4,2,1,R
683000,Riley Cornelio,2026-07-26,822706,WSH,0,9,6,1,0,0,R
668820,Max Kranick,2026-07-26,822706,WSH,0,4,4,1,0,1,R
676680,Tom Cosgrove,2026-07-26,822706,WSH,0,5,4,2,0,0,L
640454,Matt Krook,2026-07-26,822706,WSH,0,3,0,0,0,0,L
690925,Clayton Beeter,2026-07-26,822706,WSH,0,5,4,1,0,0,R
684442,Kohl Drake,2026-07-26,822706,AZ,1,19,17,5,2,1,L
642528,Jonathan Loáisiga,2026-07-26,822706,AZ,0,5,5,2,1,1,R
657044,Ryan Thompson,2026-07-26,822706,AZ,0,4,3,1,0,0,R
805299,Brandyn Garcia,2026-07-26,822706,AZ,0,7,7,4,0,2,L
656464,Kevin Ginkel,2026-07-26,822706,AZ,0,6,6,3,1,0,R
594798,Jacob deGrom,2026-07-26,822870,TEX,1,22,22,7,0,4,R
695239,Robby Ahlstrom,2026-07-26,822870,TEX,0,3,3,0,0,2,L
641302,Tyler Alexander,2026-07-26,822870,TEX,0,3,3,2,0,0,L
668390,Cole Winn,2026-07-26,822870,TEX,0,4,4,2,2,1,R
687239,Ben Peoples,2026-07-26,822870,TEX,0,4,3,1,0,0,R
682608,Peyton Gray,2026-07-26,822870,TEX,0,5,4,2,0,0,R
669302,Logan Gilbert,2026-07-26,822870,SEA,1,24,21,5,0,4,R
642100,Gabe Speier,2026-07-26,822870,SEA,0,4,4,0,0,3,L
660825,Eduard Bazardo,2026-07-26,822870,SEA,0,4,4,1,1,2,R
662253,Andrés Muñoz,2026-07-26,822870,SEA,0,3,3,0,0,3,R
656876,Drew Rasmussen,2026-07-26,822950,TB,1,24,22,1,0,9,R
664076,Garrett Cleavinger,2026-07-26,822950,TB,0,3,3,0,0,1,L
641329,Bryan Baker,2026-07-26,822950,TB,0,4,3,0,0,1,R
800048,Parker Messick,2026-07-26,822950,CLE,1,29,29,6,0,6,L
670059,Colin Holderman,2026-07-26,822950,CLE,0,1,1,0,0,0,R
681517,Kyle Leahy,2026-07-26,823028,STL,1,24,23,6,2,9,R
703725,Luis Gastelum,2026-07-26,823028,STL,0,4,3,0,0,1,R
592773,Ryne Stanek,2026-07-26,823028,STL,0,3,3,0,0,0,R
666277,George Soriano,2026-07-26,823028,STL,0,4,4,1,0,2,R
694335,Matt Svanson,2026-07-26,823028,STL,0,3,2,2,0,0,R
677865,Justin Bruihl,2026-07-26,823028,STL,0,4,3,1,0,1,L
671096,Andrew Abbott,2026-07-26,823028,CIN,1,24,19,3,1,4,L
572955,Pierce Johnson,2026-07-26,823028,CIN,0,4,3,0,0,0,R
622088,Tejay Antone,2026-07-26,823028,CIN,0,5,4,1,0,1,R
656271,Brock Burke,2026-07-26,823028,CIN,0,4,4,0,0,2,L
670062,Julian Garcia,2026-07-26,823028,CIN,0,5,5,2,0,1,R
687931,Carson Whisenhunt,2026-07-26,823194,SF,1,21,19,5,2,7,L
605288,Adrian Houser,2026-07-26,823194,SF,0,14,13,2,0,2,R
667755,José Soriano,2026-07-26,823194,LAA,1,20,16,3,0,5,R
696519,Samy Natera Jr.,2026-07-26,823194,LAA,0,4,3,0,0,1,L
681217,Chase Silseth,2026-07-26,823194,LAA,0,4,4,1,0,1,R
666171,Ryan Zeferjahn,2026-07-26,823194,LAA,0,4,4,1,0,2,R
696147,Sam Bachman,2026-07-26,823194,LAA,0,3,1,0,0,0,R
815083,Mitch Farris,2026-07-26,823194,LAA,0,3,3,1,0,1,L
677952,Braxton Ashcraft,2026-07-26,823354,PIT,1,26,24,7,0,5,R
669387,Carmen Mlodzinski,2026-07-26,823354,PIT,0,9,9,3,0,2,R
682254,Mason Montgomery,2026-07-26,823354,PIT,0,5,5,2,1,2,L
592791,Jameson Taillon,2026-07-26,823354,CHC,1,19,17,6,3,3,R
669020,Ryan Rolison,2026-07-26,823354,CHC,0,6,5,3,0,0,L
650644,Aaron Civale,2026-07-26,823354,CHC,0,7,7,1,0,3,R
663423,Trent Thornton,2026-07-26,823354,CHC,0,4,4,1,0,2,R
650911,Cristopher Sánchez,2026-07-26,823433,PHI,1,28,25,6,0,6,L
641835,Tim Mayza,2026-07-26,823433,PHI,0,4,4,1,1,2,L
663767,Chase Shugart,2026-07-26,823433,PHI,0,8,7,1,0,5,R
701542,Will Warren,2026-07-26,823433,NYY,1,17,14,6,1,5,R
657612,Tim Hill,2026-07-26,823433,NYY,0,5,3,1,0,0,L
666808,Camilo Doval,2026-07-26,823433,NYY,0,3,3,0,0,3,R
642232,Ryan Yarbrough,2026-07-26,823433,NYY,0,16,13,5,0,2,L
642547,Freddy Peralta,2026-07-26,823599,NYM,1,20,18,6,0,3,R
672335,Cionel Pérez,2026-07-26,823599,NYM,0,6,6,0,0,3,L
548384,Brooks Raley,2026-07-26,823599,NYM,0,3,3,0,0,1,L
596133,Luke Weaver,2026-07-26,823599,NYM,0,6,5,2,0,0,R
642207,Devin Williams,2026-07-26,823599,NYM,0,4,4,1,0,3,R
686218,Emmet Sheehan,2026-07-26,823599,LAD,1,21,18,3,0,5,R
676263,Jack Dreyer,2026-07-26,823599,LAD,0,3,1,0,0,0,L
623465,Evan Phillips,2026-07-26,823599,LAD,0,3,3,1,1,1,R
694361,Will Klein,2026-07-26,823599,LAD,0,7,5,2,1,1,R
656212,Charlie Barnes,2026-07-26,823599,LAD,0,4,3,0,0,2,L
687570,Connor Prielipp,2026-07-26,823678,MIN,1,18,17,2,0,5,L
663485,Cole Sands,2026-07-26,823678,MIN,0,6,4,3,1,0,R
667297,Tommy Nance,2026-07-26,823678,MIN,0,4,2,0,0,0,R
681892,Kody Funderburk,2026-07-26,823678,MIN,0,3,3,0,0,1,L
701519,Travis Adams,2026-07-26,823678,MIN,0,6,6,3,0,0,R
605488,Jeffrey Springs,2026-07-26,823678,ATH,1,9,8,4,0,0,L
806960,Luis Morales,2026-07-26,823678,ATH,0,21,19,4,0,5,R
664129,Geoff Hartlieb,2026-07-26,823678,ATH,0,11,10,5,0,1,R
694819,Jacob Misiorowski,2026-07-26,823755,MIL,1,17,16,1,1,12,R
694477,Chad Patrick,2026-07-26,823755,MIL,0,4,4,2,0,0,R
676879,Aaron Ashby,2026-07-26,823755,MIL,0,1,1,0,0,0,L
681982,Grant Anderson,2026-07-26,823755,MIL,0,4,4,1,1,1,R
684974,Craig Yoho,2026-07-26,823755,MIL,0,3,3,0,0,0,R
669060,Bryse Wilson,2026-07-26,823755,MIL,0,4,4,1,0,2,R
607536,Kyle Freeland,2026-07-26,823755,COL,1,23,22,6,1,2,L
623474,Jimmy Herget,2026-07-26,823755,COL,0,7,5,3,0,1,R
680767,Victor Vodnik,2026-07-26,823755,COL,0,6,6,4,0,0,R
664954,Brett Sullivan,2026-07-26,823755,COL,0,4,3,1,0,0,R
676083,Janson Junk,2026-07-26,823840,MIA,1,21,21,7,0,6,R
656848,Michael Petersen,2026-07-26,823840,MIA,0,1,1,0,0,0,R
806188,Cade Gibson,2026-07-26,823840,MIA,0,3,3,1,0,1,L
676604,Tyler Zuber,2026-07-26,823840,MIA,0,3,3,0,0,0,R
669199,Lake Bachar,2026-07-26,823840,MIA,0,8,8,5,2,0,R
664126,Pete Fairbanks,2026-07-26,823840,MIA,0,3,3,0,0,1,R
621111,Walker Buehler,2026-07-26,823840,SD,1,22,19,4,1,7,R
673513,Yuki Matsui,2026-07-26,823840,SD,0,3,2,0,0,2,L
593974,Wandy Peralta,2026-07-26,823840,SD,0,4,3,1,0,0,L
670970,Adrian Morejon,2026-07-26,823840,SD,0,4,3,0,0,0,L
695243,Mason Miller,2026-07-26,823840,SD,0,3,3,0,0,1,R
664285,Framber Valdez,2026-07-26,824246,DET,1,24,20,4,1,4,L
680744,Ty Madden,2026-07-26,824246,DET,0,6,5,0,0,1,R
805427,Drew Sommers,2026-07-26,824246,DET,0,6,6,2,1,2,L
669724,Brenan Hanifee,2026-07-26,824246,DET,0,4,3,0,0,1,R
679883,Luinder Avila,2026-07-26,824246,KC,1,21,17,4,0,2,R
621381,Matt Strahm,2026-07-26,824246,KC,0,4,4,2,0,1,L
668674,Lucas Erceg,2026-07-26,824246,KC,0,3,3,1,0,0,R
663878,Nate Pearson,2026-07-26,824246,KC,0,3,2,0,0,0,R
670167,John Schreiber,2026-07-26,824246,KC,0,4,3,1,0,0,R
674444,Steven Cruz,2026-07-26,824246,KC,0,5,4,1,0,2,R
607200,Erick Fedde,2026-07-26,824572,CWS,1,18,17,5,3,2,R
663855,Jordan Hicks,2026-07-26,824572,CWS,0,4,3,0,0,0,R
656794,Sean Newcomb,2026-07-26,824572,CWS,0,5,3,1,0,0,L
691799,Grant Taylor,2026-07-26,824572,CWS,0,4,3,0,0,2,R
669684,Chris Murphy,2026-07-26,824572,CWS,0,3,3,0,0,2,L
622554,Seranthony Domínguez,2026-07-26,824572,CWS,0,4,4,1,0,1,R
669854,Ronel Blanco,2026-07-26,824572,HOU,1,22,19,4,2,4,R
660853,Enyel De Los Santos,2026-07-26,824572,HOU,0,5,5,3,1,1,R
687911,Bryan King,2026-07-26,824572,HOU,0,6,5,3,0,1,L
699044,Miguel Ullola,2026-07-26,824572,HOU,0,6,5,2,2,0,R
624133,Ranger Suarez,2026-07-26,824730,BOS,1,15,15,4,0,6,L
669711,Greg Weissert,2026-07-26,824730,BOS,0,4,4,1,0,1,R
594027,Tyron Guerrero,2026-07-26,824730,BOS,0,5,4,1,0,0,R
686580,Justin Slaten,2026-07-26,824730,BOS,0,3,3,0,0,1,R
670245,Ryan Watson,2026-07-26,824730,BOS,0,9,9,3,0,1,R
592332,Kevin Gausman,2026-07-26,824730,TOR,1,24,21,5,0,6,R
680755,Braydon Fisher,2026-07-26,824730,TOR,0,3,1,1,0,0,R
663893,Brendon Little,2026-07-26,824730,TOR,0,4,4,2,0,1,L
671936,Adam Macko,2026-07-26,824730,TOR,0,4,4,2,0,0,L
669358,Shane Baz,2026-07-26,824810,BAL,1,19,17,6,0,2,R
677020,Josh Walker,2026-07-26,824810,BAL,0,6,6,1,0,0,L
689296,Anthony Nunez,2026-07-26,824810,BAL,0,5,2,0,0,2,R
544150,Albert Suárez,2026-07-26,824810,BAL,0,8,6,0,0,2,R
669330,Tyler Wells,2026-07-26,824810,BAL,0,4,3,0,0,0,R
552640,Andrew Kittredge,2026-07-26,824810,BAL,0,6,3,1,0,0,R
625643,Reynaldo López,2026-07-26,824810,ATL,1,23,22,5,0,6,R
689266,Dylan Dodd,2026-07-26,824810,ATL,0,4,4,0,0,0,L
669276,Dylan Lee,2026-07-26,824810,ATL,0,4,4,1,1,1,L
628452,Raisel Iglesias,2026-07-26,824810,ATL,0,5,4,0,0,1,R
664849,Danny Young,2026-07-26,824810,ATL,0,3,1,0,0,0,L
641755,Tyler Kinley,2026-07-26,824810,ATL,0,6,4,0,0,1,R
678868,Eddy Yean,2026-07-27,822705,WSH,1,10,10,3,1,0,R
674841,Andrew Alvarez,2026-07-27,822705,WSH,0,19,16,4,0,3,L
687606,Paxton Schultz,2026-07-27,822705,WSH,0,4,3,0,0,0,R
687223,Carson Palmquist,2026-07-27,822705,WSH,0,4,4,0,0,0,L
453286,Max Scherzer,2026-07-27,822705,TOR,1,15,12,4,0,4,R
689254,Mason Fluharty,2026-07-27,822705,TOR,0,4,4,0,0,1,L
671936,Adam Macko,2026-07-27,822705,TOR,0,3,3,1,1,1,L
693686,Spencer Miles,2026-07-27,822705,TOR,0,4,4,1,0,1,R
643511,Tyler Rogers,2026-07-27,822705,TOR,0,3,3,0,0,1,R
656546,Jeff Hoffman,2026-07-27,822705,TOR,0,4,4,1,0,3,R
686973,Louis Varland,2026-07-27,822705,TOR,0,5,4,1,0,2,R
677958,Kumar Rocker,2026-07-27,822868,TEX,1,25,22,4,1,7,R
695239,Robby Ahlstrom,2026-07-27,822868,TEX,0,1,1,0,0,0,L
596001,Jakob Junis,2026-07-27,822868,TEX,0,5,4,1,0,0,R
656641,Jacob Latz,2026-07-27,822868,TEX,0,5,4,2,0,2,L
669923,George Kirby,2026-07-27,822868,SEA,1,20,19,7,4,3,R
678606,José A. Ferrer,2026-07-27,822868,SEA,0,4,4,1,0,1,L
621074,Michael Rucker,2026-07-27,822868,SEA,0,4,4,1,0,2,R
677961,Cole Wilcox,2026-07-27,822868,SEA,0,3,3,1,0,1,R
695380,Alex Hoppe,2026-07-27,822868,SEA,0,5,4,1,0,3,R
669461,Matthew Liberatore,2026-07-27,823025,STL,1,19,17,8,1,5,L
690928,Hunter Dobbins,2026-07-27,823025,STL,0,24,23,7,1,4,R
656849,David Peterson,2026-07-27,823025,CHC,1,22,20,3,1,3,L
668970,Gavin Hollowell,2026-07-27,823025,CHC,0,3,3,2,0,0,R
669020,Ryan Rolison,2026-07-27,823025,CHC,0,3,2,0,0,2,L
663423,Trent Thornton,2026-07-27,823025,CHC,0,4,4,1,0,0,R
657097,Jacob Webb,2026-07-27,823025,CHC,0,4,4,1,0,1,R
641816,Tyler Mahle,2026-07-27,823195,SF,1,20,18,3,0,3,R
656529,Sam Hentges,2026-07-27,823195,SF,0,3,3,0,0,1,L
681916,Dylan Smith,2026-07-27,823195,SF,0,3,3,0,0,1,R
669062,Erik Miller,2026-07-27,823195,SF,0,3,3,0,0,2,L
687075,Brandon Sproat,2026-07-27,823195,MIL,1,25,22,6,1,5,R
668831,Garrett Stallings,2026-07-27,823195,MIL,0,7,6,0,0,1,R
656605,Mitch Keller,2026-07-27,823353,PIT,1,23,22,6,0,4,R
670990,Yohan Ramírez,2026-07-27,823353,PIT,0,6,6,1,0,1,R
676760,Ron Marinaccio,2026-07-27,823353,PIT,0,3,3,0,0,0,R
642397,Gregory Soto,2026-07-27,823353,PIT,0,4,4,1,0,2,L
682254,Mason Montgomery,2026-07-27,823353,PIT,0,5,4,0,0,1,L
518876,Merrill Kelly,2026-07-27,823353,AZ,1,22,20,4,0,6,R
666661,Juan Morillo,2026-07-27,823353,AZ,0,4,4,0,0,2,R
642528,Jonathan Loáisiga,2026-07-27,823353,AZ,0,5,5,2,0,1,R
664199,Taylor Clarke,2026-07-27,823353,AZ,0,7,7,3,0,0,R
804267,Zac Thornton,2026-07-27,823597,NYM,1,23,22,6,1,5,L
623211,Huascar Brazobán,2026-07-27,823597,NYM,0,2,2,0,0,1,R
650960,Daniel Duarte,2026-07-27,823597,NYM,0,6,6,0,0,3,R
527048,Martín Pérez,2026-07-27,823597,ATL,1,24,23,8,1,4,L
671162,Connor Thomas,2026-07-27,823597,ATL,0,23,16,10,3,2,L
622761,Jorge Mateo,2026-07-27,823597,ATL,0,2,2,1,0,1,R
663969,Tyler Phillips,2026-07-27,823839,MIA,1,20,17,3,1,5,R
806188,Cade Gibson,2026-07-27,823839,MIA,0,4,3,2,0,0,L
676604,Tyler Zuber,2026-07-27,823839,MIA,0,4,4,2,0,1,R
667463,John King,2026-07-27,823839,MIA,0,8,7,3,0,1,L
676534,Calvin Faucher,2026-07-27,823839,MIA,0,4,3,0,0,2,R
554430,Zack Wheeler,2026-07-27,823839,PHI,1,16,15,6,2,6,R
679775,Kyle Backhus,2026-07-27,823839,PHI,0,9,8,2,0,1,L
621237,José Alvarado,2026-07-27,823839,PHI,0,3,3,0,0,1,L
680742,Jonathan Bowlan,2026-07-27,823839,PHI,0,3,3,0,0,1,R
689147,Orion Kerkering,2026-07-27,823839,PHI,0,4,4,1,0,0,R
661395,Jhoan Duran,2026-07-27,823839,PHI,0,7,6,5,0,0,R
700712,Walbert Ureña,2026-07-27,824001,LAA,1,23,20,2,1,5,R
681217,Chase Silseth,2026-07-27,824001,LAA,0,4,3,0,0,1,R
666171,Ryan Zeferjahn,2026-07-27,824001,LAA,0,5,5,2,0,2,R
820862,José Fermin,2026-07-27,824001,LAA,0,4,3,1,0,0,R
696147,Sam Bachman,2026-07-27,824001,LAA,0,6,3,0,0,1,R
837227,Tatsuya Imai,2026-07-27,824001,HOU,1,7,2,1,0,1,R
805123,AJ Blubaugh,2026-07-27,824001,HOU,0,11,10,2,1,1,R
664299,Cristian Javier,2026-07-27,824001,HOU,0,18,18,3,0,7,R
623352,Josh Hader,2026-07-27,824001,HOU,0,5,3,0,0,0,L
672456,Keider Montero,2026-07-27,824245,DET,1,24,22,9,1,1,R
669724,Brenan Hanifee,2026-07-27,824245,DET,0,3,3,1,1,0,R
663947,Tyler Holton,2026-07-27,824245,DET,0,3,2,1,1,0,L
623454,Drew Anderson,2026-07-27,824245,DET,0,5,5,1,0,0,R
621097,Jacob Waguespack,2026-07-27,824245,DET,0,7,5,0,0,2,R
680694,Kyle Bradish,2026-07-27,824245,BAL,1,24,20,10,0,4,R
666974,Yennier Cano,2026-07-27,824245,BAL,0,3,3,0,0,1,R
664991,Grant Wolfram,2026-07-27,824245,BAL,0,4,4,0,0,2,L
552640,Andrew Kittredge,2026-07-27,824245,BAL,0,4,4,1,0,1,R
670329,Rico Garcia,2026-07-27,824245,BAL,0,3,3,0,0,2,R
702273,Noah Schultz,2026-07-27,824570,CWS,1,14,12,2,0,5,L
669684,Chris Murphy,2026-07-27,824570,CWS,0,4,3,1,0,0,L
670950,Trevor Richards,2026-07-27,824570,CWS,0,7,7,0,0,4,R
663542,Bryan Hudson,2026-07-27,824570,CWS,0,5,5,2,0,1,L
656794,Sean Newcomb,2026-07-27,824570,CWS,0,7,7,4,1,0,L
622554,Seranthony Domínguez,2026-07-27,824570,CWS,0,3,3,1,0,0,R
608331,Max Fried,2026-07-27,824570,NYY,1,15,12,5,0,4,L
683409,Angel Chivilli,2026-07-27,824570,NYY,0,4,4,1,0,1,R
657612,Tim Hill,2026-07-27,824570,NYY,0,3,3,2,0,0,L
518585,Fernando Cruz,2026-07-27,824570,NYY,0,5,4,0,0,0,R
687396,Brent Headrick,2026-07-27,824570,NYY,0,5,5,2,0,1,L
621112,Paul Blackburn,2026-07-27,824570,NYY,0,3,3,0,0,1,R
666808,Camilo Doval,2026-07-27,824570,NYY,0,5,4,1,0,1,R
670280,David Bednar,2026-07-27,824570,NYY,0,1,1,0,0,1,R
678022,Jack Perkins,2026-07-27,824977,ATH,1,21,17,1,0,4,R
660761,José Suarez,2026-07-27,824977,ATH,0,4,3,2,1,0,L
665660,Elvis Alvarado,2026-07-27,824977,ATH,0,4,4,2,0,1,R
696522,Hayden Juenger,2026-07-27,824977,ATH,0,4,3,0,0,0,R
663687,Hogan Harris,2026-07-27,824977,ATH,0,3,3,0,0,1,L
801139,Payton Tolle,2026-07-27,824977,BOS,1,22,21,5,2,7,L
686580,Justin Slaten,2026-07-27,824977,BOS,0,2,2,0,0,0,R
663558,Jovani Morán,2026-07-27,824977,BOS,0,3,3,0,0,2,L
676477,Garrett Whitlock,2026-07-27,824977,BOS,0,3,3,0,0,1,R
547973,Aroldis Chapman,2026-07-27,824977,BOS,0,5,5,1,0,3,L
676917,Cade Cavalli,2026-07-28,822703,WSH,1,25,23,6,1,3,R
676680,Tom Cosgrove,2026-07-28,822703,WSH,0,3,3,0,0,0,L
681402,Gus Varland,2026-07-28,822703,WSH,0,3,3,2,1,0,R
687377,Orlando Ribalta,2026-07-28,822703,WSH,0,3,3,0,0,2,R
690925,Clayton Beeter,2026-07-28,822703,WSH,0,3,3,0,0,1,R
669456,Shane Bieber,2026-07-28,822703,TOR,1,9,2,1,0,0,R
663893,Brendon Little,2026-07-28,822703,TOR,0,7,7,0,0,4,L
689254,Mason Fluharty,2026-07-28,822703,TOR,0,4,3,1,1,1,L
669310,CJ Van Eyk,2026-07-28,822703,TOR,0,18,16,6,1,0,R
656546,Jeff Hoffman,2026-07-28,822703,TOR,0,3,3,0,0,2,R
643377,Griffin Jax,2026-07-28,822949,TB,1,24,19,5,0,10,R
571927,Steven Matz,2026-07-28,822949,TB,0,5,5,1,1,0,L
518886,Craig Kimbrel,2026-07-28,822949,TB,0,6,4,1,0,1,R
687330,Kevin Kelly,2026-07-28,822949,TB,0,3,3,0,0,2,R
615698,Cal Quantrill,2026-07-28,822949,TEX,1,19,17,2,0,7,R
682608,Peyton Gray,2026-07-28,822949,TEX,0,3,3,1,0,1,R
641302,Tyler Alexander,2026-07-28,822949,TEX,0,4,4,1,0,1,L
596001,Jakob Junis,2026-07-28,822949,TEX,0,4,4,1,0,0,R
656641,Jacob Latz,2026-07-28,822949,TEX,0,3,3,0,0,0,L
700241,Michael McGreevy,2026-07-28,823026,STL,1,15,12,8,0,2,R
700669,Gordon Graceffo,2026-07-28,823026,STL,0,9,8,1,0,2,R
677865,Justin Bruihl,2026-07-28,823026,STL,0,8,8,2,0,4,L
657265,Peter Strzelecki,2026-07-28,823026,STL,0,8,8,3,0,1,R
694335,Matt Svanson,2026-07-28,823026,STL,0,6,6,3,0,1,R
607067,Colin Rea,2026-07-28,823026,CHC,1,24,21,4,0,2,R
621053,Tyler Ferguson,2026-07-28,823026,CHC,0,3,3,0,0,0,R
681806,Andrew Wantz,2026-07-28,823026,CHC,0,9,8,3,0,0,R
694738,Landen Roupp,2026-07-28,823193,SF,1,18,13,4,0,1,R
664141,JT Brubaker,2026-07-28,823193,SF,0,14,13,5,0,1,R
671345,Jason Foley,2026-07-28,823193,SF,0,9,8,4,0,0,R
676775,Keaton Winn,2026-07-28,823193,SF,0,3,2,0,0,1,R
701656,Logan Henderson,2026-07-28,823193,MIL,1,21,19,2,0,7,R
676879,Aaron Ashby,2026-07-28,823193,MIL,0,1,1,0,0,0,L
684974,Craig Yoho,2026-07-28,823193,MIL,0,4,4,1,0,0,R
681982,Grant Anderson,2026-07-28,823193,MIL,0,5,5,2,1,2,R
682842,Abner Uribe,2026-07-28,823193,MIL,0,4,4,2,0,0,R
650633,Michael King,2026-07-28,823275,SD,1,24,23,6,2,6,R
699134,Bradgley Rodriguez,2026-07-28,823275,SD,0,6,5,2,0,1,R
670970,Adrian Morejon,2026-07-28,823275,SD,0,7,6,2,0,1,L
695243,Mason Miller,2026-07-28,823275,SD,0,3,3,0,0,3,R
547179,Michael Lorenzen,2026-07-28,823275,COL,1,20,19,8,0,2,R
675848,Juan Mejia,2026-07-28,823275,COL,0,6,4,1,0,1,R
622608,Antonio Senzatela,2026-07-28,823275,COL,0,5,4,3,0,0,R
657514,Brennan Bernardino,2026-07-28,823275,COL,0,5,4,1,0,1,L
680767,Victor Vodnik,2026-07-28,823275,COL,0,4,4,2,0,1,R
623474,Jimmy Herget,2026-07-28,823275,COL,0,4,1,1,0,0,R
696149,Bubba Chandler,2026-07-28,823350,PIT,1,21,20,7,0,3,R
676755,Isaac Mattson,2026-07-28,823350,PIT,0,9,8,3,0,3,R
685126,Brandon Eisert,2026-07-28,823350,PIT,0,9,9,3,0,2,L
676760,Ron Marinaccio,2026-07-28,823350,PIT,0,3,3,0,0,1,R
642397,Gregory Soto,2026-07-28,823350,PIT,0,6,4,0,0,2,L
696062,Wilber Dotel,2026-07-28,823350,PIT,0,8,6,2,0,0,R
694297,Brandon Pfaadt,2026-07-28,823350,AZ,1,28,27,6,0,4,R
657044,Ryan Thompson,2026-07-28,823350,AZ,0,7,6,4,0,1,R
805299,Brandyn Garcia,2026-07-28,823350,AZ,0,1,1,0,0,1,L
623149,Paul Sewald,2026-07-28,823350,AZ,0,4,4,3,2,0,R
666661,Juan Morillo,2026-07-28,823350,AZ,0,3,3,1,0,1,R
656464,Kevin Ginkel,2026-07-28,823350,AZ,0,4,3,0,0,0,R
672629,Gerardo Carrillo,2026-07-28,823350,AZ,0,6,5,0,0,3,R
671737,Taj Bradley,2026-07-28,823676,MIN,1,23,20,3,0,10,R
681892,Kody Funderburk,2026-07-28,823676,MIN,0,5,4,0,0,1,L
701519,Travis Adams,2026-07-28,823676,MIN,0,3,2,0,0,1,R
681252,Jack Anderson,2026-07-28,823676,MIN,0,4,4,1,0,2,R
607625,Seth Lugo,2026-07-28,823676,KC,1,24,21,6,0,2,R
663738,Daniel Lynch IV,2026-07-28,823676,KC,0,3,3,1,0,0,L
670167,John Schreiber,2026-07-28,823676,KC,0,2,1,0,0,0,R
674444,Steven Cruz,2026-07-28,823676,KC,0,3,3,1,0,1,R
656638,Alex Lange,2026-07-28,823676,KC,0,5,4,2,0,1,R
645261,Sandy Alcantara,2026-07-28,823838,MIA,1,27,26,4,0,5,R
676534,Calvin Faucher,2026-07-28,823838,MIA,0,3,3,0,0,0,R
664126,Pete Fairbanks,2026-07-28,823838,MIA,0,3,3,0,0,2,R
605400,Aaron Nola,2026-07-28,823838,PHI,1,23,20,5,1,4,R
641835,Tim Mayza,2026-07-28,823838,PHI,0,1,1,0,0,1,L
621237,José Alvarado,2026-07-28,823838,PHI,0,4,3,0,0,1,L
689147,Orion Kerkering,2026-07-28,823838,PHI,0,5,4,1,0,0,R
680736,Justin Wrobleski,2026-07-28,823923,LAD,1,25,24,7,4,7,L
592779,Brock Stewart,2026-07-28,823923,LAD,0,5,5,1,0,0,R
681911,Alex Vesia,2026-07-28,823923,LAD,0,3,3,1,1,2,L
676263,Jack Dreyer,2026-07-28,823923,LAD,0,4,4,1,0,2,L
622491,Luis Castillo,2026-07-28,823923,SEA,1,26,24,11,2,2,R
642100,Gabe Speier,2026-07-28,823923,SEA,0,3,3,0,0,1,L
678606,José A. Ferrer,2026-07-28,823923,SEA,0,3,3,0,0,0,L
660825,Eduard Bazardo,2026-07-28,823923,SEA,0,3,3,0,0,0,R
662253,Andrés Muñoz,2026-07-28,823923,SEA,0,6,5,2,0,1,R
672282,Reid Detmers,2026-07-28,824003,LAA,1,20,19,4,2,9,L
820862,José Fermin,2026-07-28,824003,LAA,0,4,3,1,0,2,R
608718,Brent Suter,2026-07-28,824003,LAA,0,1,1,0,0,0,L
489446,Kirby Yates,2026-07-28,824003,LAA,0,3,3,1,0,2,R
696519,Samy Natera Jr.,2026-07-28,824003,LAA,0,5,4,0,0,2,L
815083,Mitch Farris,2026-07-28,824003,LAA,0,6,6,3,0,2,L
663567,Peter Lambert,2026-07-28,824003,HOU,1,24,22,7,0,6,R
660853,Enyel De Los Santos,2026-07-28,824003,HOU,0,3,3,0,0,2,R
650556,Bryan Abreu,2026-07-28,824003,HOU,0,3,3,0,0,1,R
595345,Steven Okert,2026-07-28,824003,HOU,0,4,3,0,0,2,L
623352,Josh Hader,2026-07-28,824003,HOU,0,3,3,0,0,0,L
675512,Troy Melton,2026-07-28,824243,DET,1,24,22,3,0,5,R
680744,Ty Madden,2026-07-28,824243,DET,0,6,6,0,0,2,R
665152,Dean Kremer,2026-07-28,824243,BAL,1,23,20,8,2,4,R
544150,Albert Suárez,2026-07-28,824243,BAL,0,9,9,5,0,2,R
677020,Josh Walker,2026-07-28,824243,BAL,0,8,7,3,0,1,L
644433,Chadwick Tromp,2026-07-28,824243,BAL,0,6,5,3,1,0,R
657571,Caleb Ferguson,2026-07-28,824489,CIN,1,7,6,1,0,1,L
670062,Julian Garcia,2026-07-28,824489,CIN,0,6,4,0,0,0,R
683742,Jose Franco,2026-07-28,824489,CIN,0,14,12,1,0,2,R
622088,Tejay Antone,2026-07-28,824489,CIN,0,5,4,0,0,2,R
641941,Emilio Pagán,2026-07-28,824489,CIN,0,4,4,1,0,2,R
668909,Gavin Williams,2026-07-28,824489,CLE,1,24,23,3,1,12,R
682982,Daniel Espino,2026-07-28,824489,CLE,0,4,3,0,0,3,R
695505,Chase Burns,2026-07-28,824490,CIN,1,22,19,5,1,4,R
656271,Brock Burke,2026-07-28,824490,CIN,0,3,3,1,0,0,L
572955,Pierce Johnson,2026-07-28,824490,CIN,0,3,3,0,0,1,R
594580,Sam Moll,2026-07-28,824490,CIN,0,6,4,2,0,0,L
695534,Chase Petty,2026-07-28,824490,CIN,0,4,4,1,0,0,R
677944,Slade Cecconi,2026-07-28,824490,CLE,1,18,17,7,1,2,R
682120,Tim Herrin,2026-07-28,824490,CLE,0,3,3,2,0,0,L
680916,Franco Aleman,2026-07-28,824490,CLE,0,6,6,0,0,5,R
670059,Colin Holderman,2026-07-28,824490,CLE,0,3,3,0,0,1,R
683769,Hunter Gaddis,2026-07-28,824490,CLE,0,5,5,2,0,1,R
671922,Cade Smith,2026-07-28,824490,CLE,0,4,3,0,0,1,R
641743,Anthony Kay,2026-07-28,824569,CWS,1,23,21,5,0,7,L
663855,Jordan Hicks,2026-07-28,824569,CWS,0,3,2,0,0,2,R
805326,Tyler Schweitzer,2026-07-28,824569,CWS,0,11,9,1,0,1,L
543037,Gerrit Cole,2026-07-28,824569,NYY,1,24,22,4,0,7,R
683409,Angel Chivilli,2026-07-28,824569,NYY,0,3,3,0,0,0,R
687396,Brent Headrick,2026-07-28,824569,NYY,0,4,4,1,0,0,L
670280,David Bednar,2026-07-28,824569,NYY,0,5,5,2,1,3,R
695611,Gage Jump,2026-07-28,824976,ATH,1,22,18,3,0,7,L
665622,Luis Medina,2026-07-28,824976,ATH,0,8,5,2,0,1,R
663687,Hogan Harris,2026-07-28,824976,ATH,0,7,7,3,1,3,L
687562,Jake Bennett,2026-07-28,824976,BOS,1,27,23,6,1,4,L
663558,Jovani Morán,2026-07-28,824976,BOS,0,3,3,1,0,1,L
670245,Ryan Watson,2026-07-28,824976,BOS,0,5,5,2,0,0,R
641793,Zack Littell,2026-07-29,822702,WSH,1,20,17,4,0,2,R
668820,Max Kranick,2026-07-29,822702,WSH,0,6,4,1,0,0,R
678868,Eddy Yean,2026-07-29,822702,WSH,0,2,2,0,0,0,R
687377,Orlando Ribalta,2026-07-29,822702,WSH,0,6,6,3,0,1,R
687606,Paxton Schultz,2026-07-29,822702,WSH,0,6,6,4,0,1,R
592866,Trevor Williams,2026-07-29,822702,WSH,0,4,4,0,0,1,R
702056,Trey Yesavage,2026-07-29,822702,TOR,1,26,22,3,0,4,R
643511,Tyler Rogers,2026-07-29,822702,TOR,0,4,3,2,0,0,R
686973,Louis Varland,2026-07-29,822702,TOR,0,7,6,1,0,1,R
668984,Casey Legumina,2026-07-29,822947,TB,1,6,6,1,0,0,R
693855,Ian Seymour,2026-07-29,822947,TB,0,17,16,2,0,4,L
664076,Garrett Cleavinger,2026-07-29,822947,TB,0,2,2,0,0,1,L
687330,Kevin Kelly,2026-07-29,822947,TB,0,3,3,0,0,3,R
641329,Bryan Baker,2026-07-29,822947,TB,0,4,4,1,0,0,R
669022,MacKenzie Gore,2026-07-29,822947,TEX,1,25,24,3,2,9,L
687239,Ben Peoples,2026-07-29,822947,TEX,0,4,3,0,0,0,R
669160,Dustin May,2026-07-29,823022,STL,1,18,16,1,0,3,R
677865,Justin Bruihl,2026-07-29,823022,STL,0,3,3,0,0,0,L
592773,Ryne Stanek,2026-07-29,823022,STL,0,5,3,0,0,2,R
666277,George Soriano,2026-07-29,823022,STL,0,4,3,0,0,2,R
676617,Riley O'Brien,2026-07-29,823022,STL,0,5,3,0,0,1,R
703725,Luis Gastelum,2026-07-29,823022,STL,0,4,4,2,1,0,R
571510,Matthew Boyd,2026-07-29,823022,CHC,1,28,25,4,0,5,L
657097,Jacob Webb,2026-07-29,823022,CHC,0,3,3,0,0,3,R
573204,Caleb Thielbar,2026-07-29,823022,CHC,0,4,4,1,0,2,L
663423,Trent Thornton,2026-07-29,823022,CHC,0,4,3,2,0,0,R
657277,Logan Webb,2026-07-29,823192,SF,1,23,22,5,0,4,R
656529,Sam Hentges,2026-07-29,823192,SF,0,6,4,2,0,1,L
668873,Caleb Kilian,2026-07-29,823192,SF,0,5,4,1,0,1,R
676775,Keaton Winn,2026-07-29,823192,SF,0,5,4,0,0,1,R
623381,Thomas Pannone,2026-07-29,823192,MIL,1,14,12,3,1,2,L
694477,Chad Patrick,2026-07-29,823192,MIL,0,11,8,2,0,1,R
676879,Aaron Ashby,2026-07-29,823192,MIL,0,6,5,3,0,1,L
669060,Bryse Wilson,2026-07-29,823192,MIL,0,11,11,6,0,0,R
683734,Andrew Vaughn,2026-07-29,823192,MIL,0,8,6,3,1,1,R
606996,Kyle Hart,2026-07-29,823273,SD,1,11,10,2,0,3,L
656288,Griffin Canning,2026-07-29,823273,SD,0,10,9,1,0,4,R
593974,Wandy Peralta,2026-07-29,823273,SD,0,4,4,2,0,1,L
699134,Bradgley Rodriguez,2026-07-29,823273,SD,0,3,3,1,0,1,R
669093,Jeremiah Estrada,2026-07-29,823273,SD,0,4,3,0,0,3,R
695243,Mason Miller,2026-07-29,823273,SD,0,3,3,0,0,2,R
687312,Gabriel Hughes,2026-07-29,823273,COL,1,22,18,6,0,2,R
657514,Brennan Bernardino,2026-07-29,823273,COL,0,3,3,0,0,0,L
688642,Zach Agnos,2026-07-29,823273,COL,0,6,6,0,0,1,R
683003,Jared Jones,2026-07-29,823351,PIT,1,24,22,4,1,5,R
669387,Carmen Mlodzinski,2026-07-29,823351,PIT,0,10,10,2,0,1,R
593958,Eduardo Rodriguez,2026-07-29,823351,AZ,1,28,27,5,0,2,L
805299,Brandyn Garcia,2026-07-29,823351,AZ,0,4,3,0,0,2,L
640455,Sean Manaea,2026-07-29,823596,NYM,1,24,21,5,1,4,L
623211,Huascar Brazobán,2026-07-29,823596,NYM,0,3,3,0,0,0,R
596133,Luke Weaver,2026-07-29,823596,NYM,0,3,3,1,0,1,R
642207,Devin Williams,2026-07-29,823596,NYM,0,4,4,1,0,1,R
700363,AJ Smith-Shawver,2026-07-29,823596,ATL,1,19,16,4,0,4,R
800311,Didier Fuentes,2026-07-29,823596,ATL,0,3,2,0,0,1,R
682989,Victor Mederos,2026-07-29,823596,ATL,0,3,2,1,0,1,R
689266,Dylan Dodd,2026-07-29,823596,ATL,0,7,4,1,0,2,L
664849,Danny Young,2026-07-29,823596,ATL,0,1,1,0,0,1,L
641755,Tyler Kinley,2026-07-29,823596,ATL,0,3,3,0,0,0,R
681035,Christian Scott,2026-07-29,823598,NYM,1,24,23,5,0,7,R
621345,A.J. Minter,2026-07-29,823598,NYM,0,4,3,0,0,2,L
672335,Cionel Pérez,2026-07-29,823598,NYM,0,3,3,0,0,1,L
650960,Daniel Duarte,2026-07-29,823598,NYM,0,5,5,2,0,2,R
519242,Chris Sale,2026-07-29,823598,ATL,1,20,20,2,0,9,L
800311,Didier Fuentes,2026-07-29,823598,ATL,0,4,3,0,0,3,R
669276,Dylan Lee,2026-07-29,823598,ATL,0,3,3,0,0,0,L
628452,Raisel Iglesias,2026-07-29,823598,ATL,0,3,3,0,0,0,R
657746,Joe Ryan,2026-07-29,823677,MIN,1,26,25,8,1,4,R
696070,Kendry Rojas,2026-07-29,823677,MIN,0,14,12,4,0,4,L
677976,Randy Dobnak,2026-07-29,823677,KC,1,26,25,4,0,4,R
663738,Daniel Lynch IV,2026-07-29,823677,KC,0,4,4,1,0,0,L
674444,Steven Cruz,2026-07-29,823677,KC,0,3,3,0,0,0,R
687473,Ryan Gusto,2026-07-29,823837,MIA,1,24,21,9,1,3,R
690978,Dax Fulton,2026-07-29,823837,MIA,0,7,5,0,0,1,L
676604,Tyler Zuber,2026-07-29,823837,MIA,0,3,3,0,0,2,R
664126,Pete Fairbanks,2026-07-29,823837,MIA,0,3,3,0,0,1,R
666200,Jesús Luzardo,2026-07-29,823837,PHI,1,28,23,6,1,5,L
686751,Seth Johnson,2026-07-29,823837,PHI,0,4,3,1,0,0,R
680742,Jonathan Bowlan,2026-07-29,823837,PHI,0,5,4,1,1,1,R
641778,Eric Lauer,2026-07-29,823924,LAD,1,20,18,1,0,4,L
681911,Alex Vesia,2026-07-29,823924,LAD,0,4,3,0,0,0,L
656945,Tanner Scott,2026-07-29,823924,LAD,0,5,5,2,0,1,L
621242,Edwin Díaz,2026-07-29,823924,LAD,0,5,5,2,0,0,R
676106,Emerson Hancock,2026-07-29,823924,SEA,1,24,23,8,1,5,R
621074,Michael Rucker,2026-07-29,823924,SEA,0,5,5,2,0,0,R
677961,Cole Wilcox,2026-07-29,823924,SEA,0,3,3,1,0,0,R
695380,Alex Hoppe,2026-07-29,823924,SEA,0,3,3,0,0,2,R
680570,Grayson Rodriguez,2026-07-29,824002,LAA,1,22,20,5,2,6,R
815083,Mitch Farris,2026-07-29,824002,LAA,0,8,5,2,0,1,L
489446,Kirby Yates,2026-07-29,824002,LAA,0,5,5,2,0,3,R
608718,Brent Suter,2026-07-29,824002,LAA,0,9,9,2,0,1,L
669713,Hayden Wesneski,2026-07-29,824002,HOU,1,25,21,7,0,4,R
656986,Bennett Sousa,2026-07-29,824002,HOU,0,4,4,0,0,0,L
595345,Steven Okert,2026-07-29,824002,HOU,0,4,3,2,0,0,L
650556,Bryan Abreu,2026-07-29,824002,HOU,0,4,4,0,0,1,R
669373,Tarik Skubal,2026-07-29,824242,DET,1,25,24,4,0,6,L
640448,Kyle Finnegan,2026-07-29,824242,DET,0,3,2,2,0,0,R
623454,Drew Anderson,2026-07-29,824242,DET,0,7,6,1,0,2,R
445276,Kenley Jansen,2026-07-29,824242,DET,0,4,3,0,0,1,R
621097,Jacob Waguespack,2026-07-29,824242,DET,0,5,2,0,0,0,R
805427,Drew Sommers,2026-07-29,824242,DET,0,5,5,2,0,2,L
669724,Brenan Hanifee,2026-07-29,824242,DET,0,1,1,0,0,0,R
669432,Trevor Rogers,2026-07-29,824242,BAL,1,28,26,8,0,6,L
689296,Anthony Nunez,2026-07-29,824242,BAL,0,5,4,1,0,1,R
666974,Yennier Cano,2026-07-29,824242,BAL,0,3,3,0,0,1,R
669330,Tyler Wells,2026-07-29,824242,BAL,0,6,5,0,0,0,R
670329,Rico Garcia,2026-07-29,824242,BAL,0,4,3,1,1,0,R
664991,Grant Wolfram,2026-07-29,824242,BAL,0,4,3,0,0,1,L
552640,Andrew Kittredge,2026-07-29,824242,BAL,0,1,1,0,0,0,R
663903,Brady Singer,2026-07-29,824487,CIN,1,25,21,7,0,3,R
657571,Caleb Ferguson,2026-07-29,824487,CIN,0,2,1,0,0,0,L
695534,Chase Petty,2026-07-29,824487,CIN,0,9,8,4,1,1,R
670062,Julian Garcia,2026-07-29,824487,CIN,0,7,5,1,0,1,R
572955,Pierce Johnson,2026-07-29,824487,CIN,0,4,4,1,0,1,R
676282,Joey Cantillo,2026-07-29,824487,CLE,1,17,16,4,0,8,L
670059,Colin Holderman,2026-07-29,824487,CLE,0,3,3,0,0,0,R
680916,Franco Aleman,2026-07-29,824487,CLE,0,4,3,2,0,1,R
681870,Erik Sabrowski,2026-07-29,824487,CLE,0,2,2,0,0,2,L
670036,Matt Festa,2026-07-29,824487,CLE,0,3,3,0,0,2,R
683769,Hunter Gaddis,2026-07-29,824487,CLE,0,4,3,0,0,1,R
671922,Cade Smith,2026-07-29,824487,CLE,0,5,3,0,0,2,R
663436,Davis Martin,2026-07-29,824567,CWS,1,25,23,5,1,6,R
669684,Chris Murphy,2026-07-29,824567,CWS,0,4,4,1,0,2,L
670950,Trevor Richards,2026-07-29,824567,CWS,0,4,4,1,0,1,R
691799,Grant Taylor,2026-07-29,824567,CWS,0,7,7,0,0,1,R
663542,Bryan Hudson,2026-07-29,824567,CWS,0,3,2,1,0,0,L
663855,Jordan Hicks,2026-07-29,824567,CWS,0,5,4,1,0,1,R
693645,Cam Schlittler,2026-07-29,824567,NYY,1,23,21,2,0,8,R
518585,Fernando Cruz,2026-07-29,824567,NYY,0,4,4,1,0,1,R
621112,Paul Blackburn,2026-07-29,824567,NYY,0,8,7,2,2,2,R
657612,Tim Hill,2026-07-29,824567,NYY,0,3,3,0,0,1,L
666808,Camilo Doval,2026-07-29,824567,NYY,0,5,3,0,0,0,R
642232,Ryan Yarbrough,2026-07-29,824567,NYY,0,2,1,1,0,0,L
682052,Jacob Lopez,2026-07-29,824973,ATH,1,24,22,7,1,8,L
696522,Hayden Juenger,2026-07-29,824973,ATH,0,7,6,2,0,0,R
665660,Elvis Alvarado,2026-07-29,824973,ATH,0,5,3,0,0,2,R
669620,Brady Basso,2026-07-29,824973,ATH,0,6,6,2,0,2,L
660761,José Suarez,2026-07-29,824973,ATH,0,4,4,1,1,0,L
663776,Patrick Sandoval,2026-07-29,824973,BOS,1,22,19,5,2,7,L
594027,Tyron Guerrero,2026-07-29,824973,BOS,0,3,3,0,0,1,R
686580,Justin Slaten,2026-07-29,824973,BOS,0,5,5,1,0,1,R
676477,Garrett Whitlock,2026-07-29,824973,BOS,0,4,4,1,0,1,R
547973,Aroldis Chapman,2026-07-29,824973,BOS,0,4,3,1,0,2,L
669711,Greg Weissert,2026-07-29,824973,BOS,0,3,3,0,0,2,R
663556,Shane McClanahan,2026-07-30,822946,TB,1,12,9,0,0,3,L
668984,Casey Legumina,2026-07-30,822946,TB,0,3,3,0,0,1,R
592155,Cam Booser,2026-07-30,822946,TB,0,3,3,1,0,1,L
518886,Craig Kimbrel,2026-07-30,822946,TB,0,4,3,1,0,1,R
571927,Steven Matz,2026-07-30,822946,TB,0,7,6,0,0,3,L
664076,Garrett Cleavinger,2026-07-30,822946,TB,0,4,3,0,0,2,L
641329,Bryan Baker,2026-07-30,822946,TB,0,5,3,0,0,2,R
668390,Cole Winn,2026-07-30,822946,TEX,1,3,3,1,0,0,R
594835,Marco Gonzales,2026-07-30,822946,TEX,0,15,13,5,0,1,L
682608,Peyton Gray,2026-07-30,822946,TEX,0,7,7,1,1,2,R
695239,Robby Ahlstrom,2026-07-30,822946,TEX,0,4,4,0,0,1,L
687239,Ben Peoples,2026-07-30,822946,TEX,0,4,4,2,1,1,R
669467,Andre Pallante,2026-07-30,823023,STL,1,27,25,7,0,3,R
666277,George Soriano,2026-07-30,823023,STL,0,5,3,1,0,1,R
592773,Ryne Stanek,2026-07-30,823023,STL,0,3,3,1,0,0,R
676617,Riley O'Brien,2026-07-30,823023,STL,0,3,3,0,0,1,R
703725,Luis Gastelum,2026-07-30,823023,STL,0,5,5,2,0,0,R
665871,Javier Assad,2026-07-30,823023,CHC,1,20,18,6,0,6,R
669020,Ryan Rolison,2026-07-30,823023,CHC,0,6,5,1,0,1,L
573204,Caleb Thielbar,2026-07-30,823023,CHC,0,4,4,1,1,1,L
668970,Gavin Hollowell,2026-07-30,823023,CHC,0,4,4,1,0,0,R
657097,Jacob Webb,2026-07-30,823023,CHC,0,5,5,1,0,0,R
650644,Aaron Civale,2026-07-30,823023,CHC,0,2,2,0,0,1,R
676664,JP Sears,2026-07-30,823271,SD,1,20,17,7,1,2,L
593974,Wandy Peralta,2026-07-30,823271,SD,0,4,3,1,0,1,L
681190,Randy Vásquez,2026-07-30,823271,SD,0,18,16,3,0,1,R
592662,Robbie Ray,2026-07-30,823271,SF,1,22,20,4,0,6,L
668873,Caleb Kilian,2026-07-30,823271,SF,0,4,3,0,0,1,R
681916,Dylan Smith,2026-07-30,823271,SF,0,4,4,1,0,2,R
669062,Erik Miller,2026-07-30,823271,SF,0,4,4,1,0,1,L
690997,Nolan McLean,2026-07-30,823595,NYM,1,26,23,6,2,6,R
548384,Brooks Raley,2026-07-30,823595,NYM,0,5,5,1,0,1,L
642207,Devin Williams,2026-07-30,823595,NYM,0,4,3,0,0,2,R
691587,Eury Pérez,2026-07-30,823595,MIA,1,24,22,3,0,6,R
669199,Lake Bachar,2026-07-30,823595,MIA,0,3,3,0,0,0,R
656848,Michael Petersen,2026-07-30,823595,MIA,0,5,5,3,0,1,R
667463,John King,2026-07-30,823595,MIA,0,1,1,0,0,1,L
641927,Bailey Ober,2026-07-30,823674,MIN,1,24,22,4,1,3,R
573124,Taylor Rogers,2026-07-30,823674,MIN,0,5,3,1,0,1,L
702193,Andrew Morris,2026-07-30,823674,MIN,0,3,3,1,0,0,R
672782,Yoendrys Gómez,2026-07-30,823674,MIN,0,5,5,2,0,1,R
702070,Noah Cameron,2026-07-30,823674,KC,1,26,24,1,0,7,L
668674,Lucas Erceg,2026-07-30,823674,KC,0,5,3,1,0,1,R
621381,Matt Strahm,2026-07-30,823674,KC,0,1,1,1,1,0,L
808963,Roki Sasaki,2026-07-30,823921,LAD,1,24,21,5,0,7,R
676263,Jack Dreyer,2026-07-30,823921,LAD,0,4,4,0,0,1,L
683618,Edgardo Henriquez,2026-07-30,823921,LAD,0,3,2,1,0,0,R
656945,Tanner Scott,2026-07-30,823921,LAD,0,5,4,1,0,1,L
621242,Edwin Díaz,2026-07-30,823921,LAD,0,4,4,1,0,2,R
693433,Bryan Woo,2026-07-30,823921,SEA,1,22,20,5,1,8,R
695380,Alex Hoppe,2026-07-30,823921,SEA,0,7,7,1,1,3,R
677961,Cole Wilcox,2026-07-30,823921,SEA,0,6,5,2,0,2,R
695076,Rhett Lowder,2026-07-30,824488,CIN,1,23,22,5,1,5,R
656271,Brock Burke,2026-07-30,824488,CIN,0,6,3,0,0,2,L
622088,Tejay Antone,2026-07-30,824488,CIN,0,4,4,1,0,1,R
641941,Emilio Pagán,2026-07-30,824488,CIN,0,4,4,1,0,2,R
670990,Yohan Ramírez,2026-07-30,824488,PIT,1,8,7,1,0,4,R
682995,Hunter Barco,2026-07-30,824488,PIT,0,15,12,5,0,2,L
668716,Noah Murdock,2026-07-30,824488,PIT,0,10,7,2,0,3,R
682254,Mason Montgomery,2026-07-30,824488,PIT,0,3,3,0,0,2,L
642397,Gregory Soto,2026-07-30,824488,PIT,0,5,3,1,0,1,L
680732,Sean Burke,2026-07-30,824568,CWS,1,23,20,3,0,10,R
656794,Sean Newcomb,2026-07-30,824568,CWS,0,8,7,2,0,1,L
663542,Bryan Hudson,2026-07-30,824568,CWS,0,3,3,0,0,0,L
669684,Chris Murphy,2026-07-30,824568,CWS,0,5,4,1,0,0,L
622554,Seranthony Domínguez,2026-07-30,824568,CWS,0,4,3,0,0,1,R
677960,Ryan Weathers,2026-07-30,824568,NYY,1,26,23,3,0,4,L
687396,Brent Headrick,2026-07-30,824568,NYY,0,4,3,0,0,2,L
683409,Angel Chivilli,2026-07-30,824568,NYY,0,6,6,2,0,3,R
518585,Fernando Cruz,2026-07-30,824568,NYY,0,6,4,1,0,2,R
656550,Grant Holmes,2026-07-30,824894,ATL,1,21,19,5,3,4,R
664849,Danny Young,2026-07-30,824894,ATL,0,4,4,1,0,1,L
682989,Victor Mederos,2026-07-30,824894,ATL,0,5,4,1,0,0,R
669276,Dylan Lee,2026-07-30,824894,ATL,0,4,4,0,0,1,L
628452,Raisel Iglesias,2026-07-30,824894,ATL,0,4,3,0,0,0,R
663623,Jake Irvin,2026-07-30,824894,WSH,1,20,18,3,2,1,R
687223,Carson Palmquist,2026-07-30,824894,WSH,0,8,7,1,0,0,L
683000,Riley Cornelio,2026-07-30,824894,WSH,0,3,3,0,0,2,R
686930,Mason Barnett,2026-07-30,824974,ATH,1,21,19,4,0,6,R
656240,Scott Blewett,2026-07-30,824974,ATH,0,8,7,2,0,1,R
665622,Luis Medina,2026-07-30,824974,ATH,0,5,5,2,2,1,R
665660,Elvis Alvarado,2026-07-30,824974,ATH,0,3,2,0,0,1,R
543243,Sonny Gray,2026-07-30,824974,BOS,1,30,27,7,0,5,R
669711,Greg Weissert,2026-07-30,824974,BOS,0,3,3,1,0,1,R
547973,Aroldis Chapman,2026-07-30,824974,BOS,0,4,4,1,0,2,L
656302,Dylan Cease,2026-07-31,822782,TOR,1,24,21,3,0,7,R
693686,Spencer Miles,2026-07-31,822782,TOR,0,4,4,1,0,2,R
656546,Jeff Hoffman,2026-07-31,822782,TOR,0,3,3,0,0,2,R
686973,Louis Varland,2026-07-31,822782,TOR,0,4,4,1,0,0,R
681517,Kyle Leahy,2026-07-31,822782,STL,1,24,23,6,0,3,R
677865,Justin Bruihl,2026-07-31,822782,STL,0,3,3,2,0,1,L
657265,Peter Strzelecki,2026-07-31,822782,STL,0,5,2,0,0,0,R
700669,Gordon Graceffo,2026-07-31,822782,STL,0,3,2,1,0,0,R
607259,Nick Martinez,2026-07-31,822945,TB,1,24,24,7,4,2,R
702047,Alex Cook,2026-07-31,822945,TB,0,9,7,1,0,0,R
688297,Chris Roycroft,2026-07-31,822945,TB,0,4,3,0,0,0,R
607200,Erick Fedde,2026-07-31,822945,CWS,1,19,19,4,1,6,R
805326,Tyler Schweitzer,2026-07-31,822945,CWS,0,12,10,1,0,2,L
670950,Trevor Richards,2026-07-31,822945,CWS,0,3,3,0,0,1,R
682243,Bryce Miller,2026-07-31,823111,SEA,1,20,18,3,1,3,R
678606,José A. Ferrer,2026-07-31,823111,SEA,0,5,5,2,1,1,L
660825,Eduard Bazardo,2026-07-31,823111,SEA,0,7,7,2,1,3,R
621074,Michael Rucker,2026-07-31,823111,SEA,0,3,3,0,0,1,R
805673,Zebby Matthews,2026-07-31,823111,MIN,1,22,19,4,1,10,R
681892,Kody Funderburk,2026-07-31,823111,MIN,0,4,4,0,0,2,L
667297,Tommy Nance,2026-07-31,823111,MIN,0,2,2,0,0,1,R
702193,Andrew Morris,2026-07-31,823111,MIN,0,3,3,0,0,0,R
672782,Yoendrys Gómez,2026-07-31,823111,MIN,0,5,3,0,0,1,R
699134,Bradgley Rodriguez,2026-07-31,823272,SD,1,3,3,0,0,2,R
673513,Yuki Matsui,2026-07-31,823272,SD,0,10,10,1,0,2,L
608566,Germán Márquez,2026-07-31,823272,SD,0,17,16,1,0,2,R
687931,Carson Whisenhunt,2026-07-31,823272,SF,1,20,15,7,1,3,L
605288,Adrian Houser,2026-07-31,823272,SF,0,19,17,5,0,3,R
673540,Kodai Senga,2026-07-31,823593,NYM,1,16,14,2,0,4,R
675540,Xzavion Curry,2026-07-31,823593,NYM,0,19,19,6,1,2,R
676083,Janson Junk,2026-07-31,823593,MIA,1,21,19,3,0,4,R
806188,Cade Gibson,2026-07-31,823593,MIA,0,3,3,2,0,1,L
676534,Calvin Faucher,2026-07-31,823593,MIA,0,5,5,1,1,4,R
676604,Tyler Zuber,2026-07-31,823593,MIA,0,4,4,1,0,2,R
664126,Pete Fairbanks,2026-07-31,823593,MIA,0,3,3,0,0,1,R
683618,Edgardo Henriquez,2026-07-31,823922,LAD,1,4,4,1,0,1,R
694361,Will Klein,2026-07-31,823922,LAD,0,9,7,3,0,3,R
608344,Cole Irvin,2026-07-31,823922,LAD,0,30,26,8,1,5,L
623465,Evan Phillips,2026-07-31,823922,LAD,0,3,1,0,0,0,R
624133,Ranger Suarez,2026-07-31,823922,BOS,1,18,16,4,0,2,L
663558,Jovani Morán,2026-07-31,823922,BOS,0,4,4,3,1,0,L
678394,Brayan Bello,2026-07-31,823922,BOS,0,16,15,3,0,3,R
696270,Ryan Johnson,2026-07-31,823999,LAA,1,22,19,6,1,3,R
820862,José Fermin,2026-07-31,823999,LAA,0,12,11,3,1,4,R
684665,Luke Murphy,2026-07-31,823999,LAA,0,5,3,0,0,1,R
696147,Sam Bachman,2026-07-31,823999,LAA,0,5,3,0,0,0,R
675660,Shane Drohan,2026-07-31,823999,MIL,1,22,21,4,1,7,L
681982,Grant Anderson,2026-07-31,823999,MIL,0,5,4,0,0,1,R
682842,Abner Uribe,2026-07-31,823999,MIL,0,2,2,0,0,1,R
656730,Trevor Megill,2026-07-31,823999,MIL,0,3,3,0,0,1,R
686613,Hunter Brown,2026-07-31,824164,HOU,1,23,21,6,1,5,R
660853,Enyel De Los Santos,2026-07-31,824164,HOU,0,3,3,1,0,0,R
656986,Bennett Sousa,2026-07-31,824164,HOU,0,2,2,0,0,1,L
805123,AJ Blubaugh,2026-07-31,824164,HOU,0,3,3,0,0,1,R
687911,Bryan King,2026-07-31,824164,HOU,0,4,4,1,0,0,L
543135,Nathan Eovaldi,2026-07-31,824164,TEX,1,26,24,10,2,5,R
681168,Luis Curvelo,2026-07-31,824164,TEX,0,14,10,4,1,2,R
670032,Nicky Lopez,2026-07-31,824164,TEX,0,7,7,4,0,1,R
608372,Tomoyuki Sugano,2026-07-31,824325,COL,1,24,24,5,1,2,R
622608,Antonio Senzatela,2026-07-31,824325,COL,0,3,3,1,0,1,R
657514,Brennan Bernardino,2026-07-31,824325,COL,0,3,2,0,0,0,L
605447,Jordan Romano,2026-07-31,824325,COL,0,3,3,0,0,1,R
608379,Michael Wacha,2026-07-31,824325,KC,1,25,25,5,0,7,R
663878,Nate Pearson,2026-07-31,824325,KC,0,3,3,0,0,0,R
668834,Easton McGee,2026-07-31,824325,KC,0,3,3,0,0,1,R
676440,Tanner Bibee,2026-07-31,824407,CLE,1,27,24,3,0,3,R
681870,Erik Sabrowski,2026-07-31,824407,CLE,0,3,2,2,0,0,L
670036,Matt Festa,2026-07-31,824407,CLE,0,2,2,1,0,0,R
702021,Will Dion,2026-07-31,824407,CLE,0,3,3,0,0,1,L
683352,Mitch Bratt,2026-07-31,824407,AZ,1,21,16,3,0,2,L
664199,Taylor Clarke,2026-07-31,824407,AZ,0,3,3,0,0,1,R
642528,Jonathan Loáisiga,2026-07-31,824407,AZ,0,4,3,0,0,1,R
656464,Kevin Ginkel,2026-07-31,824407,AZ,0,3,3,0,0,0,R
805299,Brandyn Garcia,2026-07-31,824407,AZ,0,3,3,0,0,1,L
668881,Hunter Greene,2026-07-31,824486,CIN,1,27,24,7,1,4,R
594580,Sam Moll,2026-07-31,824486,CIN,0,3,2,0,0,2,L
670062,Julian Garcia,2026-07-31,824486,CIN,0,1,1,0,0,0,R
657571,Caleb Ferguson,2026-07-31,824486,CIN,0,3,3,2,0,0,L
572955,Pierce Johnson,2026-07-31,824486,CIN,0,5,5,3,0,1,R
641941,Emilio Pagán,2026-07-31,824486,CIN,0,4,3,0,0,1,R
694973,Paul Skenes,2026-07-31,824486,PIT,1,22,18,7,2,7,R
699008,Antwone Kelly,2026-07-31,824486,PIT,0,12,10,2,0,3,R
696062,Wilber Dotel,2026-07-31,824486,PIT,0,4,4,3,0,1,R
682254,Mason Montgomery,2026-07-31,824486,PIT,0,4,3,0,0,1,L
684007,Shota Imanaga,2026-07-31,824651,CHC,1,23,23,4,2,6,L
621053,Tyler Ferguson,2026-07-31,824651,CHC,0,5,3,0,0,1,R
681520,Antoine Kelly,2026-07-31,824651,CHC,0,4,3,0,0,1,L
701542,Will Warren,2026-07-31,824651,NYY,1,23,23,4,0,7,R
621112,Paul Blackburn,2026-07-31,824651,NYY,0,4,4,0,0,3,R
670280,David Bednar,2026-07-31,824651,NYY,0,4,4,1,0,0,R
687064,Brandon Young,2026-07-31,824809,BAL,1,24,22,5,2,5,R
677020,Josh Walker,2026-07-31,824809,BAL,0,3,3,1,0,0,L
689296,Anthony Nunez,2026-07-31,824809,BAL,0,3,2,0,0,1,R
666974,Yennier Cano,2026-07-31,824809,BAL,0,3,3,0,0,1,R
669330,Tyler Wells,2026-07-31,824809,BAL,0,3,3,0,0,0,R
691725,Andrew Painter,2026-07-31,824809,PHI,1,23,20,3,1,6,R
689147,Orion Kerkering,2026-07-31,824809,PHI,0,6,4,2,0,2,R
641835,Tim Mayza,2026-07-31,824809,PHI,0,3,2,1,0,0,L
663767,Chase Shugart,2026-07-31,824809,PHI,0,3,2,0,0,1,R
693821,Bryce Elder,2026-07-31,824892,ATL,1,25,22,4,1,3,R
622694,Elieser Hernández,2026-07-31,824892,ATL,0,15,14,5,1,4,R
656492,Foster Griffin,2026-07-31,824892,WSH,1,25,23,9,2,3,L
592866,Trevor Williams,2026-07-31,824892,WSH,0,13,11,3,0,4,R
605488,Jeffrey Springs,2026-07-31,824975,ATH,1,20,14,4,1,2,L
696522,Hayden Juenger,2026-07-31,824975,ATH,0,4,3,0,0,2,R
669620,Brady Basso,2026-07-31,824975,ATH,0,10,10,4,0,2,L
806960,Luis Morales,2026-07-31,824975,ATH,0,14,13,6,2,1,R
663947,Tyler Holton,2026-07-31,824975,DET,1,8,6,1,0,1,L
680744,Ty Madden,2026-07-31,824975,DET,0,13,11,2,0,2,R
805427,Drew Sommers,2026-07-31,824975,DET,0,6,6,0,0,3,L
646241,Enmanuel De Jesus,2026-07-31,824975,DET,0,6,6,0,0,1,L
592332,Kevin Gausman,2026-08-01,822781,TOR,1,25,24,9,0,4,R
680755,Braydon Fisher,2026-08-01,822781,TOR,0,4,4,1,0,1,R
689254,Mason Fluharty,2026-08-01,822781,TOR,0,2,1,0,0,0,L
656546,Jeff Hoffman,2026-08-01,822781,TOR,0,5,4,1,0,1,R
643511,Tyler Rogers,2026-08-01,822781,TOR,0,3,3,0,0,0,R
687273,Quinn Mathews,2026-08-01,822781,STL,1,24,20,6,0,3,L
703725,Luis Gastelum,2026-08-01,822781,STL,0,7,6,2,0,0,R
657265,Peter Strzelecki,2026-08-01,822781,STL,0,7,6,1,0,1,R
656876,Drew Rasmussen,2026-08-01,822944,TB,1,22,21,4,0,10,R
592155,Cam Booser,2026-08-01,822944,TB,0,3,3,1,0,2,L
687330,Kevin Kelly,2026-08-01,822944,TB,0,3,3,0,0,2,R
664076,Garrett Cleavinger,2026-08-01,822944,TB,0,1,1,0,0,1,L
641329,Bryan Baker,2026-08-01,822944,TB,0,3,3,0,0,1,R
663855,Jordan Hicks,2026-08-01,822944,CWS,1,3,3,0,0,1,R
702273,Noah Schultz,2026-08-01,822944,CWS,0,19,17,3,0,4,L
622554,Seranthony Domínguez,2026-08-01,822944,CWS,0,3,3,0,0,2,R
670950,Trevor Richards,2026-08-01,822944,CWS,0,5,5,2,0,1,R
669302,Logan Gilbert,2026-08-01,823109,SEA,1,26,24,5,2,6,R
642100,Gabe Speier,2026-08-01,823109,SEA,0,4,3,1,0,1,L
662253,Andrés Muñoz,2026-08-01,823109,SEA,0,4,4,1,0,2,R
687570,Connor Prielipp,2026-08-01,823109,MIN,1,24,20,4,1,5,L
701519,Travis Adams,2026-08-01,823109,MIN,0,3,2,1,0,1,R
621345,A.J. Minter,2026-08-01,823109,MIN,0,1,1,0,0,0,L
667297,Tommy Nance,2026-08-01,823109,MIN,0,3,2,0,0,1,R
681892,Kody Funderburk,2026-08-01,823109,MIN,0,1,1,0,0,1,L
573124,Taylor Rogers,2026-08-01,823109,MIN,0,5,4,1,0,0,L
702193,Andrew Morris,2026-08-01,823109,MIN,0,4,3,1,0,0,R
621111,Walker Buehler,2026-08-01,823269,SD,1,21,19,8,1,1,R
593974,Wandy Peralta,2026-08-01,823269,SD,0,5,5,1,0,1,L
670970,Adrian Morejon,2026-08-01,823269,SD,0,4,4,0,0,3,L
669093,Jeremiah Estrada,2026-08-01,823269,SD,0,4,3,2,0,1,R
695243,Mason Miller,2026-08-01,823269,SD,0,7,6,1,0,3,R
641816,Tyler Mahle,2026-08-01,823269,SF,1,25,22,5,1,9,R
676775,Keaton Winn,2026-08-01,823269,SF,0,5,5,2,0,1,R
668873,Caleb Kilian,2026-08-01,823269,SF,0,3,3,1,0,2,R
681916,Dylan Smith,2026-08-01,823269,SF,0,5,3,2,0,0,R
804267,Zac Thornton,2026-08-01,823594,NYM,1,24,19,6,1,2,L
650960,Daniel Duarte,2026-08-01,823594,NYM,0,7,7,3,1,1,R
702752,Jonathan Pintaro,2026-08-01,823594,NYM,0,9,7,1,0,3,R
643361,Kevin Herget,2026-08-01,823594,NYM,0,3,3,0,0,0,R
663969,Tyler Phillips,2026-08-01,823594,MIA,1,21,21,6,1,3,R
667463,John King,2026-08-01,823594,MIA,0,2,2,0,0,0,L
669199,Lake Bachar,2026-08-01,823594,MIA,0,10,10,1,0,2,R
808967,Yoshinobu Yamamoto,2026-08-01,823920,LAD,1,28,27,4,2,3,R
681911,Alex Vesia,2026-08-01,823920,LAD,0,3,3,0,0,1,L
801139,Payton Tolle,2026-08-01,823920,BOS,1,26,24,9,1,7,L
686580,Justin Slaten,2026-08-01,823920,BOS,0,3,3,0,0,1,R
594027,Tyron Guerrero,2026-08-01,823920,BOS,0,4,4,1,0,0,R
547973,Aroldis Chapman,2026-08-01,823920,BOS,0,3,3,0,0,1,L
608718,Brent Suter,2026-08-01,824000,LAA,1,9,6,0,0,1,L
695049,Brett Kerry,2026-08-01,824000,LAA,0,14,14,2,1,3,R
696519,Samy Natera Jr.,2026-08-01,824000,LAA,0,8,8,2,0,4,L
489446,Kirby Yates,2026-08-01,824000,LAA,0,5,4,1,0,1,R
688107,Robert Gasser,2026-08-01,824000,MIL,1,21,19,4,0,6,L
694477,Chad Patrick,2026-08-01,824000,MIL,0,7,7,1,0,5,R
682842,Abner Uribe,2026-08-01,824000,MIL,0,3,3,0,0,2,R
656730,Trevor Megill,2026-08-01,824000,MIL,0,3,3,0,0,0,R
669854,Ronel Blanco,2026-08-01,824162,HOU,1,21,18,5,1,4,R
656986,Bennett Sousa,2026-08-01,824162,HOU,0,3,1,0,0,1,L
660853,Enyel De Los Santos,2026-08-01,824162,HOU,0,3,3,1,1,1,R
595345,Steven Okert,2026-08-01,824162,HOU,0,5,5,1,0,2,L
650556,Bryan Abreu,2026-08-01,824162,HOU,0,3,3,0,0,1,R
623352,Josh Hader,2026-08-01,824162,HOU,0,3,3,0,0,1,L
594798,Jacob deGrom,2026-08-01,824162,TEX,1,22,17,7,0,3,R
668390,Cole Winn,2026-08-01,824162,TEX,0,2,2,0,0,0,R
641302,Tyler Alexander,2026-08-01,824162,TEX,0,6,6,0,0,1,L
682608,Peyton Gray,2026-08-01,824162,TEX,0,4,4,1,0,1,R
681217,Chase Silseth,2026-08-01,824162,TEX,0,6,4,1,0,2,R
663372,Ryan Feltner,2026-08-01,824326,COL,1,26,24,8,2,3,R
680767,Victor Vodnik,2026-08-01,824326,COL,0,4,4,1,0,1,R
675848,Juan Mejia,2026-08-01,824326,COL,0,4,4,1,0,1,R
623474,Jimmy Herget,2026-08-01,824326,COL,0,5,5,2,1,1,R
679883,Luinder Avila,2026-08-01,824326,KC,1,15,12,4,1,2,R
668834,Easton McGee,2026-08-01,824326,KC,0,8,8,5,0,1,R
621381,Matt Strahm,2026-08-01,824326,KC,0,4,4,1,1,1,L
656638,Alex Lange,2026-08-01,824326,KC,0,9,8,2,1,3,R
668674,Lucas Erceg,2026-08-01,824326,KC,0,8,6,4,0,1,R
800048,Parker Messick,2026-08-01,824405,CLE,1,20,19,6,0,6,L
670059,Colin Holderman,2026-08-01,824405,CLE,0,8,6,2,0,1,R
683769,Hunter Gaddis,2026-08-01,824405,CLE,0,6,4,2,1,0,R
680916,Franco Aleman,2026-08-01,824405,CLE,0,4,3,2,1,0,R
702021,Will Dion,2026-08-01,824405,CLE,0,4,4,1,1,0,L
682120,Tim Herrin,2026-08-01,824405,CLE,0,7,6,3,0,1,L
684442,Kohl Drake,2026-08-01,824405,AZ,1,19,17,5,1,6,L
672629,Gerardo Carrillo,2026-08-01,824405,AZ,0,7,7,1,0,3,R
666661,Juan Morillo,2026-08-01,824405,AZ,0,3,3,0,0,1,R
623149,Paul Sewald,2026-08-01,824405,AZ,0,5,5,5,1,0,R
656464,Kevin Ginkel,2026-08-01,824405,AZ,0,5,3,1,0,0,R
642528,Jonathan Loáisiga,2026-08-01,824405,AZ,0,5,5,2,0,0,R
671096,Andrew Abbott,2026-08-01,824485,CIN,1,23,18,3,0,1,L
685112,Zach McCambley,2026-08-01,824485,CIN,0,5,5,2,0,1,R
594580,Sam Moll,2026-08-01,824485,CIN,0,4,3,1,0,0,L
670062,Julian Garcia,2026-08-01,824485,CIN,0,4,3,0,0,0,R
657571,Caleb Ferguson,2026-08-01,824485,CIN,0,3,3,0,0,1,L
677952,Braxton Ashcraft,2026-08-01,824485,PIT,1,19,17,2,1,5,R
669387,Carmen Mlodzinski,2026-08-01,824485,PIT,0,11,10,1,0,4,R
642397,Gregory Soto,2026-08-01,824485,PIT,0,3,3,0,0,1,L
656849,David Peterson,2026-08-01,824649,CHC,1,25,25,5,1,8,L
663423,Trent Thornton,2026-08-01,824649,CHC,0,4,2,1,0,0,R
657097,Jacob Webb,2026-08-01,824649,CHC,0,4,4,1,0,1,R
573204,Caleb Thielbar,2026-08-01,824649,CHC,0,3,3,1,0,0,L
608331,Max Fried,2026-08-01,824649,NYY,1,19,18,2,0,7,L
683409,Angel Chivilli,2026-08-01,824649,NYY,0,4,2,0,0,0,R
518585,Fernando Cruz,2026-08-01,824649,NYY,0,4,3,1,1,0,R
687396,Brent Headrick,2026-08-01,824649,NYY,0,2,2,2,0,0,L
672442,Yovanny Cruz,2026-08-01,824649,NYY,0,5,4,2,0,0,R
669358,Shane Baz,2026-08-01,824808,BAL,1,25,24,6,0,4,R
670329,Rico Garcia,2026-08-01,824808,BAL,0,2,2,0,0,0,R
664991,Grant Wolfram,2026-08-01,824808,BAL,0,3,1,0,0,0,L
552640,Andrew Kittredge,2026-08-01,824808,BAL,0,5,4,3,0,0,R
682274,Yaramil Hiraldo,2026-08-01,824808,BAL,0,5,5,1,0,3,R
650911,Cristopher Sánchez,2026-08-01,824808,PHI,1,25,20,2,0,11,L
680742,Jonathan Bowlan,2026-08-01,824808,PHI,0,4,4,1,0,3,R
621237,José Alvarado,2026-08-01,824808,PHI,0,3,3,0,0,0,L
661395,Jhoan Duran,2026-08-01,824808,PHI,0,3,3,0,0,0,R
527048,Martín Pérez,2026-08-01,824890,ATL,1,25,23,1,0,6,L
664849,Danny Young,2026-08-01,824890,ATL,0,7,5,2,0,0,L
682989,Victor Mederos,2026-08-01,824890,ATL,0,4,4,1,0,0,R
571945,Miles Mikolas,2026-08-01,824890,WSH,1,27,26,9,3,3,R
683000,Riley Cornelio,2026-08-01,824890,WSH,0,6,3,0,0,1,R
678868,Eddy Yean,2026-08-01,824890,WSH,0,5,5,1,0,2,R
678022,Jack Perkins,2026-08-01,824972,ATH,1,26,25,9,3,9,R
660761,José Suarez,2026-08-01,824972,ATH,0,5,4,0,0,0,L
656240,Scott Blewett,2026-08-01,824972,ATH,0,8,8,4,0,1,R
665622,Luis Medina,2026-08-01,824972,ATH,0,5,5,2,0,1,R
664285,Framber Valdez,2026-08-01,824972,DET,1,30,28,9,0,6,L
640448,Kyle Finnegan,2026-08-01,824972,DET,0,5,4,3,1,0,R
621097,Jacob Waguespack,2026-08-01,824972,DET,0,3,3,1,0,1,R
445276,Kenley Jansen,2026-08-01,824972,DET,0,5,5,2,0,2,R
453286,Max Scherzer,2026-08-02,822783,TOR,1,23,22,4,0,5,R
693686,Spencer Miles,2026-08-02,822783,TOR,0,8,7,1,0,1,R
686973,Louis Varland,2026-08-02,822783,TOR,0,7,6,3,0,0,R
689254,Mason Fluharty,2026-08-02,822783,TOR,0,1,1,0,0,0,L
669461,Matthew Liberatore,2026-08-02,822783,STL,1,20,19,1,0,7,L
592773,Ryne Stanek,2026-08-02,822783,STL,0,4,4,1,0,1,R
666277,George Soriano,2026-08-02,822783,STL,0,5,5,2,0,1,R
676617,Riley O'Brien,2026-08-02,822783,STL,0,4,4,1,0,1,R
643377,Griffin Jax,2026-08-02,822943,TB,1,21,21,4,1,8,R
518886,Craig Kimbrel,2026-08-02,822943,TB,0,6,4,1,0,1,R
571927,Steven Matz,2026-08-02,822943,TB,0,3,3,0,0,0,L
702047,Alex Cook,2026-08-02,822943,TB,0,8,8,3,1,2,R
688297,Chris Roycroft,2026-08-02,822943,TB,0,2,2,1,1,1,R
641743,Anthony Kay,2026-08-02,822943,CWS,1,27,25,7,0,3,L
691799,Grant Taylor,2026-08-02,822943,CWS,0,6,6,2,0,1,R
701474,Duncan Davitt,2026-08-02,822943,CWS,0,5,5,2,1,1,R
669923,George Kirby,2026-08-02,823107,SEA,1,26,25,5,0,3,R
660825,Eduard Bazardo,2026-08-02,823107,SEA,0,4,4,2,1,0,R
678606,José A. Ferrer,2026-08-02,823107,SEA,0,4,4,2,1,1,L
662253,Andrés Muñoz,2026-08-02,823107,SEA,0,6,5,2,1,2,R
671737,Taj Bradley,2026-08-02,823107,MIN,1,29,25,7,0,2,R
696070,Kendry Rojas,2026-08-02,823107,MIN,0,6,5,2,1,1,L
621345,A.J. Minter,2026-08-02,823107,MIN,0,5,5,2,0,1,L
672782,Yoendrys Gómez,2026-08-02,823107,MIN,0,4,4,3,0,1,R
606996,Kyle Hart,2026-08-02,823270,SD,1,10,10,1,0,2,L
676664,JP Sears,2026-08-02,823270,SD,0,7,5,2,0,0,L
656288,Griffin Canning,2026-08-02,823270,SD,0,8,8,2,1,0,R
669093,Jeremiah Estrada,2026-08-02,823270,SD,0,3,2,0,0,1,R
699134,Bradgley Rodriguez,2026-08-02,823270,SD,0,4,4,2,1,2,R
670970,Adrian Morejon,2026-08-02,823270,SD,0,5,4,0,0,3,L
694738,Landen Roupp,2026-08-02,823270,SF,1,24,20,6,1,6,R
656529,Sam Hentges,2026-08-02,823270,SF,0,5,5,1,0,2,L
681916,Dylan Smith,2026-08-02,823270,SF,0,4,4,1,0,1,R
664141,JT Brubaker,2026-08-02,823270,SF,0,3,2,0,0,0,R
669062,Erik Miller,2026-08-02,823270,SF,0,2,1,0,0,0,L
476594,Robert Stock,2026-08-02,823592,NYM,1,18,18,3,1,4,R
548384,Brooks Raley,2026-08-02,823592,NYM,0,3,3,0,0,0,L
596133,Luke Weaver,2026-08-02,823592,NYM,0,3,3,0,0,1,R
623211,Huascar Brazobán,2026-08-02,823592,NYM,0,4,3,0,0,2,R
642207,Devin Williams,2026-08-02,823592,NYM,0,4,4,2,0,0,R
645261,Sandy Alcantara,2026-08-02,823592,MIA,1,24,22,4,0,5,R
656848,Michael Petersen,2026-08-02,823592,MIA,0,4,3,0,0,2,R
676604,Tyler Zuber,2026-08-02,823592,MIA,0,4,4,1,0,0,R
664126,Pete Fairbanks,2026-08-02,823592,MIA,0,5,3,0,0,1,R
686218,Emmet Sheehan,2026-08-02,823919,LAD,1,16,14,6,3,4,R
676263,Jack Dreyer,2026-08-02,823919,LAD,0,5,4,0,0,2,L
623465,Evan Phillips,2026-08-02,823919,LAD,0,3,3,0,0,0,R
669165,Kyle Hurt,2026-08-02,823919,LAD,0,8,7,1,1,4,R
670090,Wyatt Mills,2026-08-02,823919,LAD,0,12,8,2,0,1,R
687562,Jake Bennett,2026-08-02,823919,BOS,1,24,22,6,0,4,L
686580,Justin Slaten,2026-08-02,823919,BOS,0,1,1,0,0,0,R
594027,Tyron Guerrero,2026-08-02,823919,BOS,0,5,5,2,0,1,R
663558,Jovani Morán,2026-08-02,823919,BOS,0,3,3,1,0,0,L
669711,Greg Weissert,2026-08-02,823919,BOS,0,1,1,0,0,0,R
676477,Garrett Whitlock,2026-08-02,823919,BOS,0,4,3,0,0,1,R
700712,Walbert Ureña,2026-08-02,823996,LAA,1,22,19,3,0,7,R
684665,Luke Murphy,2026-08-02,823996,LAA,0,3,2,0,0,0,R
696147,Sam Bachman,2026-08-02,823996,LAA,0,2,1,0,0,0,R
666171,Ryan Zeferjahn,2026-08-02,823996,LAA,0,7,7,2,0,4,R
694819,Jacob Misiorowski,2026-08-02,823996,MIL,1,24,23,2,1,10,R
669084,DL Hall,2026-08-02,823996,MIL,0,6,5,2,0,1,L
663567,Peter Lambert,2026-08-02,824163,HOU,1,20,18,3,0,8,R
595345,Steven Okert,2026-08-02,824163,HOU,0,4,3,2,1,1,L
650556,Bryan Abreu,2026-08-02,824163,HOU,0,3,2,0,0,2,R
687911,Bryan King,2026-08-02,824163,HOU,0,4,4,1,0,1,L
805123,AJ Blubaugh,2026-08-02,824163,HOU,0,4,4,0,0,1,R
677958,Kumar Rocker,2026-08-02,824163,TEX,1,27,25,10,1,5,R
695239,Robby Ahlstrom,2026-08-02,824163,TEX,0,3,2,0,0,0,L
641302,Tyler Alexander,2026-08-02,824163,TEX,0,3,2,1,0,0,L
668390,Cole Winn,2026-08-02,824163,TEX,0,5,4,3,0,1,R
687239,Ben Peoples,2026-08-02,824163,TEX,0,5,4,1,0,0,R
607536,Kyle Freeland,2026-08-02,824323,COL,1,34,32,5,0,8,L
607625,Seth Lugo,2026-08-02,824323,KC,1,25,19,5,0,3,R
607481,Aaron Bummer,2026-08-02,824323,KC,0,7,7,4,1,0,L
663878,Nate Pearson,2026-08-02,824323,KC,0,3,3,0,0,1,R
674444,Steven Cruz,2026-08-02,824323,KC,0,3,3,0,0,1,R
668909,Gavin Williams,2026-08-02,824404,CLE,1,19,18,1,0,10,R
683769,Hunter Gaddis,2026-08-02,824404,CLE,0,2,1,0,0,0,R
684974,Craig Yoho,2026-08-02,824404,CLE,0,4,3,0,0,1,R
670036,Matt Festa,2026-08-02,824404,CLE,0,4,3,1,0,1,R
671922,Cade Smith,2026-08-02,824404,CLE,0,7,5,0,0,1,R
518876,Merrill Kelly,2026-08-02,824404,AZ,1,25,21,8,1,5,R
664199,Taylor Clarke,2026-08-02,824404,AZ,0,5,5,0,0,1,R
657044,Ryan Thompson,2026-08-02,824404,AZ,0,4,4,0,0,2,R
695505,Chase Burns,2026-08-02,824483,CIN,1,22,19,2,0,9,R
656271,Brock Burke,2026-08-02,824483,CIN,0,3,3,0,0,2,L
622088,Tejay Antone,2026-08-02,824483,CIN,0,6,5,2,0,2,R
685112,Zach McCambley,2026-08-02,824483,CIN,0,3,3,0,0,0,R
656605,Mitch Keller,2026-08-02,824483,PIT,1,16,12,6,2,2,R
668716,Noah Murdock,2026-08-02,824483,PIT,0,4,3,1,0,1,R
676760,Ron Marinaccio,2026-08-02,824483,PIT,0,10,8,2,0,2,R
670990,Yohan Ramírez,2026-08-02,824483,PIT,0,8,6,0,0,3,R
666808,Camilo Doval,2026-08-02,824483,PIT,0,4,4,1,1,1,R
607067,Colin Rea,2026-08-02,824648,CHC,1,23,22,3,1,7,R
669020,Ryan Rolison,2026-08-02,824648,CHC,0,6,6,1,0,2,L
650644,Aaron Civale,2026-08-02,824648,CHC,0,5,5,1,0,0,R
543037,Gerrit Cole,2026-08-02,824648,NYY,1,23,20,4,0,5,R
687396,Brent Headrick,2026-08-02,824648,NYY,0,4,4,0,0,3,L
621112,Paul Blackburn,2026-08-02,824648,NYY,0,4,2,0,0,1,R
670280,David Bednar,2026-08-02,824648,NYY,0,5,4,0,0,1,R
680694,Kyle Bradish,2026-08-02,824807,BAL,1,12,10,2,1,3,R
689296,Anthony Nunez,2026-08-02,824807,BAL,0,7,5,2,0,0,R
677020,Josh Walker,2026-08-02,824807,BAL,0,4,4,2,1,1,L
544150,Albert Suárez,2026-08-02,824807,BAL,0,8,4,3,0,0,R
554430,Zack Wheeler,2026-08-02,824807,PHI,1,7,7,1,0,3,R
679775,Kyle Backhus,2026-08-02,824807,PHI,0,5,4,1,0,1,L
641835,Tim Mayza,2026-08-02,824807,PHI,0,7,7,2,0,3,L
689147,Orion Kerkering,2026-08-02,824807,PHI,0,0,0,0,0,0,R
702275,JR Ritchie,2026-08-02,824891,ATL,1,20,15,4,0,4,R
689266,Dylan Dodd,2026-08-02,824891,ATL,0,3,3,0,0,1,L
800311,Didier Fuentes,2026-08-02,824891,ATL,0,6,6,0,0,4,R
669276,Dylan Lee,2026-08-02,824891,ATL,0,3,2,0,0,1,L
628452,Raisel Iglesias,2026-08-02,824891,ATL,0,4,3,0,0,1,R
676917,Cade Cavalli,2026-08-02,824891,WSH,1,23,22,6,2,3,R
687377,Orlando Ribalta,2026-08-02,824891,WSH,0,4,3,1,0,1,R
668820,Max Kranick,2026-08-02,824891,WSH,0,3,3,0,0,0,R
695611,Gage Jump,2026-08-02,824971,ATH,1,21,15,4,0,5,L
665660,Elvis Alvarado,2026-08-02,824971,ATH,0,5,5,1,0,1,R
663687,Hogan Harris,2026-08-02,824971,ATH,0,4,3,1,0,1,L
696522,Hayden Juenger,2026-08-02,824971,ATH,0,5,5,2,0,0,R
641386,Ben Bowden,2026-08-02,824971,ATH,0,8,5,2,0,0,L
666126,Carlos Cortes,2026-08-02,824971,ATH,0,5,5,2,1,0,S
672456,Keider Montero,2026-08-02,824971,DET,1,22,19,2,0,2,R
663947,Tyler Holton,2026-08-02,824971,DET,0,4,4,2,0,0,L
623454,Drew Anderson,2026-08-02,824971,DET,0,5,5,1,0,2,R
646241,Enmanuel De Jesus,2026-08-02,824971,DET,0,5,5,2,0,3,L
615698,Cal Quantrill,2026-08-03,822867,TEX,1,24,22,4,1,4,R
687239,Ben Peoples,2026-08-03,822867,TEX,0,4,3,0,0,1,R
682608,Peyton Gray,2026-08-03,822867,TEX,0,5,4,1,1,0,R
663884,Nolan Kingham,2026-08-03,822867,TEX,0,6,3,1,0,1,R
657277,Logan Webb,2026-08-03,822867,SF,1,24,23,5,0,8,R
676775,Keaton Winn,2026-08-03,822867,SF,0,3,3,1,0,1,R
656529,Sam Hentges,2026-08-03,822867,SF,0,5,4,0,0,1,L
663941,Tristan Beck,2026-08-03,822867,SF,0,3,2,1,1,0,R
665665,Reiver Sanmartin,2026-08-03,822867,SF,0,1,1,0,0,0,L
605400,Aaron Nola,2026-08-03,823431,PHI,1,24,22,6,2,5,R
679775,Kyle Backhus,2026-08-03,823431,PHI,0,5,4,0,0,1,L
689147,Orion Kerkering,2026-08-03,823431,PHI,0,3,3,0,0,2,R
661395,Jhoan Duran,2026-08-03,823431,PHI,0,4,3,0,0,2,R
674841,Andrew Alvarez,2026-08-03,823431,WSH,1,24,20,3,0,5,L
676680,Tom Cosgrove,2026-08-03,823431,WSH,0,4,3,1,1,1,L
690925,Clayton Beeter,2026-08-03,823431,WSH,0,3,2,1,1,0,R
678868,Eddy Yean,2026-08-03,823431,WSH,0,3,2,0,0,0,R
693645,Cam Schlittler,2026-08-03,823520,NYY,1,17,12,4,1,6,R
657612,Tim Hill,2026-08-03,823520,NYY,0,6,6,2,1,1,L
665645,Kervin Castro,2026-08-03,823520,NYY,0,6,5,1,0,2,R
642232,Ryan Yarbrough,2026-08-03,823520,NYY,0,3,3,1,0,0,L
683409,Angel Chivilli,2026-08-03,823520,NYY,0,9,8,5,3,0,R
518585,Fernando Cruz,2026-08-03,823520,NYY,0,3,3,0,0,2,R
700241,Michael McGreevy,2026-08-03,823520,STL,1,18,17,4,1,5,R
677865,Justin Bruihl,2026-08-03,823520,STL,0,6,6,2,1,0,L
592773,Ryne Stanek,2026-08-03,823520,STL,0,4,4,3,2,1,R
666277,George Soriano,2026-08-03,823520,STL,0,3,3,1,1,1,R
700669,Gordon Graceffo,2026-08-03,823520,STL,0,6,6,0,0,2,R
687075,Brandon Sproat,2026-08-03,823757,MIL,1,16,14,5,0,4,R
668831,Garrett Stallings,2026-08-03,823757,MIL,0,12,11,2,0,4,R
676879,Aaron Ashby,2026-08-03,823757,MIL,0,8,7,1,0,3,L
694477,Chad Patrick,2026-08-03,823757,MIL,0,3,3,0,0,2,R
696149,Bubba Chandler,2026-08-03,823757,PIT,1,24,20,4,0,5,R
642397,Gregory Soto,2026-08-03,823757,PIT,0,7,4,1,0,3,L
666808,Camilo Doval,2026-08-03,823757,PIT,0,3,3,0,0,1,R
682254,Mason Montgomery,2026-08-03,823757,PIT,0,4,4,1,0,3,L
664299,Cristian Javier,2026-08-03,824160,HOU,1,24,23,7,1,2,R
837227,Tatsuya Imai,2026-08-03,824160,HOU,0,9,9,0,0,5,R
669456,Shane Bieber,2026-08-03,824160,TOR,1,28,26,9,0,6,R
680755,Braydon Fisher,2026-08-03,824160,TOR,0,5,3,1,0,0,R
663893,Brendon Little,2026-08-03,824160,TOR,0,5,4,0,0,4,L
643511,Tyler Rogers,2026-08-03,824160,TOR,0,3,3,0,0,0,R
547179,Michael Lorenzen,2026-08-03,824324,COL,1,18,14,7,1,0,R
685299,Tanner Gordon,2026-08-03,824324,COL,0,27,26,8,2,3,R
693855,Ian Seymour,2026-08-03,824324,TB,1,25,25,7,1,9,L
675627,Michael Grove,2026-08-03,824324,TB,0,10,9,4,1,0,R
668984,Casey Legumina,2026-08-03,824324,TB,0,7,4,4,0,0,R
687330,Kevin Kelly,2026-08-03,824324,TB,0,1,1,0,0,0,R
571510,Matthew Boyd,2026-08-03,824647,CHC,1,28,27,9,2,3,L
663423,Trent Thornton,2026-08-03,824647,CHC,0,4,4,0,0,1,R
663765,Jake Woodford,2026-08-03,824647,CHC,0,3,3,1,0,0,R
680736,Justin Wrobleski,2026-08-03,824647,LAD,1,23,20,7,4,4,L
683618,Edgardo Henriquez,2026-08-03,824647,LAD,0,6,3,1,0,2,R
656945,Tanner Scott,2026-08-03,824647,LAD,0,4,3,1,0,2,L
642546,Jonathan Hernández,2026-08-03,824647,LAD,0,7,7,1,0,2,R
694297,Brandon Pfaadt,2026-08-03,825095,AZ,1,25,24,5,0,3,R
666661,Juan Morillo,2026-08-03,825095,AZ,0,5,5,1,0,2,R
805299,Brandyn Garcia,2026-08-03,825095,AZ,0,3,3,0,0,0,L
650633,Michael King,2026-08-03,825095,SD,1,23,19,5,1,5,R
673513,Yuki Matsui,2026-08-03,825095,SD,0,6,5,1,0,2,L
669093,Jeremiah Estrada,2026-08-03,825095,SD,0,2,2,0,0,0,R
593974,Wandy Peralta,2026-08-03,825095,SD,0,6,4,3,0,0,L
669022,MacKenzie Gore,2026-08-04,822865,TEX,1,24,21,3,0,4,L
681217,Chase Silseth,2026-08-04,822865,TEX,0,4,3,1,1,0,R
695239,Robby Ahlstrom,2026-08-04,822865,TEX,0,3,3,0,0,2,L
682608,Peyton Gray,2026-08-04,822865,TEX,0,1,1,0,0,1,R
656641,Jacob Latz,2026-08-04,822865,TEX,0,6,5,2,0,1,L
694918,Blade Tidwell,2026-08-04,822865,SF,1,22,21,6,0,3,R
671345,Jason Foley,2026-08-04,822865,SF,0,3,3,0,0,0,R
664141,JT Brubaker,2026-08-04,822865,SF,0,4,3,0,0,0,R
665665,Reiver Sanmartin,2026-08-04,822865,SF,0,6,5,3,0,1,L
605288,Adrian Houser,2026-08-04,822865,SF,0,1,1,0,0,0,R
681916,Dylan Smith,2026-08-04,822865,SF,0,5,4,2,0,1,R
676106,Emerson Hancock,2026-08-04,823108,SEA,1,27,25,8,1,6,R
621074,Michael Rucker,2026-08-04,823108,SEA,0,3,2,0,0,1,R
681006,Josh Simpson,2026-08-04,823108,SEA,0,4,4,1,0,2,L
622554,Seranthony Domínguez,2026-08-04,823108,SEA,0,7,5,4,2,0,R
677961,Cole Wilcox,2026-08-04,823108,SEA,0,2,2,0,0,2,R
675512,Troy Melton,2026-08-04,823108,DET,1,25,23,3,0,4,R
621097,Jacob Waguespack,2026-08-04,823108,DET,0,4,3,0,0,1,R
700270,Yilber Díaz,2026-08-04,823108,DET,0,5,4,1,0,3,R
666200,Jesús Luzardo,2026-08-04,823432,PHI,1,29,27,4,0,7,L
668873,Caleb Kilian,2026-08-04,823432,PHI,0,4,4,1,0,2,R
687223,Carson Palmquist,2026-08-04,823432,WSH,1,4,3,2,0,0,L
641793,Zack Littell,2026-08-04,823432,WSH,0,27,25,7,0,2,R
592866,Trevor Williams,2026-08-04,823432,WSH,0,5,5,2,0,2,R
677960,Ryan Weathers,2026-08-04,823517,NYY,1,21,20,4,0,6,L
518585,Fernando Cruz,2026-08-04,823517,NYY,0,3,3,1,0,0,R
687396,Brent Headrick,2026-08-04,823517,NYY,0,5,4,1,0,1,L
670280,David Bednar,2026-08-04,823517,NYY,0,5,4,0,0,3,R
690928,Hunter Dobbins,2026-08-04,823517,STL,1,26,23,4,2,4,R
657571,Caleb Ferguson,2026-08-04,823517,STL,0,5,5,1,0,1,L
701656,Logan Henderson,2026-08-04,823756,MIL,1,23,22,4,2,8,R
622608,Antonio Senzatela,2026-08-04,823756,MIL,0,3,2,0,0,0,R
682842,Abner Uribe,2026-08-04,823756,MIL,0,5,4,1,0,3,R
656730,Trevor Megill,2026-08-04,823756,MIL,0,3,3,0,0,0,R
683003,Jared Jones,2026-08-04,823756,PIT,1,21,20,8,2,4,R
696062,Wilber Dotel,2026-08-04,823756,PIT,0,10,9,3,0,3,R
670990,Yohan Ramírez,2026-08-04,823756,PIT,0,3,3,0,0,1,R
489446,Kirby Yates,2026-08-04,823756,PIT,0,3,3,0,0,0,R
677976,Randy Dobnak,2026-08-04,824084,KC,1,21,17,3,0,1,R
663738,Daniel Lynch IV,2026-08-04,824084,KC,0,4,4,1,0,1,L
670167,John Schreiber,2026-08-04,824084,KC,0,4,3,0,0,2,R
674444,Steven Cruz,2026-08-04,824084,KC,0,5,5,2,1,0,R
663878,Nate Pearson,2026-08-04,824084,KC,0,4,4,1,0,0,R
657746,Joe Ryan,2026-08-04,824084,MIN,1,25,22,7,0,3,R
681892,Kody Funderburk,2026-08-04,824084,MIN,0,5,4,0,0,2,L
701519,Travis Adams,2026-08-04,824084,MIN,0,4,3,1,0,0,R
573124,Taylor Rogers,2026-08-04,824084,MIN,0,4,3,2,0,0,L
669713,Hayden Wesneski,2026-08-04,824161,HOU,1,23,21,4,0,4,R
656986,Bennett Sousa,2026-08-04,824161,HOU,0,3,3,0,0,1,L
660853,Enyel De Los Santos,2026-08-04,824161,HOU,0,7,7,1,0,1,R
702056,Trey Yesavage,2026-08-04,824161,TOR,1,7,6,0,0,0,R
689149,Chad Dallas,2026-08-04,824161,TOR,0,20,16,7,1,3,R
680755,Braydon Fisher,2026-08-04,824161,TOR,0,3,3,0,0,1,R
663893,Brendon Little,2026-08-04,824161,TOR,0,4,3,2,0,0,L
689254,Mason Fluharty,2026-08-04,824161,TOR,0,4,3,0,0,0,L
687312,Gabriel Hughes,2026-08-04,824321,COL,1,22,20,4,1,7,R
657514,Brennan Bernardino,2026-08-04,824321,COL,0,3,3,1,0,0,L
656786,Parker Mushinski,2026-08-04,824321,COL,0,4,3,1,0,0,L
675848,Juan Mejia,2026-08-04,824321,COL,0,5,5,2,0,0,R
605447,Jordan Romano,2026-08-04,824321,COL,0,7,5,2,0,2,R
623474,Jimmy Herget,2026-08-04,824321,COL,0,3,3,0,0,2,R
693308,Nick Frasso,2026-08-04,824321,COL,0,5,4,2,0,0,R
642547,Freddy Peralta,2026-08-04,824321,TB,1,19,18,9,2,3,R
592155,Cam Booser,2026-08-04,824321,TB,0,4,4,0,0,1,L
668984,Casey Legumina,2026-08-04,824321,TB,0,6,6,0,0,1,R
571927,Steven Matz,2026-08-04,824321,TB,0,5,5,1,0,1,L
687330,Kevin Kelly,2026-08-04,824321,TB,0,5,3,1,0,0,R
664076,Garrett Cleavinger,2026-08-04,824321,TB,0,2,2,0,0,0,L
641329,Bryan Baker,2026-08-04,824321,TB,0,3,3,0,0,2,R
676282,Joey Cantillo,2026-08-04,824403,CLE,1,24,22,7,2,5,L
677944,Slade Cecconi,2026-08-04,824403,CLE,0,10,10,2,1,4,R
682120,Tim Herrin,2026-08-04,824403,CLE,0,4,3,0,0,0,L
640455,Sean Manaea,2026-08-04,824403,NYM,1,28,22,7,0,7,L
650960,Daniel Duarte,2026-08-04,824403,NYM,0,4,3,0,0,0,R
681320,Nate Lavender,2026-08-04,824403,NYM,0,4,3,0,0,1,L
673540,Kodai Senga,2026-08-04,824403,NYM,0,4,3,0,0,0,R
663903,Brady Singer,2026-08-04,824484,CIN,1,24,21,5,0,6,R
594580,Sam Moll,2026-08-04,824484,CIN,0,5,5,1,0,0,L
670062,Julian Garcia,2026-08-04,824484,CIN,0,3,3,0,0,2,R
641941,Emilio Pagán,2026-08-04,824484,CIN,0,5,5,2,0,1,R
669372,J.T. Ginn,2026-08-04,824484,ATH,1,24,21,5,0,5,R
669620,Brady Basso,2026-08-04,824484,ATH,0,3,3,0,0,0,L
663687,Hogan Harris,2026-08-04,824484,ATH,0,5,2,0,0,1,L
665660,Elvis Alvarado,2026-08-04,824484,ATH,0,1,1,0,0,1,R
665871,Javier Assad,2026-08-04,824645,CHC,1,21,19,4,1,3,R
669020,Ryan Rolison,2026-08-04,824645,CHC,0,3,3,0,0,1,L
621053,Tyler Ferguson,2026-08-04,824645,CHC,0,1,1,0,0,0,R
666171,Ryan Zeferjahn,2026-08-04,824645,CHC,0,3,3,0,0,0,R
657097,Jacob Webb,2026-08-04,824645,CHC,0,3,3,0,0,0,R
669373,Tarik Skubal,2026-08-04,824645,LAD,1,24,22,4,1,6,L
681911,Alex Vesia,2026-08-04,824645,LAD,0,4,4,2,0,0,L
623465,Evan Phillips,2026-08-04,824645,LAD,0,2,2,1,0,0,R
621242,Edwin Díaz,2026-08-04,824645,LAD,0,5,4,2,1,1,R
676263,Jack Dreyer,2026-08-04,824645,LAD,0,1,1,0,0,1,L
663776,Patrick Sandoval,2026-08-04,824731,BOS,1,23,18,6,0,5,L
669711,Greg Weissert,2026-08-04,824731,BOS,0,3,2,0,0,0,R
669062,Erik Miller,2026-08-04,824731,BOS,0,1,1,0,0,1,L
678394,Brayan Bello,2026-08-04,824731,BOS,0,9,9,0,0,2,R
663436,Davis Martin,2026-08-04,824731,CWS,1,25,22,10,3,1,R
607200,Erick Fedde,2026-08-04,824731,CWS,0,15,14,5,1,1,R
700249,Cade Povich,2026-08-04,824805,BAL,1,23,22,7,0,7,L
670329,Rico Garcia,2026-08-04,824805,BAL,0,5,4,1,0,1,R
552640,Andrew Kittredge,2026-08-04,824805,BAL,0,5,5,1,0,1,R
666974,Yennier Cano,2026-08-04,824805,BAL,0,4,4,1,0,2,R
680570,Grayson Rodriguez,2026-08-04,824805,LAA,1,26,24,3,0,6,R
815083,Mitch Farris,2026-08-04,824805,LAA,0,5,4,1,1,1,L
656550,Grant Holmes,2026-08-04,824888,ATL,1,23,22,5,0,5,R
689266,Dylan Dodd,2026-08-04,824888,ATL,0,2,2,0,0,0,L
669276,Dylan Lee,2026-08-04,824888,ATL,0,4,3,0,0,2,L
628452,Raisel Iglesias,2026-08-04,824888,ATL,0,6,5,3,0,0,R
687473,Ryan Gusto,2026-08-04,824888,MIA,1,23,23,5,1,5,R
667463,John King,2026-08-04,824888,MIA,0,5,5,1,1,0,L
680767,Victor Vodnik,2026-08-04,824888,MIA,0,6,4,1,0,1,R
593958,Eduardo Rodriguez,2026-08-04,825054,AZ,1,29,29,11,0,4,L
657044,Ryan Thompson,2026-08-04,825054,AZ,0,5,4,3,0,0,R
623149,Paul Sewald,2026-08-04,825054,AZ,0,4,3,0,0,1,R
672629,Gerardo Carrillo,2026-08-04,825054,AZ,0,3,3,0,0,1,R
642528,Jonathan Loáisiga,2026-08-04,825054,AZ,0,5,4,2,0,0,R
681190,Randy Vásquez,2026-08-04,825054,SD,1,20,19,2,0,1,R
608566,Germán Márquez,2026-08-04,825054,SD,0,8,7,4,2,1,R
699134,Bradgley Rodriguez,2026-08-04,825054,SD,0,3,3,0,0,1,R
656288,Griffin Canning,2026-08-04,825054,SD,0,3,3,0,0,0,R
674003,Cody Bradford,2026-08-05,822866,TEX,1,20,18,5,0,5,L
641302,Tyler Alexander,2026-08-05,822866,TEX,0,5,5,0,0,3,L
695239,Robby Ahlstrom,2026-08-05,822866,TEX,0,4,4,1,0,1,L
681217,Chase Silseth,2026-08-05,822866,TEX,0,5,4,1,0,1,R
668390,Cole Winn,2026-08-05,822866,TEX,0,4,4,1,0,0,R
687931,Carson Whisenhunt,2026-08-05,822866,SF,1,18,15,5,0,4,L
693313,Carson Seymour,2026-08-05,822866,SF,0,9,8,2,1,2,R
671345,Jason Foley,2026-08-05,822866,SF,0,3,3,0,0,1,R
663941,Tristan Beck,2026-08-05,822866,SF,0,6,5,2,0,1,R
693433,Bryan Woo,2026-08-05,823106,SEA,1,26,22,3,0,5,R
642100,Gabe Speier,2026-08-05,823106,SEA,0,3,2,0,0,1,L
660825,Eduard Bazardo,2026-08-05,823106,SEA,0,2,2,1,1,1,R
662253,Andrés Muñoz,2026-08-05,823106,SEA,0,3,3,0,0,2,R
623454,Drew Anderson,2026-08-05,823106,DET,1,13,12,3,0,0,R
663947,Tyler Holton,2026-08-05,823106,DET,0,6,6,0,0,1,L
669724,Brenan Hanifee,2026-08-05,823106,DET,0,3,2,2,1,0,R
805427,Drew Sommers,2026-08-05,823106,DET,0,1,1,0,0,1,L
646241,Enmanuel De Jesus,2026-08-05,823106,DET,0,8,7,2,1,1,L
691725,Andrew Painter,2026-08-05,823429,PHI,1,17,15,3,0,4,R
641835,Tim Mayza,2026-08-05,823429,PHI,0,3,2,0,0,0,L
689147,Orion Kerkering,2026-08-05,823429,PHI,0,3,3,0,0,0,R
548384,Brooks Raley,2026-08-05,823429,PHI,0,6,6,3,1,2,L
680742,Jonathan Bowlan,2026-08-05,823429,PHI,0,4,3,0,0,2,R
661395,Jhoan Duran,2026-08-05,823429,PHI,0,5,5,2,0,1,R
621237,José Alvarado,2026-08-05,823429,PHI,0,6,3,0,0,1,L
668873,Caleb Kilian,2026-08-05,823429,PHI,0,5,2,1,0,1,R
663767,Chase Shugart,2026-08-05,823429,PHI,0,4,3,1,0,0,R
663623,Jake Irvin,2026-08-05,823429,WSH,1,20,17,3,1,3,R
702021,Will Dion,2026-08-05,823429,WSH,0,2,1,0,0,0,L
672442,Yovanny Cruz,2026-08-05,823429,WSH,0,4,3,2,0,1,R
676680,Tom Cosgrove,2026-08-05,823429,WSH,0,5,4,0,0,0,L
687377,Orlando Ribalta,2026-08-05,823429,WSH,0,5,4,0,0,0,R
690925,Clayton Beeter,2026-08-05,823429,WSH,0,3,1,0,0,1,R
695418,Brad Lord,2026-08-05,823429,WSH,0,3,3,0,0,0,R
701542,Will Warren,2026-08-05,823516,NYY,1,23,22,7,0,5,R
665645,Kervin Castro,2026-08-05,823516,NYY,0,4,3,0,0,1,R
657612,Tim Hill,2026-08-05,823516,NYY,0,3,3,0,0,0,L
621112,Paul Blackburn,2026-08-05,823516,NYY,0,8,7,2,0,2,R
669467,Andre Pallante,2026-08-05,823516,STL,1,21,18,3,0,4,R
666277,George Soriano,2026-08-05,823516,STL,0,5,3,0,0,3,R
677865,Justin Bruihl,2026-08-05,823516,STL,0,4,3,1,0,0,L
592773,Ryne Stanek,2026-08-05,823516,STL,0,5,3,0,0,2,R
676617,Riley O'Brien,2026-08-05,823516,STL,0,4,3,0,0,1,R
690986,Kyle Harrison,2026-08-05,823753,MIL,1,16,15,1,0,10,L
694477,Chad Patrick,2026-08-05,823753,MIL,0,4,3,0,0,2,R
669084,DL Hall,2026-08-05,823753,MIL,0,4,3,2,1,0,L
622608,Antonio Senzatela,2026-08-05,823753,MIL,0,1,1,0,0,1,R
682842,Abner Uribe,2026-08-05,823753,MIL,0,3,3,0,0,0,R
656730,Trevor Megill,2026-08-05,823753,MIL,0,3,3,0,0,1,R
694973,Paul Skenes,2026-08-05,823753,PIT,1,20,16,2,0,6,R
669199,Lake Bachar,2026-08-05,823753,PIT,0,9,8,2,1,2,R
681895,Evan Sisk,2026-08-05,823753,PIT,0,4,3,0,0,2,L
702070,Noah Cameron,2026-08-05,824082,KC,1,28,26,3,0,9,L
674444,Steven Cruz,2026-08-05,824082,KC,0,3,3,0,0,1,R
665152,Dean Kremer,2026-08-05,824082,MIN,1,19,16,3,0,2,R
667297,Tommy Nance,2026-08-05,824082,MIN,0,3,3,1,0,0,R
621345,A.J. Minter,2026-08-05,824082,MIN,0,4,4,1,1,0,L
656546,Jeff Hoffman,2026-08-05,824082,MIN,0,3,3,0,0,2,R
686613,Hunter Brown,2026-08-05,824158,HOU,1,23,21,3,1,8,R
595345,Steven Okert,2026-08-05,824158,HOU,0,4,3,0,0,1,L
650556,Bryan Abreu,2026-08-05,824158,HOU,0,3,3,0,0,2,R
623352,Josh Hader,2026-08-05,824158,HOU,0,3,3,0,0,1,L
656986,Bennett Sousa,2026-08-05,824158,HOU,0,5,5,2,1,1,L
592791,Jameson Taillon,2026-08-05,824158,TOR,1,20,18,6,1,4,R
693686,Spencer Miles,2026-08-05,824158,TOR,0,8,8,2,0,2,R
689254,Mason Fluharty,2026-08-05,824158,TOR,0,3,3,0,0,2,L
643511,Tyler Rogers,2026-08-05,824158,TOR,0,3,3,1,0,0,R
686973,Louis Varland,2026-08-05,824158,TOR,0,3,3,0,0,1,R
695445,Chase Lee,2026-08-05,824158,TOR,0,3,3,1,0,0,R
608372,Tomoyuki Sugano,2026-08-05,824322,COL,1,22,19,5,1,3,R
656786,Parker Mushinski,2026-08-05,824322,COL,0,3,3,0,0,0,L
675848,Juan Mejia,2026-08-05,824322,COL,0,4,1,0,0,0,R
688642,Zach Agnos,2026-08-05,824322,COL,0,6,6,0,0,2,R
607259,Nick Martinez,2026-08-05,824322,TB,1,22,22,6,0,4,R
669330,Tyler Wells,2026-08-05,824322,TB,0,5,4,0,0,4,R
664076,Garrett Cleavinger,2026-08-05,824322,TB,0,4,3,0,0,1,L
592155,Cam Booser,2026-08-05,824322,TB,0,3,3,0,0,1,L
676440,Tanner Bibee,2026-08-05,824402,CLE,1,22,22,4,3,10,R
681870,Erik Sabrowski,2026-08-05,824402,CLE,0,2,2,1,0,1,L
684974,Craig Yoho,2026-08-05,824402,CLE,0,3,3,0,0,0,R
683769,Hunter Gaddis,2026-08-05,824402,CLE,0,4,4,1,0,1,R
671922,Cade Smith,2026-08-05,824402,CLE,0,7,5,1,0,2,R
670036,Matt Festa,2026-08-05,824402,CLE,0,3,3,1,0,2,R
681035,Christian Scott,2026-08-05,824402,NYM,1,24,21,6,0,7,R
642376,Jefry Yan,2026-08-05,824402,NYM,0,6,5,2,0,2,L
673380,Dedniel Núñez,2026-08-05,824402,NYM,0,7,7,3,0,2,R
694646,Chayce McDermott,2026-08-05,824402,NYM,0,8,6,0,0,2,R
650960,Daniel Duarte,2026-08-05,824402,NYM,0,4,3,0,0,0,R
695076,Rhett Lowder,2026-08-05,824482,CIN,1,24,22,4,1,3,R
656271,Brock Burke,2026-08-05,824482,CIN,0,4,4,0,0,3,L
622088,Tejay Antone,2026-08-05,824482,CIN,0,2,2,0,0,0,R
641941,Emilio Pagán,2026-08-05,824482,CIN,0,3,3,0,0,1,R
682052,Jacob Lopez,2026-08-05,824482,ATH,1,19,18,4,1,9,L
696522,Hayden Juenger,2026-08-05,824482,ATH,0,4,3,2,0,1,R
660761,José Suarez,2026-08-05,824482,ATH,0,1,1,0,0,0,L
656240,Scott Blewett,2026-08-05,824482,ATH,0,6,6,0,0,1,R
684007,Shota Imanaga,2026-08-05,824646,CHC,1,23,23,8,1,6,L
621053,Tyler Ferguson,2026-08-05,824646,CHC,0,7,7,1,0,3,R
573204,Caleb Thielbar,2026-08-05,824646,CHC,0,5,5,4,1,0,L
666171,Ryan Zeferjahn,2026-08-05,824646,CHC,0,4,3,1,1,2,R
657097,Jacob Webb,2026-08-05,824646,CHC,0,3,3,0,0,0,R
641778,Eric Lauer,2026-08-05,824646,LAD,1,23,23,11,2,1,L
683618,Edgardo Henriquez,2026-08-05,824646,LAD,0,5,4,1,0,3,R
669165,Kyle Hurt,2026-08-05,824646,LAD,0,7,7,2,0,2,R
642546,Jonathan Hernández,2026-08-05,824646,LAD,0,2,2,0,0,0,R
623465,Evan Phillips,2026-08-05,824646,LAD,0,3,3,1,0,0,R
676263,Jack Dreyer,2026-08-05,824646,LAD,0,1,1,0,0,0,L
543243,Sonny Gray,2026-08-05,824728,BOS,1,23,20,3,0,8,R
594027,Tyron Guerrero,2026-08-05,824728,BOS,0,3,3,0,0,1,R
676477,Garrett Whitlock,2026-08-05,824728,BOS,0,4,4,1,0,2,R
663558,Jovani Morán,2026-08-05,824728,BOS,0,4,3,0,0,3,L
680732,Sean Burke,2026-08-05,824728,CWS,1,20,18,5,1,4,R
656794,Sean Newcomb,2026-08-05,824728,CWS,0,5,5,1,0,1,L
623211,Huascar Brazobán,2026-08-05,824728,CWS,0,4,2,0,0,1,R
669684,Chris Murphy,2026-08-05,824728,CWS,0,4,3,1,0,2,L
669432,Trevor Rogers,2026-08-05,824806,BAL,1,21,21,3,1,9,L
695380,Alex Hoppe,2026-08-05,824806,BAL,0,3,3,1,0,0,R
670329,Rico Garcia,2026-08-05,824806,BAL,0,1,1,0,0,0,R
666974,Yennier Cano,2026-08-05,824806,BAL,0,3,3,0,0,2,R
552640,Andrew Kittredge,2026-08-05,824806,BAL,0,3,3,0,0,0,R
672282,Reid Detmers,2026-08-05,824806,LAA,1,17,16,4,2,5,L
641312,Shaun Anderson,2026-08-05,824806,LAA,0,7,7,1,0,3,R
690829,Ben Joyce,2026-08-05,824806,LAA,0,3,2,0,0,1,R
820862,José Fermin,2026-08-05,824806,LAA,0,5,4,1,1,3,R
693821,Bryce Elder,2026-08-05,824889,ATL,1,25,23,1,0,3,R
689266,Dylan Dodd,2026-08-05,824889,ATL,0,4,4,2,0,1,L
800311,Didier Fuentes,2026-08-05,824889,ATL,0,4,4,0,0,2,R
691587,Eury Pérez,2026-08-05,824889,MIA,1,24,22,7,0,9,R
676534,Calvin Faucher,2026-08-05,824889,MIA,0,5,5,2,0,3,R
806188,Cade Gibson,2026-08-05,824889,MIA,0,3,3,0,0,0,L
694795,Josh Ekness,2026-08-05,824889,MIA,0,4,4,1,0,0,R
683352,Mitch Bratt,2026-08-05,825052,AZ,1,24,21,1,0,9,L
664199,Taylor Clarke,2026-08-05,825052,AZ,0,3,3,0,0,1,R
656464,Kevin Ginkel,2026-08-05,825052,AZ,0,7,5,2,1,0,R
623149,Paul Sewald,2026-08-05,825052,AZ,0,1,1,0,0,0,R
663554,Casey Mize,2026-08-05,825052,SD,1,22,18,9,1,1,R
606996,Kyle Hart,2026-08-05,825052,SD,0,11,9,2,0,3,L
593974,Wandy Peralta,2026-08-05,825052,SD,0,4,4,1,0,1,L
656288,Griffin Canning,2026-08-05,825052,SD,0,6,6,3,0,2,R
682243,Bryce Miller,2026-08-06,823105,SEA,1,22,20,5,1,5,R
621074,Michael Rucker,2026-08-06,823105,SEA,0,3,3,0,0,2,R
677961,Cole Wilcox,2026-08-06,823105,SEA,0,6,5,3,1,1,R
681006,Josh Simpson,2026-08-06,823105,SEA,0,8,7,3,0,3,L
645302,Victor Robles,2026-08-06,823105,SEA,0,9,8,5,0,0,R
664285,Framber Valdez,2026-08-06,823105,DET,1,25,23,5,0,5,L
640448,Kyle Finnegan,2026-08-06,823105,DET,0,3,3,1,0,0,R
669724,Brenan Hanifee,2026-08-06,823105,DET,0,4,4,1,0,2,R
650911,Cristopher Sánchez,2026-08-06,823430,PHI,1,23,20,6,1,6,L
689147,Orion Kerkering,2026-08-06,823430,PHI,0,6,5,2,0,3,R
621237,José Alvarado,2026-08-06,823430,PHI,0,3,3,0,0,1,L
680742,Jonathan Bowlan,2026-08-06,823430,PHI,0,3,3,0,0,1,R
661395,Jhoan Duran,2026-08-06,823430,PHI,0,3,3,0,0,1,R
571945,Miles Mikolas,2026-08-06,823430,WSH,1,25,24,12,0,1,R
668820,Max Kranick,2026-08-06,823430,WSH,0,9,8,4,0,0,R
592866,Trevor Williams,2026-08-06,823430,WSH,0,4,3,0,0,2,R
669160,Dustin May,2026-08-06,823754,MIL,1,23,19,3,1,5,R
669084,DL Hall,2026-08-06,823754,MIL,0,3,3,1,0,0,L
676879,Aaron Ashby,2026-08-06,823754,MIL,0,4,4,1,0,3,L
694477,Chad Patrick,2026-08-06,823754,MIL,0,4,3,1,0,1,R
677952,Braxton Ashcraft,2026-08-06,823754,PIT,1,20,18,4,2,5,R
642397,Gregory Soto,2026-08-06,823754,PIT,0,6,6,3,0,3,L
666808,Camilo Doval,2026-08-06,823754,PIT,0,3,2,0,0,0,R
489446,Kirby Yates,2026-08-06,823754,PIT,0,3,3,0,0,2,R
608379,Michael Wacha,2026-08-06,824080,KC,1,22,19,3,1,1,R
621016,Jose Cuas,2026-08-06,824080,KC,0,1,1,0,0,0,R
656638,Alex Lange,2026-08-06,824080,KC,0,4,3,0,0,1,R
607481,Aaron Bummer,2026-08-06,824080,KC,0,4,3,2,0,0,L
663878,Nate Pearson,2026-08-06,824080,KC,0,5,3,1,0,1,R
668834,Easton McGee,2026-08-06,824080,KC,0,5,4,1,0,1,R
641927,Bailey Ober,2026-08-06,824080,MIN,1,23,23,6,0,0,R
681892,Kody Funderburk,2026-08-06,824080,MIN,0,4,4,1,0,1,L
702193,Andrew Morris,2026-08-06,824080,MIN,0,3,3,0,0,1,R
672782,Yoendrys Gómez,2026-08-06,824080,MIN,0,3,2,0,0,2,R
656492,Foster Griffin,2026-08-06,824401,CLE,1,21,18,7,2,6,L
670036,Matt Festa,2026-08-06,824401,CLE,0,6,5,2,0,0,R
670059,Colin Holderman,2026-08-06,824401,CLE,0,5,5,2,0,1,R
684974,Craig Yoho,2026-08-06,824401,CLE,0,6,5,3,1,1,R
677944,Slade Cecconi,2026-08-06,824401,CLE,0,5,3,3,0,0,R
682120,Tim Herrin,2026-08-06,824401,CLE,0,4,3,1,0,2,L
595978,Austin Hedges,2026-08-06,824401,CLE,0,4,4,0,0,1,R
690997,Nolan McLean,2026-08-06,824401,NYM,1,26,23,8,1,8,R
681320,Nate Lavender,2026-08-06,824401,NYM,0,3,3,0,0,2,L
673540,Kodai Senga,2026-08-06,824401,NYM,0,3,3,0,0,2,R
675540,Xzavion Curry,2026-08-06,824401,NYM,0,9,8,2,0,0,R
671096,Andrew Abbott,2026-08-06,824481,CIN,1,27,25,7,0,4,L
572955,Pierce Johnson,2026-08-06,824481,CIN,0,3,3,0,0,1,R
594580,Sam Moll,2026-08-06,824481,CIN,0,1,1,0,0,0,L
656271,Brock Burke,2026-08-06,824481,CIN,0,5,5,2,1,1,L
686930,Mason Barnett,2026-08-06,824481,ATH,1,21,17,5,3,7,R
665660,Elvis Alvarado,2026-08-06,824481,ATH,0,4,2,0,0,2,R
669620,Brady Basso,2026-08-06,824481,ATH,0,3,3,0,0,0,L
686751,Seth Johnson,2026-08-06,824481,ATH,0,9,9,3,1,4,R
656849,David Peterson,2026-08-06,824664,CHC,1,23,20,7,0,3,L
669020,Ryan Rolison,2026-08-06,824664,CHC,0,3,3,0,0,0,L
650644,Aaron Civale,2026-08-06,824664,CHC,0,13,12,4,0,3,R
573204,Caleb Thielbar,2026-08-06,824664,CHC,0,3,3,0,0,0,L
663423,Trent Thornton,2026-08-06,824664,CHC,0,4,3,0,0,1,R
656302,Dylan Cease,2026-08-06,824664,TOR,1,24,23,2,0,10,R
680755,Braydon Fisher,2026-08-06,824664,TOR,0,3,3,0,0,1,R
686973,Louis Varland,2026-08-06,824664,TOR,0,5,5,2,1,0,R
695445,Chase Lee,2026-08-06,824664,TOR,0,4,3,0,0,1,R
663893,Brendon Little,2026-08-06,824664,TOR,0,2,1,1,0,0,L
624133,Ranger Suarez,2026-08-06,824729,BOS,1,15,12,3,1,3,L
669711,Greg Weissert,2026-08-06,824729,BOS,0,6,5,2,0,3,R
686580,Justin Slaten,2026-08-06,824729,BOS,0,6,6,3,0,2,R
594027,Tyron Guerrero,2026-08-06,824729,BOS,0,3,3,0,0,1,R
669062,Erik Miller,2026-08-06,824729,BOS,0,9,7,1,0,3,L
663558,Jovani Morán,2026-08-06,824729,BOS,0,5,3,0,0,0,L
547973,Aroldis Chapman,2026-08-06,824729,BOS,0,4,4,1,1,0,L
676477,Garrett Whitlock,2026-08-06,824729,BOS,0,3,2,0,0,1,R
678394,Brayan Bello,2026-08-06,824729,BOS,0,9,8,3,0,1,R
622491,Luis Castillo,2026-08-06,824729,CWS,1,18,17,6,1,5,R
663542,Bryan Hudson,2026-08-06,824729,CWS,0,3,3,1,0,2,L
663855,Jordan Hicks,2026-08-06,824729,CWS,0,4,4,2,0,1,R
691799,Grant Taylor,2026-08-06,824729,CWS,0,10,8,1,0,2,R
623211,Huascar Brazobán,2026-08-06,824729,CWS,0,4,3,2,0,1,R
670950,Trevor Richards,2026-08-06,824729,CWS,0,12,6,3,0,0,R
669684,Chris Murphy,2026-08-06,824729,CWS,0,4,3,0,0,0,L
607200,Erick Fedde,2026-08-06,824729,CWS,0,3,2,1,0,0,R
687064,Brandon Young,2026-08-06,824804,BAL,1,20,18,6,1,4,R
677020,Josh Walker,2026-08-06,824804,BAL,0,7,6,1,0,1,L
682274,Yaramil Hiraldo,2026-08-06,824804,BAL,0,5,3,1,0,2,R
544150,Albert Suárez,2026-08-06,824804,BAL,0,8,7,1,0,0,R
696270,Ryan Johnson,2026-08-06,824804,LAA,1,20,14,3,1,1,R
815083,Mitch Farris,2026-08-06,824804,LAA,0,4,3,0,0,2,L
684665,Luke Murphy,2026-08-06,824804,LAA,0,5,4,0,0,3,R
642048,Tayler Saucedo,2026-08-06,824804,LAA,0,3,2,0,0,1,L
696519,Samy Natera Jr.,2026-08-06,824804,LAA,0,4,4,1,0,2,L
527048,Martín Pérez,2026-08-06,824885,ATL,1,9,8,0,0,3,L
641755,Tyler Kinley,2026-08-06,824885,ATL,0,4,4,1,0,0,R
682989,Victor Mederos,2026-08-06,824885,ATL,0,7,6,0,0,3,R
664849,Danny Young,2026-08-06,824885,ATL,0,7,5,3,0,1,L
669276,Dylan Lee,2026-08-06,824885,ATL,0,1,1,0,0,0,L
608718,Brent Suter,2026-08-06,824885,ATL,0,10,9,4,0,1,L
676083,Janson Junk,2026-08-06,824885,MIA,1,13,12,5,1,1,R
676604,Tyler Zuber,2026-08-06,824885,MIA,0,4,3,0,0,2,R
667463,John King,2026-08-06,824885,MIA,0,8,7,4,1,0,L
680767,Victor Vodnik,2026-08-06,824885,MIA,0,10,8,2,0,1,R
806188,Cade Gibson,2026-08-06,824885,MIA,0,5,5,2,1,0,L
691594,Javier Sanoja,2026-08-06,824885,MIA,0,2,2,1,0,0,R
684442,Kohl Drake,2026-08-06,825053,AZ,1,18,15,6,0,1,L
642528,Jonathan Loáisiga,2026-08-06,825053,AZ,0,4,4,0,0,2,R
691769,Philip Abner,2026-08-06,825053,AZ,0,15,13,4,0,1,L
666661,Juan Morillo,2026-08-06,825053,AZ,0,4,4,2,0,0,R
621111,Walker Buehler,2026-08-06,825053,SD,1,18,17,6,0,3,R
699134,Bradgley Rodriguez,2026-08-06,825053,SD,0,6,6,0,0,1,R
669093,Jeremiah Estrada,2026-08-06,825053,SD,0,3,3,0,0,1,R
670970,Adrian Morejon,2026-08-06,825053,SD,0,4,4,1,0,3,L
695243,Mason Miller,2026-08-06,825053,SD,0,4,4,1,0,2,R
676917,Cade Cavalli,2026-08-07,822699,WSH,1,26,24,7,3,8,R
672442,Yovanny Cruz,2026-08-07,822699,WSH,0,3,2,0,0,1,R
687377,Orlando Ribalta,2026-08-07,822699,WSH,0,3,3,0,0,0,R
690925,Clayton Beeter,2026-08-07,822699,WSH,0,3,3,0,0,1,R
695534,Chase Petty,2026-08-07,822699,CIN,1,9,8,2,1,1,R
670062,Julian Garcia,2026-08-07,822699,CIN,0,8,8,2,1,3,R
682825,Luis Mey,2026-08-07,822699,CIN,0,9,9,2,0,4,R
685112,Zach McCambley,2026-08-07,822699,CIN,0,6,5,1,0,2,R
543135,Nathan Eovaldi,2026-08-07,822863,TEX,1,22,20,4,0,2,R
641302,Tyler Alexander,2026-08-07,822863,TEX,0,3,3,1,0,1,L
695239,Robby Ahlstrom,2026-08-07,822863,TEX,0,3,3,0,0,0,L
656641,Jacob Latz,2026-08-07,822863,TEX,0,8,7,2,0,3,L
669358,Shane Baz,2026-08-07,822863,BAL,1,28,25,3,1,9,R
681517,Kyle Leahy,2026-08-07,823024,STL,1,22,22,8,0,8,R
677865,Justin Bruihl,2026-08-07,823024,STL,0,3,3,0,0,0,L
657571,Caleb Ferguson,2026-08-07,823024,STL,0,5,5,1,0,2,L
592773,Ryne Stanek,2026-08-07,823024,STL,0,3,3,1,0,0,R
676617,Riley O'Brien,2026-08-07,823024,STL,0,3,2,0,0,0,R
663372,Ryan Feltner,2026-08-07,823024,COL,1,24,19,4,1,2,R
657514,Brennan Bernardino,2026-08-07,823024,COL,0,4,2,0,0,1,L
623474,Jimmy Herget,2026-08-07,823024,COL,0,3,3,0,0,2,R
693308,Nick Frasso,2026-08-07,823024,COL,0,3,3,0,0,2,R
669302,Logan Gilbert,2026-08-07,823103,SEA,1,27,22,4,2,6,R
660825,Eduard Bazardo,2026-08-07,823103,SEA,0,1,1,0,0,0,R
678606,José A. Ferrer,2026-08-07,823103,SEA,0,4,3,1,0,0,L
622554,Seranthony Domínguez,2026-08-07,823103,SEA,0,5,4,1,0,2,R
656876,Drew Rasmussen,2026-08-07,823103,TB,1,24,22,2,0,8,R
664076,Garrett Cleavinger,2026-08-07,823103,TB,0,3,2,1,0,0,L
687330,Kevin Kelly,2026-08-07,823103,TB,0,2,2,0,0,1,R
641329,Bryan Baker,2026-08-07,823103,TB,0,4,4,1,1,3,R
664141,JT Brubaker,2026-08-07,823191,SF,1,5,5,2,0,1,R
605288,Adrian Houser,2026-08-07,823191,SF,0,22,21,6,0,4,R
676775,Keaton Winn,2026-08-07,823191,SF,0,3,2,1,0,0,R
656529,Sam Hentges,2026-08-07,823191,SF,0,7,6,2,0,2,L
681916,Dylan Smith,2026-08-07,823191,SF,0,4,3,0,0,0,R
672456,Keider Montero,2026-08-07,823191,DET,1,27,23,5,2,5,R
805427,Drew Sommers,2026-08-07,823191,DET,0,3,3,0,0,2,L
646241,Enmanuel De Jesus,2026-08-07,823191,DET,0,3,3,0,0,1,L
592662,Robbie Ray,2026-08-07,823266,SD,1,25,20,7,1,2,L
673513,Yuki Matsui,2026-08-07,823266,SD,0,8,7,1,1,0,L
593974,Wandy Peralta,2026-08-07,823266,SD,0,8,8,3,0,1,L
669854,Ronel Blanco,2026-08-07,823266,HOU,1,19,15,4,1,1,R
656986,Bennett Sousa,2026-08-07,823266,HOU,0,1,1,0,0,0,L
805123,AJ Blubaugh,2026-08-07,823266,HOU,0,4,3,1,0,2,R
595345,Steven Okert,2026-08-07,823266,HOU,0,5,5,2,0,1,L
650556,Bryan Abreu,2026-08-07,823266,HOU,0,5,4,0,0,2,R
623352,Josh Hader,2026-08-07,823266,HOU,0,3,3,0,0,1,L
669387,Carmen Mlodzinski,2026-08-07,823349,PIT,1,16,15,7,1,1,R
681895,Evan Sisk,2026-08-07,823349,PIT,0,7,6,1,0,2,L
670990,Yohan Ramírez,2026-08-07,823349,PIT,0,11,10,1,0,4,R
596133,Luke Weaver,2026-08-07,823349,PIT,0,5,4,1,0,0,R
804267,Zac Thornton,2026-08-07,823349,NYM,1,19,17,4,0,3,L
673380,Dedniel Núñez,2026-08-07,823349,NYM,0,6,6,3,0,0,R
642376,Jefry Yan,2026-08-07,823349,NYM,0,4,2,1,0,0,L
650960,Daniel Duarte,2026-08-07,823349,NYM,0,4,4,1,0,1,R
642207,Devin Williams,2026-08-07,823349,NYM,0,6,5,3,0,0,R
554430,Zack Wheeler,2026-08-07,823428,PHI,1,28,22,7,1,6,R
641835,Tim Mayza,2026-08-07,823428,PHI,0,5,4,0,0,0,L
668873,Caleb Kilian,2026-08-07,823428,PHI,0,4,4,1,1,0,R
663767,Chase Shugart,2026-08-07,823428,PHI,0,4,4,1,0,1,R
667755,José Soriano,2026-08-07,823428,TOR,1,20,17,4,0,3,R
689254,Mason Fluharty,2026-08-07,823428,TOR,0,1,1,0,0,1,L
681751,Lazaro Estrada,2026-08-07,823428,TOR,0,6,4,0,0,1,R
663893,Brendon Little,2026-08-07,823428,TOR,0,4,2,0,0,0,L
663362,Matt Waldron,2026-08-07,823428,TOR,0,3,3,0,0,1,R
643511,Tyler Rogers,2026-08-07,823428,TOR,0,8,4,1,0,0,R
608331,Max Fried,2026-08-07,823515,NYY,1,22,20,3,0,7,L
518585,Fernando Cruz,2026-08-07,823515,NYY,0,4,4,1,1,2,R
687396,Brent Headrick,2026-08-07,823515,NYY,0,4,4,2,0,2,L
657612,Tim Hill,2026-08-07,823515,NYY,0,3,3,1,1,0,L
660787,Yerry De los Santos,2026-08-07,823515,NYY,0,1,1,0,0,0,R
670280,David Bednar,2026-08-07,823515,NYY,0,3,3,0,0,0,R
641816,Tyler Mahle,2026-08-07,823515,ATL,1,23,21,3,0,9,R
800311,Didier Fuentes,2026-08-07,823515,ATL,0,4,4,1,0,1,R
669276,Dylan Lee,2026-08-07,823515,ATL,0,5,3,0,0,2,L
628452,Raisel Iglesias,2026-08-07,823515,ATL,0,7,5,3,0,2,R
689266,Dylan Dodd,2026-08-07,823515,ATL,0,1,1,0,0,0,L
641755,Tyler Kinley,2026-08-07,823515,ATL,0,4,1,0,0,1,R
675660,Shane Drohan,2026-08-07,823750,MIL,1,26,22,9,2,4,L
622608,Antonio Senzatela,2026-08-07,823750,MIL,0,6,6,3,0,1,R
669060,Bryse Wilson,2026-08-07,823750,MIL,0,10,10,1,0,2,R
805673,Zebby Matthews,2026-08-07,823750,MIN,1,24,21,7,1,4,R
667297,Tommy Nance,2026-08-07,823750,MIN,0,3,3,1,0,1,R
621345,A.J. Minter,2026-08-07,823750,MIN,0,1,1,0,0,1,L
656546,Jeff Hoffman,2026-08-07,823750,MIN,0,6,3,0,0,2,R
702193,Andrew Morris,2026-08-07,823750,MIN,0,4,3,1,0,0,R
672782,Yoendrys Gómez,2026-08-07,823750,MIN,0,3,3,0,0,1,R
663969,Tyler Phillips,2026-08-07,823836,MIA,1,18,17,5,1,4,R
656848,Michael Petersen,2026-08-07,823836,MIA,0,6,4,0,0,2,R
694795,Josh Ekness,2026-08-07,823836,MIA,0,7,5,1,1,0,R
676534,Calvin Faucher,2026-08-07,823836,MIA,0,3,3,0,0,2,R
667463,John King,2026-08-07,823836,MIA,0,3,3,0,0,1,L
691946,George Klassen,2026-08-07,823836,LAA,1,20,16,4,0,3,R
642048,Tayler Saucedo,2026-08-07,823836,LAA,0,6,6,1,0,2,L
641312,Shaun Anderson,2026-08-07,823836,LAA,0,3,2,1,0,0,R
676620,Blake Weiman,2026-08-07,823836,LAA,0,5,5,2,0,0,L
690829,Ben Joyce,2026-08-07,823836,LAA,0,4,4,1,0,1,R
820862,José Fermin,2026-08-07,823836,LAA,0,5,5,3,0,0,R
663738,Daniel Lynch IV,2026-08-07,824081,KC,1,10,8,3,0,2,L
621016,Jose Cuas,2026-08-07,824081,KC,0,6,6,2,0,1,R
696131,Mason Black,2026-08-07,824081,KC,0,21,18,3,1,2,R
668674,Lucas Erceg,2026-08-07,824081,KC,0,4,3,1,0,0,R
592332,Kevin Gausman,2026-08-07,824081,CHC,1,26,25,4,1,4,R
573204,Caleb Thielbar,2026-08-07,824081,CHC,0,4,4,3,0,1,L
663423,Trent Thornton,2026-08-07,824081,CHC,0,3,2,0,0,0,R
657097,Jacob Webb,2026-08-07,824081,CHC,0,3,3,0,0,2,R
702273,Noah Schultz,2026-08-07,824566,CWS,1,5,4,3,0,1,L
689818,David Sandlin,2026-08-07,824566,CWS,0,26,23,7,2,4,R
670950,Trevor Richards,2026-08-07,824566,CWS,0,7,7,0,0,0,R
607200,Erick Fedde,2026-08-07,824566,CWS,0,3,3,0,0,1,R
800048,Parker Messick,2026-08-07,824566,CLE,1,26,25,4,2,8,L
680916,Franco Aleman,2026-08-07,824566,CLE,0,11,10,4,0,4,R
801139,Payton Tolle,2026-08-07,824727,BOS,1,20,20,2,1,14,L
670103,Raymond Burgos,2026-08-07,824727,BOS,0,9,9,0,0,2,L
678022,Jack Perkins,2026-08-07,824727,ATH,1,17,14,5,1,3,R
696522,Hayden Juenger,2026-08-07,824727,ATH,0,7,7,5,0,0,R
665622,Luis Medina,2026-08-07,824727,ATH,0,4,4,1,0,2,R
656240,Scott Blewett,2026-08-07,824727,ATH,0,11,7,3,0,0,R
660761,José Suarez,2026-08-07,824727,ATH,0,2,2,1,0,0,L
666126,Carlos Cortes,2026-08-07,824727,ATH,0,3,3,0,0,0,S
518876,Merrill Kelly,2026-08-07,825051,AZ,1,21,17,2,0,4,R
666661,Juan Morillo,2026-08-07,825051,AZ,0,1,1,0,0,1,R
664199,Taylor Clarke,2026-08-07,825051,AZ,0,4,4,3,0,0,R
805299,Brandyn Garcia,2026-08-07,825051,AZ,0,6,6,2,1,0,L
656464,Kevin Ginkel,2026-08-07,825051,AZ,0,3,3,0,0,2,R
808963,Roki Sasaki,2026-08-07,825051,LAD,1,23,22,4,1,5,R
683618,Edgardo Henriquez,2026-08-07,825051,LAD,0,4,4,1,0,2,R
656945,Tanner Scott,2026-08-07,825051,LAD,0,6,4,1,0,1,L
621242,Edwin Díaz,2026-08-07,825051,LAD,0,3,2,1,1,1,R
674841,Andrew Alvarez,2026-08-08,822701,WSH,1,20,19,3,0,2,L
668820,Max Kranick,2026-08-08,822701,WSH,0,3,3,1,1,0,R
672442,Yovanny Cruz,2026-08-08,822701,WSH,0,5,4,1,0,1,R
690925,Clayton Beeter,2026-08-08,822701,WSH,0,4,3,0,0,1,R
676680,Tom Cosgrove,2026-08-08,822701,WSH,0,3,3,0,0,2,L
695505,Chase Burns,2026-08-08,822701,CIN,1,25,22,6,0,6,R
594580,Sam Moll,2026-08-08,822701,CIN,0,3,3,2,0,0,L
676760,Ron Marinaccio,2026-08-08,822701,CIN,0,9,7,2,0,1,R
594798,Jacob deGrom,2026-08-08,822864,TEX,1,18,17,3,1,9,R
682608,Peyton Gray,2026-08-08,822864,TEX,0,8,7,2,0,1,R
681217,Chase Silseth,2026-08-08,822864,TEX,0,5,4,1,0,0,R
615698,Cal Quantrill,2026-08-08,822864,TEX,0,3,3,0,0,0,R
680694,Kyle Bradish,2026-08-08,822864,BAL,1,22,21,5,0,4,R
670329,Rico Garcia,2026-08-08,822864,BAL,0,3,3,0,0,2,R
664991,Grant Wolfram,2026-08-08,822864,BAL,0,6,4,1,1,3,L
669461,Matthew Liberatore,2026-08-08,823021,STL,1,24,21,9,1,3,L
703725,Luis Gastelum,2026-08-08,823021,STL,0,8,7,1,1,2,R
657265,Peter Strzelecki,2026-08-08,823021,STL,0,7,6,1,0,0,R
607536,Kyle Freeland,2026-08-08,823021,COL,1,23,19,5,0,3,L
675848,Juan Mejia,2026-08-08,823021,COL,0,3,1,0,0,0,R
623474,Jimmy Herget,2026-08-08,823021,COL,0,4,3,1,0,0,R
656786,Parker Mushinski,2026-08-08,823021,COL,0,6,5,1,0,0,L
657514,Brennan Bernardino,2026-08-08,823021,COL,0,4,4,1,1,1,L
605447,Jordan Romano,2026-08-08,823021,COL,0,5,5,2,0,1,R
669923,George Kirby,2026-08-08,823102,SEA,1,20,18,4,1,2,R
621074,Michael Rucker,2026-08-08,823102,SEA,0,7,6,2,0,1,R
622554,Seranthony Domínguez,2026-08-08,823102,SEA,0,3,3,1,0,1,R
681006,Josh Simpson,2026-08-08,823102,SEA,0,4,4,0,0,1,L
662253,Andrés Muñoz,2026-08-08,823102,SEA,0,3,3,0,0,2,R
668984,Casey Legumina,2026-08-08,823102,TB,1,5,5,1,0,1,R
592155,Cam Booser,2026-08-08,823102,TB,0,5,4,2,1,0,L
669330,Tyler Wells,2026-08-08,823102,TB,0,7,7,1,0,1,R
571927,Steven Matz,2026-08-08,823102,TB,0,6,6,0,0,2,L
664076,Garrett Cleavinger,2026-08-08,823102,TB,0,4,4,2,1,1,L
687330,Kevin Kelly,2026-08-08,823102,TB,0,4,4,1,0,0,R
641329,Bryan Baker,2026-08-08,823102,TB,0,3,3,1,0,0,R
694738,Landen Roupp,2026-08-08,823188,SF,1,23,18,2,0,3,R
676775,Keaton Winn,2026-08-08,823188,SF,0,3,2,0,0,2,R
805345,Trent Harris,2026-08-08,823188,SF,0,4,4,3,0,0,R
665665,Reiver Sanmartin,2026-08-08,823188,SF,0,6,6,4,0,0,L
693313,Carson Seymour,2026-08-08,823188,SF,0,10,7,1,0,0,R
695549,Jackson Jobe,2026-08-08,823188,DET,1,16,15,1,0,4,R
663947,Tyler Holton,2026-08-08,823188,DET,0,6,6,0,0,2,L
680744,Ty Madden,2026-08-08,823188,DET,0,7,7,1,0,1,R
650633,Michael King,2026-08-08,823267,SD,1,21,20,3,1,6,R
669093,Jeremiah Estrada,2026-08-08,823267,SD,0,4,3,1,0,2,R
670970,Adrian Morejon,2026-08-08,823267,SD,0,6,5,0,0,2,L
695243,Mason Miller,2026-08-08,823267,SD,0,5,4,1,0,1,R
663567,Peter Lambert,2026-08-08,823267,HOU,1,23,20,5,1,3,R
660853,Enyel De Los Santos,2026-08-08,823267,HOU,0,6,6,0,0,2,R
687911,Bryan King,2026-08-08,823267,HOU,0,4,3,0,0,0,L
696149,Bubba Chandler,2026-08-08,823348,PIT,1,21,20,3,0,5,R
669199,Lake Bachar,2026-08-08,823348,PIT,0,6,6,0,0,4,R
489446,Kirby Yates,2026-08-08,823348,PIT,0,3,3,0,0,0,R
476594,Robert Stock,2026-08-08,823348,NYM,1,23,17,9,0,4,R
675540,Xzavion Curry,2026-08-08,823348,NYM,0,14,10,1,0,4,R
620443,Luis Torrens,2026-08-08,823348,NYM,0,8,8,2,1,0,R
605400,Aaron Nola,2026-08-08,823426,PHI,1,22,20,6,1,8,R
548384,Brooks Raley,2026-08-08,823426,PHI,0,3,2,0,0,1,L
680742,Jonathan Bowlan,2026-08-08,823426,PHI,0,3,3,0,0,1,R
621237,José Alvarado,2026-08-08,823426,PHI,0,5,3,1,0,1,L
689147,Orion Kerkering,2026-08-08,823426,PHI,0,1,1,0,0,0,R
661395,Jhoan Duran,2026-08-08,823426,PHI,0,4,4,1,0,1,R
663767,Chase Shugart,2026-08-08,823426,PHI,0,9,7,2,1,1,R
453286,Max Scherzer,2026-08-08,823426,TOR,1,21,21,5,2,4,R
693686,Spencer Miles,2026-08-08,823426,TOR,0,5,4,3,0,0,R
663362,Matt Waldron,2026-08-08,823426,TOR,0,4,3,0,0,0,R
680755,Braydon Fisher,2026-08-08,823426,TOR,0,5,4,1,0,1,R
686973,Louis Varland,2026-08-08,823426,TOR,0,7,5,0,0,1,R
681751,Lazaro Estrada,2026-08-08,823426,TOR,0,3,3,0,0,1,R
543037,Gerrit Cole,2026-08-08,823514,NYY,1,27,27,6,0,9,R
687396,Brent Headrick,2026-08-08,823514,NYY,0,4,4,2,1,0,L
621112,Paul Blackburn,2026-08-08,823514,NYY,0,1,1,0,0,0,R
670280,David Bednar,2026-08-08,823514,NYY,0,5,4,1,0,1,R
519242,Chris Sale,2026-08-08,823514,ATL,1,23,21,5,0,8,L
682989,Victor Mederos,2026-08-08,823514,ATL,0,6,4,1,1,2,R
664849,Danny Young,2026-08-08,823514,ATL,0,6,5,2,1,3,L
688107,Robert Gasser,2026-08-08,823752,MIL,1,23,19,7,0,3,L
694477,Chad Patrick,2026-08-08,823752,MIL,0,5,4,0,0,0,R
682842,Abner Uribe,2026-08-08,823752,MIL,0,4,3,0,0,1,R
676879,Aaron Ashby,2026-08-08,823752,MIL,0,3,3,0,0,2,L
656730,Trevor Megill,2026-08-08,823752,MIL,0,3,3,0,0,0,R
671737,Taj Bradley,2026-08-08,823752,MIN,1,23,20,5,0,7,R
701519,Travis Adams,2026-08-08,823752,MIN,0,3,3,0,0,3,R
681892,Kody Funderburk,2026-08-08,823752,MIN,0,4,4,1,0,3,L
656546,Jeff Hoffman,2026-08-08,823752,MIN,0,5,5,2,0,1,R
645261,Sandy Alcantara,2026-08-08,823834,MIA,1,25,24,3,0,8,R
806188,Cade Gibson,2026-08-08,823834,MIA,0,4,3,1,0,0,L
664126,Pete Fairbanks,2026-08-08,823834,MIA,0,4,4,1,0,3,R
700712,Walbert Ureña,2026-08-08,823834,LAA,1,13,10,4,0,2,R
695049,Brett Kerry,2026-08-08,823834,LAA,0,24,23,6,0,7,R
607625,Seth Lugo,2026-08-08,824079,KC,1,24,23,5,1,5,R
670167,John Schreiber,2026-08-08,824079,KC,0,5,3,0,0,2,R
674444,Steven Cruz,2026-08-08,824079,KC,0,4,4,1,0,1,R
663878,Nate Pearson,2026-08-08,824079,KC,0,4,4,1,0,2,R
605280,Clay Holmes,2026-08-08,824079,CHC,1,18,15,6,1,1,R
607067,Colin Rea,2026-08-08,824079,CHC,0,18,16,4,1,0,R
641743,Anthony Kay,2026-08-08,824565,CWS,1,25,23,6,1,4,L
663855,Jordan Hicks,2026-08-08,824565,CWS,0,4,4,3,1,1,R
656794,Sean Newcomb,2026-08-08,824565,CWS,0,2,2,0,0,1,L
663542,Bryan Hudson,2026-08-08,824565,CWS,0,4,4,1,0,0,L
691799,Grant Taylor,2026-08-08,824565,CWS,0,4,4,1,0,0,R
668909,Gavin Williams,2026-08-08,824565,CLE,1,22,20,3,1,7,R
670059,Colin Holderman,2026-08-08,824565,CLE,0,4,2,2,0,0,R
681870,Erik Sabrowski,2026-08-08,824565,CLE,0,1,1,0,0,0,L
682120,Tim Herrin,2026-08-08,824565,CLE,0,4,3,1,0,0,L
670036,Matt Festa,2026-08-08,824565,CLE,0,5,4,1,0,0,R
687562,Jake Bennett,2026-08-08,824726,BOS,1,25,21,5,0,5,L
686580,Justin Slaten,2026-08-08,824726,BOS,0,4,3,1,0,0,R
670103,Raymond Burgos,2026-08-08,824726,BOS,0,11,11,2,2,2,L
695611,Gage Jump,2026-08-08,824726,ATH,1,27,25,6,0,11,L
665622,Luis Medina,2026-08-08,824726,ATH,0,3,3,0,0,1,R
686751,Seth Johnson,2026-08-08,824726,ATH,0,4,3,1,0,1,R
663687,Hogan Harris,2026-08-08,824726,ATH,0,8,7,3,0,2,L
694297,Brandon Pfaadt,2026-08-08,825049,AZ,1,23,21,2,0,2,R
642528,Jonathan Loáisiga,2026-08-08,825049,AZ,0,6,6,3,1,2,R
672629,Gerardo Carrillo,2026-08-08,825049,AZ,0,7,5,0,0,1,R
805299,Brandyn Garcia,2026-08-08,825049,AZ,0,2,2,1,0,0,L
808967,Yoshinobu Yamamoto,2026-08-08,825049,LAD,1,24,20,3,0,6,R
623465,Evan Phillips,2026-08-08,825049,LAD,0,1,1,0,0,0,R
681911,Alex Vesia,2026-08-08,825049,LAD,0,5,3,0,0,1,L
669165,Kyle Hurt,2026-08-08,825049,LAD,0,5,3,1,0,0,R
656945,Tanner Scott,2026-08-08,825049,LAD,0,1,1,0,0,0,L
621242,Edwin Díaz,2026-08-08,825049,LAD,0,6,5,2,0,1,R
676263,Jack Dreyer,2026-08-08,825049,LAD,0,3,3,1,0,1,L
695418,Brad Lord,2026-08-09,822700,WSH,1,11,9,2,0,4,R
702021,Will Dion,2026-08-09,822700,WSH,0,10,10,1,0,1,L
592866,Trevor Williams,2026-08-09,822700,WSH,0,7,7,1,0,2,R
656234,Jake Bird,2026-08-09,822700,WSH,0,3,3,0,0,2,R
663903,Brady Singer,2026-08-09,822700,CIN,1,27,25,8,1,3,R
656271,Brock Burke,2026-08-09,822700,CIN,0,5,5,2,0,2,L
622088,Tejay Antone,2026-08-09,822700,CIN,0,7,6,3,0,2,R
677958,Kumar Rocker,2026-08-09,822862,TEX,1,18,16,7,2,5,R
656756,Jordan Montgomery,2026-08-09,822862,TEX,0,19,18,6,2,2,L
668390,Cole Winn,2026-08-09,822862,TEX,0,10,7,2,0,3,R
700249,Cade Povich,2026-08-09,822862,BAL,1,15,13,4,1,2,L
682274,Yaramil Hiraldo,2026-08-09,822862,BAL,0,9,7,1,0,3,R
695380,Alex Hoppe,2026-08-09,822862,BAL,0,5,5,2,0,0,R
552640,Andrew Kittredge,2026-08-09,822862,BAL,0,3,3,0,0,0,R
544150,Albert Suárez,2026-08-09,822862,BAL,0,8,7,1,0,1,R
700241,Michael McGreevy,2026-08-09,823020,STL,1,26,24,8,1,4,R
677865,Justin Bruihl,2026-08-09,823020,STL,0,4,4,0,0,1,L
666277,George Soriano,2026-08-09,823020,STL,0,6,5,2,1,0,R
676617,Riley O'Brien,2026-08-09,823020,STL,0,3,3,0,0,0,R
547179,Michael Lorenzen,2026-08-09,823020,COL,1,23,19,8,1,1,R
685299,Tanner Gordon,2026-08-09,823020,COL,0,13,12,4,0,2,R
656786,Parker Mushinski,2026-08-09,823020,COL,0,3,3,2,0,0,L
676106,Emerson Hancock,2026-08-09,823104,SEA,1,25,23,9,0,3,R
678606,José A. Ferrer,2026-08-09,823104,SEA,0,8,7,3,0,1,L
660825,Eduard Bazardo,2026-08-09,823104,SEA,0,6,6,2,0,0,R
621074,Michael Rucker,2026-08-09,823104,SEA,0,1,1,0,0,0,R
689546,Nick Davila,2026-08-09,823104,SEA,0,3,3,0,0,0,R
693855,Ian Seymour,2026-08-09,823104,TB,1,25,23,5,0,7,L
592155,Cam Booser,2026-08-09,823104,TB,0,4,4,1,0,2,L
668984,Casey Legumina,2026-08-09,823104,TB,0,3,3,0,0,0,R
571927,Steven Matz,2026-08-09,823104,TB,0,5,4,0,0,0,L
657277,Logan Webb,2026-08-09,823190,SF,1,28,27,4,0,2,R
681916,Dylan Smith,2026-08-09,823190,SF,0,3,3,0,0,3,R
656529,Sam Hentges,2026-08-09,823190,SF,0,3,3,2,0,0,L
671345,Jason Foley,2026-08-09,823190,SF,0,3,2,0,0,2,R
675512,Troy Melton,2026-08-09,823190,DET,1,22,21,4,0,5,R
640448,Kyle Finnegan,2026-08-09,823190,DET,0,3,3,0,0,1,R
805427,Drew Sommers,2026-08-09,823190,DET,0,6,5,2,0,2,L
445276,Kenley Jansen,2026-08-09,823190,DET,0,3,3,0,0,3,R
663947,Tyler Holton,2026-08-09,823190,DET,0,3,3,0,0,3,L
681190,Randy Vásquez,2026-08-09,823268,SD,1,17,17,2,1,1,R
606996,Kyle Hart,2026-08-09,823268,SD,0,3,3,0,0,1,L
699134,Bradgley Rodriguez,2026-08-09,823268,SD,0,6,6,0,0,1,R
669093,Jeremiah Estrada,2026-08-09,823268,SD,0,3,3,0,0,2,R
664299,Cristian Javier,2026-08-09,823268,HOU,1,24,23,8,2,2,R
805123,AJ Blubaugh,2026-08-09,823268,HOU,0,8,8,2,1,1,R
687911,Bryan King,2026-08-09,823268,HOU,0,5,5,2,1,3,L
683003,Jared Jones,2026-08-09,823345,PIT,1,20,14,6,1,3,R
681895,Evan Sisk,2026-08-09,823345,PIT,0,6,4,2,0,0,L
489446,Kirby Yates,2026-08-09,823345,PIT,0,6,5,2,1,0,R
666808,Camilo Doval,2026-08-09,823345,PIT,0,5,4,1,0,3,R
642397,Gregory Soto,2026-08-09,823345,PIT,0,5,5,2,0,1,L
682254,Mason Montgomery,2026-08-09,823345,PIT,0,3,3,0,0,3,L
804668,Rafael Flores Jr.,2026-08-09,823345,PIT,0,5,5,2,0,0,R
640455,Sean Manaea,2026-08-09,823345,NYM,1,25,24,3,1,11,L
674073,Jack Weisenburger,2026-08-09,823345,NYM,0,7,7,1,0,2,R
666200,Jesús Luzardo,2026-08-09,823425,PHI,1,27,25,4,0,12,L
689147,Orion Kerkering,2026-08-09,823425,PHI,0,7,7,4,0,0,R
661395,Jhoan Duran,2026-08-09,823425,PHI,0,4,3,1,0,1,R
641835,Tim Mayza,2026-08-09,823425,PHI,0,4,3,0,0,2,L
548384,Brooks Raley,2026-08-09,823425,PHI,0,3,3,0,0,0,L
668873,Caleb Kilian,2026-08-09,823425,PHI,0,3,3,1,0,0,R
669456,Shane Bieber,2026-08-09,823425,TOR,1,26,23,6,2,4,R
663893,Brendon Little,2026-08-09,823425,TOR,0,5,3,0,0,3,L
693686,Spencer Miles,2026-08-09,823425,TOR,0,1,1,0,0,1,R
643511,Tyler Rogers,2026-08-09,823425,TOR,0,6,4,1,0,0,R
689254,Mason Fluharty,2026-08-09,823425,TOR,0,3,3,0,0,1,L
680755,Braydon Fisher,2026-08-09,823425,TOR,0,8,4,0,0,0,R
681751,Lazaro Estrada,2026-08-09,823425,TOR,0,5,4,3,0,0,R
693645,Cam Schlittler,2026-08-09,823513,NYY,1,24,24,3,1,11,R
665645,Kervin Castro,2026-08-09,823513,NYY,0,3,3,0,0,1,R
621112,Paul Blackburn,2026-08-09,823513,NYY,0,6,6,1,0,2,R
656550,Grant Holmes,2026-08-09,823513,ATL,1,21,19,3,0,2,R
689266,Dylan Dodd,2026-08-09,823513,ATL,0,3,2,0,0,1,L
800311,Didier Fuentes,2026-08-09,823513,ATL,0,5,5,1,1,3,R
628452,Raisel Iglesias,2026-08-09,823513,ATL,0,3,3,0,0,2,R
641755,Tyler Kinley,2026-08-09,823513,ATL,0,3,3,0,0,1,R
694819,Jacob Misiorowski,2026-08-09,823751,MIL,1,23,22,4,2,9,R
676879,Aaron Ashby,2026-08-09,823751,MIL,0,6,5,1,0,3,L
682842,Abner Uribe,2026-08-09,823751,MIL,0,6,4,0,0,0,R
656730,Trevor Megill,2026-08-09,823751,MIL,0,3,3,0,0,2,R
669084,DL Hall,2026-08-09,823751,MIL,0,3,3,0,0,1,L
687570,Connor Prielipp,2026-08-09,823751,MIN,1,20,18,5,2,7,L
667297,Tommy Nance,2026-08-09,823751,MIN,0,4,4,1,0,1,R
621345,A.J. Minter,2026-08-09,823751,MIN,0,6,4,1,0,0,L
702193,Andrew Morris,2026-08-09,823751,MIN,0,4,2,0,0,0,R
681892,Kody Funderburk,2026-08-09,823751,MIN,0,4,2,0,0,2,L
672782,Yoendrys Gómez,2026-08-09,823751,MIN,0,3,2,1,0,1,R
687473,Ryan Gusto,2026-08-09,823835,MIA,1,18,17,3,1,4,R
656848,Michael Petersen,2026-08-09,823835,MIA,0,4,3,0,0,2,R
676604,Tyler Zuber,2026-08-09,823835,MIA,0,4,4,1,0,2,R
676534,Calvin Faucher,2026-08-09,823835,MIA,0,6,5,2,0,1,R
680767,Victor Vodnik,2026-08-09,823835,MIA,0,3,3,0,0,2,R
694795,Josh Ekness,2026-08-09,823835,MIA,0,5,4,1,0,1,R
680570,Grayson Rodriguez,2026-08-09,823835,LAA,1,20,16,4,0,8,R
641312,Shaun Anderson,2026-08-09,823835,LAA,0,10,9,6,1,2,R
676620,Blake Weiman,2026-08-09,823835,LAA,0,3,3,0,0,2,L
670245,Ryan Watson,2026-08-09,823835,LAA,0,6,6,2,0,0,R
623168,Tyler Heineman,2026-08-09,823835,LAA,0,5,5,2,1,0,R
677976,Randy Dobnak,2026-08-09,824078,KC,1,26,24,10,0,4,R
668834,Easton McGee,2026-08-09,824078,KC,0,13,11,5,2,3,R
668674,Lucas Erceg,2026-08-09,824078,KC,0,5,5,2,0,2,R
668942,Josh Rojas,2026-08-09,824078,KC,0,4,4,1,0,0,R
571510,Matthew Boyd,2026-08-09,824078,CHC,1,27,24,5,1,3,L
666171,Ryan Zeferjahn,2026-08-09,824078,CHC,0,4,4,1,0,2,R
665871,Javier Assad,2026-08-09,824078,CHC,0,3,3,0,0,0,R
663436,Davis Martin,2026-08-09,824564,CWS,1,6,4,2,0,1,R
696146,Hagen Smith,2026-08-09,824564,CWS,0,10,6,0,0,3,L
656794,Sean Newcomb,2026-08-09,824564,CWS,0,6,5,1,0,2,L
623211,Huascar Brazobán,2026-08-09,824564,CWS,0,5,5,0,0,1,R
663542,Bryan Hudson,2026-08-09,824564,CWS,0,4,4,1,0,1,L
663855,Jordan Hicks,2026-08-09,824564,CWS,0,4,4,1,0,1,R
670950,Trevor Richards,2026-08-09,824564,CWS,0,5,2,0,0,0,R
676282,Joey Cantillo,2026-08-09,824564,CLE,1,6,6,3,0,3,L
682120,Tim Herrin,2026-08-09,824564,CLE,0,5,4,1,0,2,L
684974,Craig Yoho,2026-08-09,824564,CLE,0,7,3,2,1,0,R
670059,Colin Holderman,2026-08-09,824564,CLE,0,7,5,0,0,2,R
681870,Erik Sabrowski,2026-08-09,824564,CLE,0,5,2,0,0,0,L
683769,Hunter Gaddis,2026-08-09,824564,CLE,0,6,5,0,0,2,R
671922,Cade Smith,2026-08-09,824564,CLE,0,3,3,0,0,1,R
669062,Erik Miller,2026-08-09,824724,BOS,1,5,5,2,0,2,L
678394,Brayan Bello,2026-08-09,824724,BOS,0,15,15,3,0,4,R
594027,Tyron Guerrero,2026-08-09,824724,BOS,0,3,3,0,0,1,R
663558,Jovani Morán,2026-08-09,824724,BOS,0,3,3,0,0,1,L
676477,Garrett Whitlock,2026-08-09,824724,BOS,0,5,5,2,0,3,R
547973,Aroldis Chapman,2026-08-09,824724,BOS,0,6,5,2,0,0,L
669372,J.T. Ginn,2026-08-09,824724,ATH,1,27,22,5,0,2,R
669620,Brady Basso,2026-08-09,824724,ATH,0,3,3,0,0,0,L
665660,Elvis Alvarado,2026-08-09,824724,ATH,0,3,3,0,0,1,R
663687,Hogan Harris,2026-08-09,824724,ATH,0,5,4,1,0,1,L
593958,Eduardo Rodriguez,2026-08-09,825050,AZ,1,28,26,5,0,9,L
664199,Taylor Clarke,2026-08-09,825050,AZ,0,3,3,1,0,0,R
656464,Kevin Ginkel,2026-08-09,825050,AZ,0,3,3,0,0,2,R
680736,Justin Wrobleski,2026-08-09,825050,LAD,1,20,16,6,1,3,L
683618,Edgardo Henriquez,2026-08-09,825050,LAD,0,2,2,0,0,0,R
623465,Evan Phillips,2026-08-09,825050,LAD,0,3,3,0,0,2,R
669165,Kyle Hurt,2026-08-09,825050,LAD,0,3,3,0,0,1,R
642546,Jonathan Hernández,2026-08-09,825050,LAD,0,6,6,0,0,1,R
592791,Jameson Taillon,2026-08-10,822780,TOR,1,16,13,1,0,3,R
680573,Simeon Woods Richardson,2026-08-10,822780,TOR,0,13,11,4,0,2,R
643511,Tyler Rogers,2026-08-10,822780,TOR,0,4,3,0,0,1,R
686973,Louis Varland,2026-08-10,822780,TOR,0,4,3,1,0,1,R
543243,Sonny Gray,2026-08-10,822780,BOS,1,26,24,6,1,4,R
663558,Jovani Morán,2026-08-10,822780,BOS,0,8,8,1,0,1,L
690928,Hunter Dobbins,2026-08-10,823018,STL,1,22,18,4,0,6,R
703725,Luis Gastelum,2026-08-10,823018,STL,0,4,4,0,0,3,R
657571,Caleb Ferguson,2026-08-10,823018,STL,0,4,1,1,0,0,L
700669,Gordon Graceffo,2026-08-10,823018,STL,0,7,6,2,0,0,R
677865,Justin Bruihl,2026-08-10,823018,STL,0,4,4,1,0,1,L
691725,Andrew Painter,2026-08-10,823018,PHI,1,21,18,2,0,6,R
660604,Alan Rangel,2026-08-10,823018,PHI,0,15,14,6,0,3,R
680742,Jonathan Bowlan,2026-08-10,823018,PHI,0,3,3,0,0,1,R
694918,Blade Tidwell,2026-08-10,823189,SF,1,22,20,4,0,6,R
664141,JT Brubaker,2026-08-10,823189,SF,0,4,3,1,1,0,R
656529,Sam Hentges,2026-08-10,823189,SF,0,3,3,0,0,1,L
676775,Keaton Winn,2026-08-10,823189,SF,0,2,2,0,0,0,R
681916,Dylan Smith,2026-08-10,823189,SF,0,4,3,1,0,0,R
671345,Jason Foley,2026-08-10,823189,SF,0,7,5,2,0,0,R
669713,Hayden Wesneski,2026-08-10,823189,HOU,1,27,24,5,2,4,R
595345,Steven Okert,2026-08-10,823189,HOU,0,4,4,1,0,1,L
623352,Josh Hader,2026-08-10,823189,HOU,0,6,6,0,0,2,L
663554,Casey Mize,2026-08-10,823265,SD,1,24,22,5,1,6,R
673513,Yuki Matsui,2026-08-10,823265,SD,0,3,3,0,0,1,L
670970,Adrian Morejon,2026-08-10,823265,SD,0,3,3,1,0,1,L
695243,Mason Miller,2026-08-10,823265,SD,0,3,2,0,0,1,R
701656,Logan Henderson,2026-08-10,823265,MIL,1,24,22,5,2,7,R
680689,Lyon Richardson,2026-08-10,823265,MIL,0,6,5,0,0,1,R
665152,Dean Kremer,2026-08-10,823675,MIN,1,22,21,1,0,7,R
701519,Travis Adams,2026-08-10,823675,MIN,0,6,6,3,0,1,R
573124,Taylor Rogers,2026-08-10,823675,MIN,0,7,6,3,0,1,L
669432,Trevor Rogers,2026-08-10,823675,BAL,1,19,14,4,1,4,L
676742,Cam Sanders,2026-08-10,823675,BAL,0,7,7,1,0,1,R
670329,Rico Garcia,2026-08-10,823675,BAL,0,4,3,3,0,0,R
664991,Grant Wolfram,2026-08-10,823675,BAL,0,11,11,6,1,3,L
677020,Josh Walker,2026-08-10,823675,BAL,0,2,1,0,0,1,L
669373,Tarik Skubal,2026-08-10,823918,LAD,1,21,18,4,1,6,L
681911,Alex Vesia,2026-08-10,823918,LAD,0,3,3,0,0,1,L
676263,Jack Dreyer,2026-08-10,823918,LAD,0,6,5,2,1,1,L
656945,Tanner Scott,2026-08-10,823918,LAD,0,3,2,0,0,0,L
621242,Edwin Díaz,2026-08-10,823918,LAD,0,3,3,0,0,1,R
702070,Noah Cameron,2026-08-10,823918,KC,1,24,22,6,0,2,L
670167,John Schreiber,2026-08-10,823918,KC,0,3,2,1,0,0,R
656638,Alex Lange,2026-08-10,823918,KC,0,5,5,3,0,1,R
621016,Jose Cuas,2026-08-10,823918,KC,0,3,3,0,0,1,R
672282,Reid Detmers,2026-08-10,823998,LAA,1,24,19,3,0,6,L
820862,José Fermin,2026-08-10,823998,LAA,0,4,3,1,0,0,R
642048,Tayler Saucedo,2026-08-10,823998,LAA,0,1,1,0,0,0,L
690829,Ben Joyce,2026-08-10,823998,LAA,0,3,3,0,0,1,R
696519,Samy Natera Jr.,2026-08-10,823998,LAA,0,4,4,1,0,2,L
684665,Luke Murphy,2026-08-10,823998,LAA,0,3,2,1,0,0,R
676620,Blake Weiman,2026-08-10,823998,LAA,0,4,4,2,0,1,L
669022,MacKenzie Gore,2026-08-10,823998,TEX,1,23,21,4,1,9,L
641302,Tyler Alexander,2026-08-10,823998,TEX,0,2,2,0,0,0,L
681217,Chase Silseth,2026-08-10,823998,TEX,0,4,2,1,0,0,R
695239,Robby Ahlstrom,2026-08-10,823998,TEX,0,4,4,1,0,1,L
682608,Peyton Gray,2026-08-10,823998,TEX,0,3,3,0,0,1,R
656641,Jacob Latz,2026-08-10,823998,TEX,0,4,3,0,0,1,L
693821,Bryce Elder,2026-08-10,824887,ATL,1,27,24,10,2,4,R
608718,Brent Suter,2026-08-10,824887,ATL,0,10,9,1,0,3,L
682989,Victor Mederos,2026-08-10,824887,ATL,0,6,3,1,0,1,R
681035,Christian Scott,2026-08-10,824887,NYM,1,21,19,7,0,6,R
702752,Jonathan Pintaro,2026-08-10,824887,NYM,0,5,3,1,0,1,R
681320,Nate Lavender,2026-08-10,824887,NYM,0,5,4,1,0,2,L
650960,Daniel Duarte,2026-08-10,824887,NYM,0,7,6,0,0,0,R
673540,Kodai Senga,2026-08-10,824887,NYM,0,4,3,0,0,2,R
682052,Jacob Lopez,2026-08-10,824969,ATH,1,27,26,5,1,5,L
686751,Seth Johnson,2026-08-10,824969,ATH,0,4,3,3,1,0,R
660761,José Suarez,2026-08-10,824969,ATH,0,5,4,3,0,1,L
656240,Scott Blewett,2026-08-10,824969,ATH,0,6,5,1,0,0,R
642547,Freddy Peralta,2026-08-10,824969,TB,1,24,23,6,1,5,R
688297,Chris Roycroft,2026-08-10,824969,TB,0,7,5,3,0,0,R
669330,Tyler Wells,2026-08-10,824969,TB,0,5,4,1,0,3,R
687330,Kevin Kelly,2026-08-10,824969,TB,0,3,3,0,0,0,R
647336,Michael Soroka,2026-08-10,825048,AZ,1,18,15,3,0,4,R
641793,Zack Littell,2026-08-10,825048,AZ,0,15,13,2,0,2,R
687312,Gabriel Hughes,2026-08-10,825048,COL,1,22,18,5,1,3,R
688642,Zach Agnos,2026-08-10,825048,COL,0,12,10,2,0,1,R
693308,Nick Frasso,2026-08-10,825048,COL,0,6,6,3,0,1,R
663623,Jake Irvin,2026-08-11,822697,WSH,1,18,13,4,1,4,R
676680,Tom Cosgrove,2026-08-11,822697,WSH,0,3,3,1,0,1,L
668820,Max Kranick,2026-08-11,822697,WSH,0,7,5,2,0,0,R
687377,Orlando Ribalta,2026-08-11,822697,WSH,0,5,4,1,1,0,R
571945,Miles Mikolas,2026-08-11,822697,WSH,0,11,10,1,1,2,R
684007,Shota Imanaga,2026-08-11,822697,CHC,1,21,20,6,3,5,L
669020,Ryan Rolison,2026-08-11,822697,CHC,0,5,5,1,0,1,L
663423,Trent Thornton,2026-08-11,822697,CHC,0,3,3,0,0,2,R
666171,Ryan Zeferjahn,2026-08-11,822697,CHC,0,6,5,3,0,0,R
657097,Jacob Webb,2026-08-11,822697,CHC,0,5,5,1,0,2,R
656302,Dylan Cease,2026-08-11,822778,TOR,1,24,19,5,2,7,R
695445,Chase Lee,2026-08-11,822778,TOR,0,7,5,1,0,0,R
663893,Brendon Little,2026-08-11,822778,TOR,0,1,1,0,0,1,L
680755,Braydon Fisher,2026-08-11,822778,TOR,0,3,2,0,0,0,R
693686,Spencer Miles,2026-08-11,822778,TOR,0,4,4,1,0,0,R
663776,Patrick Sandoval,2026-08-11,822778,BOS,1,27,22,8,0,4,L
594027,Tyron Guerrero,2026-08-11,822778,BOS,0,3,3,0,0,1,R
661527,Seth Martinez,2026-08-11,822778,BOS,0,6,5,2,0,1,R
669467,Andre Pallante,2026-08-11,823019,STL,1,22,19,4,0,2,R
666277,George Soriano,2026-08-11,823019,STL,0,5,4,1,0,2,R
657571,Caleb Ferguson,2026-08-11,823019,STL,0,3,0,0,0,0,L
592773,Ryne Stanek,2026-08-11,823019,STL,0,2,2,0,0,0,R
676617,Riley O'Brien,2026-08-11,823019,STL,0,3,3,0,0,1,R
650911,Cristopher Sánchez,2026-08-11,823019,PHI,1,20,20,4,0,7,L
686934,Alex McFarlane,2026-08-11,823019,PHI,0,5,4,1,0,1,R
641835,Tim Mayza,2026-08-11,823019,PHI,0,4,4,1,1,1,L
687931,Carson Whisenhunt,2026-08-11,823186,SF,1,25,20,4,0,2,L
693313,Carson Seymour,2026-08-11,823186,SF,0,8,7,1,0,2,R
665665,Reiver Sanmartin,2026-08-11,823186,SF,0,1,1,0,0,0,L
664141,JT Brubaker,2026-08-11,823186,SF,0,3,3,0,0,0,R
686613,Hunter Brown,2026-08-11,823186,HOU,1,23,20,5,1,4,R
660853,Enyel De Los Santos,2026-08-11,823186,HOU,0,4,4,2,0,0,R
656986,Bennett Sousa,2026-08-11,823186,HOU,0,5,5,1,0,3,L
805123,AJ Blubaugh,2026-08-11,823186,HOU,0,4,4,1,0,1,R
621111,Walker Buehler,2026-08-11,823264,SD,1,24,21,3,0,5,R
593974,Wandy Peralta,2026-08-11,823264,SD,0,4,4,1,0,0,L
656288,Griffin Canning,2026-08-11,823264,SD,0,10,9,3,0,2,R
690986,Kyle Harrison,2026-08-11,823264,MIL,1,27,24,10,3,3,L
669060,Bryse Wilson,2026-08-11,823264,MIL,0,12,12,5,0,2,R
596142,Gary Sánchez,2026-08-11,823264,MIL,0,5,5,2,0,0,R
677960,Ryan Weathers,2026-08-11,823512,NYY,1,22,19,2,1,4,L
657612,Tim Hill,2026-08-11,823512,NYY,0,4,4,0,0,0,L
687396,Brent Headrick,2026-08-11,823512,NYY,0,3,3,0,0,2,L
670280,David Bednar,2026-08-11,823512,NYY,0,4,4,1,0,2,R
693433,Bryan Woo,2026-08-11,823512,SEA,1,18,17,3,0,5,R
678606,José A. Ferrer,2026-08-11,823512,SEA,0,3,3,0,0,2,L
621074,Michael Rucker,2026-08-11,823512,SEA,0,5,4,3,0,1,R
660825,Eduard Bazardo,2026-08-11,823512,SEA,0,4,4,2,0,0,R
622554,Seranthony Domínguez,2026-08-11,823512,SEA,0,3,2,0,0,0,R
641927,Bailey Ober,2026-08-11,823673,MIN,1,26,25,8,3,4,R
681892,Kody Funderburk,2026-08-11,823673,MIN,0,5,4,2,0,1,L
667297,Tommy Nance,2026-08-11,823673,MIN,0,4,4,1,0,2,R
573124,Taylor Rogers,2026-08-11,823673,MIN,0,4,3,0,0,2,L
687064,Brandon Young,2026-08-11,823673,BAL,1,28,23,6,0,4,R
677020,Josh Walker,2026-08-11,823673,BAL,0,3,3,0,0,1,L
666974,Yennier Cano,2026-08-11,823673,BAL,0,5,4,1,0,1,R
552640,Andrew Kittredge,2026-08-11,823673,BAL,0,3,3,0,0,1,R
691587,Eury Pérez,2026-08-11,823832,MIA,1,24,22,3,0,7,R
656848,Michael Petersen,2026-08-11,823832,MIA,0,4,4,1,0,2,R
664126,Pete Fairbanks,2026-08-11,823832,MIA,0,3,3,0,0,1,R
694973,Paul Skenes,2026-08-11,823832,PIT,1,21,19,5,1,4,R
670990,Yohan Ramírez,2026-08-11,823832,PIT,0,10,9,0,0,5,R
605483,Blake Snell,2026-08-11,823917,LAD,1,22,20,3,0,10,L
681911,Alex Vesia,2026-08-11,823917,LAD,0,4,3,0,0,1,L
623465,Evan Phillips,2026-08-11,823917,LAD,0,5,4,3,0,1,R
676263,Jack Dreyer,2026-08-11,823917,LAD,0,2,2,0,0,1,L
683618,Edgardo Henriquez,2026-08-11,823917,LAD,0,3,3,0,0,1,R
678020,Seth Halvorsen,2026-08-11,823917,LAD,0,4,3,0,0,0,R
608379,Michael Wacha,2026-08-11,823917,KC,1,27,27,7,1,5,R
674444,Steven Cruz,2026-08-11,823917,KC,0,7,5,1,0,1,R
663878,Nate Pearson,2026-08-11,823917,KC,0,3,3,0,0,2,R
668674,Lucas Erceg,2026-08-11,823917,KC,0,4,2,1,0,0,R
696270,Ryan Johnson,2026-08-11,823997,LAA,1,18,16,3,1,5,R
642048,Tayler Saucedo,2026-08-11,823997,LAA,0,4,3,1,0,1,L
684665,Luke Murphy,2026-08-11,823997,LAA,0,8,7,2,0,0,R
820862,José Fermin,2026-08-11,823997,LAA,0,4,4,0,0,3,R
696519,Samy Natera Jr.,2026-08-11,823997,LAA,0,3,3,0,0,2,L
674003,Cody Bradford,2026-08-11,823997,TEX,1,26,22,5,0,1,L
681217,Chase Silseth,2026-08-11,823997,TEX,0,3,3,0,0,2,R
623454,Drew Anderson,2026-08-11,824240,DET,1,17,15,4,1,4,R
621097,Jacob Waguespack,2026-08-11,824240,DET,0,9,8,2,0,0,R
805427,Drew Sommers,2026-08-11,824240,DET,0,4,3,1,0,1,L
640448,Kyle Finnegan,2026-08-11,824240,DET,0,5,4,1,1,0,R
663947,Tyler Holton,2026-08-11,824240,DET,0,1,1,0,0,0,L
445276,Kenley Jansen,2026-08-11,824240,DET,0,6,3,1,0,0,R
676440,Tanner Bibee,2026-08-11,824240,CLE,1,27,24,5,0,4,R
670036,Matt Festa,2026-08-11,824240,CLE,0,3,3,1,0,1,R
680916,Franco Aleman,2026-08-11,824240,CLE,0,4,3,0,0,1,R
680732,Sean Burke,2026-08-11,824563,CWS,1,25,25,3,1,8,R
663542,Bryan Hudson,2026-08-11,824563,CWS,0,3,3,3,0,0,L
691799,Grant Taylor,2026-08-11,824563,CWS,0,7,6,1,0,2,R
656794,Sean Newcomb,2026-08-11,824563,CWS,0,3,2,0,0,0,L
666157,Nick Lodolo,2026-08-11,824563,CIN,1,18,17,5,3,5,L
682825,Luis Mey,2026-08-11,824563,CIN,0,6,6,0,0,2,R
572955,Pierce Johnson,2026-08-11,824563,CIN,0,3,3,0,0,1,R
622088,Tejay Antone,2026-08-11,824563,CIN,0,4,4,1,0,0,R
656271,Brock Burke,2026-08-11,824563,CIN,0,3,3,0,0,2,L
641941,Emilio Pagán,2026-08-11,824563,CIN,0,3,3,0,0,1,R
527048,Martín Pérez,2026-08-11,824886,ATL,1,23,20,4,0,2,L
800311,Didier Fuentes,2026-08-11,824886,ATL,0,3,3,0,0,1,R
669276,Dylan Lee,2026-08-11,824886,ATL,0,3,3,0,0,1,L
628452,Raisel Iglesias,2026-08-11,824886,ATL,0,3,3,0,0,1,R
690997,Nolan McLean,2026-08-11,824886,NYM,1,20,18,1,1,3,R
642376,Jefry Yan,2026-08-11,824886,NYM,0,5,1,0,0,0,L
694646,Chayce McDermott,2026-08-11,824886,NYM,0,7,6,2,1,1,R
686930,Mason Barnett,2026-08-11,824970,ATH,1,20,16,5,3,0,R
669620,Brady Basso,2026-08-11,824970,ATH,0,9,9,3,1,2,L
665660,Elvis Alvarado,2026-08-11,824970,ATH,0,5,4,1,1,1,R
814305,Yunior Tur,2026-08-11,824970,ATH,0,10,9,2,1,3,R
607259,Nick Martinez,2026-08-11,824970,TB,1,33,33,8,1,5,R
683352,Mitch Bratt,2026-08-11,825046,AZ,1,21,20,4,1,4,L
656464,Kevin Ginkel,2026-08-11,825046,AZ,0,4,3,1,0,2,R
664199,Taylor Clarke,2026-08-11,825046,AZ,0,3,3,0,0,1,R
666661,Juan Morillo,2026-08-11,825046,AZ,0,5,4,1,0,0,R
608372,Tomoyuki Sugano,2026-08-11,825046,COL,1,23,23,6,2,5,R
623474,Jimmy Herget,2026-08-11,825046,COL,0,4,4,1,0,0,R
657514,Brennan Bernardino,2026-08-11,825046,COL,0,3,3,0,0,1,L
605447,Jordan Romano,2026-08-11,825046,COL,0,4,4,1,0,1,R
800600,Jackson Kent,2026-08-12,822698,WSH,1,19,14,3,0,6,L
656234,Jake Bird,2026-08-12,822698,WSH,0,5,5,1,1,1,R
676680,Tom Cosgrove,2026-08-12,822698,WSH,0,4,4,2,0,1,L
672442,Yovanny Cruz,2026-08-12,822698,WSH,0,4,3,2,1,0,R
592866,Trevor Williams,2026-08-12,822698,WSH,0,14,14,5,2,3,R
656849,David Peterson,2026-08-12,822698,CHC,1,27,24,9,0,6,L
665871,Javier Assad,2026-08-12,822698,CHC,0,16,14,2,2,2,R
667755,José Soriano,2026-08-12,822779,TOR,1,22,20,4,1,4,R
689254,Mason Fluharty,2026-08-12,822779,TOR,0,3,3,0,0,0,L
643511,Tyler Rogers,2026-08-12,822779,TOR,0,4,4,1,0,0,R
663362,Matt Waldron,2026-08-12,822779,TOR,0,5,4,3,0,1,R
686973,Louis Varland,2026-08-12,822779,TOR,0,2,1,0,0,0,R
624133,Ranger Suarez,2026-08-12,822779,BOS,1,21,20,6,0,2,L
686580,Justin Slaten,2026-08-12,822779,BOS,0,4,3,0,0,1,R
669062,Erik Miller,2026-08-12,822779,BOS,0,4,4,1,0,2,L
594027,Tyron Guerrero,2026-08-12,822779,BOS,0,5,3,3,0,0,R
687941,Alec Gamboa,2026-08-12,822779,BOS,0,5,4,2,0,0,L
681517,Kyle Leahy,2026-08-12,823017,STL,1,20,20,6,0,6,R
677865,Justin Bruihl,2026-08-12,823017,STL,0,4,3,0,0,0,L
700669,Gordon Graceffo,2026-08-12,823017,STL,0,5,5,0,0,0,R
703725,Luis Gastelum,2026-08-12,823017,STL,0,4,3,0,0,2,R
554430,Zack Wheeler,2026-08-12,823017,PHI,1,23,21,6,0,5,R
548384,Brooks Raley,2026-08-12,823017,PHI,0,3,3,0,0,2,L
621237,José Alvarado,2026-08-12,823017,PHI,0,5,2,1,0,0,L
663767,Chase Shugart,2026-08-12,823017,PHI,0,7,5,1,0,2,R
605288,Adrian Houser,2026-08-12,823187,SF,1,19,17,2,0,5,R
656529,Sam Hentges,2026-08-12,823187,SF,0,3,3,1,0,0,L
676775,Keaton Winn,2026-08-12,823187,SF,0,6,4,1,0,0,R
665665,Reiver Sanmartin,2026-08-12,823187,SF,0,3,3,0,0,2,L
687911,Bryan King,2026-08-12,823187,HOU,1,4,2,0,0,1,L
660853,Enyel De Los Santos,2026-08-12,823187,HOU,0,3,2,1,0,0,R
837227,Tatsuya Imai,2026-08-12,823187,HOU,0,14,12,3,0,3,R
805123,AJ Blubaugh,2026-08-12,823187,HOU,0,6,6,1,0,2,R
595345,Steven Okert,2026-08-12,823187,HOU,0,4,4,0,0,0,L
650556,Bryan Abreu,2026-08-12,823187,HOU,0,3,3,0,0,2,R
623352,Josh Hader,2026-08-12,823187,HOU,0,3,3,0,0,0,L
592662,Robbie Ray,2026-08-12,823263,SD,1,17,14,2,1,4,L
699134,Bradgley Rodriguez,2026-08-12,823263,SD,0,8,7,1,0,3,R
669093,Jeremiah Estrada,2026-08-12,823263,SD,0,3,3,0,0,1,R
606996,Kyle Hart,2026-08-12,823263,SD,0,5,3,0,0,2,L
695243,Mason Miller,2026-08-12,823263,SD,0,5,3,0,0,1,R
670970,Adrian Morejon,2026-08-12,823263,SD,0,9,7,2,0,4,L
669160,Dustin May,2026-08-12,823263,MIL,1,25,23,4,1,6,R
694477,Chad Patrick,2026-08-12,823263,MIL,0,3,1,0,0,0,R
676879,Aaron Ashby,2026-08-12,823263,MIL,0,4,4,2,0,1,L
656730,Trevor Megill,2026-08-12,823263,MIL,0,6,5,0,0,0,R
622608,Antonio Senzatela,2026-08-12,823263,MIL,0,4,2,1,0,0,R
701542,Will Warren,2026-08-12,823511,NYY,1,21,17,6,3,3,R
518585,Fernando Cruz,2026-08-12,823511,NYY,0,3,2,1,0,0,R
657612,Tim Hill,2026-08-12,823511,NYY,0,3,2,0,0,1,L
621112,Paul Blackburn,2026-08-12,823511,NYY,0,6,5,0,0,0,R
687396,Brent Headrick,2026-08-12,823511,NYY,0,3,3,0,0,3,L
660787,Yerry De los Santos,2026-08-12,823511,NYY,0,5,5,2,0,1,R
682243,Bryce Miller,2026-08-12,823511,SEA,1,25,24,8,1,5,R
642100,Gabe Speier,2026-08-12,823511,SEA,0,8,5,3,0,1,L
622554,Seranthony Domínguez,2026-08-12,823511,SEA,0,1,1,0,0,0,R
689546,Nick Davila,2026-08-12,823511,SEA,0,5,5,2,1,2,R
805673,Zebby Matthews,2026-08-12,823672,MIN,1,22,20,6,1,4,R
702193,Andrew Morris,2026-08-12,823672,MIN,0,3,3,0,0,2,R
656546,Jeff Hoffman,2026-08-12,823672,MIN,0,5,3,0,0,1,R
621345,A.J. Minter,2026-08-12,823672,MIN,0,3,3,0,0,2,L
672782,Yoendrys Gómez,2026-08-12,823672,MIN,0,4,3,1,1,0,R
669358,Shane Baz,2026-08-12,823672,BAL,1,19,17,9,0,2,R
676742,Cam Sanders,2026-08-12,823672,BAL,0,8,8,4,0,1,R
682274,Yaramil Hiraldo,2026-08-12,823672,BAL,0,6,6,1,0,3,R
695380,Alex Hoppe,2026-08-12,823672,BAL,0,4,3,0,0,1,R
544150,Albert Suárez,2026-08-12,823672,BAL,0,3,3,0,0,0,R
676083,Janson Junk,2026-08-12,823833,MIA,1,23,21,4,0,2,R
676604,Tyler Zuber,2026-08-12,823833,MIA,0,3,3,1,0,1,R
676534,Calvin Faucher,2026-08-12,823833,MIA,0,3,3,0,0,1,R
680767,Victor Vodnik,2026-08-12,823833,MIA,0,5,4,1,0,1,R
669387,Carmen Mlodzinski,2026-08-12,823833,PIT,1,15,12,5,0,1,R
681895,Evan Sisk,2026-08-12,823833,PIT,0,5,1,0,0,0,L
669199,Lake Bachar,2026-08-12,823833,PIT,0,13,12,3,2,1,R
489446,Kirby Yates,2026-08-12,823833,PIT,0,4,4,1,0,2,R
666808,Camilo Doval,2026-08-12,823833,PIT,0,5,3,0,0,1,R
641778,Eric Lauer,2026-08-12,823916,LAD,1,27,24,4,0,6,L
689017,Landon Knack,2026-08-12,823916,LAD,0,11,11,2,0,2,R
663738,Daniel Lynch IV,2026-08-12,823916,KC,1,10,10,3,2,3,L
621016,Jose Cuas,2026-08-12,823916,KC,0,6,5,2,0,2,R
696131,Mason Black,2026-08-12,823916,KC,0,13,11,3,1,1,R
518886,Craig Kimbrel,2026-08-12,823916,KC,0,3,2,0,0,0,R
691946,George Klassen,2026-08-12,823994,LAA,1,24,22,5,1,5,R
676620,Blake Weiman,2026-08-12,823994,LAA,0,6,6,2,0,1,L
670245,Ryan Watson,2026-08-12,823994,LAA,0,2,2,0,0,1,R
690829,Ben Joyce,2026-08-12,823994,LAA,0,3,3,0,0,1,R
615698,Cal Quantrill,2026-08-12,823994,TEX,1,22,19,4,0,6,R
695239,Robby Ahlstrom,2026-08-12,823994,TEX,0,4,3,2,0,0,L
682608,Peyton Gray,2026-08-12,823994,TEX,0,4,3,1,0,0,R
687239,Ben Peoples,2026-08-12,823994,TEX,0,5,3,1,0,1,R
668390,Cole Winn,2026-08-12,823994,TEX,0,3,3,0,0,0,R
664285,Framber Valdez,2026-08-12,824241,DET,1,29,23,6,1,3,L
680744,Ty Madden,2026-08-12,824241,DET,0,3,3,1,0,0,R
646241,Enmanuel De Jesus,2026-08-12,824241,DET,0,6,6,3,0,1,L
663432,Tanner Rainey,2026-08-12,824241,DET,0,7,5,0,0,1,R
656492,Foster Griffin,2026-08-12,824241,CLE,1,21,20,4,1,3,L
670059,Colin Holderman,2026-08-12,824241,CLE,0,5,4,0,0,1,R
681870,Erik Sabrowski,2026-08-12,824241,CLE,0,3,2,0,0,2,L
683769,Hunter Gaddis,2026-08-12,824241,CLE,0,4,3,1,0,2,R
671922,Cade Smith,2026-08-12,824241,CLE,0,6,6,2,0,3,R
622491,Luis Castillo,2026-08-12,824562,CWS,1,23,21,1,0,10,R
696146,Hagen Smith,2026-08-12,824562,CWS,0,4,3,0,0,3,L
623211,Huascar Brazobán,2026-08-12,824562,CWS,0,4,4,1,0,0,R
695076,Rhett Lowder,2026-08-12,824562,CIN,1,23,22,7,1,4,R
670062,Julian Garcia,2026-08-12,824562,CIN,0,4,4,2,1,1,R
594580,Sam Moll,2026-08-12,824562,CIN,0,4,4,1,0,0,L
676760,Ron Marinaccio,2026-08-12,824562,CIN,0,6,4,1,0,1,R
641816,Tyler Mahle,2026-08-12,824883,ATL,1,21,21,4,1,7,R
689266,Dylan Dodd,2026-08-12,824883,ATL,0,4,4,1,1,1,L
669276,Dylan Lee,2026-08-12,824883,ATL,0,4,3,0,0,1,L
628452,Raisel Iglesias,2026-08-12,824883,ATL,0,6,5,2,1,0,R
804267,Zac Thornton,2026-08-12,824883,NYM,1,24,23,7,1,2,L
673380,Dedniel Núñez,2026-08-12,824883,NYM,0,4,4,3,2,1,R
642376,Jefry Yan,2026-08-12,824883,NYM,0,3,3,1,0,1,L
674073,Jack Weisenburger,2026-08-12,824883,NYM,0,4,4,1,0,1,R
678022,Jack Perkins,2026-08-12,824967,ATH,1,27,25,12,1,2,R
680723,Drew Rom,2026-08-12,824967,ATH,0,3,3,0,0,1,L
656240,Scott Blewett,2026-08-12,824967,ATH,0,4,4,1,0,0,R
696522,Hayden Juenger,2026-08-12,824967,ATH,0,5,4,2,0,1,R
686751,Seth Johnson,2026-08-12,824967,ATH,0,4,3,0,0,0,R
656876,Drew Rasmussen,2026-08-12,824967,TB,1,21,19,4,0,3,R
571927,Steven Matz,2026-08-12,824967,TB,0,4,4,0,0,1,L
668984,Casey Legumina,2026-08-12,824967,TB,0,3,3,1,0,1,R
675627,Michael Grove,2026-08-12,824967,TB,0,8,8,2,2,2,R
518876,Merrill Kelly,2026-08-12,825047,AZ,1,23,20,6,2,2,R
672629,Gerardo Carrillo,2026-08-12,825047,AZ,0,9,7,1,0,4,R
691769,Philip Abner,2026-08-12,825047,AZ,0,4,4,1,0,0,L
805299,Brandyn Garcia,2026-08-12,825047,AZ,0,3,3,0,0,1,L
663372,Ryan Feltner,2026-08-12,825047,COL,1,24,21,7,0,2,R
656786,Parker Mushinski,2026-08-12,825047,COL,0,5,3,1,0,0,L
675848,Juan Mejia,2026-08-12,825047,COL,0,3,1,0,0,1,R
623474,Jimmy Herget,2026-08-12,825047,COL,0,4,2,0,0,0,R
657514,Brennan Bernardino,2026-08-12,825047,COL,0,6,6,3,1,0,L
605447,Jordan Romano,2026-08-12,825047,COL,0,4,3,0,0,0,R
676917,Cade Cavalli,2026-08-13,822696,WSH,1,26,24,1,0,10,R
690925,Clayton Beeter,2026-08-13,822696,WSH,0,3,3,0,0,1,R
592332,Kevin Gausman,2026-08-13,822696,CHC,1,22,20,7,1,7,R
650644,Aaron Civale,2026-08-13,822696,CHC,0,13,13,3,0,1,R
453286,Max Scherzer,2026-08-13,822776,TOR,1,20,18,3,0,4,R
693686,Spencer Miles,2026-08-13,822776,TOR,0,5,5,2,0,0,R
680755,Braydon Fisher,2026-08-13,822776,TOR,0,3,3,0,0,1,R
695445,Chase Lee,2026-08-13,822776,TOR,0,8,6,4,1,0,R
681751,Lazaro Estrada,2026-08-13,822776,TOR,0,7,3,1,0,1,R
801139,Payton Tolle,2026-08-13,822776,BOS,1,26,24,2,0,4,L
669711,Greg Weissert,2026-08-13,822776,BOS,0,4,3,0,0,1,R
608331,Max Fried,2026-08-13,823508,NYY,1,20,18,5,1,4,L
642232,Ryan Yarbrough,2026-08-13,823508,NYY,0,5,4,0,0,2,L
660787,Yerry De los Santos,2026-08-13,823508,NYY,0,5,5,0,0,3,R
518585,Fernando Cruz,2026-08-13,823508,NYY,0,3,3,0,0,1,R
669302,Logan Gilbert,2026-08-13,823508,SEA,1,22,21,4,0,7,R
660825,Eduard Bazardo,2026-08-13,823508,SEA,0,5,3,0,0,1,R
678606,José A. Ferrer,2026-08-13,823508,SEA,0,3,3,0,0,0,L
662253,Andrés Muñoz,2026-08-13,823508,SEA,0,3,3,0,0,2,R
671737,Taj Bradley,2026-08-13,823669,MIN,1,23,19,7,2,3,R
701519,Travis Adams,2026-08-13,823669,MIN,0,12,12,4,1,1,R
573124,Taylor Rogers,2026-08-13,823669,MIN,0,4,4,0,0,2,L
667297,Tommy Nance,2026-08-13,823669,MIN,0,3,3,1,0,1,R
605400,Aaron Nola,2026-08-13,823669,PHI,1,23,20,5,1,9,R
548384,Brooks Raley,2026-08-13,823669,PHI,0,4,4,1,0,2,L
680742,Jonathan Bowlan,2026-08-13,823669,PHI,0,4,4,1,0,0,R
689147,Orion Kerkering,2026-08-13,823669,PHI,0,3,3,0,0,1,R
661395,Jhoan Duran,2026-08-13,823669,PHI,0,3,3,1,0,0,R
663969,Tyler Phillips,2026-08-13,823829,MIA,1,23,22,6,1,6,R
806188,Cade Gibson,2026-08-13,823829,MIA,0,9,6,1,0,3,L
667463,John King,2026-08-13,823829,MIA,0,5,4,2,1,0,L
691594,Javier Sanoja,2026-08-13,823829,MIA,0,11,11,7,2,0,R
677952,Braxton Ashcraft,2026-08-13,823829,PIT,1,28,27,3,1,10,R
808963,Roki Sasaki,2026-08-13,823915,LAD,1,25,20,4,0,2,R
676263,Jack Dreyer,2026-08-13,823915,LAD,0,4,4,1,0,2,L
683618,Edgardo Henriquez,2026-08-13,823915,LAD,0,3,2,0,0,1,R
656945,Tanner Scott,2026-08-13,823915,LAD,0,1,1,0,0,0,L
621242,Edwin Díaz,2026-08-13,823915,LAD,0,6,6,4,0,2,R
681911,Alex Vesia,2026-08-13,823915,LAD,0,3,2,1,0,0,L
675660,Shane Drohan,2026-08-13,823915,MIL,1,22,19,3,0,5,L
622608,Antonio Senzatela,2026-08-13,823915,MIL,0,3,3,1,1,1,R
669084,DL Hall,2026-08-13,823915,MIL,0,6,6,0,0,3,L
656730,Trevor Megill,2026-08-13,823915,MIL,0,3,3,0,0,1,R
700712,Walbert Ureña,2026-08-13,823995,LAA,1,23,21,2,0,5,R
820862,José Fermin,2026-08-13,823995,LAA,0,4,4,1,0,1,R
642048,Tayler Saucedo,2026-08-13,823995,LAA,0,5,5,2,0,0,L
671111,Sammy Peralta,2026-08-13,823995,LAA,0,3,3,0,0,2,L
594798,Jacob deGrom,2026-08-13,823995,TEX,1,12,11,6,0,3,R
682608,Peyton Gray,2026-08-13,823995,TEX,0,4,4,0,0,2,R
656756,Jordan Montgomery,2026-08-13,823995,TEX,0,12,12,6,0,2,L
687239,Ben Peoples,2026-08-13,823995,TEX,0,3,2,0,0,1,R
668390,Cole Winn,2026-08-13,823995,TEX,0,7,6,3,0,2,R
641302,Tyler Alexander,2026-08-13,823995,TEX,0,3,3,0,0,0,L
672456,Keider Montero,2026-08-13,824238,DET,1,23,22,3,0,0,R
663947,Tyler Holton,2026-08-13,824238,DET,0,6,6,1,0,0,L
445276,Kenley Jansen,2026-08-13,824238,DET,0,3,3,0,0,0,R
800048,Parker Messick,2026-08-13,824238,CLE,1,23,20,3,1,6,L
684974,Craig Yoho,2026-08-13,824238,CLE,0,5,5,1,0,2,R
680916,Franco Aleman,2026-08-13,824238,CLE,0,4,3,2,0,0,R
682120,Tim Herrin,2026-08-13,824238,CLE,0,2,2,0,0,0,L
663436,Davis Martin,2026-08-13,824561,CWS,1,11,8,2,2,3,R
607200,Erick Fedde,2026-08-13,824561,CWS,0,16,13,5,1,1,R
701780,Tanner McDougal,2026-08-13,824561,CWS,0,5,1,0,0,0,R
670950,Trevor Richards,2026-08-13,824561,CWS,0,9,9,1,0,2,R
663855,Jordan Hicks,2026-08-13,824561,CWS,0,3,3,0,0,0,R
671096,Andrew Abbott,2026-08-13,824561,CIN,1,23,20,7,0,3,L
656271,Brock Burke,2026-08-13,824561,CIN,0,3,3,1,0,1,L
622088,Tejay Antone,2026-08-13,824561,CIN,0,3,3,0,0,3,R
682825,Luis Mey,2026-08-13,824561,CIN,0,3,3,0,0,2,R
594580,Sam Moll,2026-08-13,824561,CIN,0,6,5,3,0,1,L
572955,Pierce Johnson,2026-08-13,824561,CIN,0,1,1,0,0,1,R
670062,Julian Garcia,2026-08-13,824561,CIN,0,5,4,1,0,1,R
669456,Shane Bieber,2026-08-14,822777,TOR,1,22,21,4,1,5,R
643511,Tyler Rogers,2026-08-14,822777,TOR,0,5,5,1,0,0,R
689254,Mason Fluharty,2026-08-14,822777,TOR,0,2,2,0,0,0,L
686973,Louis Varland,2026-08-14,822777,TOR,0,3,3,0,0,0,R
543037,Gerrit Cole,2026-08-14,822777,NYY,1,24,22,5,0,5,R
621112,Paul Blackburn,2026-08-14,822777,NYY,0,5,5,2,0,1,R
690440,Bradley Hanner,2026-08-14,822777,NYY,0,4,4,1,1,2,R
571927,Steven Matz,2026-08-14,822942,TB,1,3,3,0,0,1,L
669947,Jesse Scholtens,2026-08-14,822942,TB,0,13,10,4,1,2,R
592155,Cam Booser,2026-08-14,822942,TB,0,3,3,0,0,2,L
669330,Tyler Wells,2026-08-14,822942,TB,0,3,3,1,0,0,R
664076,Garrett Cleavinger,2026-08-14,822942,TB,0,4,3,2,0,0,L
687330,Kevin Kelly,2026-08-14,822942,TB,0,2,2,1,0,0,R
688297,Chris Roycroft,2026-08-14,822942,TB,0,10,10,4,1,1,R
605135,Chris Bassitt,2026-08-14,822942,BAL,1,24,21,5,0,3,R
677020,Josh Walker,2026-08-14,822942,BAL,0,2,2,0,0,1,L
552640,Andrew Kittredge,2026-08-14,822942,BAL,0,4,4,1,0,1,R
670329,Rico Garcia,2026-08-14,822942,BAL,0,4,3,0,0,0,R
666974,Yennier Cano,2026-08-14,822942,BAL,0,6,5,3,0,1,R
676742,Cam Sanders,2026-08-14,822942,BAL,0,2,1,0,0,0,R
694738,Landen Roupp,2026-08-14,823185,SF,1,26,22,5,1,5,R
665665,Reiver Sanmartin,2026-08-14,823185,SF,0,1,1,0,0,1,L
664141,JT Brubaker,2026-08-14,823185,SF,0,3,3,0,0,1,R
805345,Trent Harris,2026-08-14,823185,SF,0,8,5,1,0,3,R
671345,Jason Foley,2026-08-14,823185,SF,0,3,1,0,0,0,R
607536,Kyle Freeland,2026-08-14,823185,COL,1,27,26,4,1,2,L
657514,Brennan Bernardino,2026-08-14,823185,COL,0,5,5,3,0,0,L
696149,Bubba Chandler,2026-08-14,823346,PIT,1,20,17,4,0,5,R
642397,Gregory Soto,2026-08-14,823346,PIT,0,4,3,0,0,1,L
666808,Camilo Doval,2026-08-14,823346,PIT,0,6,5,2,0,1,R
596133,Luke Weaver,2026-08-14,823346,PIT,0,3,3,0,0,1,R
489446,Kirby Yates,2026-08-14,823346,PIT,0,5,5,3,0,1,R
682254,Mason Montgomery,2026-08-14,823346,PIT,0,1,1,0,0,1,L
687562,Jake Bennett,2026-08-14,823346,BOS,1,18,17,5,1,6,L
663558,Jovani Morán,2026-08-14,823346,BOS,0,6,5,2,1,2,L
687941,Alec Gamboa,2026-08-14,823346,BOS,0,11,10,2,0,0,L
476594,Robert Stock,2026-08-14,823591,NYM,1,21,17,3,0,5,R
681320,Nate Lavender,2026-08-14,823591,NYM,0,2,2,0,0,0,L
702752,Jonathan Pintaro,2026-08-14,823591,NYM,0,7,6,1,0,2,R
650960,Daniel Duarte,2026-08-14,823591,NYM,0,3,3,0,0,1,R
673540,Kodai Senga,2026-08-14,823591,NYM,0,5,4,1,0,1,R
674841,Andrew Alvarez,2026-08-14,823591,WSH,1,21,20,2,1,4,L
656234,Jake Bird,2026-08-14,823591,WSH,0,8,6,3,1,1,R
668820,Max Kranick,2026-08-14,823591,WSH,0,6,6,2,0,3,R
808967,Yoshinobu Yamamoto,2026-08-14,823913,LAD,1,23,20,4,0,9,R
623465,Evan Phillips,2026-08-14,823913,LAD,0,3,3,0,0,0,R
656945,Tanner Scott,2026-08-14,823913,LAD,0,4,4,1,0,2,L
621242,Edwin Díaz,2026-08-14,823913,LAD,0,6,3,0,0,1,R
688107,Robert Gasser,2026-08-14,823913,MIL,1,28,27,8,2,7,L
681982,Grant Anderson,2026-08-14,823913,MIL,0,3,2,0,0,0,R
669060,Bryse Wilson,2026-08-14,823913,MIL,0,3,3,0,0,3,R
680570,Grayson Rodriguez,2026-08-14,823993,LAA,1,17,15,3,1,5,R
671111,Sammy Peralta,2026-08-14,823993,LAA,0,10,8,4,1,3,L
642048,Tayler Saucedo,2026-08-14,823993,LAA,0,3,3,2,0,0,L
684665,Luke Murphy,2026-08-14,823993,LAA,0,5,5,1,0,0,R
670245,Ryan Watson,2026-08-14,823993,LAA,0,3,3,0,0,2,R
607625,Seth Lugo,2026-08-14,823993,KC,1,21,20,7,0,4,R
621016,Jose Cuas,2026-08-14,823993,KC,0,2,1,0,0,0,R
656638,Alex Lange,2026-08-14,823993,KC,0,5,5,2,1,2,R
670167,John Schreiber,2026-08-14,823993,KC,0,3,3,0,0,0,R
663878,Nate Pearson,2026-08-14,823993,KC,0,3,3,0,0,2,R
674444,Steven Cruz,2026-08-14,823993,KC,0,4,4,1,0,1,R
663567,Peter Lambert,2026-08-14,824159,HOU,1,22,18,4,0,6,R
656986,Bennett Sousa,2026-08-14,824159,HOU,0,5,5,2,0,2,L
595345,Steven Okert,2026-08-14,824159,HOU,0,3,3,1,0,1,L
650556,Bryan Abreu,2026-08-14,824159,HOU,0,7,5,2,0,0,R
623352,Josh Hader,2026-08-14,824159,HOU,0,5,5,2,0,2,L
660853,Enyel De Los Santos,2026-08-14,824159,HOU,0,4,3,1,0,0,R
669923,George Kirby,2026-08-14,824159,SEA,1,24,21,8,1,2,R
621074,Michael Rucker,2026-08-14,824159,SEA,0,4,4,0,0,1,R
642100,Gabe Speier,2026-08-14,824159,SEA,0,3,3,0,0,1,L
660825,Eduard Bazardo,2026-08-14,824159,SEA,0,6,6,0,0,2,R
662253,Andrés Muñoz,2026-08-14,824159,SEA,0,6,6,4,1,1,R
695549,Jackson Jobe,2026-08-14,824237,DET,1,23,20,9,2,4,R
621097,Jacob Waguespack,2026-08-14,824237,DET,0,4,4,0,0,0,R
646241,Enmanuel De Jesus,2026-08-14,824237,DET,0,11,9,3,1,1,L
680744,Ty Madden,2026-08-14,824237,DET,0,7,7,2,1,1,R
656794,Sean Newcomb,2026-08-14,824237,CWS,1,5,4,0,0,2,L
664353,José Urquidy,2026-08-14,824237,CWS,0,16,16,5,1,3,R
623211,Huascar Brazobán,2026-08-14,824237,CWS,0,7,7,3,1,0,R
691799,Grant Taylor,2026-08-14,824237,CWS,0,6,6,1,0,0,R
663542,Bryan Hudson,2026-08-14,824237,CWS,0,4,4,1,0,2,L
668909,Gavin Williams,2026-08-14,824399,CLE,1,24,20,7,2,5,R
684974,Craig Yoho,2026-08-14,824399,CLE,0,3,2,0,0,1,R
680916,Franco Aleman,2026-08-14,824399,CLE,0,3,3,1,0,0,R
670059,Colin Holderman,2026-08-14,824399,CLE,0,5,3,2,0,0,R
682120,Tim Herrin,2026-08-14,824399,CLE,0,3,3,0,0,1,L
670036,Matt Festa,2026-08-14,824399,CLE,0,5,5,2,0,1,R
650633,Michael King,2026-08-14,824399,SD,1,26,25,8,2,4,R
673513,Yuki Matsui,2026-08-14,824399,SD,0,4,3,0,0,0,L
669093,Jeremiah Estrada,2026-08-14,824399,SD,0,5,5,1,0,2,R
699134,Bradgley Rodriguez,2026-08-14,824399,SD,0,4,4,1,0,2,R
695505,Chase Burns,2026-08-14,824479,CIN,1,24,24,4,0,8,R
656271,Brock Burke,2026-08-14,824479,CIN,0,3,3,0,0,3,L
641941,Emilio Pagán,2026-08-14,824479,CIN,0,3,3,0,0,0,R
645261,Sandy Alcantara,2026-08-14,824479,MIA,1,28,24,3,0,2,R
694795,Josh Ekness,2026-08-14,824479,MIA,0,6,6,3,0,1,R
605280,Clay Holmes,2026-08-14,824643,CHC,1,22,21,1,0,3,R
669020,Ryan Rolison,2026-08-14,824643,CHC,0,1,1,0,0,0,L
666171,Ryan Zeferjahn,2026-08-14,824643,CHC,0,5,4,1,0,2,R
657097,Jacob Webb,2026-08-14,824643,CHC,0,4,4,1,0,1,R
669461,Matthew Liberatore,2026-08-14,824643,STL,1,19,18,2,0,6,L
666277,George Soriano,2026-08-14,824643,STL,0,4,3,2,1,0,R
657265,Peter Strzelecki,2026-08-14,824643,STL,0,9,8,2,0,0,R
519242,Chris Sale,2026-08-14,824882,ATL,1,23,23,5,0,9,L
800311,Didier Fuentes,2026-08-14,824882,ATL,0,4,3,1,0,1,R
689266,Dylan Dodd,2026-08-14,824882,ATL,0,6,5,2,0,0,L
641755,Tyler Kinley,2026-08-14,824882,ATL,0,6,4,2,1,1,R
694297,Brandon Pfaadt,2026-08-14,824882,AZ,1,23,23,2,0,7,R
666661,Juan Morillo,2026-08-14,824882,AZ,0,4,4,1,0,2,R
805299,Brandyn Garcia,2026-08-14,824882,AZ,0,3,3,0,0,2,L
695611,Gage Jump,2026-08-14,824968,ATH,1,23,19,3,1,1,L
665622,Luis Medina,2026-08-14,824968,ATH,0,5,4,0,0,2,R
680723,Drew Rom,2026-08-14,824968,ATH,0,3,3,1,0,1,L
665660,Elvis Alvarado,2026-08-14,824968,ATH,0,3,2,0,0,1,R
663687,Hogan Harris,2026-08-14,824968,ATH,0,4,4,0,0,0,L
677958,Kumar Rocker,2026-08-14,824968,TEX,1,25,19,4,0,3,R
681217,Chase Silseth,2026-08-14,824968,TEX,0,4,4,1,1,2,R
695239,Robby Ahlstrom,2026-08-14,824968,TEX,0,4,4,1,1,2,L
641302,Tyler Alexander,2026-08-14,824968,TEX,0,7,5,3,0,1,L
594835,Marco Gonzales,2026-08-14,824968,TEX,0,1,1,0,0,0,L
680755,Braydon Fisher,2026-08-15,822775,TOR,1,4,3,0,0,0,R
694357,Ricky Tiedemann,2026-08-15,822775,TOR,0,7,7,2,0,2,L
680573,Simeon Woods Richardson,2026-08-15,822775,TOR,0,7,6,0,0,2,R
689254,Mason Fluharty,2026-08-15,822775,TOR,0,3,3,0,0,0,L
693686,Spencer Miles,2026-08-15,822775,TOR,0,3,3,1,0,1,R
643511,Tyler Rogers,2026-08-15,822775,TOR,0,4,4,1,0,1,R
686973,Louis Varland,2026-08-15,822775,TOR,0,3,3,0,0,3,R
693645,Cam Schlittler,2026-08-15,822775,NYY,1,23,19,4,0,7,R
687396,Brent Headrick,2026-08-15,822775,NYY,0,6,5,3,0,1,L
621112,Paul Blackburn,2026-08-15,822775,NYY,0,3,2,0,0,1,R
657612,Tim Hill,2026-08-15,822775,NYY,0,6,5,3,0,0,L
660787,Yerry De los Santos,2026-08-15,822775,NYY,0,2,1,0,0,0,R
693855,Ian Seymour,2026-08-15,822941,TB,1,26,25,6,2,9,L
668984,Casey Legumina,2026-08-15,822941,TB,0,6,6,0,0,4,R
592155,Cam Booser,2026-08-15,822941,TB,0,4,4,1,0,0,L
641329,Bryan Baker,2026-08-15,822941,TB,0,6,4,2,0,2,R
680694,Kyle Bradish,2026-08-15,822941,BAL,1,27,23,7,0,3,R
695380,Alex Hoppe,2026-08-15,822941,BAL,0,3,3,1,0,0,R
677020,Josh Walker,2026-08-15,822941,BAL,0,1,1,0,0,0,L
670329,Rico Garcia,2026-08-15,822941,BAL,0,3,3,0,0,0,R
552640,Andrew Kittredge,2026-08-15,822941,BAL,0,6,6,3,0,0,R
676742,Cam Sanders,2026-08-15,822941,BAL,0,4,3,0,0,2,R
657277,Logan Webb,2026-08-15,823184,SF,1,22,22,4,0,7,R
693313,Carson Seymour,2026-08-15,823184,SF,0,7,7,1,0,3,R
681916,Dylan Smith,2026-08-15,823184,SF,0,3,3,0,0,1,R
547179,Michael Lorenzen,2026-08-15,823184,COL,1,19,14,4,1,1,R
656786,Parker Mushinski,2026-08-15,823184,COL,0,4,4,3,0,0,L
685299,Tanner Gordon,2026-08-15,823184,COL,0,15,15,3,0,4,R
683003,Jared Jones,2026-08-15,823347,PIT,1,20,18,4,1,7,R
696062,Wilber Dotel,2026-08-15,823347,PIT,0,7,5,0,0,2,R
642397,Gregory Soto,2026-08-15,823347,PIT,0,4,4,1,0,0,L
596133,Luke Weaver,2026-08-15,823347,PIT,0,7,7,4,0,2,R
543243,Sonny Gray,2026-08-15,823347,BOS,1,26,25,6,0,7,R
669062,Erik Miller,2026-08-15,823347,BOS,0,3,3,0,0,1,L
547973,Aroldis Chapman,2026-08-15,823347,BOS,0,3,3,0,0,2,L
640455,Sean Manaea,2026-08-15,823588,NYM,1,27,24,6,2,7,L
673380,Dedniel Núñez,2026-08-15,823588,NYM,0,3,3,1,0,1,R
642376,Jefry Yan,2026-08-15,823588,NYM,0,5,5,0,0,3,L
695418,Brad Lord,2026-08-15,823588,WSH,1,7,3,1,0,1,R
702021,Will Dion,2026-08-15,823588,WSH,0,14,13,0,0,7,L
676680,Tom Cosgrove,2026-08-15,823588,WSH,0,4,4,2,1,1,L
687377,Orlando Ribalta,2026-08-15,823588,WSH,0,3,3,0,0,1,R
690925,Clayton Beeter,2026-08-15,823588,WSH,0,5,4,2,0,1,R
672442,Yovanny Cruz,2026-08-15,823588,WSH,0,5,4,3,0,1,R
687570,Connor Prielipp,2026-08-15,823671,MIN,1,26,21,8,1,6,L
681892,Kody Funderburk,2026-08-15,823671,MIN,0,5,5,2,0,1,L
702193,Andrew Morris,2026-08-15,823671,MIN,0,5,4,1,0,1,R
621345,A.J. Minter,2026-08-15,823671,MIN,0,4,4,1,0,0,L
656546,Jeff Hoffman,2026-08-15,823671,MIN,0,5,3,1,0,0,R
666200,Jesús Luzardo,2026-08-15,823671,PHI,1,28,26,7,0,9,L
686934,Alex McFarlane,2026-08-15,823671,PHI,0,6,5,1,0,3,R
663767,Chase Shugart,2026-08-15,823671,PHI,0,5,4,1,0,2,R
680736,Justin Wrobleski,2026-08-15,823914,LAD,1,24,22,4,2,6,L
642546,Jonathan Hernández,2026-08-15,823914,LAD,0,11,10,1,0,4,R
694819,Jacob Misiorowski,2026-08-15,823914,MIL,1,24,23,5,0,6,R
622608,Antonio Senzatela,2026-08-15,823914,MIL,0,3,3,0,0,0,R
676879,Aaron Ashby,2026-08-15,823914,MIL,0,8,7,0,0,2,L
672282,Reid Detmers,2026-08-15,823990,LAA,1,25,25,2,0,11,L
690829,Ben Joyce,2026-08-15,823990,LAA,0,3,3,0,0,2,R
677976,Randy Dobnak,2026-08-15,823990,KC,1,23,20,4,0,6,R
518886,Craig Kimbrel,2026-08-15,823990,KC,0,4,4,1,0,0,R
663878,Nate Pearson,2026-08-15,823990,KC,0,5,4,1,0,1,R
669713,Hayden Wesneski,2026-08-15,824157,HOU,1,20,19,7,0,6,R
687911,Bryan King,2026-08-15,824157,HOU,0,5,5,1,0,1,L
669854,Ronel Blanco,2026-08-15,824157,HOU,0,20,19,7,1,3,R
676106,Emerson Hancock,2026-08-15,824157,SEA,1,26,24,5,1,8,R
678606,José A. Ferrer,2026-08-15,824157,SEA,0,5,5,2,1,0,L
622554,Seranthony Domínguez,2026-08-15,824157,SEA,0,4,4,1,0,0,R
675512,Troy Melton,2026-08-15,824239,DET,1,22,21,9,0,4,R
805427,Drew Sommers,2026-08-15,824239,DET,0,9,8,2,0,4,L
640448,Kyle Finnegan,2026-08-15,824239,DET,0,5,5,0,0,1,R
663432,Tanner Rainey,2026-08-15,824239,DET,0,3,3,1,0,1,R
641743,Anthony Kay,2026-08-15,824239,CWS,1,22,21,6,1,4,L
663855,Jordan Hicks,2026-08-15,824239,CWS,0,5,5,0,0,3,R
691799,Grant Taylor,2026-08-15,824239,CWS,0,3,3,1,0,1,R
663542,Bryan Hudson,2026-08-15,824239,CWS,0,3,3,0,0,1,L
676282,Joey Cantillo,2026-08-15,824400,CLE,1,20,17,1,0,7,L
670059,Colin Holderman,2026-08-15,824400,CLE,0,3,2,0,0,0,R
683769,Hunter Gaddis,2026-08-15,824400,CLE,0,4,4,0,0,2,R
681870,Erik Sabrowski,2026-08-15,824400,CLE,0,3,3,0,0,2,L
593974,Wandy Peralta,2026-08-15,824400,SD,1,5,5,3,0,1,L
606996,Kyle Hart,2026-08-15,824400,SD,0,5,4,1,0,2,L
681190,Randy Vásquez,2026-08-15,824400,SD,0,23,21,7,0,5,R
656288,Griffin Canning,2026-08-15,824400,SD,0,3,3,0,0,1,R
663903,Brady Singer,2026-08-15,824480,CIN,1,27,23,8,2,4,R
682825,Luis Mey,2026-08-15,824480,CIN,0,5,5,2,0,2,R
622088,Tejay Antone,2026-08-15,824480,CIN,0,4,1,1,0,0,R
594580,Sam Moll,2026-08-15,824480,CIN,0,4,3,2,0,0,L
572955,Pierce Johnson,2026-08-15,824480,CIN,0,1,1,0,0,0,R
676760,Ron Marinaccio,2026-08-15,824480,CIN,0,5,4,1,0,2,R
687473,Ryan Gusto,2026-08-15,824480,MIA,1,21,21,6,2,6,R
676534,Calvin Faucher,2026-08-15,824480,MIA,0,4,4,0,0,2,R
676604,Tyler Zuber,2026-08-15,824480,MIA,0,5,5,2,0,1,R
656848,Michael Petersen,2026-08-15,824480,MIA,0,3,3,0,0,1,R
664126,Pete Fairbanks,2026-08-15,824480,MIA,0,3,3,0,0,3,R
571510,Matthew Boyd,2026-08-15,824644,CHC,1,25,20,5,4,2,L
663423,Trent Thornton,2026-08-15,824644,CHC,0,2,2,0,0,1,R
573204,Caleb Thielbar,2026-08-15,824644,CHC,0,3,2,0,0,0,L
607067,Colin Rea,2026-08-15,824644,CHC,0,8,8,2,1,1,R
700241,Michael McGreevy,2026-08-15,824644,STL,1,25,23,5,1,6,R
677865,Justin Bruihl,2026-08-15,824644,STL,0,3,3,1,0,0,L
592773,Ryne Stanek,2026-08-15,824644,STL,0,4,4,2,0,0,R
676617,Riley O'Brien,2026-08-15,824644,STL,0,3,3,0,0,0,R
656550,Grant Holmes,2026-08-15,824884,ATL,1,20,17,6,1,3,R
682989,Victor Mederos,2026-08-15,824884,ATL,0,5,5,1,0,2,R
608718,Brent Suter,2026-08-15,824884,ATL,0,14,13,4,1,0,L
664849,Danny Young,2026-08-15,824884,ATL,0,7,5,2,1,3,L
593958,Eduardo Rodriguez,2026-08-15,824884,AZ,1,23,23,5,1,5,L
642528,Jonathan Loáisiga,2026-08-15,824884,AZ,0,3,3,0,0,0,R
656464,Kevin Ginkel,2026-08-15,824884,AZ,0,3,3,0,0,0,R
691769,Philip Abner,2026-08-15,824884,AZ,0,4,4,1,0,0,L
669372,J.T. Ginn,2026-08-15,824966,ATH,1,25,24,8,1,7,R
669620,Brady Basso,2026-08-15,824966,ATH,0,6,6,1,0,2,L
656240,Scott Blewett,2026-08-15,824966,ATH,0,6,5,2,0,1,R
669022,MacKenzie Gore,2026-08-15,824966,TEX,1,27,25,8,1,5,L
681217,Chase Silseth,2026-08-15,824966,TEX,0,1,1,0,0,0,R
596001,Jakob Junis,2026-08-15,824966,TEX,0,3,3,0,0,0,R
656641,Jacob Latz,2026-08-15,824966,TEX,0,6,5,0,0,2,L
656302,Dylan Cease,2026-08-16,822774,TOR,1,24,20,2,0,10,R
663893,Brendon Little,2026-08-16,822774,TOR,0,5,3,1,0,1,L
623149,Paul Sewald,2026-08-16,822774,TOR,0,6,6,1,0,1,R
680755,Braydon Fisher,2026-08-16,822774,TOR,0,4,3,2,1,0,R
677960,Ryan Weathers,2026-08-16,822774,NYY,1,26,25,6,0,4,L
670280,David Bednar,2026-08-16,822774,NYY,0,7,5,0,0,1,R
657612,Tim Hill,2026-08-16,822774,NYY,0,4,4,1,0,0,L
642547,Freddy Peralta,2026-08-16,822940,TB,1,18,14,1,0,2,R
664076,Garrett Cleavinger,2026-08-16,822940,TB,0,3,3,2,0,0,L
571927,Steven Matz,2026-08-16,822940,TB,0,7,6,4,1,0,L
671212,Joe Boyle,2026-08-16,822940,TB,0,15,12,2,0,5,R
669432,Trevor Rogers,2026-08-16,822940,BAL,1,26,25,7,1,6,L
695380,Alex Hoppe,2026-08-16,822940,BAL,0,3,3,0,0,2,R
664991,Grant Wolfram,2026-08-16,822940,BAL,0,4,4,1,0,1,L
544150,Albert Suárez,2026-08-16,822940,BAL,0,4,4,1,0,1,R
694918,Blade Tidwell,2026-08-16,823182,SF,1,19,14,3,1,1,R
656529,Sam Hentges,2026-08-16,823182,SF,0,7,4,1,0,1,L
664141,JT Brubaker,2026-08-16,823182,SF,0,3,0,0,0,0,R
665665,Reiver Sanmartin,2026-08-16,823182,SF,0,4,4,2,0,0,L
676775,Keaton Winn,2026-08-16,823182,SF,0,4,3,2,1,0,R
805345,Trent Harris,2026-08-16,823182,SF,0,4,4,1,0,2,R
671345,Jason Foley,2026-08-16,823182,SF,0,3,3,0,0,1,R
687312,Gabriel Hughes,2026-08-16,823182,COL,1,21,20,8,1,2,R
693308,Nick Frasso,2026-08-16,823182,COL,0,6,4,1,0,2,R
656786,Parker Mushinski,2026-08-16,823182,COL,0,4,3,0,0,0,L
623474,Jimmy Herget,2026-08-16,823182,COL,0,4,3,0,0,1,R
688642,Zach Agnos,2026-08-16,823182,COL,0,7,7,2,0,2,R
669199,Lake Bachar,2026-08-16,823344,PIT,1,11,10,2,0,4,R
682995,Hunter Barco,2026-08-16,823344,PIT,0,12,11,2,1,4,L
489446,Kirby Yates,2026-08-16,823344,PIT,0,3,3,0,0,2,R
666808,Camilo Doval,2026-08-16,823344,PIT,0,5,4,1,0,1,R
682254,Mason Montgomery,2026-08-16,823344,PIT,0,3,3,0,0,2,L
663776,Patrick Sandoval,2026-08-16,823344,BOS,1,24,20,9,0,6,L
670103,Raymond Burgos,2026-08-16,823344,BOS,0,14,13,2,0,1,L
681035,Christian Scott,2026-08-16,823590,NYM,1,27,24,5,1,7,R
681320,Nate Lavender,2026-08-16,823590,NYM,0,2,2,0,0,1,L
650960,Daniel Duarte,2026-08-16,823590,NYM,0,3,3,0,0,1,R
673540,Kodai Senga,2026-08-16,823590,NYM,0,3,3,0,0,2,R
663623,Jake Irvin,2026-08-16,823590,WSH,1,27,24,8,1,6,R
668820,Max Kranick,2026-08-16,823590,WSH,0,4,4,1,0,1,R
656234,Jake Bird,2026-08-16,823590,WSH,0,4,4,1,0,2,R
665152,Dean Kremer,2026-08-16,823670,MIN,1,23,21,5,1,6,R
681892,Kody Funderburk,2026-08-16,823670,MIN,0,2,2,0,0,0,L
621345,A.J. Minter,2026-08-16,823670,MIN,0,3,3,0,0,1,L
702193,Andrew Morris,2026-08-16,823670,MIN,0,8,7,4,0,0,R
573124,Taylor Rogers,2026-08-16,823670,MIN,0,3,3,0,0,0,L
691725,Andrew Painter,2026-08-16,823670,PHI,1,23,19,6,2,2,R
641835,Tim Mayza,2026-08-16,823670,PHI,0,3,3,0,0,2,L
689147,Orion Kerkering,2026-08-16,823670,PHI,0,3,3,0,0,0,R
680742,Jonathan Bowlan,2026-08-16,823670,PHI,0,4,3,0,0,2,R
661395,Jhoan Duran,2026-08-16,823670,PHI,0,5,4,1,0,3,R
669373,Tarik Skubal,2026-08-16,823912,LAD,1,27,25,7,0,7,L
683618,Edgardo Henriquez,2026-08-16,823912,LAD,0,3,3,1,0,0,R
681911,Alex Vesia,2026-08-16,823912,LAD,0,3,3,2,0,0,L
669165,Kyle Hurt,2026-08-16,823912,LAD,0,6,5,1,0,3,R
676263,Jack Dreyer,2026-08-16,823912,LAD,0,4,3,0,0,2,L
701656,Logan Henderson,2026-08-16,823912,MIL,1,24,23,3,1,6,R
694477,Chad Patrick,2026-08-16,823912,MIL,0,3,3,2,0,0,R
676879,Aaron Ashby,2026-08-16,823912,MIL,0,1,1,0,0,0,L
669084,DL Hall,2026-08-16,823912,MIL,0,4,4,1,1,1,L
696270,Ryan Johnson,2026-08-16,823991,LAA,1,22,20,5,2,4,R
676620,Blake Weiman,2026-08-16,823991,LAA,0,6,5,2,0,1,L
605242,Michael Fulmer,2026-08-16,823991,LAA,0,6,5,0,0,1,R
684665,Luke Murphy,2026-08-16,823991,LAA,0,4,3,0,0,2,R
702070,Noah Cameron,2026-08-16,823991,KC,1,29,28,1,0,8,L
686613,Hunter Brown,2026-08-16,824156,HOU,1,22,17,3,1,5,R
656986,Bennett Sousa,2026-08-16,824156,HOU,0,6,5,3,1,1,L
650556,Bryan Abreu,2026-08-16,824156,HOU,0,6,4,1,0,0,R
595345,Steven Okert,2026-08-16,824156,HOU,0,3,3,0,0,1,L
623352,Josh Hader,2026-08-16,824156,HOU,0,4,4,1,0,1,L
693433,Bryan Woo,2026-08-16,824156,SEA,1,22,20,3,2,5,R
660825,Eduard Bazardo,2026-08-16,824156,SEA,0,4,4,1,0,1,R
642100,Gabe Speier,2026-08-16,824156,SEA,0,4,4,2,0,0,L
622554,Seranthony Domínguez,2026-08-16,824156,SEA,0,2,2,1,0,1,R
662253,Andrés Muñoz,2026-08-16,824156,SEA,0,4,3,0,0,2,R
623454,Drew Anderson,2026-08-16,824236,DET,1,21,19,4,1,5,R
663947,Tyler Holton,2026-08-16,824236,DET,0,8,6,3,1,1,L
663432,Tanner Rainey,2026-08-16,824236,DET,0,5,3,0,0,2,R
621097,Jacob Waguespack,2026-08-16,824236,DET,0,7,7,1,1,1,R
680732,Sean Burke,2026-08-16,824236,CWS,1,21,18,5,1,2,R
696146,Hagen Smith,2026-08-16,824236,CWS,0,6,5,0,0,1,L
623211,Huascar Brazobán,2026-08-16,824236,CWS,0,4,4,2,0,0,R
656794,Sean Newcomb,2026-08-16,824236,CWS,0,8,7,0,0,2,L
676440,Tanner Bibee,2026-08-16,824397,CLE,1,27,24,7,2,3,R
670036,Matt Festa,2026-08-16,824397,CLE,0,4,3,1,0,0,R
682120,Tim Herrin,2026-08-16,824397,CLE,0,4,3,1,1,2,L
671106,Logan Allen,2026-08-16,824397,CLE,0,4,4,1,1,0,L
671922,Cade Smith,2026-08-16,824397,CLE,0,1,1,0,0,0,R
663554,Casey Mize,2026-08-16,824397,SD,1,21,20,3,0,3,R
669093,Jeremiah Estrada,2026-08-16,824397,SD,0,4,3,0,0,1,R
670970,Adrian Morejon,2026-08-16,824397,SD,0,3,3,0,0,0,L
673513,Yuki Matsui,2026-08-16,824397,SD,0,4,3,0,0,2,L
666157,Nick Lodolo,2026-08-16,824477,CIN,1,19,17,3,0,2,L
670062,Julian Garcia,2026-08-16,824477,CIN,0,7,7,1,0,4,R
622088,Tejay Antone,2026-08-16,824477,CIN,0,7,5,2,1,0,R
676760,Ron Marinaccio,2026-08-16,824477,CIN,0,12,8,2,1,2,R
691587,Eury Pérez,2026-08-16,824477,MIA,1,23,18,2,0,5,R
694795,Josh Ekness,2026-08-16,824477,MIA,0,3,3,0,0,1,R
656848,Michael Petersen,2026-08-16,824477,MIA,0,4,4,1,1,1,R
676604,Tyler Zuber,2026-08-16,824477,MIA,0,3,3,1,0,1,R
665795,Edward Cabrera,2026-08-16,824642,CHC,1,20,16,6,1,2,R
669020,Ryan Rolison,2026-08-16,824642,CHC,0,6,5,2,1,0,L
650644,Aaron Civale,2026-08-16,824642,CHC,0,9,8,2,0,4,R
573204,Caleb Thielbar,2026-08-16,824642,CHC,0,4,3,1,0,2,L
663423,Trent Thornton,2026-08-16,824642,CHC,0,2,2,1,0,1,R
608348,Carson Kelly,2026-08-16,824642,CHC,0,4,4,1,0,0,R
690928,Hunter Dobbins,2026-08-16,824642,STL,1,21,17,2,1,7,R
703725,Luis Gastelum,2026-08-16,824642,STL,0,7,7,1,0,3,R
700669,Gordon Graceffo,2026-08-16,824642,STL,0,6,4,2,0,0,R
657571,Caleb Ferguson,2026-08-16,824642,STL,0,4,4,1,1,1,L
693821,Bryce Elder,2026-08-16,824880,ATL,1,23,21,4,1,5,R
800311,Didier Fuentes,2026-08-16,824880,ATL,0,4,4,1,1,2,R
669276,Dylan Lee,2026-08-16,824880,ATL,0,3,3,0,0,2,L
628452,Raisel Iglesias,2026-08-16,824880,ATL,0,5,4,1,0,0,R
647336,Michael Soroka,2026-08-16,824880,AZ,1,24,23,6,0,5,R
664199,Taylor Clarke,2026-08-16,824880,AZ,0,3,2,1,0,1,R
805299,Brandyn Garcia,2026-08-16,824880,AZ,0,4,3,1,1,2,L
672629,Gerardo Carrillo,2026-08-16,824880,AZ,0,4,3,0,0,0,R
682052,Jacob Lopez,2026-08-16,824965,ATH,1,24,21,5,1,6,L
665622,Luis Medina,2026-08-16,824965,ATH,0,4,4,1,0,2,R
665660,Elvis Alvarado,2026-08-16,824965,ATH,0,3,3,1,0,1,R
680723,Drew Rom,2026-08-16,824965,ATH,0,1,1,0,0,1,L
663687,Hogan Harris,2026-08-16,824965,ATH,0,3,3,0,0,2,L
674003,Cody Bradford,2026-08-16,824965,TEX,1,19,18,8,1,4,L
681217,Chase Silseth,2026-08-16,824965,TEX,0,4,3,0,0,0,R
641302,Tyler Alexander,2026-08-16,824965,TEX,0,3,2,0,0,0,L
596001,Jakob Junis,2026-08-16,824965,TEX,0,5,5,2,1,1,R
682608,Peyton Gray,2026-08-16,824965,TEX,0,5,4,3,1,0,R
668390,Cole Winn,2026-08-16,824965,TEX,0,2,2,0,0,0,R
663556,Shane McClanahan,2026-08-17,822939,TB,1,14,14,4,1,3,L
668984,Casey Legumina,2026-08-17,822939,TB,0,5,4,2,0,1,R
669330,Tyler Wells,2026-08-17,822939,TB,0,6,6,3,2,0,R
687330,Kevin Kelly,2026-08-17,822939,TB,0,5,5,2,0,1,R
592155,Cam Booser,2026-08-17,822939,TB,0,7,6,2,0,3,L
641329,Bryan Baker,2026-08-17,822939,TB,0,6,6,1,0,2,R
687064,Brandon Young,2026-08-17,822939,BAL,1,20,19,8,3,3,R
676742,Cam Sanders,2026-08-17,822939,BAL,0,6,6,0,0,3,R
666974,Yennier Cano,2026-08-17,822939,BAL,0,4,3,3,0,0,R
677020,Josh Walker,2026-08-17,822939,BAL,0,4,3,1,0,0,L
670329,Rico Garcia,2026-08-17,822939,BAL,0,4,3,0,0,2,R
669387,Carmen Mlodzinski,2026-08-17,823343,PIT,1,18,17,8,1,3,R
676755,Isaac Mattson,2026-08-17,823343,PIT,0,10,8,2,0,1,R
670990,Yohan Ramírez,2026-08-17,823343,PIT,0,8,5,2,0,0,R
489446,Kirby Yates,2026-08-17,823343,PIT,0,3,3,0,0,1,R
642397,Gregory Soto,2026-08-17,823343,PIT,0,5,5,2,0,3,L
666808,Camilo Doval,2026-08-17,823343,PIT,0,4,2,0,0,0,R
664285,Framber Valdez,2026-08-17,823343,DET,1,26,22,5,0,5,L
640448,Kyle Finnegan,2026-08-17,823343,DET,0,5,4,1,0,1,R
805427,Drew Sommers,2026-08-17,823343,DET,0,5,5,0,0,3,L
445276,Kenley Jansen,2026-08-17,823343,DET,0,3,3,0,0,2,R
650911,Cristopher Sánchez,2026-08-17,823427,PHI,1,27,24,8,0,6,L
680742,Jonathan Bowlan,2026-08-17,823427,PHI,0,7,6,3,0,2,R
548384,Brooks Raley,2026-08-17,823427,PHI,0,3,3,1,1,0,L
689147,Orion Kerkering,2026-08-17,823427,PHI,0,1,1,0,0,1,R
661395,Jhoan Duran,2026-08-17,823427,PHI,0,5,5,2,0,0,R
676083,Janson Junk,2026-08-17,823427,MIA,1,23,20,8,0,2,R
667463,John King,2026-08-17,823427,MIA,0,7,2,1,0,0,L
680767,Victor Vodnik,2026-08-17,823427,MIA,0,7,4,0,0,0,R
806188,Cade Gibson,2026-08-17,823427,MIA,0,5,5,2,0,0,L
690997,Nolan McLean,2026-08-17,823589,NYM,1,26,20,6,0,3,R
702752,Jonathan Pintaro,2026-08-17,823589,NYM,0,5,4,1,0,0,R
681320,Nate Lavender,2026-08-17,823589,NYM,0,2,2,0,0,0,L
650960,Daniel Duarte,2026-08-17,823589,NYM,0,3,3,0,0,2,R
621111,Walker Buehler,2026-08-17,823589,SD,1,21,18,2,0,4,R
606996,Kyle Hart,2026-08-17,823589,SD,0,8,8,3,0,3,L
641927,Bailey Ober,2026-08-17,823668,MIN,1,20,19,6,0,4,R
573124,Taylor Rogers,2026-08-17,823668,MIN,0,2,2,0,0,0,L
701519,Travis Adams,2026-08-17,823668,MIN,0,6,6,0,0,3,R
656546,Jeff Hoffman,2026-08-17,823668,MIN,0,5,4,1,0,1,R
672782,Yoendrys Gómez,2026-08-17,823668,MIN,0,4,3,0,0,0,R
527048,Martín Pérez,2026-08-17,823668,ATL,1,25,23,9,0,3,L
682989,Victor Mederos,2026-08-17,823668,ATL,0,3,3,0,0,1,R
641755,Tyler Kinley,2026-08-17,823668,ATL,0,4,2,0,0,1,R
678061,Ray Kerr,2026-08-17,823668,ATL,0,7,5,1,0,0,L
608379,Michael Wacha,2026-08-17,824077,KC,1,20,20,6,3,3,R
671162,Connor Thomas,2026-08-17,824077,KC,0,3,3,1,0,1,L
670167,John Schreiber,2026-08-17,824077,KC,0,3,3,0,0,0,R
663878,Nate Pearson,2026-08-17,824077,KC,0,5,3,0,0,0,R
668674,Lucas Erceg,2026-08-17,824077,KC,0,3,1,1,0,0,R
674444,Steven Cruz,2026-08-17,824077,KC,0,2,2,0,0,0,R
686930,Mason Barnett,2026-08-17,824077,ATH,1,18,14,7,1,2,R
696522,Hayden Juenger,2026-08-17,824077,ATH,0,8,7,0,0,0,R
656240,Scott Blewett,2026-08-17,824077,ATH,0,9,9,3,0,3,R
686751,Seth Johnson,2026-08-17,824077,ATH,0,5,5,3,0,1,R
608372,Tomoyuki Sugano,2026-08-17,824320,COL,1,24,23,7,2,3,R
675848,Juan Mejia,2026-08-17,824320,COL,0,8,8,5,1,0,R
669298,TJ Shook,2026-08-17,824320,COL,0,9,8,2,0,1,R
687859,Troy Johnston,2026-08-17,824320,COL,0,5,3,0,0,0,L
605483,Blake Snell,2026-08-17,824320,LAD,1,23,20,2,0,5,L
681911,Alex Vesia,2026-08-17,824320,LAD,0,4,3,0,0,0,L
623465,Evan Phillips,2026-08-17,824320,LAD,0,3,3,0,0,1,R
621242,Edwin Díaz,2026-08-17,824320,LAD,0,8,6,4,0,0,R
695076,Rhett Lowder,2026-08-17,824478,CIN,1,29,27,8,1,5,R
656271,Brock Burke,2026-08-17,824478,CIN,0,7,6,2,0,3,L
685112,Zach McCambley,2026-08-17,824478,CIN,0,4,4,1,0,2,R
641941,Emilio Pagán,2026-08-17,824478,CIN,0,4,3,0,0,2,R
669467,Andre Pallante,2026-08-17,824478,STL,1,25,23,10,0,5,R
657265,Peter Strzelecki,2026-08-17,824478,STL,0,11,11,2,1,4,R
677865,Justin Bruihl,2026-08-17,824478,STL,0,1,1,1,0,0,L
592288,Kent Emanuel,2026-08-17,824514,CIN,1,23,19,5,0,4,L
682825,Luis Mey,2026-08-17,824514,CIN,0,8,7,1,0,3,R
572955,Pierce Johnson,2026-08-17,824514,CIN,0,4,4,1,0,1,R
594580,Sam Moll,2026-08-17,824514,CIN,0,3,3,0,0,1,L
687273,Quinn Mathews,2026-08-17,824514,STL,1,17,14,2,1,7,L
703725,Luis Gastelum,2026-08-17,824514,STL,0,3,3,0,0,2,R
700669,Gordon Graceffo,2026-08-17,824514,STL,0,3,3,0,0,1,R
666277,George Soriano,2026-08-17,824514,STL,0,3,3,0,0,1,R
592773,Ryne Stanek,2026-08-17,824514,STL,0,4,4,1,0,1,R
676617,Riley O'Brien,2026-08-17,824514,STL,0,3,3,0,0,3,R
684007,Shota Imanaga,2026-08-17,824641,CHC,1,24,20,2,1,10,L
669020,Ryan Rolison,2026-08-17,824641,CHC,0,3,2,0,0,0,L
666171,Ryan Zeferjahn,2026-08-17,824641,CHC,0,6,5,2,1,1,R
656849,David Peterson,2026-08-17,824641,CHC,0,4,3,0,0,1,L
657097,Jacob Webb,2026-08-17,824641,CHC,0,5,3,0,0,2,R
622491,Luis Castillo,2026-08-17,824641,CWS,1,24,23,8,2,1,R
805326,Tyler Schweitzer,2026-08-17,824641,CWS,0,8,6,2,0,2,L
670950,Trevor Richards,2026-08-17,824641,CWS,0,5,5,2,0,1,R
663855,Jordan Hicks,2026-08-17,824641,CWS,0,8,5,1,0,2,R
696146,Hagen Smith,2026-08-17,824641,CWS,0,1,1,1,1,0,L
687941,Alec Gamboa,2026-08-17,824725,BOS,1,4,4,0,0,1,L
678394,Brayan Bello,2026-08-17,824725,BOS,0,19,16,3,0,3,R
669711,Greg Weissert,2026-08-17,824725,BOS,0,4,4,1,0,1,R
663558,Jovani Morán,2026-08-17,824725,BOS,0,3,3,0,0,1,L
681544,Wyatt Olds,2026-08-17,824725,BOS,0,3,3,0,0,2,R
683352,Mitch Bratt,2026-08-17,824725,AZ,1,16,13,4,0,0,L
641793,Zack Littell,2026-08-17,824725,AZ,0,23,22,11,2,0,R
642701,Dennis Santana,2026-08-17,824725,AZ,0,1,1,0,0,0,R
545121,Ildemaro Vargas,2026-08-17,824725,AZ,0,4,4,1,0,0,R
615698,Cal Quantrill,2026-08-18,822859,TEX,1,25,25,4,0,5,R
695239,Robby Ahlstrom,2026-08-18,822859,TEX,0,4,4,2,0,2,L
596001,Jakob Junis,2026-08-18,822859,TEX,0,1,1,0,0,1,R
641302,Tyler Alexander,2026-08-18,822859,TEX,0,5,4,1,0,1,L
800600,Jackson Kent,2026-08-18,822859,WSH,1,22,19,8,1,3,L
592866,Trevor Williams,2026-08-18,822859,WSH,0,12,11,2,0,5,R
672442,Yovanny Cruz,2026-08-18,822859,WSH,0,3,3,1,0,0,R
607259,Nick Martinez,2026-08-18,822938,TB,1,22,20,9,1,5,R
571927,Steven Matz,2026-08-18,822938,TB,0,7,6,3,1,0,L
669947,Jesse Scholtens,2026-08-18,822938,TB,0,19,18,5,1,2,R
667755,José Soriano,2026-08-18,822938,TOR,1,25,24,9,0,2,R
689254,Mason Fluharty,2026-08-18,822938,TOR,0,1,1,0,0,0,L
663362,Matt Waldron,2026-08-18,822938,TOR,0,10,8,4,0,1,R
693686,Spencer Miles,2026-08-18,822938,TOR,0,3,3,0,0,0,R
677952,Braxton Ashcraft,2026-08-18,823341,PIT,1,28,28,5,1,4,R
682254,Mason Montgomery,2026-08-18,823341,PIT,0,4,4,0,0,2,L
672456,Keider Montero,2026-08-18,823341,DET,1,20,19,4,1,3,R
680744,Ty Madden,2026-08-18,823341,DET,0,7,7,1,0,2,R
646241,Enmanuel De Jesus,2026-08-18,823341,DET,0,4,3,1,0,0,L
554430,Zack Wheeler,2026-08-18,823423,PHI,1,20,16,2,1,7,R
686934,Alex McFarlane,2026-08-18,823423,PHI,0,5,4,1,0,0,R
621237,José Alvarado,2026-08-18,823423,PHI,0,3,3,1,0,0,L
689147,Orion Kerkering,2026-08-18,823423,PHI,0,5,5,1,0,1,R
548384,Brooks Raley,2026-08-18,823423,PHI,0,3,3,0,0,1,L
806188,Cade Gibson,2026-08-18,823423,MIA,1,7,6,2,0,1,L
676604,Tyler Zuber,2026-08-18,823423,MIA,0,5,4,0,0,1,R
694795,Josh Ekness,2026-08-18,823423,MIA,0,6,6,1,0,1,R
656848,Michael Petersen,2026-08-18,823423,MIA,0,7,6,4,0,0,R
663969,Tyler Phillips,2026-08-18,823423,MIA,0,10,8,2,0,3,R
676534,Calvin Faucher,2026-08-18,823423,MIA,0,3,3,1,0,2,R
804267,Zac Thornton,2026-08-18,823586,NYM,1,23,22,6,2,7,L
674073,Jack Weisenburger,2026-08-18,823586,NYM,0,7,5,1,0,1,R
642376,Jefry Yan,2026-08-18,823586,NYM,0,3,3,1,0,1,L
673380,Dedniel Núñez,2026-08-18,823586,NYM,0,7,7,2,1,1,R
592662,Robbie Ray,2026-08-18,823586,SD,1,24,21,3,1,4,L
699134,Bradgley Rodriguez,2026-08-18,823586,SD,0,3,3,1,0,1,R
670970,Adrian Morejon,2026-08-18,823586,SD,0,8,7,2,1,3,L
695243,Mason Miller,2026-08-18,823586,SD,0,3,3,0,0,2,R
805673,Zebby Matthews,2026-08-18,823667,MIN,1,23,22,5,1,4,R
681892,Kody Funderburk,2026-08-18,823667,MIN,0,1,1,0,0,1,L
702193,Andrew Morris,2026-08-18,823667,MIN,0,3,3,0,0,1,R
621345,A.J. Minter,2026-08-18,823667,MIN,0,3,3,0,0,0,L
672782,Yoendrys Gómez,2026-08-18,823667,MIN,0,4,4,1,0,1,R
641816,Tyler Mahle,2026-08-18,823667,ATL,1,25,24,6,1,3,R
689266,Dylan Dodd,2026-08-18,823667,ATL,0,3,3,1,0,1,L
800311,Didier Fuentes,2026-08-18,823667,ATL,0,5,5,3,0,1,R
690986,Kyle Harrison,2026-08-18,823749,MIL,1,18,16,2,0,8,L
675660,Shane Drohan,2026-08-18,823749,MIL,0,9,7,1,0,1,L
681982,Grant Anderson,2026-08-18,823749,MIL,0,3,3,0,0,1,R
596142,Gary Sánchez,2026-08-18,823749,MIL,0,5,5,2,0,0,R
682243,Bryce Miller,2026-08-18,823749,SEA,1,23,20,7,1,3,R
681006,Josh Simpson,2026-08-18,823749,SEA,0,7,5,3,2,1,L
689546,Nick Davila,2026-08-18,823749,SEA,0,9,9,3,0,2,R
660844,Leo Rivas,2026-08-18,823749,SEA,0,13,11,9,1,0,R
663738,Daniel Lynch IV,2026-08-18,824075,KC,1,15,13,2,0,1,L
696131,Mason Black,2026-08-18,824075,KC,0,14,11,2,0,1,R
656638,Alex Lange,2026-08-18,824075,KC,0,3,3,0,0,0,R
679922,Carlos Duran,2026-08-18,824075,KC,0,4,4,1,0,1,R
669620,Brady Basso,2026-08-18,824075,ATH,1,9,9,2,0,1,L
678022,Jack Perkins,2026-08-18,824075,ATH,0,11,9,1,0,4,R
680723,Drew Rom,2026-08-18,824075,ATH,0,3,3,2,0,1,L
665622,Luis Medina,2026-08-18,824075,ATH,0,6,3,0,0,0,R
663687,Hogan Harris,2026-08-18,824075,ATH,0,7,5,3,0,0,L
665660,Elvis Alvarado,2026-08-18,824075,ATH,0,2,2,1,0,0,R
664299,Cristian Javier,2026-08-18,824154,HOU,1,18,17,5,1,5,R
687911,Bryan King,2026-08-18,824154,HOU,0,3,3,1,0,1,L
660853,Enyel De Los Santos,2026-08-18,824154,HOU,0,5,5,1,0,0,R
805123,AJ Blubaugh,2026-08-18,824154,HOU,0,6,6,1,0,0,R
699044,Miguel Ullola,2026-08-18,824154,HOU,0,3,3,0,0,2,R
691946,George Klassen,2026-08-18,824154,LAA,1,25,22,1,0,7,R
820862,José Fermin,2026-08-18,824154,LAA,0,3,3,2,1,0,R
670245,Ryan Watson,2026-08-18,824154,LAA,0,2,2,0,0,1,R
690829,Ben Joyce,2026-08-18,824154,LAA,0,3,3,0,0,2,R
663372,Ryan Feltner,2026-08-18,824319,COL,1,26,21,8,1,3,R
656786,Parker Mushinski,2026-08-18,824319,COL,0,5,5,1,0,0,L
623474,Jimmy Herget,2026-08-18,824319,COL,0,3,3,0,0,1,R
688642,Zach Agnos,2026-08-18,824319,COL,0,3,3,0,0,1,R
605447,Jordan Romano,2026-08-18,824319,COL,0,4,4,1,0,0,R
641778,Eric Lauer,2026-08-18,824319,LAD,1,22,21,6,1,6,L
676263,Jack Dreyer,2026-08-18,824319,LAD,0,4,3,0,0,2,L
683618,Edgardo Henriquez,2026-08-18,824319,LAD,0,3,3,0,0,2,R
623465,Evan Phillips,2026-08-18,824319,LAD,0,5,4,2,0,1,R
656945,Tanner Scott,2026-08-18,824319,LAD,0,6,6,2,0,0,L
656492,Foster Griffin,2026-08-18,824398,CLE,1,23,21,5,1,6,L
670036,Matt Festa,2026-08-18,824398,CLE,0,5,5,1,0,3,R
682120,Tim Herrin,2026-08-18,824398,CLE,0,3,3,0,0,2,L
684974,Craig Yoho,2026-08-18,824398,CLE,0,3,3,1,0,1,R
687931,Carson Whisenhunt,2026-08-18,824398,SF,1,23,21,9,1,1,L
805345,Trent Harris,2026-08-18,824398,SF,0,7,7,1,0,5,R
665665,Reiver Sanmartin,2026-08-18,824398,SF,0,9,8,2,0,2,L
671096,Andrew Abbott,2026-08-18,824475,CIN,1,26,24,4,1,6,L
687209,Zach Maxwell,2026-08-18,824475,CIN,0,11,10,3,0,2,R
681517,Kyle Leahy,2026-08-18,824475,STL,1,18,18,3,0,6,R
592773,Ryne Stanek,2026-08-18,824475,STL,0,3,3,0,0,0,R
700669,Gordon Graceffo,2026-08-18,824475,STL,0,4,3,0,0,1,R
666277,George Soriano,2026-08-18,824475,STL,0,3,3,0,0,1,R
676617,Riley O'Brien,2026-08-18,824475,STL,0,3,3,0,0,1,R
592332,Kevin Gausman,2026-08-18,824639,CHC,1,21,19,7,1,5,R
665871,Javier Assad,2026-08-18,824639,CHC,0,10,10,2,0,2,R
573204,Caleb Thielbar,2026-08-18,824639,CHC,0,3,3,1,0,0,L
657097,Jacob Webb,2026-08-18,824639,CHC,0,4,3,0,0,0,R
663542,Bryan Hudson,2026-08-18,824639,CWS,1,5,5,2,2,1,L
607200,Erick Fedde,2026-08-18,824639,CWS,0,19,17,3,0,5,R
623211,Huascar Brazobán,2026-08-18,824639,CWS,0,3,1,0,0,0,R
691799,Grant Taylor,2026-08-18,824639,CWS,0,4,4,1,0,2,R
670950,Trevor Richards,2026-08-18,824639,CWS,0,8,7,2,0,1,R
624133,Ranger Suarez,2026-08-18,824723,BOS,1,22,19,4,1,3,L
594027,Tyron Guerrero,2026-08-18,824723,BOS,0,6,6,2,0,1,R
669062,Erik Miller,2026-08-18,824723,BOS,0,4,3,0,0,1,L
681544,Wyatt Olds,2026-08-18,824723,BOS,0,3,3,1,0,1,R
518876,Merrill Kelly,2026-08-18,824723,AZ,1,23,17,7,1,2,R
642528,Jonathan Loáisiga,2026-08-18,824723,AZ,0,3,3,1,0,0,R
656464,Kevin Ginkel,2026-08-18,824723,AZ,0,6,6,3,1,0,R
664199,Taylor Clarke,2026-08-18,824723,AZ,0,6,5,2,0,1,R
679885,Justin Martinez,2026-08-18,824723,AZ,0,5,3,0,0,0,R
669358,Shane Baz,2026-08-18,824803,BAL,1,25,23,4,1,10,R
677020,Josh Walker,2026-08-18,824803,BAL,0,5,3,1,0,2,L
544150,Albert Suárez,2026-08-18,824803,BAL,0,6,6,0,0,2,R
607074,Carlos Rodón,2026-08-18,824803,NYY,1,17,15,2,1,4,L
660787,Yerry De los Santos,2026-08-18,824803,NYY,0,7,7,1,0,0,R
687396,Brent Headrick,2026-08-18,824803,NYY,0,4,3,1,0,1,L
518585,Fernando Cruz,2026-08-18,824803,NYY,0,1,1,0,0,0,R
621112,Paul Blackburn,2026-08-18,824803,NYY,0,4,3,0,0,2,R
670280,David Bednar,2026-08-18,824803,NYY,0,3,3,0,0,2,R
677958,Kumar Rocker,2026-08-19,822860,TEX,1,22,21,6,1,3,R
668390,Cole Winn,2026-08-19,822860,TEX,0,5,4,2,0,0,R
682608,Peyton Gray,2026-08-19,822860,TEX,0,6,4,1,1,0,R
656756,Jordan Montgomery,2026-08-19,822860,TEX,0,7,7,1,0,2,L
676917,Cade Cavalli,2026-08-19,822860,WSH,1,22,21,3,0,11,R
702021,Will Dion,2026-08-19,822860,WSH,0,3,3,0,0,1,L
668820,Max Kranick,2026-08-19,822860,WSH,0,4,4,1,0,0,R
656234,Jake Bird,2026-08-19,822860,WSH,0,3,3,0,0,1,R
656876,Drew Rasmussen,2026-08-19,822937,TB,1,23,20,7,1,5,R
592155,Cam Booser,2026-08-19,822937,TB,0,3,3,1,0,0,L
687330,Kevin Kelly,2026-08-19,822937,TB,0,5,5,1,0,1,R
669330,Tyler Wells,2026-08-19,822937,TB,0,4,3,0,0,0,R
641329,Bryan Baker,2026-08-19,822937,TB,0,4,4,0,0,1,R
453286,Max Scherzer,2026-08-19,822937,TOR,1,21,17,5,1,1,R
680755,Braydon Fisher,2026-08-19,822937,TOR,0,4,4,1,0,1,R
663893,Brendon Little,2026-08-19,822937,TOR,0,3,3,1,0,1,L
623149,Paul Sewald,2026-08-19,822937,TOR,0,1,1,0,0,1,R
689254,Mason Fluharty,2026-08-19,822937,TOR,0,3,3,0,0,1,L
643511,Tyler Rogers,2026-08-19,822937,TOR,0,3,3,1,0,0,R
694973,Paul Skenes,2026-08-19,823342,PIT,1,20,15,4,0,5,R
642397,Gregory Soto,2026-08-19,823342,PIT,0,5,5,1,0,2,L
666808,Camilo Doval,2026-08-19,823342,PIT,0,4,3,0,0,1,R
596133,Luke Weaver,2026-08-19,823342,PIT,0,3,3,0,0,1,R
682254,Mason Montgomery,2026-08-19,823342,PIT,0,5,5,2,0,2,L
695549,Jackson Jobe,2026-08-19,823342,DET,1,22,18,4,0,3,R
663947,Tyler Holton,2026-08-19,823342,DET,0,3,3,1,0,2,L
621097,Jacob Waguespack,2026-08-19,823342,DET,0,3,3,1,1,0,R
805427,Drew Sommers,2026-08-19,823342,DET,0,1,1,0,0,1,L
640448,Kyle Finnegan,2026-08-19,823342,DET,0,5,3,0,0,1,R
445276,Kenley Jansen,2026-08-19,823342,DET,0,4,4,2,2,1,R
605400,Aaron Nola,2026-08-19,823424,PHI,1,26,26,5,1,8,R
680742,Jonathan Bowlan,2026-08-19,823424,PHI,0,5,4,1,0,1,R
661395,Jhoan Duran,2026-08-19,823424,PHI,0,4,4,1,0,1,R
645261,Sandy Alcantara,2026-08-19,823424,MIA,1,26,25,8,1,1,R
667463,John King,2026-08-19,823424,MIA,0,5,5,2,0,0,L
680767,Victor Vodnik,2026-08-19,823424,MIA,0,3,3,0,0,0,R
476594,Robert Stock,2026-08-19,823587,NYM,1,19,15,2,0,6,R
702752,Jonathan Pintaro,2026-08-19,823587,NYM,0,3,2,1,0,0,R
681320,Nate Lavender,2026-08-19,823587,NYM,0,3,3,0,0,2,L
681810,Austin Warren,2026-08-19,823587,NYM,0,3,3,0,0,2,R
650960,Daniel Duarte,2026-08-19,823587,NYM,0,3,3,0,0,2,R
673540,Kodai Senga,2026-08-19,823587,NYM,0,5,4,2,0,0,R
650633,Michael King,2026-08-19,823587,SD,1,25,23,4,1,4,R
669093,Jeremiah Estrada,2026-08-19,823587,SD,0,5,4,2,0,0,R
673513,Yuki Matsui,2026-08-19,823587,SD,0,3,3,1,0,0,L
671737,Taj Bradley,2026-08-19,823664,MIN,1,20,17,2,0,7,R
681892,Kody Funderburk,2026-08-19,823664,MIN,0,4,3,3,0,0,L
667297,Tommy Nance,2026-08-19,823664,MIN,0,4,4,1,0,3,R
621345,A.J. Minter,2026-08-19,823664,MIN,0,3,2,0,0,0,L
656546,Jeff Hoffman,2026-08-19,823664,MIN,0,4,4,1,0,3,R
672782,Yoendrys Gómez,2026-08-19,823664,MIN,0,3,3,0,0,1,R
700363,AJ Smith-Shawver,2026-08-19,823664,ATL,1,21,18,5,0,3,R
689266,Dylan Dodd,2026-08-19,823664,ATL,0,3,3,1,0,1,L
682989,Victor Mederos,2026-08-19,823664,ATL,0,6,6,2,0,0,R
669276,Dylan Lee,2026-08-19,823664,ATL,0,5,4,2,0,0,L
678061,Ray Kerr,2026-08-19,823664,ATL,0,3,3,0,0,0,L
669160,Dustin May,2026-08-19,823748,MIL,1,16,12,7,0,1,R
681982,Grant Anderson,2026-08-19,823748,MIL,0,4,3,0,0,3,R
669084,DL Hall,2026-08-19,823748,MIL,0,10,8,0,0,3,L
669060,Bryse Wilson,2026-08-19,823748,MIL,0,8,8,2,0,2,R
622608,Antonio Senzatela,2026-08-19,823748,MIL,0,4,4,1,0,2,R
669302,Logan Gilbert,2026-08-19,823748,SEA,1,23,19,4,1,5,R
660825,Eduard Bazardo,2026-08-19,823748,SEA,0,4,3,1,0,2,R
678606,José A. Ferrer,2026-08-19,823748,SEA,0,5,5,1,0,2,L
622554,Seranthony Domínguez,2026-08-19,823748,SEA,0,4,3,2,0,0,R
642100,Gabe Speier,2026-08-19,823748,SEA,0,1,1,0,0,0,L
662253,Andrés Muñoz,2026-08-19,823748,SEA,0,3,3,0,0,1,R
607625,Seth Lugo,2026-08-19,824076,KC,1,26,26,9,0,3,R
656638,Alex Lange,2026-08-19,824076,KC,0,3,3,0,0,2,R
518886,Craig Kimbrel,2026-08-19,824076,KC,0,3,3,0,0,1,R
674444,Steven Cruz,2026-08-19,824076,KC,0,5,5,2,1,0,R
605488,Jeffrey Springs,2026-08-19,824076,ATH,1,25,21,5,1,1,L
656240,Scott Blewett,2026-08-19,824076,ATH,0,2,2,1,0,1,R
665660,Elvis Alvarado,2026-08-19,824076,ATH,0,3,3,0,0,0,R
696522,Hayden Juenger,2026-08-19,824076,ATH,0,3,2,2,0,0,R
680723,Drew Rom,2026-08-19,824076,ATH,0,8,5,3,0,0,L
814490,Ethan Pecko,2026-08-19,824155,HOU,1,18,14,3,0,4,R
656986,Bennett Sousa,2026-08-19,824155,HOU,0,5,5,1,0,1,L
805123,AJ Blubaugh,2026-08-19,824155,HOU,0,3,3,1,0,2,R
595345,Steven Okert,2026-08-19,824155,HOU,0,4,3,0,0,2,L
650556,Bryan Abreu,2026-08-19,824155,HOU,0,3,3,0,0,2,R
623352,Josh Hader,2026-08-19,824155,HOU,0,4,3,0,0,0,L
700712,Walbert Ureña,2026-08-19,824155,LAA,1,20,17,3,1,7,R
605242,Michael Fulmer,2026-08-19,824155,LAA,0,5,5,2,0,3,R
642048,Tayler Saucedo,2026-08-19,824155,LAA,0,4,4,0,0,2,L
684665,Luke Murphy,2026-08-19,824155,LAA,0,2,2,0,0,0,R
607536,Kyle Freeland,2026-08-19,824318,COL,1,18,17,6,2,5,L
815081,Mark Manfredi,2026-08-19,824318,COL,0,6,5,1,0,2,L
693308,Nick Frasso,2026-08-19,824318,COL,0,8,8,2,0,2,R
677955,Jaden Hill,2026-08-19,824318,COL,0,3,3,0,0,2,R
605447,Jordan Romano,2026-08-19,824318,COL,0,3,3,0,0,1,R
623474,Jimmy Herget,2026-08-19,824318,COL,0,4,3,2,0,0,R
657514,Brennan Bernardino,2026-08-19,824318,COL,0,1,1,0,0,0,L
808963,Roki Sasaki,2026-08-19,824318,LAD,1,22,21,7,0,6,R
592779,Brock Stewart,2026-08-19,824318,LAD,0,3,3,0,0,2,R
681911,Alex Vesia,2026-08-19,824318,LAD,0,5,4,1,1,2,L
676263,Jack Dreyer,2026-08-19,824318,LAD,0,4,3,0,0,2,L
669165,Kyle Hurt,2026-08-19,824318,LAD,0,4,4,1,0,2,R
656945,Tanner Scott,2026-08-19,824318,LAD,0,3,3,0,0,1,L
800048,Parker Messick,2026-08-19,824394,CLE,1,26,26,6,0,10,L
683769,Hunter Gaddis,2026-08-19,824394,CLE,0,1,1,0,0,1,R
681870,Erik Sabrowski,2026-08-19,824394,CLE,0,4,4,1,0,2,L
671922,Cade Smith,2026-08-19,824394,CLE,0,3,3,0,0,2,R
683363,Matt Wilkinson,2026-08-19,824394,SF,1,7,7,1,0,0,L
605288,Adrian Houser,2026-08-19,824394,SF,0,21,19,4,0,3,R
681916,Dylan Smith,2026-08-19,824394,SF,0,7,7,1,0,5,R
695505,Chase Burns,2026-08-19,824476,CIN,1,22,20,6,0,8,R
594580,Sam Moll,2026-08-19,824476,CIN,0,5,4,1,0,1,L
656271,Brock Burke,2026-08-19,824476,CIN,0,5,3,0,0,0,L
682825,Luis Mey,2026-08-19,824476,CIN,0,4,3,0,0,3,R
641941,Emilio Pagán,2026-08-19,824476,CIN,0,6,5,2,1,0,R
669461,Matthew Liberatore,2026-08-19,824476,STL,1,22,22,4,1,9,L
703725,Luis Gastelum,2026-08-19,824476,STL,0,3,3,0,0,2,R
677865,Justin Bruihl,2026-08-19,824476,STL,0,8,6,3,0,1,L
605280,Clay Holmes,2026-08-19,824640,CHC,1,23,21,6,0,1,R
573204,Caleb Thielbar,2026-08-19,824640,CHC,0,1,1,0,0,1,L
663423,Trent Thornton,2026-08-19,824640,CHC,0,4,4,1,0,1,R
669020,Ryan Rolison,2026-08-19,824640,CHC,0,5,4,2,0,0,L
650644,Aaron Civale,2026-08-19,824640,CHC,0,7,4,0,0,2,R
656794,Sean Newcomb,2026-08-19,824640,CWS,1,7,5,0,0,0,L
664353,José Urquidy,2026-08-19,824640,CWS,0,19,19,2,0,8,R
691799,Grant Taylor,2026-08-19,824640,CWS,0,4,3,0,0,2,R
801139,Payton Tolle,2026-08-19,824722,BOS,1,22,20,6,0,6,L
669711,Greg Weissert,2026-08-19,824722,BOS,0,5,4,2,1,1,R
669062,Erik Miller,2026-08-19,824722,BOS,0,5,4,1,0,2,L
594027,Tyron Guerrero,2026-08-19,824722,BOS,0,3,3,0,0,0,R
547973,Aroldis Chapman,2026-08-19,824722,BOS,0,4,3,0,0,1,L
663558,Jovani Morán,2026-08-19,824722,BOS,0,6,2,1,0,0,L
694297,Brandon Pfaadt,2026-08-19,824722,AZ,1,24,24,7,3,8,R
666661,Juan Morillo,2026-08-19,824722,AZ,0,5,4,1,0,1,R
805299,Brandyn Garcia,2026-08-19,824722,AZ,0,4,2,0,0,1,L
656464,Kevin Ginkel,2026-08-19,824722,AZ,0,2,2,0,0,0,R
642528,Jonathan Loáisiga,2026-08-19,824722,AZ,0,6,6,1,0,0,R
605135,Chris Bassitt,2026-08-19,824801,BAL,1,24,22,8,1,6,R
664991,Grant Wolfram,2026-08-19,824801,BAL,0,1,1,0,0,0,L
670329,Rico Garcia,2026-08-19,824801,BAL,0,4,4,1,0,1,R
676742,Cam Sanders,2026-08-19,824801,BAL,0,5,2,0,0,1,R
666974,Yennier Cano,2026-08-19,824801,BAL,0,2,2,1,0,0,R
695380,Alex Hoppe,2026-08-19,824801,BAL,0,3,2,0,0,2,R
701542,Will Warren,2026-08-19,824801,NYY,1,18,15,3,1,5,R
657612,Tim Hill,2026-08-19,824801,NYY,0,4,4,0,0,1,L
518585,Fernando Cruz,2026-08-19,824801,NYY,0,4,4,2,1,2,R
687396,Brent Headrick,2026-08-19,824801,NYY,0,3,3,0,0,1,L
621112,Paul Blackburn,2026-08-19,824801,NYY,0,5,4,1,0,1,R
670280,David Bednar,2026-08-19,824801,NYY,0,3,3,0,0,1,R
594798,Jacob deGrom,2026-08-20,822861,TEX,1,20,19,1,0,10,R
596001,Jakob Junis,2026-08-20,822861,TEX,0,4,2,0,0,0,R
681217,Chase Silseth,2026-08-20,822861,TEX,0,3,3,0,0,2,R
656641,Jacob Latz,2026-08-20,822861,TEX,0,4,3,0,0,3,L
674841,Andrew Alvarez,2026-08-20,822861,WSH,1,22,18,4,1,5,L
687377,Orlando Ribalta,2026-08-20,822861,WSH,0,4,4,1,0,2,R
690925,Clayton Beeter,2026-08-20,822861,WSH,0,4,3,0,0,1,R
676680,Tom Cosgrove,2026-08-20,822861,WSH,0,4,3,1,0,0,L
693855,Ian Seymour,2026-08-20,822934,TB,1,22,21,6,3,8,L
668984,Casey Legumina,2026-08-20,822934,TB,0,10,9,4,0,3,R
688297,Chris Roycroft,2026-08-20,822934,TB,0,9,8,2,0,1,R
669456,Shane Bieber,2026-08-20,822934,TOR,1,25,25,3,0,7,R
693686,Spencer Miles,2026-08-20,822934,TOR,0,3,3,0,0,0,R
686973,Louis Varland,2026-08-20,822934,TOR,0,5,4,1,0,1,R
688107,Robert Gasser,2026-08-20,823747,MIL,1,20,15,4,0,4,L
694477,Chad Patrick,2026-08-20,823747,MIL,0,9,9,2,0,4,R
676879,Aaron Ashby,2026-08-20,823747,MIL,0,8,6,0,0,4,L
656730,Trevor Megill,2026-08-20,823747,MIL,0,3,3,0,0,1,R
669923,George Kirby,2026-08-20,823747,SEA,1,20,18,9,0,3,R
678606,José A. Ferrer,2026-08-20,823747,SEA,0,2,2,0,0,1,L
621074,Michael Rucker,2026-08-20,823747,SEA,0,9,8,0,0,4,R
646242,Jhonathan Díaz,2026-08-20,823747,SEA,0,6,6,2,1,1,L
677976,Randy Dobnak,2026-08-20,824074,KC,1,20,16,6,0,4,R
679922,Carlos Duran,2026-08-20,824074,KC,0,5,2,1,0,0,R
671162,Connor Thomas,2026-08-20,824074,KC,0,6,6,1,0,2,L
518886,Craig Kimbrel,2026-08-20,824074,KC,0,2,2,0,0,0,R
670167,John Schreiber,2026-08-20,824074,KC,0,3,3,0,0,0,R
663878,Nate Pearson,2026-08-20,824074,KC,0,3,3,0,0,0,R
695611,Gage Jump,2026-08-20,824074,ATH,1,23,20,8,1,3,L
688497,Taylor Rashi,2026-08-20,824074,ATH,0,11,9,3,0,1,R
656240,Scott Blewett,2026-08-20,824074,ATH,0,6,6,2,0,2,R
663567,Peter Lambert,2026-08-20,824153,HOU,1,22,18,8,0,3,R
687911,Bryan King,2026-08-20,824153,HOU,0,10,9,5,1,1,L
837227,Tatsuya Imai,2026-08-20,824153,HOU,0,13,11,2,0,3,R
664774,LaMonte Wade Jr.,2026-08-20,824153,HOU,0,6,6,3,1,0,L
680570,Grayson Rodriguez,2026-08-20,824153,LAA,1,27,25,5,0,6,R
676620,Blake Weiman,2026-08-20,824153,LAA,0,9,8,3,0,3,L
668909,Gavin Williams,2026-08-20,824395,CLE,1,24,21,4,1,11,R
682120,Tim Herrin,2026-08-20,824395,CLE,0,1,1,0,0,0,L
681870,Erik Sabrowski,2026-08-20,824395,CLE,0,3,3,0,0,1,L
683769,Hunter Gaddis,2026-08-20,824395,CLE,0,5,4,1,0,0,R
671922,Cade Smith,2026-08-20,824395,CLE,0,5,3,0,0,1,R
694738,Landen Roupp,2026-08-20,824395,SF,1,26,21,5,0,2,R
656529,Sam Hentges,2026-08-20,824395,SF,0,3,3,1,0,1,L
693313,Carson Seymour,2026-08-20,824395,SF,0,4,4,1,0,2,R
664141,JT Brubaker,2026-08-20,824395,SF,0,5,5,2,0,1,R
663903,Brady Singer,2026-08-20,824474,CIN,1,26,23,5,1,3,R
670062,Julian Garcia,2026-08-20,824474,CIN,0,3,2,0,0,0,R
622088,Tejay Antone,2026-08-20,824474,CIN,0,3,2,0,0,1,R
656271,Brock Burke,2026-08-20,824474,CIN,0,9,5,2,0,1,L
687209,Zach Maxwell,2026-08-20,824474,CIN,0,2,2,1,0,1,R
700241,Michael McGreevy,2026-08-20,824474,STL,1,20,18,3,0,4,R
592773,Ryne Stanek,2026-08-20,824474,STL,0,4,4,2,1,2,R
657265,Peter Strzelecki,2026-08-20,824474,STL,0,7,6,0,0,1,R
666277,George Soriano,2026-08-20,824474,STL,0,6,3,1,0,2,R
676617,Riley O'Brien,2026-08-20,824474,STL,0,4,2,1,0,0,R
641743,Anthony Kay,2026-08-20,824589,CWS,1,24,23,5,0,6,L
623211,Huascar Brazobán,2026-08-20,824589,CWS,0,4,4,2,0,1,R
696146,Hagen Smith,2026-08-20,824589,CWS,0,4,4,0,0,3,L
670950,Trevor Richards,2026-08-20,824589,CWS,0,4,4,1,0,1,R
656550,Grant Holmes,2026-08-20,824589,ATL,1,22,19,1,0,3,R
800311,Didier Fuentes,2026-08-20,824589,ATL,0,3,3,0,0,3,R
669276,Dylan Lee,2026-08-20,824589,ATL,0,3,3,0,0,2,L
628452,Raisel Iglesias,2026-08-20,824589,ATL,0,3,3,0,0,2,R
680694,Kyle Bradish,2026-08-20,824802,BAL,1,25,23,8,2,5,R
664991,Grant Wolfram,2026-08-20,824802,BAL,0,4,4,0,0,2,L
544150,Albert Suárez,2026-08-20,824802,BAL,0,9,9,3,0,2,R
543037,Gerrit Cole,2026-08-20,824802,NYY,1,23,22,4,1,8,R
642232,Ryan Yarbrough,2026-08-20,824802,NYY,0,9,9,0,0,4,L
669022,MacKenzie Gore,2026-08-21,822857,TEX,1,22,20,2,0,7,L
668390,Cole Winn,2026-08-21,822857,TEX,0,3,3,0,0,2,R
681217,Chase Silseth,2026-08-21,822857,TEX,0,3,2,0,0,1,R
656641,Jacob Latz,2026-08-21,822857,TEX,0,4,3,0,0,2,L
641302,Tyler Alexander,2026-08-21,822857,TEX,0,4,4,1,0,2,L
672282,Reid Detmers,2026-08-21,822857,LAA,1,24,23,6,0,5,L
820862,José Fermin,2026-08-21,822857,LAA,0,4,4,1,0,1,R
642048,Tayler Saucedo,2026-08-21,822857,LAA,0,3,3,1,0,0,L
670245,Ryan Watson,2026-08-21,822857,LAA,0,5,4,1,0,3,R
690829,Ben Joyce,2026-08-21,822857,LAA,0,5,4,2,0,1,R
676106,Emerson Hancock,2026-08-21,823101,SEA,1,27,26,8,2,6,R
642100,Gabe Speier,2026-08-21,823101,SEA,0,4,4,1,0,1,L
660825,Eduard Bazardo,2026-08-21,823101,SEA,0,7,5,2,1,1,R
662253,Andrés Muñoz,2026-08-21,823101,SEA,0,4,4,1,1,2,R
622554,Seranthony Domínguez,2026-08-21,823101,SEA,0,3,3,0,0,1,R
571510,Matthew Boyd,2026-08-21,823101,CHC,1,27,25,6,1,3,L
694037,Daniel Palencia,2026-08-21,823101,CHC,0,3,3,0,0,2,R
607067,Colin Rea,2026-08-21,823101,CHC,0,4,3,0,0,1,R
657097,Jacob Webb,2026-08-21,823101,CHC,0,4,4,1,0,1,R
666171,Ryan Zeferjahn,2026-08-21,823101,CHC,0,4,2,1,0,0,R
681190,Randy Vásquez,2026-08-21,823262,SD,1,24,23,2,0,3,R
699134,Bradgley Rodriguez,2026-08-21,823262,SD,0,3,3,0,0,1,R
695243,Mason Miller,2026-08-21,823262,SD,0,3,3,0,0,3,R
687570,Connor Prielipp,2026-08-21,823262,MIN,1,26,23,8,1,7,L
701519,Travis Adams,2026-08-21,823262,MIN,0,5,3,1,0,0,R
573124,Taylor Rogers,2026-08-21,823262,MIN,0,3,3,0,0,2,L
666200,Jesús Luzardo,2026-08-21,823420,PHI,1,24,22,5,2,9,L
641835,Tim Mayza,2026-08-21,823420,PHI,0,4,4,2,0,1,L
689147,Orion Kerkering,2026-08-21,823420,PHI,0,6,5,1,0,1,R
548384,Brooks Raley,2026-08-21,823420,PHI,0,2,2,1,0,0,L
661395,Jhoan Duran,2026-08-21,823420,PHI,0,4,4,1,0,2,R
686934,Alex McFarlane,2026-08-21,823420,PHI,0,3,3,1,0,0,R
690928,Hunter Dobbins,2026-08-21,823420,STL,1,19,15,5,0,3,R
657571,Caleb Ferguson,2026-08-21,823420,STL,0,6,5,2,0,1,L
700669,Gordon Graceffo,2026-08-21,823420,STL,0,4,2,1,0,0,R
677865,Justin Bruihl,2026-08-21,823420,STL,0,7,7,1,0,0,L
703725,Luis Gastelum,2026-08-21,823420,STL,0,5,5,2,0,2,R
693645,Cam Schlittler,2026-08-21,823510,NYY,1,25,22,6,0,4,R
687396,Brent Headrick,2026-08-21,823510,NYY,0,4,4,1,0,2,L
621112,Paul Blackburn,2026-08-21,823510,NYY,0,4,4,1,0,1,R
670280,David Bednar,2026-08-21,823510,NYY,0,4,4,1,0,1,R
689254,Mason Fluharty,2026-08-21,823510,TOR,1,4,2,0,0,0,L
681293,Spencer Arrighetti,2026-08-21,823510,TOR,0,15,12,3,1,4,R
663893,Brendon Little,2026-08-21,823510,TOR,0,4,4,1,0,2,L
680755,Braydon Fisher,2026-08-21,823510,TOR,0,3,3,0,0,2,R
623149,Paul Sewald,2026-08-21,823510,TOR,0,3,3,0,0,1,R
680573,Simeon Woods Richardson,2026-08-21,823510,TOR,0,4,3,0,0,3,R
694819,Jacob Misiorowski,2026-08-21,823746,MIL,1,23,21,4,0,6,R
622608,Antonio Senzatela,2026-08-21,823746,MIL,0,10,8,3,0,1,R
656730,Trevor Megill,2026-08-21,823746,MIL,0,4,4,1,0,1,R
519242,Chris Sale,2026-08-21,823746,ATL,1,25,25,8,0,6,L
608718,Brent Suter,2026-08-21,823746,ATL,0,4,3,0,0,2,L
689266,Dylan Dodd,2026-08-21,823746,ATL,0,4,3,1,0,1,L
687473,Ryan Gusto,2026-08-21,823830,MIA,1,18,17,5,0,2,R
694795,Josh Ekness,2026-08-21,823830,MIA,0,4,4,1,0,0,R
676604,Tyler Zuber,2026-08-21,823830,MIA,0,5,4,2,1,0,R
806188,Cade Gibson,2026-08-21,823830,MIA,0,4,4,0,0,2,L
676534,Calvin Faucher,2026-08-21,823830,MIA,0,2,2,0,0,0,R
664126,Pete Fairbanks,2026-08-21,823830,MIA,0,5,4,1,0,2,R
695418,Brad Lord,2026-08-21,823830,WSH,1,10,8,0,0,1,R
702021,Will Dion,2026-08-21,823830,WSH,0,12,10,1,0,4,L
687377,Orlando Ribalta,2026-08-21,823830,WSH,0,5,4,0,0,2,R
676680,Tom Cosgrove,2026-08-21,823830,WSH,0,3,3,2,0,1,L
690925,Clayton Beeter,2026-08-21,823830,WSH,0,8,5,3,0,0,R
808967,Yoshinobu Yamamoto,2026-08-21,823911,LAD,1,27,24,5,0,9,R
592779,Brock Stewart,2026-08-21,823911,LAD,0,2,2,0,0,1,R
669165,Kyle Hurt,2026-08-21,823911,LAD,0,4,4,2,1,1,R
683618,Edgardo Henriquez,2026-08-21,823911,LAD,0,5,5,0,0,2,R
623465,Evan Phillips,2026-08-21,823911,LAD,0,4,3,1,0,1,R
696149,Bubba Chandler,2026-08-21,823911,PIT,1,19,16,4,1,6,R
670990,Yohan Ramírez,2026-08-21,823911,PIT,0,4,3,0,0,1,R
489446,Kirby Yates,2026-08-21,823911,PIT,0,4,4,1,0,0,R
669199,Lake Bachar,2026-08-21,823911,PIT,0,6,3,0,0,1,R
596133,Luke Weaver,2026-08-21,823911,PIT,0,3,3,0,0,3,R
682254,Mason Montgomery,2026-08-21,823911,PIT,0,3,3,0,0,2,L
642397,Gregory Soto,2026-08-21,823911,PIT,0,4,3,1,0,1,L
702070,Noah Cameron,2026-08-21,824072,KC,1,20,17,2,0,2,L
621016,Jose Cuas,2026-08-21,824072,KC,0,5,3,0,0,0,R
670167,John Schreiber,2026-08-21,824072,KC,0,4,3,1,0,1,R
674444,Steven Cruz,2026-08-21,824072,KC,0,6,6,2,0,1,R
663878,Nate Pearson,2026-08-21,824072,KC,0,5,4,1,0,1,R
675512,Troy Melton,2026-08-21,824072,DET,1,26,23,7,2,3,R
646241,Enmanuel De Jesus,2026-08-21,824072,DET,0,1,1,0,0,0,L
663947,Tyler Holton,2026-08-21,824072,DET,0,5,5,2,1,1,L
680744,Ty Madden,2026-08-21,824072,DET,0,5,5,2,0,0,R
669713,Hayden Wesneski,2026-08-21,824152,HOU,1,18,15,1,0,4,R
656986,Bennett Sousa,2026-08-21,824152,HOU,0,5,5,2,0,3,L
650556,Bryan Abreu,2026-08-21,824152,HOU,0,5,3,0,0,2,R
595345,Steven Okert,2026-08-21,824152,HOU,0,3,3,0,0,0,L
660853,Enyel De Los Santos,2026-08-21,824152,HOU,0,4,4,0,0,0,R
669372,J.T. Ginn,2026-08-21,824152,ATH,1,22,18,6,0,4,R
665660,Elvis Alvarado,2026-08-21,824152,ATH,0,3,3,1,0,1,R
680723,Drew Rom,2026-08-21,824152,ATH,0,7,5,2,0,1,L
696522,Hayden Juenger,2026-08-21,824152,ATH,0,2,2,0,0,0,R
685299,Tanner Gordon,2026-08-21,824317,COL,1,26,24,9,1,2,R
815081,Mark Manfredi,2026-08-21,824317,COL,0,4,2,0,0,1,L
688642,Zach Agnos,2026-08-21,824317,COL,0,13,12,4,1,3,R
664954,Brett Sullivan,2026-08-21,824317,COL,0,3,3,1,0,0,R
676282,Joey Cantillo,2026-08-21,824317,CLE,1,22,18,4,0,5,L
682120,Tim Herrin,2026-08-21,824317,CLE,0,4,4,0,0,2,L
670059,Colin Holderman,2026-08-21,824317,CLE,0,5,3,1,0,0,R
684974,Craig Yoho,2026-08-21,824317,CLE,0,5,4,1,0,2,R
670036,Matt Festa,2026-08-21,824317,CLE,0,3,3,0,0,1,R
680732,Sean Burke,2026-08-21,824559,CWS,1,25,25,7,1,4,R
663855,Jordan Hicks,2026-08-21,824559,CWS,0,4,4,1,0,2,R
663542,Bryan Hudson,2026-08-21,824559,CWS,0,3,3,0,0,1,L
691799,Grant Taylor,2026-08-21,824559,CWS,0,4,3,0,0,2,R
640455,Sean Manaea,2026-08-21,824559,NYM,1,25,23,5,3,4,L
681320,Nate Lavender,2026-08-21,824559,NYM,0,4,4,0,0,2,L
650960,Daniel Duarte,2026-08-21,824559,NYM,0,2,2,0,0,1,R
642376,Jefry Yan,2026-08-21,824559,NYM,0,4,2,1,1,0,L
543243,Sonny Gray,2026-08-21,824721,BOS,1,27,25,7,2,6,R
669062,Erik Miller,2026-08-21,824721,BOS,0,3,3,0,0,2,L
687941,Alec Gamboa,2026-08-21,824721,BOS,0,3,3,0,0,1,L
547973,Aroldis Chapman,2026-08-21,824721,BOS,0,4,3,0,0,3,L
657277,Logan Webb,2026-08-21,824721,SF,1,18,13,6,1,2,R
665665,Reiver Sanmartin,2026-08-21,824721,SF,0,7,6,1,0,0,L
805345,Trent Harris,2026-08-21,824721,SF,0,7,6,2,0,0,R
671345,Jason Foley,2026-08-21,824721,SF,0,7,7,2,0,1,R
669432,Trevor Rogers,2026-08-21,824800,BAL,1,27,26,6,1,6,L
552640,Andrew Kittredge,2026-08-21,824800,BAL,0,4,4,1,0,2,R
670329,Rico Garcia,2026-08-21,824800,BAL,0,3,3,0,0,2,R
642547,Freddy Peralta,2026-08-21,824800,TB,1,28,25,7,2,6,R
664076,Garrett Cleavinger,2026-08-21,824800,TB,0,3,3,1,0,0,L
593958,Eduardo Rodriguez,2026-08-21,825045,AZ,1,22,20,4,0,4,L
642701,Dennis Santana,2026-08-21,825045,AZ,0,5,4,0,0,2,R
679885,Justin Martinez,2026-08-21,825045,AZ,0,4,3,0,0,1,R
664199,Taylor Clarke,2026-08-21,825045,AZ,0,3,3,0,0,1,R
666157,Nick Lodolo,2026-08-21,825045,CIN,1,22,19,10,1,2,L
670062,Julian Garcia,2026-08-21,825045,CIN,0,8,7,0,0,0,R
572955,Pierce Johnson,2026-08-21,825045,CIN,0,7,5,2,0,1,R
594580,Sam Moll,2026-08-21,825045,CIN,0,6,6,3,0,1,L
674003,Cody Bradford,2026-08-22,822858,TEX,1,22,22,7,0,3,L
668390,Cole Winn,2026-08-22,822858,TEX,0,5,5,0,0,3,R
695239,Robby Ahlstrom,2026-08-22,822858,TEX,0,6,5,2,0,1,L
682608,Peyton Gray,2026-08-22,822858,TEX,0,4,4,1,0,1,R
696270,Ryan Johnson,2026-08-22,822858,LAA,1,24,21,1,0,3,R
605242,Michael Fulmer,2026-08-22,822858,LAA,0,4,3,0,0,0,R
670245,Ryan Watson,2026-08-22,822858,LAA,0,3,3,0,0,1,R
807739,Kade Anderson,2026-08-22,823100,SEA,1,22,19,5,2,5,L
672841,Carlos Vargas,2026-08-22,823100,SEA,0,7,6,2,0,2,R
622554,Seranthony Domínguez,2026-08-22,823100,SEA,0,4,3,0,0,3,R
621074,Michael Rucker,2026-08-22,823100,SEA,0,3,3,0,0,1,R
656849,David Peterson,2026-08-22,823100,CHC,1,25,22,4,1,8,L
663423,Trent Thornton,2026-08-22,823100,CHC,0,5,5,1,0,1,R
669020,Ryan Rolison,2026-08-22,823100,CHC,0,2,2,0,0,1,L
657097,Jacob Webb,2026-08-22,823100,CHC,0,5,5,3,1,0,R
663554,Casey Mize,2026-08-22,823261,SD,1,13,12,4,3,0,R
606996,Kyle Hart,2026-08-22,823261,SD,0,6,6,3,0,0,L
656288,Griffin Canning,2026-08-22,823261,SD,0,15,13,3,0,1,R
670970,Adrian Morejon,2026-08-22,823261,SD,0,3,3,0,0,1,L
695243,Mason Miller,2026-08-22,823261,SD,0,3,3,0,0,1,R
665152,Dean Kremer,2026-08-22,823261,MIN,1,22,19,3,1,5,R
621345,A.J. Minter,2026-08-22,823261,MIN,0,3,3,1,0,1,L
702193,Andrew Morris,2026-08-22,823261,MIN,0,8,7,3,0,0,R
667297,Tommy Nance,2026-08-22,823261,MIN,0,6,6,3,0,3,R
691725,Andrew Painter,2026-08-22,823422,PHI,1,27,27,5,0,8,R
621237,José Alvarado,2026-08-22,823422,PHI,0,4,4,1,1,1,L
663767,Chase Shugart,2026-08-22,823422,PHI,0,4,4,1,0,0,R
687273,Quinn Mathews,2026-08-22,823422,STL,1,25,23,10,0,3,L
681676,Ryan Fernandez,2026-08-22,823422,STL,0,10,9,4,1,1,R
686780,Pedro Pagés,2026-08-22,823422,STL,0,4,4,1,1,0,R
677960,Ryan Weathers,2026-08-22,823509,NYY,1,17,17,8,0,3,L
660787,Yerry De los Santos,2026-08-22,823509,NYY,0,13,10,3,0,0,R
690440,Bradley Hanner,2026-08-22,823509,NYY,0,8,8,3,1,1,R
518585,Fernando Cruz,2026-08-22,823509,NYY,0,5,5,1,0,2,R
656302,Dylan Cease,2026-08-22,823509,TOR,1,26,21,2,0,8,R
693686,Spencer Miles,2026-08-22,823509,TOR,0,2,1,0,0,0,R
643511,Tyler Rogers,2026-08-22,823509,TOR,0,5,4,1,1,2,R
686973,Louis Varland,2026-08-22,823509,TOR,0,4,4,1,0,2,R
701656,Logan Henderson,2026-08-22,823743,MIL,1,24,22,5,0,4,R
694477,Chad Patrick,2026-08-22,823743,MIL,0,4,3,0,0,0,R
669084,DL Hall,2026-08-22,823743,MIL,0,3,3,0,0,2,L
676879,Aaron Ashby,2026-08-22,823743,MIL,0,4,4,2,0,0,L
527048,Martín Pérez,2026-08-22,823743,ATL,1,20,16,4,1,2,L
682989,Victor Mederos,2026-08-22,823743,ATL,0,5,5,2,0,2,R
608718,Brent Suter,2026-08-22,823743,ATL,0,11,10,2,0,1,L
691587,Eury Pérez,2026-08-22,823831,MIA,1,21,18,3,0,4,R
656848,Michael Petersen,2026-08-22,823831,MIA,0,3,3,0,0,1,R
694795,Josh Ekness,2026-08-22,823831,MIA,0,4,4,0,0,1,R
676604,Tyler Zuber,2026-08-22,823831,MIA,0,2,2,0,0,0,R
676534,Calvin Faucher,2026-08-22,823831,MIA,0,3,3,0,0,0,R
663623,Jake Irvin,2026-08-22,823831,WSH,1,26,23,6,2,4,R
680899,Erik Tolman,2026-08-22,823831,WSH,0,4,4,1,0,1,L
656234,Jake Bird,2026-08-22,823831,WSH,0,3,3,0,0,1,R
669373,Tarik Skubal,2026-08-22,823910,LAD,1,27,25,5,0,11,L
623465,Evan Phillips,2026-08-22,823910,LAD,0,3,3,1,0,2,R
676263,Jack Dreyer,2026-08-22,823910,LAD,0,1,1,0,0,1,L
656945,Tanner Scott,2026-08-22,823910,LAD,0,3,3,0,0,1,L
683003,Jared Jones,2026-08-22,823910,PIT,1,20,15,3,0,5,R
670990,Yohan Ramírez,2026-08-22,823910,PIT,0,6,5,2,0,2,R
666808,Camilo Doval,2026-08-22,823910,PIT,0,4,4,1,0,2,R
489446,Kirby Yates,2026-08-22,823910,PIT,0,3,3,1,0,0,R
699008,Antwone Kelly,2026-08-22,823910,PIT,0,4,4,0,0,1,R
608379,Michael Wacha,2026-08-22,824073,KC,1,26,24,3,1,6,R
656638,Alex Lange,2026-08-22,824073,KC,0,3,3,0,0,0,R
518886,Craig Kimbrel,2026-08-22,824073,KC,0,4,3,0,0,2,R
623454,Drew Anderson,2026-08-22,824073,DET,1,21,20,5,2,4,R
663432,Tanner Rainey,2026-08-22,824073,DET,0,3,3,0,0,0,R
805427,Drew Sommers,2026-08-22,824073,DET,0,6,6,0,0,4,L
686613,Hunter Brown,2026-08-22,824151,HOU,1,24,21,7,1,4,R
805123,AJ Blubaugh,2026-08-22,824151,HOU,0,4,4,0,0,2,R
656986,Bennett Sousa,2026-08-22,824151,HOU,0,4,2,2,0,0,L
650556,Bryan Abreu,2026-08-22,824151,HOU,0,6,5,1,0,2,R
682052,Jacob Lopez,2026-08-22,824151,ATH,1,23,22,3,0,9,L
665622,Luis Medina,2026-08-22,824151,ATH,0,7,6,3,1,2,R
663687,Hogan Harris,2026-08-22,824151,ATH,0,3,3,0,0,1,L
665660,Elvis Alvarado,2026-08-22,824151,ATH,0,3,3,0,0,2,R
687312,Gabriel Hughes,2026-08-22,824316,COL,1,21,19,4,1,2,R
693308,Nick Frasso,2026-08-22,824316,COL,0,6,6,3,0,0,R
657514,Brennan Bernardino,2026-08-22,824316,COL,0,3,3,0,0,1,L
675848,Juan Mejia,2026-08-22,824316,COL,0,7,6,0,0,1,R
676440,Tanner Bibee,2026-08-22,824316,CLE,1,24,23,5,1,6,R
681870,Erik Sabrowski,2026-08-22,824316,CLE,0,3,3,0,0,1,L
683769,Hunter Gaddis,2026-08-22,824316,CLE,0,4,4,1,0,1,R
671922,Cade Smith,2026-08-22,824316,CLE,0,4,4,1,1,1,R
622491,Luis Castillo,2026-08-22,824560,CWS,1,17,16,8,2,3,R
805326,Tyler Schweitzer,2026-08-22,824560,CWS,0,14,14,5,1,1,L
623211,Huascar Brazobán,2026-08-22,824560,CWS,0,6,5,1,1,1,R
670950,Trevor Richards,2026-08-22,824560,CWS,0,8,8,2,1,1,R
681035,Christian Scott,2026-08-22,824560,NYM,1,23,17,5,2,6,R
702752,Jonathan Pintaro,2026-08-22,824560,NYM,0,5,3,2,0,1,R
681810,Austin Warren,2026-08-22,824560,NYM,0,7,6,1,0,3,R
673380,Dedniel Núñez,2026-08-22,824560,NYM,0,3,3,0,0,1,R
673540,Kodai Senga,2026-08-22,824560,NYM,0,5,4,1,0,2,R
663776,Patrick Sandoval,2026-08-22,824718,BOS,1,24,22,5,2,6,L
669711,Greg Weissert,2026-08-22,824718,BOS,0,4,4,1,0,2,R
663558,Jovani Morán,2026-08-22,824718,BOS,0,5,4,1,0,1,L
681544,Wyatt Olds,2026-08-22,824718,BOS,0,7,5,1,0,1,R
694918,Blade Tidwell,2026-08-22,824718,SF,1,21,18,3,0,7,R
693313,Carson Seymour,2026-08-22,824718,SF,0,7,6,2,0,0,R
681916,Dylan Smith,2026-08-22,824718,SF,0,5,4,1,0,2,R
656529,Sam Hentges,2026-08-22,824718,SF,0,6,4,2,0,0,L
687064,Brandon Young,2026-08-22,824798,BAL,1,22,19,6,1,3,R
677020,Josh Walker,2026-08-22,824798,BAL,0,4,4,1,0,1,L
695380,Alex Hoppe,2026-08-22,824798,BAL,0,4,4,0,0,0,R
552640,Andrew Kittredge,2026-08-22,824798,BAL,0,4,4,1,0,0,R
670329,Rico Garcia,2026-08-22,824798,BAL,0,3,3,0,0,0,R
663556,Shane McClanahan,2026-08-22,824798,TB,1,20,19,4,0,5,L
669330,Tyler Wells,2026-08-22,824798,TB,0,7,7,1,0,1,R
687330,Kevin Kelly,2026-08-22,824798,TB,0,4,4,2,1,1,R
664076,Garrett Cleavinger,2026-08-22,824798,TB,0,4,4,0,0,2,L
641329,Bryan Baker,2026-08-22,824798,TB,0,1,1,1,0,0,R
647336,Michael Soroka,2026-08-22,825044,AZ,1,20,15,6,0,3,R
641793,Zack Littell,2026-08-22,825044,AZ,0,21,18,8,3,1,R
642701,Dennis Santana,2026-08-22,825044,AZ,0,5,5,2,1,1,R
656464,Kevin Ginkel,2026-08-22,825044,AZ,0,3,3,0,0,3,R
695076,Rhett Lowder,2026-08-22,825044,CIN,1,26,24,6,2,1,R
682825,Luis Mey,2026-08-22,825044,CIN,0,5,5,2,0,2,R
663574,Tony Santillan,2026-08-22,825044,CIN,0,6,4,1,0,0,R
622088,Tejay Antone,2026-08-22,825044,CIN,0,4,4,1,0,1,R
615698,Cal Quantrill,2026-08-23,822856,TEX,1,24,24,6,0,6,R
682608,Peyton Gray,2026-08-23,822856,TEX,0,5,5,1,1,2,R
641302,Tyler Alexander,2026-08-23,822856,TEX,0,4,3,3,0,0,L
681217,Chase Silseth,2026-08-23,822856,TEX,0,1,1,0,0,0,R
656641,Jacob Latz,2026-08-23,822856,TEX,0,5,4,1,0,2,L
579328,Yusei Kikuchi,2026-08-23,822856,LAA,1,23,19,7,2,4,L
684665,Luke Murphy,2026-08-23,822856,LAA,0,3,2,0,0,2,R
671111,Sammy Peralta,2026-08-23,822856,LAA,0,5,4,1,0,1,L
820862,José Fermin,2026-08-23,822856,LAA,0,3,3,0,0,2,R
682243,Bryce Miller,2026-08-23,823099,SEA,1,22,15,2,2,5,R
678606,José A. Ferrer,2026-08-23,823099,SEA,0,7,6,3,0,0,L
660825,Eduard Bazardo,2026-08-23,823099,SEA,0,3,3,0,0,1,R
621074,Michael Rucker,2026-08-23,823099,SEA,0,9,6,4,1,1,R
640902,Jhonny Pereda,2026-08-23,823099,SEA,0,4,4,3,1,0,R
642215,Weston Wilson,2026-08-23,823099,SEA,0,8,7,5,0,0,R
684007,Shota Imanaga,2026-08-23,823099,CHC,1,14,11,5,1,4,L
650644,Aaron Civale,2026-08-23,823099,CHC,0,13,13,1,0,2,R
663423,Trent Thornton,2026-08-23,823099,CHC,0,3,3,0,0,1,R
573204,Caleb Thielbar,2026-08-23,823099,CHC,0,3,3,0,0,1,L
608348,Carson Kelly,2026-08-23,823099,CHC,0,4,4,1,0,0,R
621111,Walker Buehler,2026-08-23,823258,SD,1,20,20,4,1,4,R
593974,Wandy Peralta,2026-08-23,823258,SD,0,6,6,1,0,1,L
673513,Yuki Matsui,2026-08-23,823258,SD,0,4,4,1,0,1,L
641927,Bailey Ober,2026-08-23,823258,MIN,1,22,19,4,1,3,R
681892,Kody Funderburk,2026-08-23,823258,MIN,0,3,1,0,0,0,L
656546,Jeff Hoffman,2026-08-23,823258,MIN,0,5,4,2,0,0,R
701519,Travis Adams,2026-08-23,823258,MIN,0,6,5,2,1,2,R
573124,Taylor Rogers,2026-08-23,823258,MIN,0,5,4,1,1,0,L
650911,Cristopher Sánchez,2026-08-23,823421,PHI,1,28,28,9,1,7,L
641835,Tim Mayza,2026-08-23,823421,PHI,0,6,5,1,0,1,L
686934,Alex McFarlane,2026-08-23,823421,PHI,0,3,3,0,0,1,R
681517,Kyle Leahy,2026-08-23,823421,STL,1,15,13,2,0,4,R
703725,Luis Gastelum,2026-08-23,823421,STL,0,4,4,1,0,1,R
677865,Justin Bruihl,2026-08-23,823421,STL,0,4,4,1,0,0,L
592773,Ryne Stanek,2026-08-23,823421,STL,0,3,3,0,0,0,R
666277,George Soriano,2026-08-23,823421,STL,0,3,3,0,0,0,R
676617,Riley O'Brien,2026-08-23,823421,STL,0,8,7,5,1,0,R
607074,Carlos Rodón,2026-08-23,823507,NYY,1,17,13,2,0,2,L
621112,Paul Blackburn,2026-08-23,823507,NYY,0,6,6,0,0,0,R
642232,Ryan Yarbrough,2026-08-23,823507,NYY,0,7,7,2,0,1,L
687396,Brent Headrick,2026-08-23,823507,NYY,0,5,5,1,0,2,L
667755,José Soriano,2026-08-23,823507,TOR,1,25,21,7,0,7,R
680755,Braydon Fisher,2026-08-23,823507,TOR,0,3,2,0,0,1,R
689254,Mason Fluharty,2026-08-23,823507,TOR,0,2,2,1,0,0,L
663893,Brendon Little,2026-08-23,823507,TOR,0,5,5,2,1,2,L
680573,Simeon Woods Richardson,2026-08-23,823507,TOR,0,4,4,1,1,1,R
675660,Shane Drohan,2026-08-23,823745,MIL,1,23,20,8,0,5,L
681982,Grant Anderson,2026-08-23,823745,MIL,0,4,3,1,0,1,R
669084,DL Hall,2026-08-23,823745,MIL,0,5,5,0,0,2,L
669060,Bryse Wilson,2026-08-23,823745,MIL,0,4,4,1,0,1,R
676879,Aaron Ashby,2026-08-23,823745,MIL,0,4,4,1,1,1,L
641816,Tyler Mahle,2026-08-23,823745,ATL,1,24,21,6,0,4,R
800311,Didier Fuentes,2026-08-23,823745,ATL,0,7,7,2,0,1,R
669276,Dylan Lee,2026-08-23,823745,ATL,0,4,4,2,0,1,L
628452,Raisel Iglesias,2026-08-23,823745,ATL,0,5,4,1,0,0,R
676083,Janson Junk,2026-08-23,823827,MIA,1,18,16,2,0,2,R
656848,Michael Petersen,2026-08-23,823827,MIA,0,2,1,0,0,1,R
676534,Calvin Faucher,2026-08-23,823827,MIA,0,5,4,1,0,1,R
667652,Jack Ralston,2026-08-23,823827,MIA,0,8,8,2,0,2,R
664126,Pete Fairbanks,2026-08-23,823827,MIA,0,5,4,0,0,1,R
800600,Jackson Kent,2026-08-23,823827,WSH,1,20,17,4,0,5,L
592866,Trevor Williams,2026-08-23,823827,WSH,0,12,8,2,0,3,R
668820,Max Kranick,2026-08-23,823827,WSH,0,5,5,2,0,0,R
605483,Blake Snell,2026-08-23,823909,LAD,1,24,20,2,0,6,L
683618,Edgardo Henriquez,2026-08-23,823909,LAD,0,3,3,0,0,2,R
592779,Brock Stewart,2026-08-23,823909,LAD,0,3,3,0,0,1,R
681911,Alex Vesia,2026-08-23,823909,LAD,0,4,3,0,0,1,L
669199,Lake Bachar,2026-08-23,823909,PIT,1,9,6,1,0,1,R
669387,Carmen Mlodzinski,2026-08-23,823909,PIT,0,15,14,5,0,4,R
694753,Khristian Curtis,2026-08-23,823909,PIT,0,10,9,0,0,1,R
663738,Daniel Lynch IV,2026-08-23,824071,KC,1,17,16,4,0,2,L
696131,Mason Black,2026-08-23,824071,KC,0,6,5,3,1,0,R
671162,Connor Thomas,2026-08-23,824071,KC,0,3,2,0,0,0,L
670167,John Schreiber,2026-08-23,824071,KC,0,2,2,0,0,1,R
621016,Jose Cuas,2026-08-23,824071,KC,0,7,5,2,0,1,R
663878,Nate Pearson,2026-08-23,824071,KC,0,4,4,1,0,1,R
674444,Steven Cruz,2026-08-23,824071,KC,0,4,3,0,0,2,R
621097,Jacob Waguespack,2026-08-23,824071,DET,1,6,5,1,0,1,R
680744,Ty Madden,2026-08-23,824071,DET,0,9,7,3,1,3,R
808825,Andrew Sears,2026-08-23,824071,DET,0,18,17,6,1,3,L
640448,Kyle Finnegan,2026-08-23,824071,DET,0,6,5,2,0,1,R
664299,Cristian Javier,2026-08-23,824150,HOU,1,18,16,4,1,8,R
660853,Enyel De Los Santos,2026-08-23,824150,HOU,0,5,4,3,0,1,R
678906,Kai-Wei Teng,2026-08-23,824150,HOU,0,7,6,1,0,4,R
595345,Steven Okert,2026-08-23,824150,HOU,0,4,4,1,1,1,L
805123,AJ Blubaugh,2026-08-23,824150,HOU,0,4,3,1,0,0,R
623352,Josh Hader,2026-08-23,824150,HOU,0,3,3,0,0,2,L
669620,Brady Basso,2026-08-23,824150,ATH,1,7,6,4,1,0,L
678022,Jack Perkins,2026-08-23,824150,ATH,0,24,19,3,1,6,R
656240,Scott Blewett,2026-08-23,824150,ATH,0,3,3,0,0,0,R
665622,Luis Medina,2026-08-23,824150,ATH,0,5,4,1,0,2,R
663687,Hogan Harris,2026-08-23,824150,ATH,0,3,3,0,0,2,L
608372,Tomoyuki Sugano,2026-08-23,824315,COL,1,18,17,9,0,2,R
815081,Mark Manfredi,2026-08-23,824315,COL,0,5,5,2,0,2,L
623474,Jimmy Herget,2026-08-23,824315,COL,0,7,5,0,0,0,R
677955,Jaden Hill,2026-08-23,824315,COL,0,3,3,0,0,0,R
693308,Nick Frasso,2026-08-23,824315,COL,0,5,4,1,0,1,R
605447,Jordan Romano,2026-08-23,824315,COL,0,3,3,0,0,0,R
656492,Foster Griffin,2026-08-23,824315,CLE,1,22,19,5,0,4,L
684974,Craig Yoho,2026-08-23,824315,CLE,0,6,6,2,0,1,R
682120,Tim Herrin,2026-08-23,824315,CLE,0,3,3,0,0,1,L
670036,Matt Festa,2026-08-23,824315,CLE,0,2,2,0,0,2,R
671106,Logan Allen,2026-08-23,824315,CLE,0,3,3,0,0,1,L
656794,Sean Newcomb,2026-08-23,824558,CWS,1,8,8,2,0,3,L
607200,Erick Fedde,2026-08-23,824558,CWS,0,14,13,3,0,2,R
696146,Hagen Smith,2026-08-23,824558,CWS,0,6,6,0,0,3,L
691799,Grant Taylor,2026-08-23,824558,CWS,0,7,5,2,0,2,R
690997,Nolan McLean,2026-08-23,824558,NYM,1,24,19,1,0,6,R
673380,Dedniel Núñez,2026-08-23,824558,NYM,0,4,4,1,0,1,R
650960,Daniel Duarte,2026-08-23,824558,NYM,0,5,5,2,0,3,R
673540,Kodai Senga,2026-08-23,824558,NYM,0,2,2,1,1,0,R
687562,Jake Bennett,2026-08-23,824720,BOS,1,29,28,7,1,6,L
594027,Tyron Guerrero,2026-08-23,824720,BOS,0,3,3,1,0,0,R
547973,Aroldis Chapman,2026-08-23,824720,BOS,0,3,3,0,0,1,L
683363,Matt Wilkinson,2026-08-23,824720,SF,1,18,18,7,1,2,L
664141,JT Brubaker,2026-08-23,824720,SF,0,9,8,3,0,0,R
656529,Sam Hentges,2026-08-23,824720,SF,0,5,5,0,0,2,L
805345,Trent Harris,2026-08-23,824720,SF,0,4,4,1,0,1,R
669358,Shane Baz,2026-08-23,824799,BAL,1,22,19,5,0,3,R
664991,Grant Wolfram,2026-08-23,824799,BAL,0,5,5,1,0,0,L
689296,Anthony Nunez,2026-08-23,824799,BAL,0,6,4,1,0,0,R
676742,Cam Sanders,2026-08-23,824799,BAL,0,3,3,0,0,0,R
607259,Nick Martinez,2026-08-23,824799,TB,1,19,19,1,0,4,R
592155,Cam Booser,2026-08-23,824799,TB,0,3,3,0,0,0,L
687330,Kevin Kelly,2026-08-23,824799,TB,0,3,3,0,0,1,R
641329,Bryan Baker,2026-08-23,824799,TB,0,5,5,1,1,0,R
683352,Mitch Bratt,2026-08-23,825043,AZ,1,17,14,5,0,3,L
672629,Gerardo Carrillo,2026-08-23,825043,AZ,0,7,5,1,0,3,R
664199,Taylor Clarke,2026-08-23,825043,AZ,0,3,3,0,0,1,R
642528,Jonathan Loáisiga,2026-08-23,825043,AZ,0,4,4,1,0,1,R
666661,Juan Morillo,2026-08-23,825043,AZ,0,4,3,0,0,1,R
805299,Brandyn Garcia,2026-08-23,825043,AZ,0,3,3,1,0,1,L
656464,Kevin Ginkel,2026-08-23,825043,AZ,0,2,2,0,0,1,R
671096,Andrew Abbott,2026-08-23,825043,CIN,1,26,22,7,0,6,L
682825,Luis Mey,2026-08-23,825043,CIN,0,6,3,1,0,1,R
572955,Pierce Johnson,2026-08-23,825043,CIN,0,3,3,0,0,0,R
676917,Cade Cavalli,2026-08-24,822695,WSH,1,24,23,5,2,7,R
680899,Erik Tolman,2026-08-24,822695,WSH,0,3,2,0,0,0,L
690925,Clayton Beeter,2026-08-24,822695,WSH,0,7,5,2,0,2,R
656234,Jake Bird,2026-08-24,822695,WSH,0,3,3,0,0,1,R
663372,Ryan Feltner,2026-08-24,822695,COL,1,28,23,6,0,6,R
675848,Juan Mejia,2026-08-24,822695,COL,0,4,2,1,0,0,R
687060,Blake Adams,2026-08-24,822695,COL,0,9,7,5,1,0,R
687859,Troy Johnston,2026-08-24,822695,COL,0,4,4,1,0,0,L
669302,Logan Gilbert,2026-08-24,823097,SEA,1,22,20,5,1,5,R
622554,Seranthony Domínguez,2026-08-24,823097,SEA,0,6,6,0,0,2,R
642100,Gabe Speier,2026-08-24,823097,SEA,0,3,3,0,0,0,L
672841,Carlos Vargas,2026-08-24,823097,SEA,0,3,3,0,0,1,R
554430,Zack Wheeler,2026-08-24,823097,PHI,1,25,20,9,4,4,R
686934,Alex McFarlane,2026-08-24,823097,PHI,0,3,3,0,0,2,R
621237,José Alvarado,2026-08-24,823097,PHI,0,3,3,0,0,2,L
663767,Chase Shugart,2026-08-24,823097,PHI,0,8,7,1,1,4,R
687931,Carson Whisenhunt,2026-08-24,823183,SF,1,11,10,2,0,3,L
671345,Jason Foley,2026-08-24,823183,SF,0,4,4,0,0,3,R
665665,Reiver Sanmartin,2026-08-24,823183,SF,0,3,3,0,0,0,L
676254,Ryan Walker,2026-08-24,823183,SF,0,8,8,2,0,2,R
693313,Carson Seymour,2026-08-24,823183,SF,0,3,3,0,0,2,R
681916,Dylan Smith,2026-08-24,823183,SF,0,5,4,1,0,1,R
695505,Chase Burns,2026-08-24,823183,CIN,1,19,18,9,1,5,R
594580,Sam Moll,2026-08-24,823183,CIN,0,4,4,0,0,1,L
670062,Julian Garcia,2026-08-24,823183,CIN,0,6,6,0,0,1,R
641941,Emilio Pagán,2026-08-24,823183,CIN,0,4,4,1,0,0,R
592662,Robbie Ray,2026-08-24,823260,SD,1,22,20,5,1,5,L
699134,Bradgley Rodriguez,2026-08-24,823260,SD,0,3,3,1,0,2,R
673513,Yuki Matsui,2026-08-24,823260,SD,0,4,3,0,0,2,L
606996,Kyle Hart,2026-08-24,823260,SD,0,4,4,1,0,1,L
695243,Mason Miller,2026-08-24,823260,SD,0,5,4,1,0,2,R
670970,Adrian Morejon,2026-08-24,823260,SD,0,7,6,0,0,2,L
669093,Jeremiah Estrada,2026-08-24,823260,SD,0,4,4,1,0,1,R
677952,Braxton Ashcraft,2026-08-24,823260,PIT,1,21,20,4,0,2,R
642397,Gregory Soto,2026-08-24,823260,PIT,0,4,3,0,0,1,L
596133,Luke Weaver,2026-08-24,823260,PIT,0,6,4,2,0,1,R
682254,Mason Montgomery,2026-08-24,823260,PIT,0,4,4,1,0,1,L
666808,Camilo Doval,2026-08-24,823260,PIT,0,2,2,0,0,1,R
489446,Kirby Yates,2026-08-24,823260,PIT,0,5,3,0,0,1,R
670990,Yohan Ramírez,2026-08-24,823260,PIT,0,3,3,0,0,3,R
645261,Sandy Alcantara,2026-08-24,823828,MIA,1,29,27,6,0,6,R
694795,Josh Ekness,2026-08-24,823828,MIA,0,5,4,1,0,1,R
664126,Pete Fairbanks,2026-08-24,823828,MIA,0,1,0,0,0,0,R
676604,Tyler Zuber,2026-08-24,823828,MIA,0,3,3,2,0,0,R
806188,Cade Gibson,2026-08-24,823828,MIA,0,3,2,0,0,0,L
624133,Ranger Suarez,2026-08-24,823828,BOS,1,24,17,4,0,4,L
678394,Brayan Bello,2026-08-24,823828,BOS,0,10,8,2,0,1,R
669062,Erik Miller,2026-08-24,823828,BOS,0,5,5,2,0,1,L
547973,Aroldis Chapman,2026-08-24,823828,BOS,0,4,4,1,0,1,L
691946,George Klassen,2026-08-24,823992,LAA,1,24,20,6,0,3,R
676620,Blake Weiman,2026-08-24,823992,LAA,0,4,4,1,1,0,L
684665,Luke Murphy,2026-08-24,823992,LAA,0,2,2,0,0,1,R
671111,Sammy Peralta,2026-08-24,823992,LAA,0,7,7,1,0,1,L
800048,Parker Messick,2026-08-24,823992,CLE,1,21,20,3,0,4,L
670059,Colin Holderman,2026-08-24,823992,CLE,0,4,4,1,0,3,R
683769,Hunter Gaddis,2026-08-24,823992,CLE,0,4,4,1,0,0,R
671922,Cade Smith,2026-08-24,823992,CLE,0,5,3,1,0,1,R
664285,Framber Valdez,2026-08-24,824235,DET,1,26,23,8,1,0,L
663432,Tanner Rainey,2026-08-24,824235,DET,0,7,5,0,0,2,R
663947,Tyler Holton,2026-08-24,824235,DET,0,4,4,1,0,1,L
656876,Drew Rasmussen,2026-08-24,824235,TB,1,21,20,3,0,5,R
664076,Garrett Cleavinger,2026-08-24,824235,TB,0,3,3,0,0,2,L
655889,Manuel Rodríguez,2026-08-24,824235,TB,0,5,4,1,0,3,R
641329,Bryan Baker,2026-08-24,824235,TB,0,5,4,1,0,2,R
664353,José Urquidy,2026-08-24,824557,CWS,1,21,15,6,0,2,R
805326,Tyler Schweitzer,2026-08-24,824557,CWS,0,9,9,3,1,2,L
623211,Huascar Brazobán,2026-08-24,824557,CWS,0,4,2,1,0,0,R
670950,Trevor Richards,2026-08-24,824557,CWS,0,14,12,4,1,2,R
682668,Luisangel Acuña,2026-08-24,824557,CWS,0,1,1,0,0,0,R
677958,Kumar Rocker,2026-08-24,824557,TEX,1,25,22,5,1,8,R
695239,Robby Ahlstrom,2026-08-24,824557,TEX,0,4,4,0,0,1,L
656756,Jordan Montgomery,2026-08-24,824557,TEX,0,6,6,0,0,2,L
605488,Jeffrey Springs,2026-08-24,824964,ATH,1,23,21,7,1,3,L
696522,Hayden Juenger,2026-08-24,824964,ATH,0,7,5,3,0,0,R
695034,Kade Morris,2026-08-24,824964,ATH,0,14,12,5,0,2,R
680723,Drew Rom,2026-08-24,824964,ATH,0,4,4,1,0,0,L
805673,Zebby Matthews,2026-08-24,824964,MIN,1,27,25,6,0,7,R
667297,Tommy Nance,2026-08-24,824964,MIN,0,6,4,2,0,0,R
672782,Yoendrys Gómez,2026-08-24,824964,MIN,0,7,6,4,0,0,R
702193,Andrew Morris,2026-08-24,824964,MIN,0,1,1,0,0,0,R
518876,Merrill Kelly,2026-08-24,825041,AZ,1,25,22,5,0,4,R
664199,Taylor Clarke,2026-08-24,825041,AZ,0,3,3,2,2,0,R
686753,Drey Jameson,2026-08-24,825041,AZ,0,10,8,3,0,0,R
686228,Juan Burgos,2026-08-24,825041,AZ,0,3,3,0,0,0,R
592332,Kevin Gausman,2026-08-24,825041,CHC,1,24,23,3,0,6,R
666171,Ryan Zeferjahn,2026-08-24,825041,CHC,0,3,3,0,0,0,R
573204,Caleb Thielbar,2026-08-24,825041,CHC,0,5,5,2,0,0,L
674841,Andrew Alvarez,2026-08-25,822693,WSH,1,20,18,5,1,6,L
695418,Brad Lord,2026-08-25,822693,WSH,0,8,7,0,0,2,R
668820,Max Kranick,2026-08-25,822693,WSH,0,5,4,1,0,2,R
656234,Jake Bird,2026-08-25,822693,WSH,0,4,4,1,0,1,R
690279,Mason Adams,2026-08-25,822693,COL,1,18,15,3,1,5,R
815081,Mark Manfredi,2026-08-25,822693,COL,0,4,4,1,0,2,L
623474,Jimmy Herget,2026-08-25,822693,COL,0,2,2,0,0,0,R
677955,Jaden Hill,2026-08-25,822693,COL,0,3,3,0,0,1,R
657514,Brennan Bernardino,2026-08-25,822693,COL,0,4,4,1,0,2,L
605447,Jordan Romano,2026-08-25,822693,COL,0,4,3,0,0,0,R
453286,Max Scherzer,2026-08-25,822773,TOR,1,23,18,4,0,4,R
680755,Braydon Fisher,2026-08-25,822773,TOR,0,3,3,2,0,0,R
689254,Mason Fluharty,2026-08-25,822773,TOR,0,4,1,0,0,0,L
623149,Paul Sewald,2026-08-25,822773,TOR,0,6,4,1,0,1,R
663893,Brendon Little,2026-08-25,822773,TOR,0,4,3,0,0,3,L
643511,Tyler Rogers,2026-08-25,822773,TOR,0,6,6,3,0,1,R
607625,Seth Lugo,2026-08-25,822773,KC,1,21,19,6,0,5,R
670167,John Schreiber,2026-08-25,822773,KC,0,3,3,0,0,1,R
671162,Connor Thomas,2026-08-25,822773,KC,0,3,2,0,0,0,L
663878,Nate Pearson,2026-08-25,822773,KC,0,6,4,1,0,1,R
674444,Steven Cruz,2026-08-25,822773,KC,0,5,5,3,0,0,R
669461,Matthew Liberatore,2026-08-25,823016,STL,1,22,21,8,2,7,L
657265,Peter Strzelecki,2026-08-25,823016,STL,0,7,5,4,0,1,R
657571,Caleb Ferguson,2026-08-25,823016,STL,0,7,7,2,0,3,L
681676,Ryan Fernandez,2026-08-25,823016,STL,0,7,7,1,0,2,R
686780,Pedro Pagés,2026-08-25,823016,STL,0,3,3,1,0,0,R
605135,Chris Bassitt,2026-08-25,823016,BAL,1,26,25,6,1,5,R
666974,Yennier Cano,2026-08-25,823016,BAL,0,1,1,0,0,0,R
689296,Anthony Nunez,2026-08-25,823016,BAL,0,7,7,1,0,5,R
669923,George Kirby,2026-08-25,823098,SEA,1,30,29,6,0,9,R
678606,José A. Ferrer,2026-08-25,823098,SEA,0,1,1,0,0,0,L
662253,Andrés Muñoz,2026-08-25,823098,SEA,0,5,3,0,0,2,R
605400,Aaron Nola,2026-08-25,823098,PHI,1,23,20,3,1,7,R
689147,Orion Kerkering,2026-08-25,823098,PHI,0,5,3,1,0,0,R
548384,Brooks Raley,2026-08-25,823098,PHI,0,2,2,1,0,0,L
680742,Jonathan Bowlan,2026-08-25,823098,PHI,0,4,3,0,0,0,R
605288,Adrian Houser,2026-08-25,823181,SF,1,6,6,1,0,2,R
683627,Anthony Molina,2026-08-25,823181,SF,0,14,13,1,0,1,R
656529,Sam Hentges,2026-08-25,823181,SF,0,4,4,1,0,0,L
805345,Trent Harris,2026-08-25,823181,SF,0,4,3,0,0,2,R
693313,Carson Seymour,2026-08-25,823181,SF,0,4,4,1,1,1,R
663903,Brady Singer,2026-08-25,823181,CIN,1,28,24,6,1,5,R
594580,Sam Moll,2026-08-25,823181,CIN,0,4,3,1,0,0,L
622088,Tejay Antone,2026-08-25,823181,CIN,0,5,4,1,0,1,R
650633,Michael King,2026-08-25,823259,SD,1,26,23,5,0,7,R
670970,Adrian Morejon,2026-08-25,823259,SD,0,3,3,0,0,1,L
695243,Mason Miller,2026-08-25,823259,SD,0,4,4,1,1,1,R
694973,Paul Skenes,2026-08-25,823259,PIT,1,21,20,3,0,4,R
666808,Camilo Doval,2026-08-25,823259,PIT,0,4,3,0,0,2,R
642397,Gregory Soto,2026-08-25,823259,PIT,0,3,3,0,0,0,L
682254,Mason Montgomery,2026-08-25,823259,PIT,0,4,3,0,0,2,L
701542,Will Warren,2026-08-25,823505,NYY,1,24,22,7,1,4,R
518585,Fernando Cruz,2026-08-25,823505,NYY,0,5,4,1,1,0,R
660787,Yerry De los Santos,2026-08-25,823505,NYY,0,4,3,0,0,1,R
687396,Brent Headrick,2026-08-25,823505,NYY,0,6,6,4,1,1,L
690440,Bradley Hanner,2026-08-25,823505,NYY,0,6,6,2,0,3,R
814490,Ethan Pecko,2026-08-25,823505,HOU,1,21,17,5,2,1,R
656986,Bennett Sousa,2026-08-25,823505,HOU,0,5,5,0,0,0,L
595345,Steven Okert,2026-08-25,823505,HOU,0,5,4,2,0,1,L
650556,Bryan Abreu,2026-08-25,823505,HOU,0,5,5,3,0,0,R
623352,Josh Hader,2026-08-25,823505,HOU,0,4,4,0,0,1,L
804267,Zac Thornton,2026-08-25,823585,NYM,1,23,23,7,0,4,L
681320,Nate Lavender,2026-08-25,823585,NYM,0,6,6,0,0,1,L
681810,Austin Warren,2026-08-25,823585,NYM,0,4,3,2,0,1,R
642376,Jefry Yan,2026-08-25,823585,NYM,0,3,2,0,0,1,L
702752,Jonathan Pintaro,2026-08-25,823585,NYM,0,4,3,0,0,2,R
690986,Kyle Harrison,2026-08-25,823585,MIL,1,21,20,6,1,5,L
694477,Chad Patrick,2026-08-25,823585,MIL,0,5,5,3,1,0,R
622608,Antonio Senzatela,2026-08-25,823585,MIL,0,5,5,1,0,1,R
676879,Aaron Ashby,2026-08-25,823585,MIL,0,3,3,0,0,0,L
656730,Trevor Megill,2026-08-25,823585,MIL,0,7,5,1,0,1,R
663969,Tyler Phillips,2026-08-25,823826,MIA,1,20,17,3,1,7,R
680767,Victor Vodnik,2026-08-25,823826,MIA,0,1,1,0,0,1,R
676604,Tyler Zuber,2026-08-25,823826,MIA,0,4,4,1,1,0,R
667652,Jack Ralston,2026-08-25,823826,MIA,0,3,3,0,0,0,R
656848,Michael Petersen,2026-08-25,823826,MIA,0,5,4,1,0,0,R
694795,Josh Ekness,2026-08-25,823826,MIA,0,3,2,0,0,0,R
676534,Calvin Faucher,2026-08-25,823826,MIA,0,3,3,0,0,1,R
806188,Cade Gibson,2026-08-25,823826,MIA,0,6,5,2,1,0,L
801139,Payton Tolle,2026-08-25,823826,BOS,1,22,19,4,1,7,L
594027,Tyron Guerrero,2026-08-25,823826,BOS,0,7,5,2,0,0,R
669711,Greg Weissert,2026-08-25,823826,BOS,0,4,4,1,0,1,R
669062,Erik Miller,2026-08-25,823826,BOS,0,3,3,0,0,3,L
681544,Wyatt Olds,2026-08-25,823826,BOS,0,4,4,0,0,1,R
687941,Alec Gamboa,2026-08-25,823826,BOS,0,5,4,0,0,0,L
700712,Walbert Ureña,2026-08-25,823989,LAA,1,21,15,5,0,3,R
820862,José Fermin,2026-08-25,823989,LAA,0,8,8,4,0,2,R
642048,Tayler Saucedo,2026-08-25,823989,LAA,0,7,6,0,0,4,L
670245,Ryan Watson,2026-08-25,823989,LAA,0,5,5,2,0,1,R
690829,Ben Joyce,2026-08-25,823989,LAA,0,4,3,0,0,3,R
676620,Blake Weiman,2026-08-25,823989,LAA,0,6,5,2,0,0,L
668909,Gavin Williams,2026-08-25,823989,CLE,1,11,9,6,2,3,R
670036,Matt Festa,2026-08-25,823989,CLE,0,6,5,0,0,2,R
684974,Craig Yoho,2026-08-25,823989,CLE,0,4,4,1,0,2,R
671106,Logan Allen,2026-08-25,823989,CLE,0,13,11,2,1,2,L
670059,Colin Holderman,2026-08-25,823989,CLE,0,4,3,0,0,1,R
681870,Erik Sabrowski,2026-08-25,823989,CLE,0,3,3,0,0,3,L
671922,Cade Smith,2026-08-25,823989,CLE,0,4,2,0,0,2,R
695549,Jackson Jobe,2026-08-25,824233,DET,1,19,16,4,0,4,R
805427,Drew Sommers,2026-08-25,824233,DET,0,5,5,0,0,1,L
621097,Jacob Waguespack,2026-08-25,824233,DET,0,4,3,0,0,1,R
663947,Tyler Holton,2026-08-25,824233,DET,0,4,4,1,0,0,L
445276,Kenley Jansen,2026-08-25,824233,DET,0,3,3,0,0,1,R
668984,Casey Legumina,2026-08-25,824233,TB,1,8,8,1,0,2,R
693855,Ian Seymour,2026-08-25,824233,TB,0,25,25,7,1,5,L
641743,Anthony Kay,2026-08-25,824556,CWS,1,23,20,6,2,4,L
663855,Jordan Hicks,2026-08-25,824556,CWS,0,7,7,4,1,2,R
663542,Bryan Hudson,2026-08-25,824556,CWS,0,4,4,0,0,0,L
696146,Hagen Smith,2026-08-25,824556,CWS,0,9,6,1,0,1,L
691799,Grant Taylor,2026-08-25,824556,CWS,0,1,1,0,0,0,R
594798,Jacob deGrom,2026-08-25,824556,TEX,1,22,17,6,0,2,R
668390,Cole Winn,2026-08-25,824556,TEX,0,10,9,5,0,2,R
682608,Peyton Gray,2026-08-25,824556,TEX,0,5,5,2,1,3,R
656756,Jordan Montgomery,2026-08-25,824556,TEX,0,3,3,0,0,1,L
641302,Tyler Alexander,2026-08-25,824556,TEX,0,5,4,1,0,2,L
693821,Bryce Elder,2026-08-25,824881,ATL,1,27,26,8,0,5,R
669276,Dylan Lee,2026-08-25,824881,ATL,0,4,4,1,0,0,L
682989,Victor Mederos,2026-08-25,824881,ATL,0,4,2,0,0,1,R
689266,Dylan Dodd,2026-08-25,824881,ATL,0,1,1,0,0,0,L
628452,Raisel Iglesias,2026-08-25,824881,ATL,0,5,4,1,0,1,R
607192,Tyler Glasnow,2026-08-25,824881,LAD,1,21,20,6,0,7,R
681911,Alex Vesia,2026-08-25,824881,LAD,0,3,3,0,0,0,L
676263,Jack Dreyer,2026-08-25,824881,LAD,0,4,3,1,0,1,L
623465,Evan Phillips,2026-08-25,824881,LAD,0,1,1,0,0,0,R
656945,Tanner Scott,2026-08-25,824881,LAD,0,5,5,2,0,0,L
695611,Gage Jump,2026-08-25,824962,ATH,1,24,22,3,0,9,L
663687,Hogan Harris,2026-08-25,824962,ATH,0,4,3,1,0,1,L
665622,Luis Medina,2026-08-25,824962,ATH,0,3,3,0,0,1,R
665660,Elvis Alvarado,2026-08-25,824962,ATH,0,3,3,0,0,1,R
671737,Taj Bradley,2026-08-25,824962,MIN,1,28,27,7,1,11,R
621345,A.J. Minter,2026-08-25,824962,MIN,0,4,4,0,0,2,L
694297,Brandon Pfaadt,2026-08-25,825042,AZ,1,28,25,6,1,3,R
642701,Dennis Santana,2026-08-25,825042,AZ,0,4,4,0,0,1,R
679885,Justin Martinez,2026-08-25,825042,AZ,0,3,3,1,0,1,R
605280,Clay Holmes,2026-08-25,825042,CHC,1,25,23,2,0,5,R
694037,Daniel Palencia,2026-08-25,825042,CHC,0,6,4,2,0,1,R
657097,Jacob Webb,2026-08-25,825042,CHC,0,5,4,1,1,0,R
663362,Matt Waldron,2026-08-26,822692,WSH,1,9,8,2,0,1,R
702021,Will Dion,2026-08-26,822692,WSH,0,13,11,4,2,3,L
691384,Luis Perales,2026-08-26,822692,WSH,0,13,10,4,1,3,R
690925,Clayton Beeter,2026-08-26,822692,WSH,0,1,1,0,0,0,R
687377,Orlando Ribalta,2026-08-26,822692,WSH,0,6,4,2,1,0,R
678391,Jorbit Vivas,2026-08-26,822692,WSH,0,9,7,3,0,0,R
685299,Tanner Gordon,2026-08-26,822692,COL,1,27,27,6,1,5,R
688642,Zach Agnos,2026-08-26,822692,COL,0,7,7,1,0,2,R
693686,Spencer Miles,2026-08-26,822772,TOR,1,8,8,2,0,1,R
663893,Brendon Little,2026-08-26,822772,TOR,0,4,2,0,0,1,L
689149,Chad Dallas,2026-08-26,822772,TOR,0,8,8,0,0,4,R
689254,Mason Fluharty,2026-08-26,822772,TOR,0,3,3,0,0,1,L
623149,Paul Sewald,2026-08-26,822772,TOR,0,2,2,0,0,0,R
643511,Tyler Rogers,2026-08-26,822772,TOR,0,4,4,2,0,1,R
686973,Louis Varland,2026-08-26,822772,TOR,0,6,6,2,0,1,R
677976,Randy Dobnak,2026-08-26,822772,KC,1,25,24,6,1,5,R
696131,Mason Black,2026-08-26,822772,KC,0,6,6,0,0,0,R
700241,Michael McGreevy,2026-08-26,823015,STL,1,28,25,10,2,3,R
703725,Luis Gastelum,2026-08-26,823015,STL,0,3,3,0,0,3,R
592773,Ryne Stanek,2026-08-26,823015,STL,0,3,2,0,0,1,R
666277,George Soriano,2026-08-26,823015,STL,0,5,3,1,0,0,R
676617,Riley O'Brien,2026-08-26,823015,STL,0,5,5,2,0,0,R
680694,Kyle Bradish,2026-08-26,823015,BAL,1,23,21,9,1,4,R
695380,Alex Hoppe,2026-08-26,823015,BAL,0,2,2,0,0,0,R
677020,Josh Walker,2026-08-26,823015,BAL,0,3,3,1,0,1,L
670329,Rico Garcia,2026-08-26,823015,BAL,0,5,4,0,0,2,R
664991,Grant Wolfram,2026-08-26,823015,BAL,0,4,3,0,0,0,L
552640,Andrew Kittredge,2026-08-26,823015,BAL,0,5,4,1,0,0,R
693433,Bryan Woo,2026-08-26,823096,SEA,1,18,17,5,2,5,R
678606,José A. Ferrer,2026-08-26,823096,SEA,0,4,4,1,0,0,L
660825,Eduard Bazardo,2026-08-26,823096,SEA,0,5,5,2,0,1,R
642100,Gabe Speier,2026-08-26,823096,SEA,0,3,3,0,0,1,L
672841,Carlos Vargas,2026-08-26,823096,SEA,0,8,8,2,0,3,R
666200,Jesús Luzardo,2026-08-26,823096,PHI,1,25,22,1,0,9,L
641835,Tim Mayza,2026-08-26,823096,PHI,0,3,3,0,0,1,L
661395,Jhoan Duran,2026-08-26,823096,PHI,0,4,4,1,0,2,R
657277,Logan Webb,2026-08-26,823180,SF,1,25,22,5,1,6,R
671345,Jason Foley,2026-08-26,823180,SF,0,4,4,3,0,0,R
676254,Ryan Walker,2026-08-26,823180,SF,0,3,1,0,0,0,R
702352,Spencer Bivens,2026-08-26,823180,SF,0,8,6,3,1,2,R
681916,Dylan Smith,2026-08-26,823180,SF,0,5,4,4,1,0,R
665665,Reiver Sanmartin,2026-08-26,823180,SF,0,2,2,0,0,0,L
666157,Nick Lodolo,2026-08-26,823180,CIN,1,21,18,6,2,5,L
670062,Julian Garcia,2026-08-26,823180,CIN,0,7,7,3,1,2,R
656271,Brock Burke,2026-08-26,823180,CIN,0,3,3,0,0,1,L
663574,Tony Santillan,2026-08-26,823180,CIN,0,8,4,2,0,2,R
641941,Emilio Pagán,2026-08-26,823180,CIN,0,4,4,1,0,2,R
681190,Randy Vásquez,2026-08-26,823255,SD,1,18,16,1,0,2,R
606996,Kyle Hart,2026-08-26,823255,SD,0,5,4,1,0,0,L
656288,Griffin Canning,2026-08-26,823255,SD,0,3,1,0,0,1,R
673513,Yuki Matsui,2026-08-26,823255,SD,0,3,3,1,0,2,L
699134,Bradgley Rodriguez,2026-08-26,823255,SD,0,8,8,2,0,2,R
696149,Bubba Chandler,2026-08-26,823255,PIT,1,22,20,4,0,3,R
669199,Lake Bachar,2026-08-26,823255,PIT,0,4,4,0,0,1,R
489446,Kirby Yates,2026-08-26,823255,PIT,0,6,4,3,0,1,R
668716,Noah Murdock,2026-08-26,823255,PIT,0,1,1,0,0,0,R
695684,Elmer Rodríguez,2026-08-26,823506,NYY,1,22,20,3,1,6,R
621112,Paul Blackburn,2026-08-26,823506,NYY,0,6,5,1,0,2,R
605242,Michael Fulmer,2026-08-26,823506,NYY,0,3,3,0,0,1,R
657612,Tim Hill,2026-08-26,823506,NYY,0,3,3,0,0,1,L
663567,Peter Lambert,2026-08-26,823506,HOU,1,26,23,7,1,5,R
678906,Kai-Wei Teng,2026-08-26,823506,HOU,0,1,1,0,0,0,R
656986,Bennett Sousa,2026-08-26,823506,HOU,0,7,6,5,0,1,L
660853,Enyel De Los Santos,2026-08-26,823506,HOU,0,7,6,1,1,3,R
476594,Robert Stock,2026-08-26,823584,NYM,1,23,21,10,1,2,R
694646,Chayce McDermott,2026-08-26,823584,NYM,0,11,9,3,0,2,R
642376,Jefry Yan,2026-08-26,823584,NYM,0,7,6,0,0,2,L
673380,Dedniel Núñez,2026-08-26,823584,NYM,0,3,3,0,0,0,R
669160,Dustin May,2026-08-26,823584,MIL,1,1,1,0,0,0,R
688107,Robert Gasser,2026-08-26,823584,MIL,0,24,22,6,0,6,L
681982,Grant Anderson,2026-08-26,823584,MIL,0,5,5,1,0,0,R
669060,Bryse Wilson,2026-08-26,823584,MIL,0,7,7,2,0,2,R
687473,Ryan Gusto,2026-08-26,823825,MIA,1,25,20,4,0,2,R
680767,Victor Vodnik,2026-08-26,823825,MIA,0,4,4,0,0,1,R
676083,Janson Junk,2026-08-26,823825,MIA,0,3,3,0,0,0,R
690978,Dax Fulton,2026-08-26,823825,MIA,0,4,4,1,0,1,L
543243,Sonny Gray,2026-08-26,823825,BOS,1,23,22,7,0,5,R
663558,Jovani Morán,2026-08-26,823825,BOS,0,8,7,1,0,2,L
681544,Wyatt Olds,2026-08-26,823825,BOS,0,7,6,2,0,1,R
680570,Grayson Rodriguez,2026-08-26,823988,LAA,1,24,21,7,0,4,R
671111,Sammy Peralta,2026-08-26,823988,LAA,0,5,5,1,0,3,L
684665,Luke Murphy,2026-08-26,823988,LAA,0,4,3,1,0,1,R
670245,Ryan Watson,2026-08-26,823988,LAA,0,7,5,3,0,0,R
676282,Joey Cantillo,2026-08-26,823988,CLE,1,25,16,2,0,1,L
682120,Tim Herrin,2026-08-26,823988,CLE,0,4,4,0,0,1,L
683769,Hunter Gaddis,2026-08-26,823988,CLE,0,3,2,0,0,1,R
681870,Erik Sabrowski,2026-08-26,823988,CLE,0,4,4,1,0,1,L
675512,Troy Melton,2026-08-26,824234,DET,1,27,24,7,0,4,R
641755,Tyler Kinley,2026-08-26,824234,DET,0,3,3,0,0,0,R
640448,Kyle Finnegan,2026-08-26,824234,DET,0,4,3,1,0,0,R
642547,Freddy Peralta,2026-08-26,824234,TB,1,20,20,2,0,4,R
687330,Kevin Kelly,2026-08-26,824234,TB,0,6,6,0,0,1,R
669330,Tyler Wells,2026-08-26,824234,TB,0,3,3,0,0,1,R
680732,Sean Burke,2026-08-26,824555,CWS,1,17,9,2,1,3,R
656794,Sean Newcomb,2026-08-26,824555,CWS,0,11,10,2,0,1,L
686563,Jonathan Cannon,2026-08-26,824555,CWS,0,15,13,4,0,4,R
669022,MacKenzie Gore,2026-08-26,824555,TEX,1,20,16,8,0,4,L
681217,Chase Silseth,2026-08-26,824555,TEX,0,5,4,1,0,0,R
695239,Robby Ahlstrom,2026-08-26,824555,TEX,0,8,7,4,2,0,L
682608,Peyton Gray,2026-08-26,824555,TEX,0,4,4,1,0,1,R
596001,Jakob Junis,2026-08-26,824555,TEX,0,4,4,1,0,1,R
700363,AJ Smith-Shawver,2026-08-26,824878,ATL,1,23,20,5,1,3,R
689266,Dylan Dodd,2026-08-26,824878,ATL,0,4,4,1,0,0,L
669276,Dylan Lee,2026-08-26,824878,ATL,0,4,3,3,0,0,L
800311,Didier Fuentes,2026-08-26,824878,ATL,0,9,5,1,0,1,R
682989,Victor Mederos,2026-08-26,824878,ATL,0,3,3,0,0,2,R
808963,Roki Sasaki,2026-08-26,824878,LAD,1,18,15,6,1,3,R
683618,Edgardo Henriquez,2026-08-26,824878,LAD,0,3,3,1,0,1,R
641778,Eric Lauer,2026-08-26,824878,LAD,0,10,7,2,1,1,L
623465,Evan Phillips,2026-08-26,824878,LAD,0,4,4,1,0,1,R
592779,Brock Stewart,2026-08-26,824878,LAD,0,5,4,2,0,0,R
656945,Tanner Scott,2026-08-26,824878,LAD,0,5,4,2,0,1,L
669372,J.T. Ginn,2026-08-26,824963,ATH,1,25,22,6,3,3,R
669620,Brady Basso,2026-08-26,824963,ATH,0,7,7,1,0,0,L
665660,Elvis Alvarado,2026-08-26,824963,ATH,0,5,4,1,0,1,R
687570,Connor Prielipp,2026-08-26,824963,MIN,1,22,21,6,0,5,L
702193,Andrew Morris,2026-08-26,824963,MIN,0,7,7,4,0,1,R
681892,Kody Funderburk,2026-08-26,824963,MIN,0,6,6,2,1,1,L
656546,Jeff Hoffman,2026-08-26,824963,MIN,0,1,1,0,0,1,R
593958,Eduardo Rodriguez,2026-08-26,825039,AZ,1,26,23,2,0,9,L
805299,Brandyn Garcia,2026-08-26,825039,AZ,0,4,3,0,0,1,L
666661,Juan Morillo,2026-08-26,825039,AZ,0,3,3,0,0,0,R
571510,Matthew Boyd,2026-08-26,825039,CHC,1,20,18,3,1,5,L
663423,Trent Thornton,2026-08-26,825039,CHC,0,4,4,1,0,1,R
666171,Ryan Zeferjahn,2026-08-26,825039,CHC,0,4,3,2,0,0,R
