date,pk,player_id,name,team,opp,home,opp_sp,opp_sp_id,sp_hand,season_h,season_pa,season_g,pa_g,n_eff,f_bat,f_pit,f_park,h_pa,p,p2,odds_dk,odds_mgm,odds_czr,odds2_dk,odds2_mgm,odds2_czr,fair,fair2,odds_dk_u,played,pa_actual,ab_actual,h_actual,hit_yes,hit2_yes,graded_at
2026-08-17,824514,682829,Elly De La Cruz,Cincinnati Reds,St. Louis Cardinals,1,Quinn Mathews,687273,L,107,465,104,4.47,4.29,1.03,1.01,1.01,0.22848,67.1,25.4,-250,-220,-320,223,240,195,-204,+294,,1,4,4,0,0,0,2026-08-18T00:02:30Z
2026-08-17,824514,701398,Sal Stewart,Cincinnati Reds,St. Louis Cardinals,1,Quinn Mathews,687273,L,121,532,123,4.33,4.16,1.03,1.01,1.01,0.2274,65.8,23.9,-257,-250,-320,212,210,184,-192,+318,,1,4,4,1,1,0,2026-08-18T00:02:30Z
2026-08-17,824514,668709,JJ Bleday,Cincinnati Reds,St. Louis Cardinals,1,Quinn Mathews,687273,L,73,398,95,4.19,4.02,0.92,1.01,1.01,0.20415,60.1,18.9,,,,,,,-151,+429,,1,1,1,0,0,0,2026-08-18T00:02:30Z
2026-08-17,824514,553993,Eugenio Suárez,Cincinnati Reds,St. Louis Cardinals,1,Quinn Mathews,687273,L,67,367,92,3.99,3.83,0.93,1.01,1.01,0.20441,58.3,17.4,-176,-175,-197,334,310,305,-140,+475,,1,4,4,0,0,0,2026-08-18T00:02:30Z
2026-08-17,824514,663886,Tyler Stephenson,Cincinnati Reds,St. Louis Cardinals,1,Quinn Mathews,687273,L,75,339,95,3.57,3.43,1.01,1.01,1.01,0.22321,58.0,16.5,-199,-225,-245,287,240,235,-138,+506,,1,4,3,0,0,0,2026-08-18T00:02:30Z
2026-08-17,824514,680574,Matt McLain,Cincinnati Reds,St. Louis Cardinals,1,Quinn Mathews,687273,L,62,367,99,3.71,3.56,0.9,1.01,1.01,0.19775,54.4,14.3,-136,-165,-154,439,333,375,-119,+599,,1,3,2,0,0,0,2026-08-18T00:02:30Z
2026-08-17,824514,682622,Noelvi Marte,Cincinnati Reds,St. Louis Cardinals,1,Quinn Mathews,687273,L,36,198,61,3.25,3.12,0.95,1.01,1.01,0.20922,51.9,12.2,-155,-175,-182,362,333,305,-108,+720,,1,3,3,0,0,0,2026-08-18T00:02:30Z
2026-08-17,824514,670770,TJ Friedl,Cincinnati Reds,St. Louis Cardinals,1,Quinn Mathews,687273,L,34,242,70,3.46,3.32,0.87,1.01,1.01,0.1917,50.7,11.8,,,,,,,-103,+747,,0,0,0,0,0,0,2026-08-18T00:02:30Z
2026-08-17,824514,667472,Dane Myers,Cincinnati Reds,St. Louis Cardinals,1,Quinn Mathews,687273,L,48,224,87,2.57,2.47,1.0,1.01,1.01,0.22015,45.9,8.2,-195,-200,-230,299,280,250,+118,+1120,,1,4,4,2,1,1,2026-08-18T00:02:30Z
2026-08-17,824514,663647,Ke'Bryan Hayes,Cincinnati Reds,St. Louis Cardinals,1,Quinn Mathews,687273,L,26,188,69,2.72,2.61,0.88,1.01,1.01,0.19541,43.3,7.4,-122,-130,-148,450,450,390,+131,+1251,,1,2,2,0,0,0,2026-08-18T00:02:30Z
2026-08-17,823427,650333,Luis Arraez,Philadelphia Phillies,Miami Marlins,1,Janson Junk,676083,R,149,520,117,4.44,4.26,1.18,1.04,1.0,0.26695,73.4,32.0,-317,-350,-325,174,140,178,-276,+212,,1,5,5,1,1,0,2026-08-18T04:27:08Z
2026-08-17,824320,518692,Freddie Freeman,Los Angeles Dodgers,Colorado Rockies,0,Tomoyuki Sugano,608372,R,136,517,121,4.27,4.1,1.12,1.04,1.07,0.27114,72.7,31.0,-439,-500,-530,123,100,113,-266,+223,,1,5,5,3,1,1,2026-08-18T04:27:08Z
2026-08-17,823427,672640,Otto Lopez,Miami Marlins,Philadelphia Phillies,0,Cristopher Sánchez,650911,L,150,525,121,4.34,4.17,1.18,1.03,1.0,0.26345,72.1,30.4,-271,-295,-325,198,175,184,-258,+229,,1,5,4,2,1,1,2026-08-18T04:27:08Z
2026-08-17,824320,660271,Shohei Ohtani,Los Angeles Dodgers,Colorado Rockies,0,Tomoyuki Sugano,608372,R,128,525,119,4.41,4.23,1.07,1.04,1.07,0.25913,71.9,30.3,-478,-525,-590,113,-105,108,-256,+230,,1,5,5,4,1,1,2026-08-18T04:27:08Z
2026-08-17,824320,681624,Andy Pages,Los Angeles Dodgers,Colorado Rockies,0,Tomoyuki Sugano,608372,R,129,533,124,4.3,4.13,1.07,1.04,1.07,0.2581,70.9,29.0,-375,-400,-500,138,115,128,-244,+245,,1,5,4,3,1,1,2026-08-18T04:27:08Z
2026-08-17,822939,650490,Yandy Díaz,Tampa Bay Rays,Baltimore Orioles,1,Brandon Young,687064,R,141,525,118,4.45,4.27,1.14,1.01,0.99,0.24639,70.1,28.4,-322,-275,-325,168,180,181,-234,+252,,1,5,3,2,1,1,2026-08-18T04:27:08Z
2026-08-17,823343,693304,Nick Gonzales,Pittsburgh Pirates,Detroit Tigers,1,Framber Valdez,664285,L,137,486,118,4.12,3.96,1.17,1.02,1.01,0.26067,69.8,27.5,-281,-250,-290,201,220,205,-231,+264,,1,4,2,1,1,0,2026-08-18T04:27:08Z
2026-08-17,823343,805808,Kevin McGonigle,Detroit Tigers,Pittsburgh Pirates,0,Carmen Mlodzinski,669387,R,129,541,120,4.51,4.33,1.06,1.04,1.01,0.24042,69.6,27.9,-262,-275,-325,209,200,181,-229,+258,,1,6,6,2,1,1,2026-08-18T04:27:08Z
2026-08-17,824478,691023,Jordan Walker,St. Louis Cardinals,Cincinnati Reds,0,Rhett Lowder,695076,R,132,512,120,4.27,4.1,1.11,1.03,1.01,0.25047,69.3,27.3,-303,-325,-320,176,150,178,-226,+266,,1,5,5,3,1,1,2026-08-18T04:27:08Z
2026-08-17,824478,676475,Alec Burleson,St. Louis Cardinals,Cincinnati Reds,0,Rhett Lowder,695076,R,135,521,123,4.24,4.07,1.11,1.03,1.01,0.25143,69.2,27.2,-323,-275,-335,168,180,181,-225,+268,,1,5,5,1,1,0,2026-08-18T04:27:08Z
2026-08-17,824077,677951,Bobby Witt Jr.,Kansas City Royals,Athletics,1,Mason Barnett,686930,R,117,466,106,4.4,4.22,1.09,0.99,1.02,0.23823,68.3,26.4,-322,-300,-345,171,160,178,-215,+279,,1,5,4,3,1,1,2026-08-18T04:27:08Z
2026-08-17,823668,686948,Drake Baldwin,Atlanta Braves,Minnesota Twins,0,Bailey Ober,641927,R,108,448,101,4.44,4.26,1.06,1.03,1.0,0.23646,68.3,26.5,-305,-300,-325,177,160,178,-215,+277,,1,5,5,2,1,1,2026-08-18T04:27:08Z
2026-08-17,824320,664983,Jake McCarthy,Colorado Rockies,Los Angeles Dodgers,1,Blake Snell,605483,L,116,426,109,3.91,3.75,1.13,1.0,1.07,0.26299,68.2,25.5,-269,-275,-325,187,200,195,-214,+292,,1,3,3,0,0,0,2026-08-18T04:27:08Z
2026-08-17,824320,681198,TJ Rumfield,Colorado Rockies,Los Angeles Dodgers,1,Blake Snell,605483,L,124,483,120,4.03,3.87,1.1,1.0,1.07,0.25573,68.1,25.7,-209,-190,-240,263,280,240,-213,+289,,1,4,3,1,1,0,2026-08-18T04:27:08Z
2026-08-17,824725,678882,Ceddanne Rafaela,Boston Red Sox,Arizona Diamondbacks,1,Mitch Bratt,683352,L,133,498,119,4.18,4.01,1.13,0.98,1.03,0.24753,68.0,25.9,-276,-325,-280,201,150,195,-213,+286,,1,5,5,3,1,1,2026-08-18T04:27:08Z
2026-08-17,824641,691718,Pete Crow-Armstrong,Chicago Cubs,Chicago White Sox,1,Luis Castillo,622491,R,131,555,125,4.44,4.26,1.05,1.03,1.0,0.23464,68.0,26.2,-261,-250,-325,217,210,184,-213,+282,,1,6,5,4,1,1,2026-08-18T04:27:08Z
2026-08-17,822939,802415,Chandler Simpson,Tampa Bay Rays,Baltimore Orioles,1,Brandon Young,687064,R,133,464,115,4.03,3.87,1.17,1.01,0.99,0.2545,67.9,25.5,-316,-275,-325,177,180,188,-212,+292,,1,4,4,1,1,0,2026-08-18T04:27:08Z
2026-08-17,824725,672515,Gabriel Moreno,Arizona Diamondbacks,Boston Red Sox,0,Alec Gamboa,687941,L,106,400,96,4.17,4.0,1.11,1.0,1.03,0.24662,67.8,25.6,-257,-275,-310,207,185,184,-211,+291,,1,4,4,1,1,0,2026-08-18T04:27:08Z
2026-08-17,823427,607208,Trea Turner,Philadelphia Phillies,Miami Marlins,1,Janson Junk,676083,R,122,533,120,4.44,4.26,1.03,1.04,1.0,0.23305,67.7,25.9,-308,-300,-320,180,165,181,-210,+286,,1,5,4,1,1,0,2026-08-18T04:27:08Z
2026-08-17,823343,650402,Gleyber Torres,Detroit Tigers,Pittsburgh Pirates,0,Carmen Mlodzinski,669387,R,68,298,67,4.45,4.27,1.02,1.04,1.01,0.23237,67.7,25.9,-237,-250,-290,240,210,195,-210,+286,,1,6,4,1,1,0,2026-08-18T04:27:08Z
2026-08-17,823668,671739,Michael Harris II,Atlanta Braves,Minnesota Twins,0,Bailey Ober,641927,R,129,471,118,3.99,3.83,1.14,1.03,1.0,0.25507,67.6,25.2,-318,-275,-320,177,175,188,-209,+297,,1,4,4,1,1,0,2026-08-18T04:27:08Z
2026-08-17,824641,663538,Nico Hoerner,Chicago Cubs,Chicago White Sox,1,Luis Castillo,622491,R,126,537,122,4.4,4.22,1.05,1.03,1.0,0.23365,67.5,25.6,-237,-235,-290,240,240,205,-208,+291,,1,5,5,4,1,1,2026-08-18T04:27:08Z
2026-08-17,824641,673548,Seiya Suzuki,Chicago Cubs,Chicago White Sox,1,Luis Castillo,622491,R,111,469,107,4.38,4.2,1.05,1.03,1.0,0.23415,67.4,25.5,-204,-235,-265,284,230,215,-207,+292,,1,5,4,1,1,0,2026-08-18T04:27:08Z
2026-08-17,823668,621566,Matt Olson,Atlanta Braves,Minnesota Twins,0,Bailey Ober,641927,R,127,541,124,4.36,4.19,1.05,1.03,1.0,0.2339,67.3,25.4,-235,-275,-320,233,200,191,-206,+294,,1,4,3,1,1,0,2026-08-18T04:27:08Z
2026-08-17,822939,666018,Jonathan Aranda,Tampa Bay Rays,Baltimore Orioles,1,Brandon Young,687064,R,129,526,120,4.38,4.2,1.08,1.01,0.99,0.23314,67.2,25.3,-263,-275,-325,216,200,181,-205,+295,,1,5,5,2,1,1,2026-08-18T04:27:08Z
2026-08-17,823589,666182,Bo Bichette,New York Mets,San Diego Padres,1,Walker Buehler,621111,R,131,536,124,4.32,4.15,1.07,1.03,0.98,0.23511,67.1,25.2,-272,-250,-325,205,210,181,-204,+297,,1,3,3,1,1,0,2026-08-18T04:27:08Z
2026-08-17,824320,605141,Mookie Betts,Los Angeles Dodgers,Colorado Rockies,0,Tomoyuki Sugano,608372,R,80,367,88,4.17,4.0,1.0,1.04,1.07,0.24257,67.1,24.9,-341,-375,-440,161,125,148,-204,+302,,1,5,5,1,1,0,2026-08-18T04:27:08Z
2026-08-17,824641,608324,Alex Bregman,Chicago Cubs,Chicago White Sox,1,Luis Castillo,622491,R,121,557,122,4.57,4.39,1.0,1.03,1.0,0.22339,67.0,25.4,-215,-220,-260,269,250,235,-203,+294,,1,5,4,3,1,1,2026-08-18T04:27:08Z
2026-08-17,823427,669364,Xavier Edwards,Miami Marlins,Philadelphia Phillies,0,Cristopher Sánchez,650911,L,129,524,125,4.19,4.02,1.08,1.03,1.0,0.24031,66.9,24.8,-224,-210,-265,253,250,215,-202,+303,,1,5,5,2,1,1,2026-08-18T04:27:08Z
2026-08-17,823343,664040,Brandon Lowe,Pittsburgh Pirates,Detroit Tigers,1,Framber Valdez,664285,L,117,518,117,4.43,4.25,1.03,1.02,1.01,0.22907,66.9,25.1,-149,-145,-176,393,390,340,-202,+298,,1,4,4,2,1,1,2026-08-18T04:27:08Z
2026-08-17,823343,693307,Dillon Dingler,Detroit Tigers,Pittsburgh Pirates,0,Carmen Mlodzinski,669387,R,114,489,115,4.25,4.08,1.04,1.04,1.01,0.23677,66.8,24.8,-259,-250,-325,211,210,181,-201,+303,,1,6,5,1,1,0,2026-08-18T04:27:08Z
2026-08-17,822939,691406,Junior Caminero,Tampa Bay Rays,Baltimore Orioles,1,Brandon Young,687064,R,128,538,123,4.37,4.2,1.06,1.01,0.99,0.22909,66.5,24.6,-267,-235,-320,209,230,184,-199,+307,,1,4,4,1,1,0,2026-08-18T04:27:08Z
2026-08-17,824077,805779,Jacob Wilson,Athletics,Kansas City Royals,0,Michael Wacha,608379,R,85,337,80,4.21,4.04,1.08,1.0,1.02,0.23712,66.5,24.4,-329,-300,-325,161,165,178,-199,+310,,0,0,0,0,0,0,2026-08-18T04:27:08Z
2026-08-17,824725,606466,Ketel Marte,Arizona Diamondbacks,Boston Red Sox,0,Alec Gamboa,687941,L,117,519,118,4.4,4.22,1.02,1.0,1.03,0.22696,66.3,24.4,-252,-275,-325,214,200,181,-197,+310,,0,0,0,0,0,0,2026-08-18T04:27:08Z
2026-08-17,824478,802139,JJ Wetherholt,St. Louis Cardinals,Cincinnati Reds,0,Rhett Lowder,695076,R,111,535,118,4.53,4.35,0.98,1.03,1.01,0.22083,66.2,24.6,,,,,,,-196,+307,,1,5,5,2,1,1,2026-08-18T04:27:08Z
2026-08-17,823343,668804,Bryan Reynolds,Pittsburgh Pirates,Detroit Tigers,1,Framber Valdez,664285,L,122,547,126,4.34,4.17,1.02,1.02,1.01,0.22751,65.9,24.1,-216,-210,-265,260,270,225,-193,+315,,1,5,5,0,0,0,2026-08-18T04:27:08Z
2026-08-17,824320,696100,Hunter Goodman,Colorado Rockies,Los Angeles Dodgers,1,Blake Snell,605483,L,104,460,111,4.14,3.97,1.02,1.0,1.07,0.23762,65.9,23.8,,-175,,,325,,-193,+320,,0,0,0,0,0,0,2026-08-18T04:27:08Z
2026-08-17,824478,671056,Iván Herrera,St. Louis Cardinals,Cincinnati Reds,0,Rhett Lowder,695076,R,115,549,123,4.46,4.28,0.98,1.03,1.01,0.22197,65.8,24.1,-281,-300,-295,187,165,191,-192,+315,,1,5,4,1,1,0,2026-08-18T04:27:08Z
2026-08-17,823427,669016,Brandon Marsh,Philadelphia Phillies,Miami Marlins,1,Janson Junk,676083,R,119,469,119,3.94,3.78,1.09,1.04,1.0,0.24661,65.7,23.3,-212,-275,-250,262,210,220,-192,+329,,1,4,3,0,0,0,2026-08-18T04:27:08Z
2026-08-17,823589,701807,Carson Benge,New York Mets,San Diego Padres,1,Walker Buehler,621111,R,122,492,119,4.13,3.96,1.08,1.03,0.98,0.2365,65.7,23.5,-198,-210,-245,293,280,235,-192,+326,,1,3,3,1,1,0,2026-08-18T04:27:08Z
2026-08-17,824641,805367,Chase Meidroth,Chicago White Sox,Chicago Cubs,0,Shota Imanaga,684007,L,121,497,118,4.21,4.04,1.07,1.01,1.0,0.23284,65.7,23.7,-209,-250,-245,263,210,225,-192,+322,,1,5,5,0,0,0,2026-08-18T04:27:08Z
2026-08-17,823668,645277,Ozzie Albies,Atlanta Braves,Minnesota Twins,0,Bailey Ober,641927,R,119,530,124,4.27,4.1,1.02,1.03,1.0,0.2278,65.4,23.4,-208,-220,-245,264,240,225,-189,+327,,1,4,4,1,1,0,2026-08-18T04:27:08Z
2026-08-17,824641,683737,Michael Busch,Chicago Cubs,Chicago White Sox,1,Luis Castillo,622491,R,115,552,123,4.49,4.31,0.98,1.03,1.0,0.21807,65.4,23.7,-225,-225,-275,248,240,210,-189,+322,,1,5,5,0,0,0,2026-08-18T04:27:08Z
2026-08-17,823427,656941,Kyle Schwarber,Philadelphia Phillies,Miami Marlins,1,Janson Junk,676083,R,109,531,119,4.46,4.28,0.97,1.04,1.0,0.21898,65.3,23.6,-274,-220,-310,202,240,188,-188,+324,,1,5,4,1,1,0,2026-08-18T04:27:08Z
2026-08-17,823668,643289,Mauricio Dubón,Atlanta Braves,Minnesota Twins,0,Bailey Ober,641927,R,115,475,117,4.06,3.9,1.06,1.03,1.0,0.23741,65.3,23.1,-223,-220,-290,243,240,205,-188,+333,,1,4,3,0,0,0,2026-08-18T04:27:08Z
2026-08-17,824725,677800,Wilyer Abreu,Boston Red Sox,Arizona Diamondbacks,1,Mitch Bratt,683352,L,118,525,121,4.34,4.17,1.02,0.98,1.03,0.22388,65.2,23.4,-256,-275,-295,223,200,188,-187,+327,,1,5,4,2,1,1,2026-08-18T04:27:08Z
2026-08-17,824320,650489,Willi Castro,Colorado Rockies,Los Angeles Dodgers,1,Blake Snell,605483,L,99,420,106,3.96,3.8,1.05,1.0,1.07,0.24267,65.2,22.9,-194,-210,-225,289,250,245,-187,+337,,1,4,4,1,1,0,2026-08-18T04:27:08Z
2026-08-17,824725,682998,Corbin Carroll,Arizona Diamondbacks,Boston Red Sox,0,Alec Gamboa,687941,L,113,526,121,4.35,4.18,1.0,1.0,1.03,0.22081,64.8,23.0,-246,-275,-295,218,180,188,-184,+335,,1,3,2,0,0,0,2026-08-18T04:27:08Z
2026-08-17,823589,665487,Fernando Tatis Jr.,San Diego Padres,New York Mets,0,Nolan McLean,690997,R,134,542,123,4.41,4.23,1.08,0.95,0.98,0.21852,64.8,23.1,-265,-250,-310,206,210,181,-184,+333,,1,4,3,0,0,0,2026-08-18T04:27:08Z
2026-08-17,823668,660670,Ronald Acuña Jr.,Atlanta Braves,Minnesota Twins,0,Bailey Ober,641927,R,66,317,72,4.4,4.22,0.98,1.03,1.0,0.21926,64.8,23.1,-286,-295,-320,190,165,188,-184,+333,,1,4,4,1,1,0,2026-08-18T04:27:08Z
2026-08-17,824320,694249,Cole Carrigg,Colorado Rockies,Los Angeles Dodgers,1,Blake Snell,605483,L,54,218,56,3.89,3.73,1.05,1.0,1.07,0.24388,64.8,22.3,-236,-210,-275,232,250,220,-184,+348,,1,4,4,0,0,0,2026-08-18T04:27:08Z
2026-08-17,824320,606192,Teoscar Hernández,Los Angeles Dodgers,Colorado Rockies,0,Tomoyuki Sugano,608372,R,78,345,90,3.83,3.68,1.02,1.04,1.07,0.24673,64.7,22.3,-269,-300,-345,192,160,178,-183,+348,,1,4,4,0,0,0,2026-08-18T04:27:08Z
2026-08-17,824320,663656,Kyle Tucker,Los Angeles Dodgers,Colorado Rockies,0,Tomoyuki Sugano,608372,R,96,479,117,4.09,3.93,0.96,1.04,1.07,0.23201,64.6,22.5,-273,-300,-320,196,160,172,-182,+344,,1,5,5,0,0,0,2026-08-18T04:27:08Z
2026-08-17,823589,596019,Francisco Lindor,New York Mets,San Diego Padres,1,Walker Buehler,621111,R,64,296,68,4.35,4.18,1.0,1.03,0.98,0.21878,64.4,22.7,-230,-235,-265,248,230,210,-181,+341,,1,4,2,0,0,0,2026-08-18T04:27:08Z
2026-08-17,823427,547180,Bryce Harper,Philadelphia Phillies,Miami Marlins,1,Janson Junk,676083,R,112,533,125,4.26,4.09,0.98,1.04,1.0,0.22187,64.2,22.4,-259,-275,-320,219,200,175,-179,+346,,1,5,4,3,1,1,2026-08-18T04:27:08Z
2026-08-17,823668,621439,Byron Buxton,Minnesota Twins,Atlanta Braves,1,Martín Pérez,527048,L,88,376,85,4.42,4.24,1.04,0.95,1.0,0.21498,64.2,22.6,-254,-275,-325,217,180,181,-179,+342,,1,5,3,1,1,0,2026-08-18T04:27:08Z
2026-08-17,824725,575929,Willson Contreras,Boston Red Sox,Arizona Diamondbacks,1,Mitch Bratt,683352,L,108,464,113,4.11,3.95,1.04,0.98,1.03,0.22797,64.0,22.0,-230,-235,-280,247,230,215,-178,+355,,1,5,4,2,1,1,2026-08-18T04:27:08Z
2026-08-17,822939,689414,Liam Hicks,Tampa Bay Rays,Baltimore Orioles,1,Brandon Young,687064,R,109,449,111,4.05,3.89,1.06,1.01,0.99,0.23068,63.9,21.9,-206,-200,-235,288,280,240,-177,+357,,1,3,3,0,0,0,2026-08-18T04:27:08Z
2026-08-17,823427,681082,Bryson Stott,Philadelphia Phillies,Miami Marlins,1,Janson Junk,676083,R,110,468,119,3.93,3.77,1.05,1.04,1.0,0.23608,63.8,21.6,-259,-250,-295,230,230,191,-176,+363,,1,5,3,1,1,0,2026-08-18T04:27:08Z
2026-08-17,824320,669242,Tommy Edman,Los Angeles Dodgers,Colorado Rockies,0,Tomoyuki Sugano,608372,R,43,181,49,3.69,3.54,1.03,1.04,1.07,0.24906,63.7,21.1,-353,-300,-390,157,160,163,-175,+374,,1,5,4,1,1,0,2026-08-18T04:27:08Z
2026-08-17,823343,663968,Jake Mangum,Pittsburgh Pirates,Detroit Tigers,1,Framber Valdez,664285,L,102,373,103,3.62,3.48,1.13,1.02,1.01,0.25198,63.6,20.9,-249,-300,-320,231,230,191,-175,+378,,1,4,2,0,0,0,2026-08-18T04:27:08Z
2026-08-17,824725,672695,Geraldo Perdomo,Arizona Diamondbacks,Boston Red Sox,0,Alec Gamboa,687941,L,107,521,120,4.34,4.17,0.97,1.0,1.03,0.21533,63.6,22.0,-244,-235,-280,216,210,191,-175,+355,,1,3,2,0,0,0,2026-08-18T04:27:08Z
2026-08-17,824077,695506,Jac Caglianone,Kansas City Royals,Athletics,1,Mason Barnett,686930,R,113,450,116,3.88,3.72,1.09,0.99,1.02,0.23794,63.6,21.3,-344,-295,-335,159,175,184,-175,+369,,1,5,5,3,1,1,2026-08-18T04:27:08Z
2026-08-17,824320,666160,Mickey Moniak,Colorado Rockies,Los Angeles Dodgers,1,Blake Snell,605483,L,78,323,86,3.76,3.61,1.05,1.0,1.07,0.24407,63.6,21.1,-182,,-205,302,,280,-175,+374,,0,0,0,0,0,0,2026-08-18T04:27:08Z
2026-08-17,823427,664761,Alec Bohm,Philadelphia Phillies,Miami Marlins,1,Janson Junk,676083,R,107,487,120,4.06,3.9,1.01,1.04,1.0,0.2275,63.5,21.5,-234,-235,-290,238,230,200,-174,+365,,1,5,4,1,1,0,2026-08-18T04:27:08Z
2026-08-17,824320,571970,Max Muncy,Los Angeles Dodgers,Colorado Rockies,0,Tomoyuki Sugano,608372,R,94,430,115,3.74,3.59,1.01,1.04,1.07,0.24301,63.2,20.8,-283,-295,-310,191,165,184,-172,+381,,1,5,4,2,1,1,2026-08-18T04:27:08Z
2026-08-17,824641,803011,Sam Antonacci,Chicago White Sox,Chicago Cubs,0,Shota Imanaga,684007,L,98,411,103,3.99,3.83,1.05,1.01,1.0,0.22898,63.1,21.0,,,,,,,-171,+376,,1,4,3,0,0,0,2026-08-18T04:27:08Z
2026-08-17,824641,678246,Miguel Vargas,Chicago White Sox,Chicago Cubs,0,Shota Imanaga,684007,L,108,533,121,4.4,4.22,0.96,1.01,1.0,0.20983,63.0,21.5,-204,-210,-240,269,270,240,-170,+365,,1,5,4,1,1,0,2026-08-18T04:27:08Z
2026-08-17,822939,624413,Pete Alonso,Baltimore Orioles,Tampa Bay Rays,0,Shane McClanahan,663556,L,123,538,124,4.34,4.17,1.03,0.96,0.99,0.21124,62.8,21.3,-177,-185,-209,312,300,265,-169,+369,,1,5,5,2,1,1,2026-08-18T04:27:08Z
2026-08-17,824320,687859,Troy Johnston,Colorado Rockies,Los Angeles Dodgers,1,Blake Snell,605483,L,93,373,104,3.59,3.45,1.07,1.0,1.07,0.2491,62.8,20.2,,,,,,,-169,+395,,0,0,0,0,0,0,2026-08-18T04:27:08Z
2026-08-17,823589,805999,A.J. Ewing,New York Mets,San Diego Padres,1,Walker Buehler,621111,R,76,346,84,4.12,3.96,1.01,1.03,0.98,0.22039,62.7,20.9,-214,-235,-265,269,230,210,-168,+378,,1,4,4,1,1,0,2026-08-18T04:27:08Z
2026-08-17,824725,668939,Adley Rutschman,Boston Red Sox,Arizona Diamondbacks,1,Mitch Bratt,683352,L,63,306,72,4.25,4.08,0.98,0.98,1.03,0.21443,62.6,21.0,-220,-250,-295,257,220,205,-167,+376,,1,5,5,2,1,1,2026-08-18T04:27:08Z
2026-08-17,824478,691026,Masyn Winn,St. Louis Cardinals,Cincinnati Reds,0,Rhett Lowder,695076,R,98,471,116,4.06,3.9,0.98,1.03,1.01,0.22145,62.3,20.5,-230,-235,-280,229,240,210,-165,+388,,1,5,4,1,1,0,2026-08-18T04:27:08Z
2026-08-17,823343,687462,Spencer Horwitz,Pittsburgh Pirates,Detroit Tigers,1,Framber Valdez,664285,L,74,339,85,3.99,3.83,1.0,1.02,1.01,0.22442,62.2,20.3,,,,,,,-165,+393,,0,0,0,0,0,0,2026-08-18T04:27:08Z
2026-08-17,824725,686765,Nick Sogard,Boston Red Sox,Arizona Diamondbacks,1,Mitch Bratt,683352,L,24,121,29,4.17,4.0,0.98,0.98,1.03,0.21477,62.0,20.4,-166,-185,-205,342,310,280,-163,+390,,1,5,5,2,1,1,2026-08-18T04:27:08Z
2026-08-17,824077,695720,Tommy White,Athletics,Kansas City Royals,0,Michael Wacha,608379,R,26,101,26,3.88,3.72,1.04,1.0,1.02,0.22881,62.0,20.0,-206,-175,-250,270,325,230,-163,+400,,1,4,3,1,1,0,2026-08-18T04:27:08Z
2026-08-17,824077,680869,Zack Gelof,Athletics,Kansas City Royals,0,Michael Wacha,608379,R,69,273,73,3.74,3.59,1.07,1.0,1.02,0.23544,61.9,19.7,-229,-235,-265,247,230,215,-162,+408,,1,4,4,1,1,0,2026-08-18T04:27:08Z
2026-08-17,824641,808959,Munetaka Murakami,Chicago White Sox,Chicago Cubs,0,Shota Imanaga,684007,L,74,383,88,4.35,4.18,0.95,1.01,1.0,0.20632,61.9,20.6,-142,-140,-145,408,400,390,-162,+385,,1,5,2,0,0,0,2026-08-18T04:27:08Z
2026-08-17,823343,595879,Javier Báez,Detroit Tigers,Pittsburgh Pirates,0,Carmen Mlodzinski,669387,R,35,136,37,3.68,3.53,1.05,1.04,1.01,0.23796,61.7,19.4,-168,-185,-200,330,300,285,-161,+415,,1,5,4,0,0,0,2026-08-18T04:27:08Z
2026-08-17,823343,699013,Esmerlyn Valdez,Pittsburgh Pirates,Detroit Tigers,1,Framber Valdez,664285,L,48,222,56,3.96,3.8,1.0,1.02,1.01,0.22344,61.7,19.9,-162,-160,-190,382,350,300,-161,+403,,1,5,5,0,0,0,2026-08-18T04:27:08Z
2026-08-17,824641,695731,Braden Montgomery,Chicago White Sox,Chicago Cubs,0,Shota Imanaga,684007,L,48,231,56,4.12,3.96,0.99,1.01,1.0,0.21454,61.6,20.0,-149,-175,-179,390,310,325,-160,+400,,1,5,4,1,1,0,2026-08-18T04:27:08Z
2026-08-17,824077,521692,Salvador Perez,Kansas City Royals,Athletics,1,Mason Barnett,686930,R,95,480,115,4.17,4.0,0.95,0.99,1.02,0.20909,60.9,19.5,-270,-235,-295,209,230,188,-156,+413,,1,4,3,1,1,0,2026-08-18T04:27:08Z
2026-08-17,823668,605137,Josh Bell,Minnesota Twins,Atlanta Braves,1,Martín Pérez,527048,L,112,487,120,4.06,3.9,1.03,0.95,1.0,0.21394,60.9,19.4,-198,-190,-235,282,300,260,-156,+415,,1,4,3,2,1,1,2026-08-18T04:27:08Z
2026-08-17,823668,680777,Ryan Jeffers,Minnesota Twins,Atlanta Braves,1,Martín Pérez,527048,L,60,250,62,4.03,3.87,1.04,0.95,1.0,0.21546,60.9,19.3,-212,-220,-265,270,240,230,-156,+418,,1,5,4,0,0,0,2026-08-18T04:27:08Z
2026-08-17,822939,683002,Gunnar Henderson,Baltimore Orioles,Tampa Bay Rays,0,Shane McClanahan,663556,L,109,558,123,4.54,4.36,0.94,0.96,0.99,0.19301,60.7,19.8,-156,-175,-190,367,310,300,-154,+405,,1,5,5,2,1,1,2026-08-18T04:27:08Z
2026-08-17,823343,679529,Spencer Torkelson,Detroit Tigers,Pittsburgh Pirates,0,Carmen Mlodzinski,669387,R,97,488,123,3.97,3.81,0.96,1.04,1.01,0.21694,60.6,19.0,-169,-175,-190,344,310,305,-154,+426,,1,1,1,0,0,0,2026-08-18T04:27:08Z
2026-08-17,823589,701538,Jackson Merrill,San Diego Padres,New York Mets,0,Nolan McLean,690997,R,115,511,122,4.19,4.02,1.02,0.95,0.98,0.20648,60.5,19.3,-219,-190,-265,251,280,220,-153,+418,,1,4,4,1,1,0,2026-08-18T04:27:08Z
2026-08-17,824725,571448,Nolan Arenado,Arizona Diamondbacks,Boston Red Sox,0,Alec Gamboa,687941,L,98,458,118,3.88,3.72,0.99,1.0,1.03,0.22039,60.4,18.7,,,,,,,-153,+435,,0,0,0,0,0,0,2026-08-18T04:27:08Z
2026-08-17,823668,663586,Austin Riley,Atlanta Braves,Minnesota Twins,0,Bailey Ober,641927,R,99,492,123,4.0,3.84,0.96,1.03,1.0,0.21439,60.4,18.9,-181,-185,-213,312,300,265,-153,+429,,1,4,4,1,1,0,2026-08-18T04:27:08Z
2026-08-17,824725,814439,Ryan Waldschmidt,Arizona Diamondbacks,Boston Red Sox,0,Alec Gamboa,687941,L,52,211,58,3.64,3.49,1.05,1.0,1.03,0.23232,60.3,18.3,-139,-165,-159,399,310,360,-152,+446,,1,3,2,0,0,0,2026-08-18T04:27:08Z
2026-08-17,824077,703607,Henry Bolte,Athletics,Kansas City Royals,0,Michael Wacha,608379,R,71,300,81,3.7,3.55,1.04,1.0,1.02,0.22927,60.3,18.4,-182,-220,-225,314,250,260,-152,+443,,1,4,3,1,1,0,2026-08-18T04:27:08Z
2026-08-17,824641,664023,Ian Happ,Chicago Cubs,Chicago White Sox,1,Luis Castillo,622491,R,94,511,121,4.22,4.05,0.92,1.03,1.0,0.20413,60.3,19.1,-173,-165,-197,360,350,305,-152,+424,,1,5,3,1,1,0,2026-08-18T04:27:08Z
2026-08-17,824641,695657,Colson Montgomery,Chicago White Sox,Chicago Cubs,0,Shota Imanaga,684007,L,94,495,117,4.23,4.06,0.93,1.01,1.0,0.20299,60.2,19.0,-143,-120,-154,413,475,375,-151,+426,,0,0,0,0,0,0,2026-08-18T04:27:08Z
2026-08-17,824725,702332,Caleb Durbin,Boston Red Sox,Arizona Diamondbacks,1,Mitch Bratt,683352,L,99,443,117,3.79,3.64,1.02,0.98,1.03,0.22283,60.1,18.4,-220,-220,-265,258,250,225,-151,+443,,1,5,4,3,1,1,2026-08-18T04:27:08Z
2026-08-17,823668,686797,Brooks Lee,Minnesota Twins,Atlanta Braves,1,Martín Pérez,527048,L,108,478,119,4.02,3.86,1.02,0.95,1.0,0.21178,60.1,18.7,-167,-210,-213,344,270,270,-151,+435,,1,4,3,0,0,0,2026-08-18T04:27:08Z
2026-08-17,823668,668904,Royce Lewis,Minnesota Twins,Atlanta Braves,1,Martín Pérez,527048,L,80,369,90,4.1,3.94,1.0,0.95,1.0,0.20699,59.9,18.7,-205,-220,-245,280,250,235,-149,+435,,1,4,4,1,1,0,2026-08-18T04:27:08Z
2026-08-17,823427,682663,Agustín Ramírez,Miami Marlins,Philadelphia Phillies,0,Cristopher Sánchez,650911,L,33,155,41,3.78,3.63,1.0,1.03,1.0,0.22185,59.8,18.1,-164,-140,-190,340,400,300,-149,+452,,1,5,4,2,1,1,2026-08-18T04:27:08Z
2026-08-17,824725,680776,Jarren Duran,Boston Red Sox,Arizona Diamondbacks,1,Mitch Bratt,683352,L,91,495,117,4.23,4.06,0.92,0.98,1.03,0.20083,59.8,18.7,-182,,-197,305,,290,-149,+435,,0,0,0,0,0,0,2026-08-18T04:27:08Z
2026-08-17,824725,545121,Ildemaro Vargas,Arizona Diamondbacks,Boston Red Sox,0,Alec Gamboa,687941,L,94,378,109,3.47,3.33,1.07,1.0,1.03,0.23779,59.5,17.5,-191,-190,-235,287,280,260,-147,+471,,1,4,4,0,0,0,2026-08-18T04:27:08Z
2026-08-17,823668,807712,Luke Keaschall,Minnesota Twins,Atlanta Braves,1,Martín Pérez,527048,L,103,457,116,3.94,3.78,1.02,0.95,1.0,0.21139,59.2,18.0,-188,-220,-235,305,250,245,-145,+456,,1,5,5,2,1,1,2026-08-18T04:27:08Z
2026-08-17,823668,665019,Kody Clemens,Minnesota Twins,Atlanta Braves,1,Martín Pérez,527048,L,92,437,108,4.05,3.89,0.99,0.95,1.0,0.20388,58.8,17.8,,,,,,,-143,+462,,1,4,4,2,1,1,2026-08-18T04:27:08Z
2026-08-17,824077,695600,Carter Jensen,Kansas City Royals,Athletics,1,Mason Barnett,686930,R,89,459,116,3.96,3.8,0.94,0.99,1.02,0.20712,58.6,17.5,-272,-235,-320,204,230,195,-142,+471,,1,5,5,1,1,0,2026-08-18T04:27:08Z
2026-08-17,824641,608348,Carson Kelly,Chicago Cubs,Chicago White Sox,1,Luis Castillo,622491,R,75,324,92,3.52,3.38,1.03,1.03,1.0,0.22982,58.6,16.9,-154,,-179,387,,330,-142,+492,,1,5,5,1,1,0,2026-08-18T04:27:08Z
2026-08-17,823589,682626,Francisco Alvarez,New York Mets,San Diego Padres,1,Walker Buehler,621111,R,69,319,86,3.71,3.56,1.0,1.03,0.98,0.21882,58.5,17.1,-130,-135,-141,473,450,390,-141,+485,,1,3,3,0,0,0,2026-08-18T04:27:08Z
2026-08-17,824725,663457,Lars Nootbaar,Arizona Diamondbacks,Boston Red Sox,0,Alec Gamboa,687941,L,42,223,58,3.84,3.69,0.95,1.0,1.03,0.21139,58.4,17.2,,-185,,,300,,-140,+481,,1,3,3,0,0,0,2026-08-18T04:27:08Z
2026-08-17,824725,678011,Anthony Seigler,Boston Red Sox,Arizona Diamondbacks,1,Mitch Bratt,683352,L,35,158,43,3.67,3.52,1.01,0.98,1.03,0.22049,58.4,17.0,,,,,,,-140,+488,,0,0,0,0,0,0,2026-08-18T04:27:08Z
2026-08-17,823427,592663,J.T. Realmuto,Philadelphia Phillies,Miami Marlins,1,Janson Junk,676083,R,67,349,92,3.79,3.64,0.95,1.04,1.0,0.21371,58.3,17.1,-220,-200,-240,258,280,240,-140,+485,,1,4,2,1,1,0,2026-08-18T04:27:08Z
2026-08-17,823589,673357,Luis Robert Jr.,New York Mets,San Diego Padres,1,Walker Buehler,621111,R,34,175,46,3.8,3.65,0.97,1.03,0.98,0.21202,58.1,16.9,,,,,,,-139,+492,,1,3,2,0,0,0,2026-08-18T04:27:08Z
2026-08-17,824478,691458,Blaze Jordan,St. Louis Cardinals,Cincinnati Reds,0,Rhett Lowder,695076,R,38,161,47,3.43,3.29,1.03,1.03,1.01,0.232,58.0,16.3,-254,-220,-280,208,240,205,-138,+513,,1,4,4,1,1,0,2026-08-18T04:27:08Z
2026-08-17,824725,543510,James McCann,Arizona Diamondbacks,Boston Red Sox,0,Alec Gamboa,687941,L,33,117,35,3.34,3.21,1.07,1.0,1.03,0.23689,58.0,16.2,,,,,,,-138,+517,,1,1,1,0,0,0,2026-08-18T04:27:08Z
2026-08-17,824641,621020,Dansby Swanson,Chicago Cubs,Chicago White Sox,1,Luis Castillo,622491,R,87,458,119,3.85,3.7,0.94,1.03,1.0,0.20833,57.9,16.8,,,,,,,-138,+495,,0,0,0,0,0,0,2026-08-18T04:27:08Z
2026-08-17,823589,543760,Marcus Semien,New York Mets,San Diego Padres,1,Walker Buehler,621111,R,78,410,105,3.9,3.74,0.94,1.03,0.98,0.20548,57.7,16.8,-167,-160,-190,354,340,305,-136,+495,,1,3,3,1,1,0,2026-08-18T04:27:08Z
2026-08-17,824077,643446,Jeff McNeil,Athletics,Kansas City Royals,0,Michael Wacha,608379,R,87,371,108,3.44,3.3,1.04,1.0,1.02,0.22931,57.7,16.1,-243,-275,-310,212,180,191,-136,+521,,1,4,4,1,1,0,2026-08-18T04:27:08Z
2026-08-17,823427,681715,Heriberto Hernández,Miami Marlins,Philadelphia Phillies,0,Cristopher Sánchez,650911,L,70,338,93,3.63,3.48,0.98,1.03,1.0,0.2185,57.6,16.3,-171,-165,-205,342,310,280,-136,+513,,1,5,4,0,0,0,2026-08-18T04:27:08Z
2026-08-17,824077,641680,Jonah Heim,Athletics,Kansas City Royals,0,Michael Wacha,608379,R,56,285,76,3.75,3.6,0.96,1.0,1.02,0.21198,57.6,16.5,-154,-160,-179,363,350,320,-136,+506,,1,1,1,0,0,0,2026-08-18T04:27:08Z
2026-08-17,824077,686681,Michael Massey,Kansas City Royals,Athletics,1,Mason Barnett,686930,R,87,344,104,3.31,3.18,1.08,0.99,1.02,0.23641,57.6,15.8,-233,-235,-295,251,230,205,-136,+533,,1,4,3,1,1,0,2026-08-18T04:27:08Z
2026-08-17,824320,678662,Ezequiel Tovar,Colorado Rockies,Los Angeles Dodgers,1,Blake Snell,605483,L,79,413,114,3.62,3.48,0.94,1.0,1.07,0.21837,57.6,16.3,-125,-155,-141,459,360,425,-136,+513,,1,4,2,0,0,0,2026-08-18T04:27:08Z
2026-08-17,823589,664034,Ty France,San Diego Padres,New York Mets,0,Nolan McLean,690997,R,92,352,99,3.56,3.42,1.1,0.95,0.98,0.22159,57.5,16.2,-201,-220,-225,266,250,245,-135,+517,,1,4,3,1,1,0,2026-08-18T04:27:08Z
2026-08-17,823668,663616,Trevor Larnach,Minnesota Twins,Atlanta Braves,1,Martín Pérez,527048,L,89,371,102,3.64,3.49,1.05,0.95,1.0,0.21761,57.5,16.3,,,,,,,-135,+513,,0,0,0,0,0,0,2026-08-18T04:27:08Z
2026-08-17,823427,805300,Jakob Marsee,Miami Marlins,Philadelphia Phillies,0,Cristopher Sánchez,650911,L,84,476,120,3.97,3.81,0.9,1.03,1.0,0.20055,57.4,16.6,-128,-110,-130,448,525,475,-135,+502,,1,2,2,0,0,0,2026-08-18T04:27:08Z
2026-08-17,824725,596146,Max Kepler,Arizona Diamondbacks,Boston Red Sox,0,Alec Gamboa,687941,L,24,124,34,3.65,3.5,0.98,1.0,1.03,0.21612,57.4,16.2,-170,-185,-205,326,310,280,-135,+517,,0,0,0,0,0,0,2026-08-18T04:27:08Z
2026-08-17,823589,592518,Manny Machado,San Diego Padres,New York Mets,0,Nolan McLean,690997,R,96,519,122,4.25,4.08,0.92,0.95,0.98,0.18538,56.7,16.5,-211,-200,-240,255,270,235,-131,+506,,1,4,3,1,1,0,2026-08-18T04:27:08Z
2026-08-17,824725,681508,Mickey Gasper,Boston Red Sox,Arizona Diamondbacks,1,Mitch Bratt,683352,L,26,119,34,3.5,3.36,1.0,0.98,1.03,0.2195,56.5,15.4,,,,,,,-130,+549,,1,5,5,1,1,0,2026-08-18T04:27:08Z
2026-08-17,823427,702222,Justin Crawford,Philadelphia Phillies,Miami Marlins,1,Janson Junk,676083,R,89,365,115,3.17,3.04,1.06,1.04,1.0,0.23924,56.4,14.8,-184,-220,-218,286,250,245,-129,+576,,1,2,1,1,1,0,2026-08-18T04:27:08Z
2026-08-17,823589,593871,Jorge Polanco,New York Mets,San Diego Padres,1,Walker Buehler,621111,R,19,142,36,3.94,3.78,0.9,1.03,0.98,0.19693,56.4,15.9,-150,-140,-170,369,400,360,-129,+529,,1,3,3,1,1,0,2026-08-18T04:27:08Z
2026-08-17,823427,691594,Javier Sanoja,Miami Marlins,Philadelphia Phillies,0,Cristopher Sánchez,650911,L,85,336,107,3.14,3.01,1.08,1.03,1.0,0.24009,56.2,14.6,-216,-250,-265,262,220,210,-128,+585,,1,5,5,2,1,1,2026-08-18T04:27:08Z
2026-08-17,824077,686555,Isaac Collins,Kansas City Royals,Athletics,1,Mason Barnett,686930,R,81,410,112,3.66,3.51,0.96,0.99,1.02,0.20964,56.2,15.4,-186,-190,-209,313,300,265,-128,+549,,1,4,3,0,0,0,2026-08-18T04:27:08Z
2026-08-17,823343,690993,Colt Keith,Detroit Tigers,Pittsburgh Pirates,0,Carmen Mlodzinski,669387,R,87,352,114,3.09,2.97,1.07,1.04,1.01,0.24221,56.1,14.5,-186,-190,-205,300,270,280,-128,+590,,1,4,3,1,1,0,2026-08-18T04:27:08Z
2026-08-17,824320,681393,Connor Norby,Colorado Rockies,Los Angeles Dodgers,1,Blake Snell,605483,L,43,249,70,3.56,3.42,0.92,1.0,1.07,0.21404,56.1,15.3,-137,-145,-148,420,390,400,-128,+554,,1,4,4,1,1,0,2026-08-18T04:27:08Z
2026-08-17,822939,656775,Cedric Mullins,Tampa Bay Rays,Baltimore Orioles,1,Brandon Young,687064,R,74,405,106,3.82,3.67,0.92,1.01,0.99,0.19973,55.9,15.4,-149,-145,-162,405,425,380,-127,+549,,1,4,4,1,1,0,2026-08-18T04:27:08Z
2026-08-17,824478,701675,Nathan Church,St. Louis Cardinals,Cincinnati Reds,0,Rhett Lowder,695076,R,74,346,104,3.33,3.2,0.99,1.03,1.01,0.22492,55.8,14.7,,,,,,,-126,+580,,1,3,3,1,1,0,2026-08-18T04:27:08Z
2026-08-17,824077,679845,Nick Loftin,Kansas City Royals,Athletics,1,Mason Barnett,686930,R,62,309,87,3.55,3.41,0.97,0.99,1.02,0.21233,55.7,15.0,-228,-210,-260,243,260,225,-126,+567,,0,0,0,0,0,0,2026-08-18T04:27:08Z
2026-08-17,822939,676356,Jonny DeLuca,Tampa Bay Rays,Baltimore Orioles,1,Brandon Young,687064,R,62,250,77,3.25,3.12,1.06,1.01,0.99,0.22886,55.6,14.4,,,,,,,-125,+594,,1,1,1,1,1,0,2026-08-18T04:27:08Z
2026-08-17,823589,650859,Luis Rengifo,San Diego Padres,New York Mets,0,Nolan McLean,690997,R,68,317,84,3.77,3.62,1.0,0.95,0.98,0.20115,55.6,15.2,-139,-145,-164,405,390,360,-125,+558,,1,4,4,1,1,0,2026-08-18T04:27:08Z
2026-08-17,824725,655316,Andruw Monasterio,Boston Red Sox,Arizona Diamondbacks,1,Mitch Bratt,683352,L,65,273,84,3.25,3.12,1.04,0.98,1.03,0.22796,55.4,14.3,-173,-210,-205,312,290,280,-124,+599,,1,5,4,0,0,0,2026-08-18T04:27:08Z
2026-08-17,824077,691777,Max Muncy,Athletics,Kansas City Royals,0,Michael Wacha,608379,R,40,208,59,3.53,3.39,0.96,1.0,1.02,0.21201,55.4,14.7,,,,,,,-124,+580,,0,0,0,0,0,0,2026-08-18T04:27:08Z
2026-08-17,824641,643217,Andrew Benintendi,Chicago White Sox,Chicago Cubs,0,Shota Imanaga,684007,L,82,368,109,3.38,3.24,1.01,1.01,1.0,0.22083,55.4,14.5,,,,,,,-124,+590,,1,2,2,1,1,0,2026-08-18T04:27:08Z
2026-08-17,823427,665052,Griffin Conine,Miami Marlins,Philadelphia Phillies,0,Cristopher Sánchez,650911,L,44,186,58,3.21,3.08,1.03,1.03,1.0,0.22945,55.2,14.1,,,,,,,-123,+609,,1,4,4,1,1,0,2026-08-18T04:27:08Z
2026-08-17,823589,593428,Xander Bogaerts,San Diego Padres,New York Mets,0,Nolan McLean,690997,R,90,470,118,3.98,3.82,0.94,0.95,0.98,0.18939,55.2,15.1,-163,-155,-176,335,350,325,-123,+562,,1,4,3,0,0,0,2026-08-18T04:27:08Z
2026-08-17,823589,676724,Jared Young,New York Mets,San Diego Padres,1,Walker Buehler,621111,R,59,244,76,3.21,3.08,1.04,1.03,0.98,0.22859,55.0,14.0,-168,-175,-197,363,310,300,-122,+614,,1,3,3,0,0,0,2026-08-18T04:27:08Z
2026-08-17,823589,630105,Jake Cronenworth,San Diego Padres,New York Mets,0,Nolan McLean,690997,R,55,280,73,3.84,3.69,0.96,0.95,0.98,0.19425,54.9,14.8,-192,-160,-225,280,340,260,-122,+576,,1,4,3,2,1,1,2026-08-18T04:27:08Z
2026-08-17,823343,656716,Zach McKinstry,Detroit Tigers,Pittsburgh Pirates,0,Carmen Mlodzinski,669387,R,64,337,99,3.4,3.26,0.94,1.04,1.01,0.21437,54.5,13.9,-179,-200,-205,310,270,280,-120,+619,,1,5,4,3,1,1,2026-08-18T04:27:08Z
2026-08-17,824641,671976,Tristan Peters,Chicago White Sox,Chicago Cubs,0,Shota Imanaga,684007,L,89,364,118,3.08,2.96,1.06,1.01,1.0,0.23121,54.1,13.2,,,,,,,-118,+658,,1,2,2,0,0,0,2026-08-18T04:27:08Z
2026-08-17,823427,691788,Joe Mack,Miami Marlins,Philadelphia Phillies,0,Cristopher Sánchez,650911,L,53,243,76,3.2,3.07,1.0,1.03,1.0,0.22354,54.0,13.4,,,,,,,-117,+646,,0,0,0,0,0,0,2026-08-18T04:27:08Z
2026-08-17,823668,805347,Jim Jarvis,Atlanta Braves,Minnesota Twins,0,Bailey Ober,641927,R,23,114,35,3.26,3.13,0.99,1.03,1.0,0.21961,54.0,13.4,,,,,,,-117,+646,,1,3,3,0,0,0,2026-08-18T04:27:08Z
2026-08-17,823668,605170,Victor Caratini,Minnesota Twins,Atlanta Braves,1,Martín Pérez,527048,L,64,331,90,3.68,3.53,0.95,0.95,1.0,0.19682,53.9,14.0,,,,,,,-117,+614,,0,0,0,0,0,0,2026-08-18T04:27:08Z
2026-08-17,822939,663743,Nick Fortes,Tampa Bay Rays,Baltimore Orioles,1,Brandon Young,687064,R,68,274,89,3.08,2.96,1.06,1.01,0.99,0.22963,53.8,13.0,,,,,,,-116,+669,,0,0,0,0,0,0,2026-08-18T04:27:08Z
2026-08-17,823589,669134,Luis Campusano,San Diego Padres,New York Mets,0,Nolan McLean,690997,R,40,149,45,3.31,3.18,1.07,0.95,0.98,0.21509,53.7,13.4,-151,-160,-170,365,350,330,-116,+646,,1,4,3,0,0,0,2026-08-18T04:27:08Z
2026-08-17,823343,669707,Jared Triolo,Pittsburgh Pirates,Detroit Tigers,1,Framber Valdez,664285,L,61,282,89,3.17,3.04,1.0,1.02,1.01,0.22348,53.6,13.1,-182,-160,-209,288,340,275,-116,+663,,1,3,3,0,0,0,2026-08-18T04:27:08Z
2026-08-17,823589,683146,Brett Baty,New York Mets,San Diego Padres,1,Walker Buehler,621111,R,74,389,112,3.47,3.33,0.94,1.03,0.98,0.20582,53.6,13.5,-122,-140,-136,500,425,450,-116,+641,,0,0,0,0,0,0,2026-08-18T04:27:08Z
2026-08-17,823668,657041,Lane Thomas,Atlanta Braves,Minnesota Twins,0,Bailey Ober,641927,R,69,344,105,3.28,3.15,0.97,1.03,1.0,0.21546,53.4,13.2,,,,,,,-115,+658,,0,0,0,0,0,0,2026-08-18T04:27:08Z
2026-08-17,822939,670764,Taylor Walls,Tampa Bay Rays,Baltimore Orioles,1,Brandon Young,687064,R,66,351,101,3.48,3.34,0.94,1.01,0.99,0.20342,53.2,13.3,-137,-120,-148,440,525,400,-114,+652,,1,2,2,1,1,0,2026-08-18T04:27:08Z
2026-08-17,824077,664728,Kyle Isbel,Kansas City Royals,Athletics,1,Mason Barnett,686930,R,45,217,67,3.24,3.11,0.99,0.99,1.02,0.21606,53.1,12.9,-193,-165,-197,285,333,300,-113,+675,,1,4,3,1,1,0,2026-08-18T04:27:08Z
2026-08-17,823589,672356,Gabriel Arias,New York Mets,San Diego Padres,1,Walker Buehler,621111,R,31,139,44,3.16,3.03,1.01,1.03,0.98,0.22055,53.0,12.7,,,,,,,-113,+687,,0,0,0,0,0,0,2026-08-18T04:27:08Z
2026-08-17,824077,666126,Carlos Cortes,Athletics,Kansas City Royals,0,Michael Wacha,608379,R,64,279,91,3.07,2.95,1.03,1.0,1.02,0.22586,53.0,12.6,-178,-220,-230,314,240,265,-113,+694,,1,4,4,1,1,0,2026-08-18T04:27:08Z
2026-08-17,823427,624641,Edmundo Sosa,Philadelphia Phillies,Miami Marlins,1,Janson Junk,676083,R,41,205,65,3.15,3.02,0.97,1.04,1.0,0.21976,52.7,12.5,,,,,,,-111,+700,,0,0,0,0,0,0,2026-08-18T04:27:08Z
2026-08-17,824641,699393,Pedro Ramírez,Chicago Cubs,Chicago White Sox,1,Luis Castillo,622491,R,38,140,49,2.86,2.75,1.07,1.03,1.0,0.23753,52.6,11.9,-180,-200,-235,324,280,260,-111,+740,,1,5,4,0,0,0,2026-08-18T04:27:08Z
2026-08-17,824478,665877,José Fermín,St. Louis Cardinals,Cincinnati Reds,0,Rhett Lowder,695076,R,55,258,85,3.04,2.92,0.99,1.03,1.01,0.22481,52.5,12.2,-222,-250,-275,242,220,210,-111,+720,,1,2,1,0,0,0,2026-08-18T04:27:08Z
2026-08-17,822939,665750,Leody Taveras,Baltimore Orioles,Tampa Bay Rays,0,Shane McClanahan,663556,L,75,379,107,3.54,3.4,0.96,0.96,0.99,0.19607,52.4,12.9,-142,-125,-152,416,475,390,-110,+675,,1,1,1,0,0,0,2026-08-18T04:27:08Z
2026-08-17,824478,677592,Everson Pereira,St. Louis Cardinals,Cincinnati Reds,0,Rhett Lowder,695076,R,21,100,33,3.03,2.91,0.99,1.03,1.01,0.22475,52.3,12.1,-153,-155,-176,328,350,330,-110,+726,,1,1,1,0,0,0,2026-08-18T04:27:08Z
2026-08-17,822939,680700,Richie Palacios,Tampa Bay Rays,Baltimore Orioles,1,Brandon Young,687064,R,62,299,93,3.22,3.09,0.98,1.01,0.99,0.21282,52.3,12.4,-132,-135,-136,450,450,450,-110,+706,,1,4,3,1,1,0,2026-08-18T04:27:08Z
2026-08-17,824725,694374,Tim Tawa,Arizona Diamondbacks,Boston Red Sox,0,Alec Gamboa,687941,L,44,212,68,3.12,3.0,0.99,1.0,1.03,0.21854,52.3,12.2,-158,-155,-179,353,350,330,-110,+720,,1,4,4,2,1,1,2026-08-18T04:27:08Z
2026-08-17,822939,702616,Jackson Holliday,Baltimore Orioles,Tampa Bay Rays,0,Shane McClanahan,663556,L,51,245,72,3.4,3.26,0.99,0.96,0.99,0.20161,52.0,12.5,-163,-160,-190,347,340,300,-108,+700,,1,5,5,1,1,0,2026-08-18T04:27:08Z
2026-08-17,824320,687597,Jordan Beck,Colorado Rockies,Los Angeles Dodgers,1,Blake Snell,605483,L,20,112,37,3.03,2.91,0.96,1.0,1.07,0.22313,52.0,11.9,-134,-160,-162,432,340,360,-108,+740,,1,5,5,0,0,0,2026-08-18T04:27:08Z
2026-08-17,822939,687637,Dylan Beavers,Baltimore Orioles,Tampa Bay Rays,0,Shane McClanahan,663556,L,49,232,69,3.36,3.23,0.99,0.96,0.99,0.20277,51.9,12.4,,,,,,,-108,+706,,0,0,0,0,0,0,2026-08-18T04:27:08Z
2026-08-17,823427,683357,Owen Caissie,Miami Marlins,Philadelphia Phillies,0,Cristopher Sánchez,650911,L,57,283,91,3.11,2.99,0.97,1.03,1.0,0.21648,51.8,11.9,,,,,,,-107,+740,,0,0,0,0,0,0,2026-08-18T04:27:08Z
2026-08-17,824725,657136,Connor Wong,Boston Red Sox,Arizona Diamondbacks,1,Mitch Bratt,683352,L,41,191,62,3.08,2.96,1.0,0.98,1.03,0.21846,51.8,11.9,,,,,,,-107,+740,,0,0,0,0,0,0,2026-08-18T04:27:08Z
2026-08-17,822939,683748,Victor Mesa Jr.,Tampa Bay Rays,Baltimore Orioles,1,Brandon Young,687064,R,34,178,55,3.24,3.11,0.96,1.01,0.99,0.20884,51.7,12.1,-177,-185,-193,328,310,290,-107,+726,,0,0,0,0,0,0,2026-08-18T04:27:08Z
2026-08-17,823668,642086,Dominic Smith,Atlanta Braves,Minnesota Twins,0,Bailey Ober,641927,R,66,279,97,2.88,2.76,1.04,1.03,1.0,0.23154,51.7,11.5,,,,,,,-107,+770,,1,1,1,0,0,0,2026-08-18T04:27:08Z
2026-08-17,823343,694378,Jacob Gonzalez,Pittsburgh Pirates,Detroit Tigers,1,Framber Valdez,664285,L,36,168,56,3.0,2.88,1.0,1.02,1.01,0.22285,51.6,11.7,,,,,,,-107,+755,,1,2,2,0,0,0,2026-08-18T04:27:08Z
2026-08-17,823343,701678,Hao-Yu Lee,Detroit Tigers,Pittsburgh Pirates,0,Carmen Mlodzinski,669387,R,54,217,79,2.75,2.64,1.05,1.04,1.01,0.23905,51.4,11.1,,,,,,,-106,+801,,1,5,3,3,1,1,2026-08-18T04:27:08Z
2026-08-17,824641,665804,Miguel Amaya,Chicago Cubs,Chicago White Sox,1,Luis Castillo,622491,R,42,204,67,3.04,2.92,0.98,1.03,1.0,0.21918,51.4,11.6,,-125,,,475,,-106,+762,,1,1,1,0,0,0,2026-08-18T04:27:08Z
2026-08-17,823589,620443,Luis Torrens,New York Mets,San Diego Padres,1,Walker Buehler,621111,R,48,225,74,3.04,2.92,1.0,1.03,0.98,0.21773,51.2,11.5,,,,,,,-105,+770,,0,0,0,0,0,0,2026-08-18T04:27:08Z
2026-08-17,824077,671732,Lawrence Butler,Athletics,Kansas City Royals,0,Michael Wacha,608379,R,69,376,116,3.24,3.11,0.93,1.0,1.02,0.20419,50.9,11.6,-180,-190,-225,322,280,260,-104,+762,,1,4,3,1,1,0,2026-08-18T04:27:08Z
2026-08-17,824320,664954,Brett Sullivan,Colorado Rockies,Los Angeles Dodgers,1,Blake Snell,605483,L,39,175,64,2.73,2.62,1.01,1.0,1.07,0.23413,50.3,10.5,-140,,-152,407,,390,-101,+852,,1,4,2,1,1,0,2026-08-18T04:27:08Z
2026-08-17,822939,668723,Ryan Vilade,Tampa Bay Rays,Baltimore Orioles,1,Brandon Young,687064,R,46,202,70,2.89,2.77,1.02,1.01,0.99,0.22048,49.8,10.5,,,,,,,+101,+852,,1,4,3,1,1,0,2026-08-18T04:27:08Z
2026-08-17,823668,573262,Mike Yastrzemski,Atlanta Braves,Minnesota Twins,0,Bailey Ober,641927,R,63,312,106,2.94,2.82,0.97,1.03,1.0,0.21646,49.7,10.6,-140,-155,-170,398,390,360,+101,+843,,1,4,3,0,0,0,2026-08-18T04:27:08Z
2026-08-17,824077,516782,Starling Marte,Kansas City Royals,Athletics,1,Mason Barnett,686930,R,37,168,59,2.85,2.74,1.01,0.99,1.02,0.22042,49.5,10.3,,,,,,,+102,+871,,0,0,0,0,0,0,2026-08-18T04:27:08Z
2026-08-17,824320,676439,Hunter Feduccia,Los Angeles Dodgers,Colorado Rockies,0,Tomoyuki Sugano,608372,R,39,183,71,2.58,2.48,1.0,1.04,1.07,0.24054,49.5,9.8,-168,-220,-200,308,240,285,+102,+920,,1,5,4,0,0,0,2026-08-18T04:27:08Z
2026-08-17,824478,699625,Jimmy Crooks,St. Louis Cardinals,Cincinnati Reds,0,Rhett Lowder,695076,R,21,127,43,2.95,2.83,0.94,1.03,1.01,0.21324,49.3,10.4,,,,,,,+103,+862,,0,0,0,0,0,0,2026-08-18T04:27:08Z
2026-08-17,824641,691011,Drew Romo,Chicago White Sox,Chicago Cubs,0,Shota Imanaga,684007,L,21,173,51,3.39,3.25,0.87,1.01,1.0,0.18882,49.3,11.0,,,,,,,+103,+809,,0,0,0,0,0,0,2026-08-18T04:27:08Z
2026-08-17,824077,687231,Darell Hernaiz,Athletics,Kansas City Royals,0,Michael Wacha,608379,R,29,136,48,2.83,2.72,1.0,1.0,1.02,0.21957,49.0,10.1,,,,,,,+104,+890,,0,0,0,0,0,0,2026-08-18T04:27:08Z
2026-08-17,824320,500743,Miguel Rojas,Los Angeles Dodgers,Colorado Rockies,0,Tomoyuki Sugano,608372,R,48,192,80,2.4,2.3,1.05,1.04,1.07,0.25387,49.0,9.1,,,,,,,+104,+999,,0,0,0,0,0,0,2026-08-18T04:27:08Z
2026-08-17,822939,691723,Coby Mayo,Baltimore Orioles,Tampa Bay Rays,0,Shane McClanahan,663556,L,61,318,98,3.24,3.11,0.95,0.96,0.99,0.19429,48.9,10.6,-128,-135,-141,474,425,425,+104,+843,,1,5,5,2,1,1,2026-08-18T04:27:08Z
2026-08-17,823589,657757,Gavin Sheets,San Diego Padres,New York Mets,0,Nolan McLean,690997,R,72,394,116,3.4,3.26,0.92,0.95,0.98,0.18635,48.9,10.8,-129,-135,-139,453,425,425,+104,+826,,1,4,3,1,1,0,2026-08-18T04:27:08Z
2026-08-17,824077,622268,Donovan Walton,Athletics,Kansas City Royals,0,Michael Wacha,608379,R,37,154,57,2.7,2.59,1.03,1.0,1.02,0.22715,48.7,9.6,-149,-160,-162,375,275,350,+105,+942,,1,4,3,1,1,0,2026-08-18T04:27:08Z
2026-08-17,823427,677870,Leo Jiménez,Miami Marlins,Philadelphia Phillies,0,Cristopher Sánchez,650911,L,30,166,57,2.91,2.79,0.95,1.03,1.0,0.21207,48.6,10.0,-148,-160,-170,383,350,360,+106,+900,,1,5,4,1,1,0,2026-08-18T04:27:08Z
2026-08-17,823668,668885,Austin Martin,Minnesota Twins,Atlanta Braves,1,Martín Pérez,527048,L,68,335,110,3.05,2.93,0.97,0.95,1.0,0.20095,48.2,10.0,-225,-235,-280,249,220,205,+107,+900,,0,0,0,0,0,0,2026-08-18T04:27:08Z
2026-08-17,823343,680779,Henry Davis,Pittsburgh Pirates,Detroit Tigers,1,Framber Valdez,664285,L,37,250,80,3.12,3.0,0.88,1.02,1.01,0.19633,48.1,10.1,-124,-125,-134,489,450,450,+108,+890,,1,4,4,1,1,0,2026-08-18T04:27:08Z
2026-08-17,824641,668670,Jake Rogers,Chicago White Sox,Chicago Cubs,0,Shota Imanaga,684007,L,19,129,43,3.0,2.88,0.92,1.01,1.0,0.20072,47.5,9.6,-101,-115,-114,560,525,550,+111,+942,,1,4,2,0,0,0,2026-08-18T04:27:08Z
2026-08-17,824641,686668,Brenton Doyle,Chicago White Sox,Chicago Cubs,0,Shota Imanaga,684007,L,32,158,57,2.77,2.66,0.98,1.01,1.0,0.21374,47.3,9.1,-133,-160,-159,439,350,375,+111,+999,,1,3,3,0,0,0,2026-08-18T04:27:08Z
2026-08-17,822939,641933,Tyler O'Neill,Baltimore Orioles,Tampa Bay Rays,0,Shane McClanahan,663556,L,47,243,80,3.04,2.92,0.96,0.96,0.99,0.19636,47.2,9.5,-134,-165,-162,433,333,360,+112,+953,,1,5,5,2,1,1,2026-08-18T04:27:08Z
2026-08-17,824478,686780,Pedro Pagés,St. Louis Cardinals,Cincinnati Reds,0,Rhett Lowder,695076,R,34,178,66,2.7,2.59,0.96,1.03,1.01,0.21794,47.1,8.9,-149,-140,-164,346,400,360,+112,+1024,,0,0,0,0,0,0,2026-08-18T04:27:08Z
2026-08-17,824641,624424,Michael Conforto,Chicago Cubs,Chicago White Sox,1,Luis Castillo,622491,R,43,218,82,2.66,2.55,0.97,1.03,1.0,0.21588,46.2,8.5,-117,-118,-127,516,500,475,+116,+1076,,1,2,2,0,0,0,2026-08-18T04:27:08Z
2026-08-17,822939,669236,Jeremiah Jackson,Baltimore Orioles,Tampa Bay Rays,0,Shane McClanahan,663556,L,53,243,87,2.79,2.68,1.0,0.96,0.99,0.20518,46.0,8.6,,,,,,,+117,+1063,,1,4,4,0,0,0,2026-08-18T04:27:08Z
2026-08-17,822939,665966,Carlos Narváez,Baltimore Orioles,Tampa Bay Rays,0,Shane McClanahan,663556,L,35,228,72,3.17,3.04,0.89,0.96,0.99,0.18297,45.9,9.1,102,100,-104,620,600,650,+118,+999,,1,4,2,0,0,0,2026-08-18T04:27:08Z
2026-08-17,824077,675961,Alika Williams,Athletics,Kansas City Royals,0,Michael Wacha,608379,R,37,147,60,2.45,2.35,1.04,1.0,1.02,0.23006,45.9,7.9,,,,,,,+118,+1166,,1,3,3,0,0,0,2026-08-18T04:27:08Z
2026-08-17,823668,668952,Ryan Kreidler,Minnesota Twins,Atlanta Braves,1,Martín Pérez,527048,L,46,217,78,2.78,2.67,0.99,0.95,1.0,0.20529,45.9,8.5,-129,-145,-136,457,390,425,+118,+1076,,0,0,0,0,0,0,2026-08-18T04:27:08Z
2026-08-17,824320,669743,Alex Call,Los Angeles Dodgers,Colorado Rockies,0,Tomoyuki Sugano,608372,R,33,154,67,2.3,2.21,1.0,1.04,1.07,0.24103,45.6,7.5,,,,,,,+119,+1233,,0,0,0,0,0,0,2026-08-18T04:27:08Z
2026-08-17,823427,688363,Graham Pauley,Miami Marlins,Philadelphia Phillies,0,Cristopher Sánchez,650911,L,21,115,46,2.5,2.4,0.97,1.03,1.0,0.21507,44.1,7.3,,,,,,,+127,+1270,,0,0,0,0,0,0,2026-08-18T04:27:08Z
2026-08-17,824641,545341,Randal Grichuk,Chicago White Sox,Chicago Cubs,0,Shota Imanaga,684007,L,51,194,85,2.28,2.19,1.07,1.01,1.0,0.23299,44.1,6.8,-146,-175,-173,383,310,340,+127,+1371,,1,3,3,1,1,0,2026-08-18T04:27:08Z
2026-08-17,824641,621438,Tyrone Taylor,Chicago Cubs,Chicago White Sox,1,Luis Castillo,622491,R,39,183,77,2.38,2.28,1.0,1.03,1.0,0.22177,43.5,6.9,,,,,,,+130,+1349,,0,0,0,0,0,0,2026-08-18T04:27:08Z
2026-08-17,824478,663494,Bryan Torres,St. Louis Cardinals,Cincinnati Reds,0,Rhett Lowder,695076,R,24,117,51,2.29,2.2,0.99,1.03,1.01,0.22343,42.7,6.4,,,,,,,+134,+1462,,1,4,3,1,1,0,2026-08-18T04:27:08Z
2026-08-17,823589,666023,Freddy Fermin,San Diego Padres,New York Mets,0,Nolan McLean,690997,R,36,213,77,2.77,2.66,0.92,0.95,0.98,0.18654,42.3,7.0,,,,,,,+136,+1329,,0,0,0,0,0,0,2026-08-18T04:27:08Z
2026-08-17,822939,681297,Colton Cowser,Baltimore Orioles,Tampa Bay Rays,0,Shane McClanahan,663556,L,55,294,110,2.67,2.56,0.94,0.96,0.99,0.19283,42.2,6.9,,,,,,,+137,+1349,,1,2,2,0,0,0,2026-08-18T04:27:08Z
2026-08-17,824641,682668,Luisangel Acuña,Chicago White Sox,Chicago Cubs,0,Shota Imanaga,684007,L,44,195,85,2.29,2.2,1.01,1.01,1.0,0.22075,42.2,6.2,-107,-125,-124,610,450,500,+137,+1513,,1,4,3,0,0,0,2026-08-18T04:27:08Z
2026-08-17,823427,665923,Esteury Ruiz,Miami Marlins,Philadelphia Phillies,0,Cristopher Sánchez,650911,L,35,171,80,2.14,2.05,0.98,1.03,1.0,0.21924,39.8,5.1,-124,-140,-134,472,425,450,+151,+1861,,1,3,3,2,1,1,2026-08-18T04:27:08Z
2026-08-17,824077,686475,Tyler Tolbert,Kansas City Royals,Athletics,1,Mason Barnett,686930,R,28,106,56,1.89,1.92,1.05,0.99,1.02,0.22939,39.4,4.7,,,,,,,+154,+2028,,0,0,0,0,0,0,2026-08-18T04:27:08Z
2026-08-17,824725,642201,Eli White,Boston Red Sox,Arizona Diamondbacks,1,Mitch Bratt,683352,L,35,161,77,2.09,2.01,1.0,0.98,1.03,0.21931,39.2,4.9,,-145,,,390,,+155,+1941,,1,4,4,1,1,0,2026-08-18T04:27:08Z
2026-08-17,823427,656537,Derek Hill,Philadelphia Phillies,Miami Marlins,1,Janson Junk,676083,R,38,179,91,1.97,1.92,0.99,1.04,1.0,0.22423,38.6,4.5,,,,,,,+159,+2122,,1,2,1,1,1,0,2026-08-18T04:27:08Z
2026-08-17,822939,622761,Jorge Mateo,Tampa Bay Rays,Baltimore Orioles,1,Brandon Young,687064,R,32,141,70,2.01,1.93,1.01,1.01,0.99,0.21942,38.0,4.4,,,,,,,+163,+2173,,1,2,2,1,1,0,2026-08-18T04:27:08Z
2026-08-17,824725,663330,Jahmai Jones,Boston Red Sox,Arizona Diamondbacks,1,Mitch Bratt,683352,L,24,130,71,1.83,1.92,0.96,0.98,1.03,0.21112,36.6,4.0,-175,-210,-213,314,270,270,+173,+2400,,0,0,0,0,0,0,2026-08-18T04:27:08Z
2026-08-17,824725,678489,Jorge Barrosa,Arizona Diamondbacks,Boston Red Sox,0,Alec Gamboa,687941,L,26,156,89,1.75,1.92,0.94,1.0,1.03,0.20737,36.0,3.8,,,,,,,+178,+2532,,1,1,1,0,0,0,2026-08-18T04:27:08Z
2026-08-17,823589,823550,Sung-Mun Song,San Diego Padres,New York Mets,0,Nolan McLean,690997,R,23,131,61,2.15,2.06,0.95,0.95,0.98,0.1925,35.6,4.0,,,,,,,+181,+2400,,0,0,0,0,0,0,2026-08-18T04:27:08Z
2026-08-18,824319,518692,Freddie Freeman,Los Angeles Dodgers,Colorado Rockies,0,Ryan Feltner,663372,R,139,522,122,4.28,4.11,1.13,1.04,1.07,0.27282,73.0,31.4,-520,-450,-480,128,110,124,-270,+218,,1,5,3,2,1,1,2026-08-19T05:29:02Z
2026-08-18,824319,660271,Shohei Ohtani,Los Angeles Dodgers,Colorado Rockies,0,Ryan Feltner,663372,R,132,530,120,4.42,4.24,1.09,1.04,1.07,0.26208,72.4,30.9,-551,-450,-560,125,110,116,-262,+224,,1,5,5,1,1,0,2026-08-19T05:29:02Z
2026-08-18,823423,650333,Luis Arraez,Philadelphia Phillies,Miami Marlins,1,Cade Gibson,806188,L,150,525,118,4.45,4.27,1.18,1.01,1.0,0.25893,72.2,30.7,-312,-325,-345,176,150,178,-260,+226,,1,4,4,3,1,1,2026-08-19T05:29:02Z
2026-08-18,824319,681624,Andy Pages,Los Angeles Dodgers,Colorado Rockies,0,Ryan Feltner,663372,R,132,538,125,4.3,4.13,1.08,1.04,1.07,0.25985,71.1,29.3,-414,-400,-500,132,125,130,-246,+241,,1,5,5,1,1,0,2026-08-19T05:29:02Z
2026-08-18,824723,678882,Ceddanne Rafaela,Boston Red Sox,Arizona Diamondbacks,1,Merrill Kelly,518876,R,136,503,120,4.19,4.02,1.14,1.04,1.03,0.26513,71.0,29.0,-263,-300,-295,210,160,184,-245,+245,193,1,5,5,1,1,0,2026-08-19T05:29:02Z
2026-08-18,824075,677951,Bobby Witt Jr.,Kansas City Royals,Athletics,1,Jack Perkins,678022,R,120,471,107,4.4,4.22,1.1,1.04,1.02,0.25157,70.6,28.8,-311,-325,-360,171,150,172,-240,+247,,1,5,3,1,1,0,2026-08-19T05:29:02Z
2026-08-18,823423,672640,Otto Lopez,Miami Marlins,Philadelphia Phillies,0,Zack Wheeler,554430,R,152,530,122,4.34,4.17,1.19,0.96,1.0,0.24593,69.2,27.3,-215,-220,-265,261,240,210,-225,+266,160,1,4,3,0,0,0,2026-08-19T05:29:02Z
2026-08-18,824154,670541,Yordan Alvarez,Houston Astros,Los Angeles Angels,1,George Klassen,691946,R,143,543,123,4.41,4.23,1.12,1.0,0.99,0.24148,68.9,27.1,-343,-275,-320,161,200,178,-222,+269,,1,4,4,0,0,0,2026-08-19T05:29:02Z
2026-08-18,823667,686948,Drake Baldwin,Atlanta Braves,Minnesota Twins,0,Zebby Matthews,805673,R,110,453,102,4.44,4.26,1.06,1.03,1.0,0.23951,68.8,27.1,-305,-295,-345,178,165,178,-221,+269,,1,4,4,2,1,1,2026-08-19T05:29:02Z
2026-08-18,824475,682829,Elly De La Cruz,Cincinnati Reds,St. Louis Cardinals,1,Kyle Leahy,681517,R,109,474,106,4.47,4.29,1.03,1.05,1.01,0.2374,68.7,27.0,-222,-250,-280,255,210,205,-219,+270,165,1,4,4,0,0,0,2026-08-19T05:29:02Z
2026-08-18,824475,691023,Jordan Walker,St. Louis Cardinals,Cincinnati Reds,0,Andrew Abbott,671096,L,137,521,122,4.27,4.1,1.12,1.0,1.01,0.24632,68.6,26.6,-239,-275,-310,230,180,198,-218,+276,177,1,4,4,1,1,0,2026-08-19T05:29:02Z
2026-08-18,823341,805808,Kevin McGonigle,Detroit Tigers,Pittsburgh Pirates,0,Braxton Ashcraft,677952,R,131,547,121,4.52,4.34,1.06,1.0,1.01,0.23121,68.1,26.4,-242,-235,-275,222,230,205,-213,+279,179,1,4,4,1,1,0,2026-08-19T05:29:02Z
2026-08-18,824475,676475,Alec Burleson,St. Louis Cardinals,Cincinnati Reds,0,Andrew Abbott,671096,L,138,530,125,4.24,4.07,1.12,1.0,1.01,0.24503,68.1,26.1,-242,-250,-280,226,200,191,-213,+283,179,1,4,4,1,1,0,2026-08-19T05:29:02Z
2026-08-18,824319,681198,TJ Rumfield,Colorado Rockies,Los Angeles Dodgers,1,Eric Lauer,641778,L,125,487,121,4.02,3.86,1.1,1.0,1.07,0.25609,68.1,25.7,-242,-275,-320,228,180,191,-213,+289,179,1,5,5,2,1,1,2026-08-19T05:29:02Z
2026-08-18,824723,672515,Gabriel Moreno,Arizona Diamondbacks,Boston Red Sox,0,Ranger Suarez,624133,L,107,404,97,4.16,3.99,1.11,1.0,1.03,0.24856,68.0,25.8,-253,-295,-325,226,165,188,-213,+288,186,1,4,3,1,1,0,2026-08-19T05:29:02Z
2026-08-18,824723,677800,Wilyer Abreu,Boston Red Sox,Arizona Diamondbacks,1,Merrill Kelly,518876,R,120,530,122,4.34,4.17,1.03,1.04,1.03,0.23893,68.0,26.0,-228,-285,-280,258,200,195,-213,+285,169,1,5,4,0,0,0,2026-08-19T05:29:02Z
2026-08-18,823667,671739,Michael Harris II,Atlanta Braves,Minnesota Twins,0,Zebby Matthews,805673,R,130,475,119,3.99,3.83,1.14,1.03,1.0,0.25725,68.0,25.5,-301,-275,-325,184,175,191,-213,+292,,1,4,4,3,1,1,2026-08-19T05:29:02Z
2026-08-18,824319,664983,Jake McCarthy,Colorado Rockies,Los Angeles Dodgers,1,Eric Lauer,641778,L,116,429,110,3.9,3.74,1.13,1.0,1.07,0.26235,68.0,25.3,-341,-375,-400,164,135,155,-213,+295,,1,5,5,2,1,1,2026-08-19T05:29:02Z
2026-08-18,822938,650490,Yandy Díaz,Tampa Bay Rays,Toronto Blue Jays,1,José Soriano,667755,R,143,530,119,4.45,4.27,1.14,0.96,0.99,0.23369,67.9,26.1,-287,-275,-295,192,200,188,-212,+283,,1,4,4,2,1,1,2026-08-19T05:29:02Z
2026-08-18,823749,694192,Jackson Chourio,Milwaukee Brewers,Seattle Mariners,1,Bryce Miller,682243,R,103,411,91,4.52,4.34,1.08,0.99,1.0,0.23032,67.9,26.2,-273,-250,-310,200,220,178,-212,+282,200,1,4,4,1,1,0,2026-08-19T05:29:02Z
2026-08-18,824075,672580,Maikel Garcia,Kansas City Royals,Athletics,1,Jack Perkins,678022,R,72,299,70,4.27,4.1,1.05,1.04,1.02,0.24062,67.6,25.6,-279,-295,-310,201,170,188,-209,+291,,1,4,4,1,1,0,2026-08-19T05:29:02Z
2026-08-18,823667,621566,Matt Olson,Atlanta Braves,Minnesota Twins,0,Zebby Matthews,805673,R,128,545,125,4.36,4.19,1.05,1.03,1.0,0.23599,67.6,25.7,-222,-250,-295,264,210,205,-209,+289,164,1,4,4,0,0,0,2026-08-19T05:29:02Z
2026-08-18,824154,665161,Jeremy Peña,Houston Astros,Los Angeles Angels,1,George Klassen,691946,R,88,335,77,4.35,4.18,1.1,1.0,0.99,0.23559,67.5,25.6,-259,-275,-310,215,200,184,-208,+291,191,1,4,4,0,0,0,2026-08-19T05:29:02Z
2026-08-18,824475,701398,Sal Stewart,Cincinnati Reds,St. Louis Cardinals,1,Kyle Leahy,681517,R,123,540,125,4.32,4.15,1.03,1.05,1.01,0.23654,67.4,25.4,-272,-275,-310,198,210,195,-207,+294,,1,4,4,1,1,0,2026-08-19T05:29:02Z
2026-08-18,824639,691718,Pete Crow-Armstrong,Chicago Cubs,Chicago White Sox,1,TBD,,,135,561,126,4.45,4.27,1.07,1.0,1.0,0.23055,67.3,25.6,-253,-275,-295,218,200,181,-206,+291,186,1,5,3,1,1,0,2026-08-19T05:29:02Z
2026-08-18,823341,693304,Nick Gonzales,Pittsburgh Pirates,Detroit Tigers,1,Keider Montero,672456,R,138,490,119,4.12,3.96,1.17,0.96,1.01,0.24495,67.1,24.9,-228,-285,-295,250,200,195,-204,+302,169,0,0,0,0,0,0,2026-08-19T05:29:02Z
2026-08-18,824319,605141,Mookie Betts,Los Angeles Dodgers,Colorado Rockies,0,Ryan Feltner,663372,R,81,372,89,4.18,4.01,1.0,1.04,1.07,0.24205,67.1,24.9,-385,-375,-440,137,130,141,-204,+302,,1,5,5,0,0,0,2026-08-19T05:29:02Z
2026-08-18,822938,676391,Ernie Clement,Toronto Blue Jays,Tampa Bay Rays,0,Nick Martinez,607259,R,132,493,123,4.01,3.85,1.13,1.03,0.99,0.24992,67.0,24.6,-192,-220,-240,302,250,240,-203,+307,143,1,5,5,3,1,1,2026-08-19T05:29:02Z
2026-08-18,823667,621439,Byron Buxton,Minnesota Twins,Atlanta Braves,1,Tyler Mahle,641816,R,89,381,86,4.43,4.25,1.04,1.02,1.0,0.22979,67.0,25.2,-214,-235,-275,264,220,210,-203,+297,159,1,1,1,1,1,0,2026-08-19T05:29:02Z
2026-08-18,824639,663538,Nico Hoerner,Chicago Cubs,Chicago White Sox,1,TBD,,,130,542,123,4.41,4.23,1.06,1.0,1.0,0.22989,66.9,25.1,-234,-250,-320,239,220,195,-202,+298,173,1,4,4,1,1,0,2026-08-19T05:29:02Z
2026-08-18,824723,575929,Willson Contreras,Boston Red Sox,Arizona Diamondbacks,1,Merrill Kelly,518876,R,110,469,114,4.11,3.95,1.05,1.04,1.03,0.24332,66.8,24.5,-207,-235,-265,285,240,225,-201,+308,154,1,5,4,2,1,1,2026-08-19T05:29:02Z
2026-08-18,824639,805367,Chase Meidroth,Chicago White Sox,Chicago Cubs,0,Kevin Gausman,592332,R,121,502,119,4.22,4.05,1.06,1.03,1.0,0.23785,66.7,24.6,-164,-190,-197,340,280,285,-200,+307,123,1,4,4,1,1,0,2026-08-19T05:29:02Z
2026-08-18,824398,800050,Chase DeLauter,Cleveland Guardians,San Francisco Giants,1,Carson Whisenhunt,687931,L,115,453,107,4.23,4.06,1.09,1.01,0.99,0.23651,66.6,24.5,,,,,,,-199,+308,,0,0,0,0,0,0,2026-08-19T05:29:02Z
2026-08-18,823423,607208,Trea Turner,Philadelphia Phillies,Miami Marlins,1,Cade Gibson,806188,L,123,538,121,4.45,4.27,1.03,1.01,1.0,0.2262,66.5,24.8,-297,-300,-325,189,165,188,-199,+303,,1,5,4,0,0,0,2026-08-19T05:29:02Z
2026-08-18,823586,665487,Fernando Tatis Jr.,San Diego Padres,New York Mets,0,Zac Thornton,804267,L,134,546,124,4.4,4.22,1.08,0.99,0.98,0.22806,66.5,24.6,-314,-275,-325,173,180,184,-199,+307,,1,5,5,2,1,1,2026-08-19T05:29:02Z
2026-08-18,824075,805779,Jacob Wilson,Athletics,Kansas City Royals,0,TBD,,,85,337,80,4.21,4.04,1.08,1.0,1.02,0.23743,66.5,24.5,-321,-325,-345,165,150,169,-199,+308,,0,0,0,0,0,0,2026-08-19T05:29:02Z
2026-08-18,822859,682928,CJ Abrams,Washington Nationals,Texas Rangers,0,Cal Quantrill,615698,R,128,525,122,4.3,4.13,1.07,0.99,1.01,0.23279,66.5,24.6,-217,-235,-260,255,220,210,-199,+307,162,1,4,4,2,1,1,2026-08-19T05:29:02Z
2026-08-18,824154,694384,Nolan Schanuel,Los Angeles Angels,Houston Astros,0,Cristian Javier,664299,R,106,434,104,4.17,4.0,1.07,1.04,0.99,0.23852,66.4,24.3,-252,-250,-325,210,200,191,-198,+312,186,1,4,4,2,1,1,2026-08-19T05:29:02Z
2026-08-18,824398,808982,Jung Hoo Lee,San Francisco Giants,Cleveland Guardians,0,Foster Griffin,656492,L,127,464,114,4.07,3.91,1.14,0.99,0.99,0.24292,66.3,24.1,-286,-235,-295,191,230,198,-197,+315,,0,0,0,0,0,0,2026-08-19T05:29:02Z
2026-08-18,823749,668930,Brice Turang,Milwaukee Brewers,Seattle Mariners,1,Bryce Miller,682243,R,120,523,115,4.55,4.37,1.03,0.99,1.0,0.22052,66.3,24.7,-224,-235,-295,246,230,205,-197,+305,166,1,4,2,0,0,0,2026-08-19T05:29:02Z
2026-08-18,824639,608324,Alex Bregman,Chicago Cubs,Chicago White Sox,1,TBD,,,124,562,123,4.57,4.39,1.01,1.0,1.0,0.21887,66.2,24.6,-236,-225,-290,232,240,198,-196,+307,175,1,5,5,2,1,1,2026-08-19T05:29:02Z
2026-08-18,824639,673548,Seiya Suzuki,Chicago Cubs,Chicago White Sox,1,TBD,,,112,474,108,4.39,4.21,1.05,1.0,1.0,0.22718,66.2,24.4,-227,-275,-280,245,210,210,-196,+310,168,1,5,5,0,0,0,2026-08-19T05:29:02Z
2026-08-18,823341,650402,Gleyber Torres,Detroit Tigers,Pittsburgh Pirates,0,Braxton Ashcraft,677952,R,69,304,68,4.47,4.29,1.02,1.0,1.01,0.22239,66.0,24.3,-248,-235,-295,215,230,205,-194,+312,183,1,4,4,1,1,0,2026-08-19T05:29:02Z
2026-08-18,824075,695506,Jac Caglianone,Kansas City Royals,Athletics,1,Jack Perkins,678022,R,116,455,117,3.89,3.73,1.09,1.04,1.02,0.25131,66.0,23.5,-278,-275,-295,201,200,195,-194,+326,,1,4,4,2,1,1,2026-08-19T05:29:02Z
2026-08-18,824319,696100,Hunter Goodman,Colorado Rockies,Los Angeles Dodgers,1,Eric Lauer,641778,L,104,460,111,4.14,3.97,1.02,1.0,1.07,0.23791,66.0,23.8,-246,-285,-310,240,195,184,-194,+320,181,0,0,0,0,0,0,2026-08-19T05:29:02Z
2026-08-18,822859,607043,Brandon Nimmo,Texas Rangers,Washington Nationals,1,Jackson Kent,800600,L,123,502,119,4.22,4.05,1.07,0.99,1.01,0.23257,65.8,23.8,-211,-210,-275,267,260,215,-192,+320,157,1,4,4,2,1,1,2026-08-19T05:29:02Z
2026-08-18,823667,645277,Ozzie Albies,Atlanta Braves,Minnesota Twins,0,Zebby Matthews,805673,R,120,534,125,4.27,4.1,1.02,1.03,1.0,0.22987,65.7,23.8,-201,-210,-260,285,250,235,-192,+320,150,1,4,4,1,1,0,2026-08-19T05:29:02Z
2026-08-18,823749,647304,Josh Naylor,Seattle Mariners,Milwaukee Brewers,0,Kyle Harrison,690986,L,120,497,116,4.28,4.11,1.06,0.99,1.0,0.22848,65.6,23.7,-153,-200,-190,376,270,320,-191,+322,115,1,4,4,1,1,0,2026-08-19T05:29:02Z
2026-08-18,822938,802415,Chandler Simpson,Tampa Bay Rays,Toronto Blue Jays,1,José Soriano,667755,R,134,468,116,4.03,3.87,1.17,0.96,0.99,0.24056,65.5,23.3,-269,-275,-335,214,180,178,-190,+329,197,1,5,5,2,1,1,2026-08-19T05:29:02Z
2026-08-18,824723,668939,Adley Rutschman,Boston Red Sox,Arizona Diamondbacks,1,Merrill Kelly,518876,R,65,311,73,4.26,4.09,0.99,1.04,1.03,0.22931,65.5,23.6,-221,-210,-245,265,270,235,-190,+324,164,1,5,4,2,1,1,2026-08-19T05:29:02Z
2026-08-18,823667,643289,Mauricio Dubón,Atlanta Braves,Minnesota Twins,0,Zebby Matthews,805673,R,115,479,118,4.06,3.9,1.06,1.03,1.0,0.23834,65.4,23.2,-206,-235,-290,267,220,215,-189,+331,154,1,3,3,0,0,0,2026-08-19T05:29:02Z
2026-08-18,823749,668227,Randy Arozarena,Seattle Mariners,Milwaukee Brewers,0,Kyle Harrison,690986,L,120,502,117,4.29,4.12,1.06,0.99,1.0,0.22722,65.4,23.5,-179,-235,-218,315,230,265,-189,+326,134,1,4,4,0,0,0,2026-08-19T05:29:02Z
2026-08-18,824803,700250,Ben Rice,New York Yankees,Baltimore Orioles,0,Shane Baz,669358,R,111,509,119,4.28,4.11,1.0,1.04,1.0,0.22683,65.3,23.4,-235,-235,-295,235,220,195,-188,+327,174,1,4,3,0,0,0,2026-08-19T05:29:02Z
2026-08-18,824319,650489,Willi Castro,Colorado Rockies,Los Angeles Dodgers,1,Eric Lauer,641778,L,100,424,107,3.96,3.8,1.05,1.0,1.07,0.2431,65.3,22.9,-233,-275,-310,251,200,191,-188,+337,172,1,5,3,2,1,1,2026-08-19T05:29:02Z
2026-08-18,824723,686765,Nick Sogard,Boston Red Sox,Arizona Diamondbacks,1,Merrill Kelly,518876,R,26,126,30,4.2,4.03,0.99,1.04,1.03,0.2302,65.2,23.2,-266,-250,-320,212,210,184,-187,+331,196,1,5,3,2,1,1,2026-08-19T05:29:02Z
2026-08-18,823667,660670,Ronald Acuña Jr.,Atlanta Braves,Minnesota Twins,0,Zebby Matthews,805673,R,67,321,73,4.4,4.22,0.98,1.03,1.0,0.22137,65.2,23.5,-251,-275,-295,230,180,184,-187,+326,185,1,4,4,0,0,0,2026-08-19T05:29:02Z
2026-08-18,823341,693307,Dillon Dingler,Detroit Tigers,Pittsburgh Pirates,0,Braxton Ashcraft,677952,R,115,495,116,4.27,4.1,1.04,1.0,1.01,0.22666,65.1,23.3,-237,-235,-295,230,230,198,-187,+329,176,1,1,1,0,0,0,2026-08-19T05:29:02Z
2026-08-18,822938,666018,Jonathan Aranda,Tampa Bay Rays,Toronto Blue Jays,1,José Soriano,667755,R,131,531,121,4.39,4.21,1.08,0.96,0.99,0.22123,65.1,23.4,-251,-250,-310,220,210,184,-187,+327,185,1,5,5,1,1,0,2026-08-19T05:29:02Z
2026-08-18,823749,677594,Julio Rodríguez,Seattle Mariners,Milwaukee Brewers,0,Kyle Harrison,690986,L,115,494,114,4.33,4.16,1.04,0.99,1.0,0.2237,65.1,23.3,-199,-220,-245,282,240,235,-187,+329,148,1,4,4,0,0,0,2026-08-19T05:29:02Z
2026-08-18,824475,802139,JJ Wetherholt,St. Louis Cardinals,Cincinnati Reds,0,Andrew Abbott,671096,L,113,542,120,4.52,4.34,0.98,1.0,1.01,0.21497,65.0,23.5,-258,-250,-295,207,200,195,-186,+326,190,1,5,5,0,0,0,2026-08-19T05:29:02Z
2026-08-18,824723,682998,Corbin Carroll,Arizona Diamondbacks,Boston Red Sox,0,Ranger Suarez,624133,L,113,529,122,4.34,4.17,0.99,1.0,1.03,0.22178,64.9,23.1,-209,-220,-250,264,240,240,-185,+333,156,1,4,2,0,0,0,2026-08-19T05:29:02Z
2026-08-18,823586,666182,Bo Bichette,New York Mets,San Diego Padres,1,Robbie Ray,592662,L,132,539,125,4.31,4.14,1.08,0.97,0.98,0.22252,64.7,22.9,-223,-235,-280,256,230,205,-183,+337,166,1,5,5,2,1,1,2026-08-19T05:29:02Z
2026-08-18,824319,606192,Teoscar Hernández,Los Angeles Dodgers,Colorado Rockies,0,Ryan Feltner,663372,R,78,349,91,3.84,3.69,1.02,1.04,1.07,0.24501,64.6,22.1,-334,-275,-335,181,175,181,-182,+352,,1,4,4,2,1,1,2026-08-19T05:29:02Z
2026-08-18,823341,665833,Oneil Cruz,Pittsburgh Pirates,Detroit Tigers,1,Keider Montero,672456,R,66,283,64,4.42,4.24,1.03,0.96,1.01,0.21684,64.5,22.9,-183,-200,-218,304,280,265,-182,+337,137,1,3,3,1,1,0,2026-08-19T05:29:02Z
2026-08-18,824475,671056,Iván Herrera,St. Louis Cardinals,Cincinnati Reds,0,Andrew Abbott,671096,L,116,559,125,4.47,4.29,0.98,1.0,1.01,0.21434,64.5,22.9,-215,-250,-295,248,200,195,-182,+337,160,1,4,4,0,0,0,2026-08-19T05:29:02Z
2026-08-18,824319,694249,Cole Carrigg,Colorado Rockies,Los Angeles Dodgers,1,Eric Lauer,641778,L,54,222,57,3.89,3.73,1.04,1.0,1.07,0.24264,64.5,22.2,-280,-300,-295,195,165,191,-182,+350,,1,5,5,1,1,0,2026-08-19T05:29:02Z
2026-08-18,824803,671218,Heliot Ramos,New York Yankees,Baltimore Orioles,0,Shane Baz,669358,R,79,348,85,4.09,3.93,1.02,1.04,1.0,0.231,64.4,22.3,-265,-250,-325,204,210,184,-181,+348,195,1,4,3,0,0,0,2026-08-19T05:29:02Z
2026-08-18,823341,664040,Brandon Lowe,Pittsburgh Pirates,Detroit Tigers,1,Keider Montero,672456,R,119,522,118,4.42,4.24,1.03,0.96,1.01,0.21644,64.4,22.8,-206,-220,-275,273,240,225,-181,+339,153,1,4,4,0,0,0,2026-08-19T05:29:02Z
2026-08-18,822859,694671,Wyatt Langford,Texas Rangers,Washington Nationals,1,Jackson Kent,800600,L,72,311,73,4.26,4.09,1.03,0.99,1.01,0.22324,64.4,22.6,-230,-250,-265,239,220,205,-181,+342,170,1,5,4,2,1,1,2026-08-19T05:29:02Z
2026-08-18,823423,669016,Brandon Marsh,Philadelphia Phillies,Miami Marlins,1,Cade Gibson,806188,L,119,473,120,3.94,3.78,1.09,1.01,1.0,0.2384,64.3,22.0,-208,-250,-280,261,220,205,-180,+355,155,1,4,4,1,1,0,2026-08-19T05:29:02Z
2026-08-18,824075,686469,Vinnie Pasquantino,Kansas City Royals,Athletics,1,Jack Perkins,678022,R,69,340,80,4.25,4.08,0.97,1.04,1.02,0.22299,64.3,22.5,-223,-225,-265,255,240,220,-180,+344,166,1,4,4,2,1,1,2026-08-19T05:29:02Z
2026-08-18,824319,663656,Kyle Tucker,Los Angeles Dodgers,Colorado Rockies,0,Ryan Feltner,663372,R,96,484,118,4.1,3.94,0.95,1.04,1.07,0.2303,64.3,22.3,-300,-275,-295,196,175,198,-180,+348,,1,4,4,1,1,0,2026-08-19T05:29:02Z
2026-08-18,824639,678246,Miguel Vargas,Chicago White Sox,Chicago Cubs,0,Kevin Gausman,592332,R,109,538,122,4.41,4.23,0.96,1.03,1.0,0.2155,64.2,22.6,-188,-210,-225,282,250,260,-179,+342,141,1,4,4,1,1,0,2026-08-19T05:29:02Z
2026-08-18,822938,691406,Junior Caminero,Tampa Bay Rays,Toronto Blue Jays,1,José Soriano,667755,R,129,542,124,4.37,4.2,1.06,0.96,0.99,0.21664,64.1,22.5,-226,-220,-290,250,250,215,-179,+344,168,1,5,5,2,1,1,2026-08-19T05:29:02Z
2026-08-18,823423,669364,Xavier Edwards,Miami Marlins,Philadelphia Phillies,0,Zack Wheeler,554430,R,131,529,126,4.2,4.03,1.08,0.96,1.0,0.22452,64.1,22.2,-212,-225,-260,261,240,225,-179,+350,158,1,4,3,1,1,0,2026-08-19T05:29:02Z
2026-08-18,823423,656941,Kyle Schwarber,Philadelphia Phillies,Miami Marlins,1,Cade Gibson,806188,L,110,536,120,4.47,4.29,0.97,1.01,1.0,0.21262,64.1,22.6,-176,-210,-209,322,270,285,-179,+342,132,1,5,5,1,1,0,2026-08-19T05:29:02Z
2026-08-18,823749,661388,William Contreras,Milwaukee Brewers,Seattle Mariners,1,Bryce Miller,682243,R,114,498,116,4.29,4.12,1.03,0.99,1.0,0.22008,64.1,22.3,-197,-235,-245,295,240,235,-179,+348,147,1,6,4,2,1,1,2026-08-19T05:29:02Z
2026-08-18,824154,545361,Mike Trout,Los Angeles Angels,Houston Astros,0,Cristian Javier,664299,R,93,474,106,4.47,4.29,0.95,1.04,0.99,0.21223,64.1,22.5,-171,-165,-200,341,310,300,-179,+344,128,1,4,3,0,0,0,2026-08-19T05:29:02Z
2026-08-18,824639,803011,Sam Antonacci,Chicago White Sox,Chicago Cubs,0,Kevin Gausman,592332,R,98,415,104,3.99,3.83,1.05,1.03,1.0,0.23407,64.0,21.8,-220,-250,-280,248,210,205,-178,+359,164,1,5,3,1,1,0,2026-08-19T05:29:02Z
2026-08-18,823667,605137,Josh Bell,Minnesota Twins,Atlanta Braves,1,Tyler Mahle,641816,R,114,491,121,4.06,3.9,1.04,1.02,1.0,0.2301,63.9,21.9,-161,-190,-200,364,280,285,-177,+357,121,1,4,4,2,1,1,2026-08-19T05:29:02Z
2026-08-18,824639,683737,Michael Busch,Chicago Cubs,Chicago White Sox,1,TBD,,,115,557,124,4.49,4.31,0.97,1.0,1.0,0.21061,63.9,22.4,-230,-235,-280,245,230,205,-177,+346,171,1,4,3,1,1,0,2026-08-19T05:29:02Z
2026-08-18,824154,687263,Zach Neto,Los Angeles Angels,Houston Astros,0,Cristian Javier,664299,R,106,540,121,4.46,4.28,0.95,1.04,0.99,0.21162,63.9,22.3,-152,-155,-170,391,350,350,-177,+348,114,1,4,4,2,1,1,2026-08-19T05:29:02Z
2026-08-18,824319,669242,Tommy Edman,Los Angeles Dodgers,Colorado Rockies,0,Ryan Feltner,663372,R,44,186,50,3.72,3.57,1.03,1.04,1.07,0.24846,63.9,21.4,-313,-295,-345,168,165,175,-177,+367,,1,4,4,2,1,1,2026-08-19T05:29:02Z
2026-08-18,824803,671277,Luis García Jr.,New York Yankees,Baltimore Orioles,0,Shane Baz,669358,R,111,420,115,3.65,3.5,1.11,1.04,1.0,0.25145,63.7,21.0,-236,-275,-295,223,175,198,-175,+376,175,1,4,4,0,0,0,2026-08-19T05:29:02Z
2026-08-18,824723,672695,Geraldo Perdomo,Arizona Diamondbacks,Boston Red Sox,0,Ranger Suarez,624133,L,107,524,121,4.33,4.16,0.97,1.0,1.03,0.21628,63.7,22.1,-219,-235,-260,250,230,230,-175,+352,163,1,4,3,1,1,0,2026-08-19T05:29:02Z
2026-08-18,824154,670623,Isaac Paredes,Houston Astros,Los Angeles Angels,1,George Klassen,691946,R,113,501,118,4.25,4.08,1.02,1.0,0.99,0.21971,63.7,21.9,-216,-220,-250,262,250,230,-175,+357,161,1,4,2,0,0,0,2026-08-19T05:29:02Z
2026-08-18,823667,680777,Ryan Jeffers,Minnesota Twins,Atlanta Braves,1,Tyler Mahle,641816,R,60,255,63,4.05,3.89,1.03,1.02,1.0,0.22873,63.6,21.6,-212,-210,-235,281,270,245,-175,+363,157,1,4,4,2,1,1,2026-08-19T05:29:02Z
2026-08-18,824319,666160,Mickey Moniak,Colorado Rockies,Los Angeles Dodgers,1,Eric Lauer,641778,L,78,323,86,3.76,3.61,1.05,1.0,1.07,0.24438,63.6,21.2,,-175,,,310,,-175,+372,,1,4,4,0,0,0,2026-08-19T05:29:02Z
2026-08-18,823423,547180,Bryce Harper,Philadelphia Phillies,Miami Marlins,1,Cade Gibson,806188,L,115,538,126,4.27,4.1,0.99,1.01,1.0,0.21757,63.4,21.7,-216,-235,-265,258,230,205,-173,+361,160,1,4,2,0,0,0,2026-08-19T05:29:02Z
2026-08-18,824154,514888,Jose Altuve,Houston Astros,Los Angeles Angels,1,George Klassen,691946,R,94,422,99,4.26,4.09,1.02,1.0,0.99,0.2179,63.4,21.7,-200,-210,-240,288,270,240,-173,+361,149,1,4,3,1,1,0,2026-08-19T05:29:02Z
2026-08-18,824319,571970,Max Muncy,Los Angeles Dodgers,Colorado Rockies,0,Ryan Feltner,663372,R,96,435,116,3.75,3.6,1.01,1.04,1.07,0.24382,63.4,21.0,-307,-275,-325,186,180,188,-173,+376,,1,5,4,1,1,0,2026-08-19T05:29:02Z
2026-08-18,824803,624413,Pete Alonso,Baltimore Orioles,New York Yankees,1,Carlos Rodón,607074,L,125,543,125,4.34,4.17,1.04,0.95,1.0,0.21389,63.3,21.8,-198,-210,-250,292,260,240,-172,+359,148,1,4,4,1,1,0,2026-08-19T05:29:02Z
2026-08-18,823586,701807,Carson Benge,New York Mets,San Diego Padres,1,Robbie Ray,592662,L,123,495,120,4.12,3.96,1.08,0.97,0.98,0.22385,63.3,21.5,-196,-155,-240,302,375,250,-172,+365,146,1,4,4,0,0,0,2026-08-19T05:29:02Z
2026-08-18,823341,668804,Bryan Reynolds,Pittsburgh Pirates,Detroit Tigers,1,Keider Montero,672456,R,122,552,127,4.35,4.18,1.01,0.96,1.01,0.21268,63.2,21.6,-213,-220,-280,255,240,205,-172,+363,159,1,4,4,1,1,0,2026-08-19T05:29:02Z
2026-08-18,822859,695734,Daylen Lile,Washington Nationals,Texas Rangers,0,Cal Quantrill,615698,R,116,512,124,4.13,3.96,1.03,0.99,1.01,0.22291,63.2,21.3,-189,-220,-265,297,240,230,-172,+369,141,1,4,4,1,1,0,2026-08-19T05:29:02Z
2026-08-18,824723,702332,Caleb Durbin,Boston Red Sox,Arizona Diamondbacks,1,Merrill Kelly,518876,R,102,448,118,3.8,3.65,1.03,1.04,1.03,0.2392,63.1,20.8,-218,-210,-265,254,270,225,-171,+381,162,1,5,3,1,1,0,2026-08-19T05:29:02Z
2026-08-18,824639,808959,Munetaka Murakami,Chicago White Sox,Chicago Cubs,0,Kevin Gausman,592332,R,74,388,89,4.36,4.19,0.94,1.03,1.0,0.21061,62.9,21.4,-165,-175,-193,345,310,305,-170,+367,124,1,5,4,1,1,0,2026-08-19T05:29:02Z
2026-08-18,824075,521692,Salvador Perez,Kansas City Royals,Athletics,1,Jack Perkins,678022,R,96,484,116,4.17,4.0,0.95,1.04,1.02,0.21907,62.8,21.1,-217,-235,-265,253,230,220,-169,+374,162,1,4,3,0,0,0,2026-08-19T05:29:02Z
2026-08-18,823749,702284,Cole Young,Seattle Mariners,Milwaukee Brewers,0,Kyle Harrison,690986,L,119,501,125,4.01,3.85,1.05,0.99,1.0,0.22637,62.8,20.8,-158,-210,-190,358,270,305,-169,+381,118,1,4,4,0,0,0,2026-08-19T05:29:02Z
2026-08-18,823749,621493,Taylor Ward,Seattle Mariners,Milwaukee Brewers,0,Kyle Harrison,690986,L,106,538,119,4.52,4.34,0.95,0.99,1.0,0.20369,62.8,21.5,-169,-190,-209,334,280,275,-169,+365,127,0,0,0,0,0,0,2026-08-19T05:29:02Z
2026-08-18,824639,695731,Braden Montgomery,Chicago White Sox,Chicago Cubs,0,Kevin Gausman,592332,R,49,236,57,4.14,3.97,0.98,1.03,1.0,0.22031,62.8,21.0,-176,-190,-209,317,300,275,-169,+376,132,1,4,4,0,0,0,2026-08-19T05:29:02Z
2026-08-18,823667,686797,Brooks Lee,Minnesota Twins,Atlanta Braves,1,Tyler Mahle,641816,R,108,482,120,4.02,3.86,1.02,1.02,1.0,0.2255,62.7,20.8,-141,-165,-170,404,340,340,-168,+381,106,1,3,3,1,1,0,2026-08-19T05:29:02Z
2026-08-18,823667,668904,Royce Lewis,Minnesota Twins,Atlanta Braves,1,Tyler Mahle,641816,R,81,373,91,4.1,3.94,1.0,1.02,1.0,0.22159,62.7,20.9,-182,-190,-209,318,300,275,-168,+378,136,1,4,4,0,0,0,2026-08-19T05:29:02Z
2026-08-18,824398,680757,Steven Kwan,Cleveland Guardians,San Francisco Giants,1,Carson Whisenhunt,687931,L,106,472,115,4.1,3.94,1.02,1.01,0.99,0.22103,62.6,20.8,-255,-285,-325,214,175,188,-167,+381,188,1,5,3,1,1,0,2026-08-19T05:29:02Z
2026-08-18,823423,681082,Bryson Stott,Philadelphia Phillies,Miami Marlins,1,Cade Gibson,806188,L,111,473,120,3.94,3.78,1.05,1.01,1.0,0.22913,62.6,20.6,-231,-225,-280,247,240,200,-167,+385,171,1,4,3,1,1,0,2026-08-19T05:29:02Z
2026-08-18,823586,701538,Jackson Merrill,San Diego Padres,New York Mets,0,Zac Thornton,804267,L,116,515,123,4.19,4.02,1.02,0.99,0.98,0.21654,62.5,20.8,-247,-235,-295,228,240,195,-167,+381,182,1,4,4,0,0,0,2026-08-19T05:29:02Z
2026-08-18,824398,646240,Rafael Devers,San Francisco Giants,Cleveland Guardians,0,Foster Griffin,656492,L,115,525,124,4.23,4.06,1.01,0.99,0.99,0.21415,62.4,20.8,-176,-210,-200,320,250,285,-166,+381,132,1,4,4,0,0,0,2026-08-19T05:29:02Z
2026-08-18,824319,687859,Troy Johnston,Colorado Rockies,Los Angeles Dodgers,1,Eric Lauer,641778,L,93,373,105,3.55,3.41,1.07,1.0,1.07,0.24941,62.4,19.8,,,,,,,-166,+405,,1,2,2,0,0,0,2026-08-19T05:29:02Z
2026-08-18,823423,664761,Alec Bohm,Philadelphia Phillies,Miami Marlins,1,Cade Gibson,806188,L,108,492,121,4.07,3.91,1.01,1.01,1.0,0.22084,62.3,20.5,-251,-235,-310,229,230,198,-165,+388,185,1,4,4,2,1,1,2026-08-19T05:29:02Z
2026-08-18,824723,680776,Jarren Duran,Boston Red Sox,Arizona Diamondbacks,1,Merrill Kelly,518876,R,91,495,117,4.23,4.06,0.92,1.04,1.03,0.21342,62.3,20.7,-185,-210,-218,303,270,260,-165,+383,139,1,5,5,1,1,0,2026-08-19T05:29:02Z
2026-08-18,823667,807712,Luke Keaschall,Minnesota Twins,Atlanta Braves,1,Tyler Mahle,641816,R,105,462,117,3.95,3.79,1.03,1.02,1.0,0.22717,62.3,20.4,-165,-200,-213,368,280,280,-165,+390,124,1,4,4,2,1,1,2026-08-19T05:29:02Z
2026-08-18,822938,543807,George Springer,Toronto Blue Jays,Tampa Bay Rays,0,Nick Martinez,607259,R,80,398,94,4.23,4.06,0.96,1.03,0.99,0.21313,62.2,20.7,-217,-220,-280,258,240,215,-165,+383,161,1,5,4,3,1,1,2026-08-19T05:29:02Z
2026-08-18,824075,695720,Tommy White,Athletics,Kansas City Royals,0,TBD,,,27,105,27,3.89,3.73,1.04,1.0,1.02,0.22936,62.2,20.2,-257,-250,-295,214,210,184,-165,+395,189,1,4,4,1,1,0,2026-08-19T05:29:02Z
2026-08-18,824398,608070,José Ramírez,Cleveland Guardians,San Francisco Giants,1,Carson Whisenhunt,687931,L,79,397,92,4.32,4.15,0.96,1.01,0.99,0.20792,62.0,20.6,-263,-295,-295,211,165,188,-163,+385,194,1,5,5,3,1,1,2026-08-19T05:29:02Z
2026-08-18,824398,683953,Travis Bazzana,Cleveland Guardians,San Francisco Giants,1,Carson Whisenhunt,687931,L,79,389,91,4.27,4.1,0.97,1.01,0.99,0.21003,62.0,20.5,-174,-175,-197,321,310,290,-163,+388,130,1,4,4,0,0,0,2026-08-19T05:29:02Z
2026-08-18,824075,680869,Zack Gelof,Athletics,Kansas City Royals,0,TBD,,,70,277,74,3.74,3.59,1.07,1.0,1.02,0.23587,61.9,19.7,-256,-275,-325,214,195,188,-162,+408,188,1,4,2,0,0,0,2026-08-19T05:29:02Z
2026-08-18,823667,665019,Kody Clemens,Minnesota Twins,Atlanta Braves,1,Tyler Mahle,641816,R,94,441,109,4.05,3.89,0.99,1.02,1.0,0.21947,61.9,20.1,-159,-160,-182,380,350,330,-162,+398,119,1,4,3,1,1,0,2026-08-19T05:29:02Z
2026-08-18,824475,668709,JJ Bleday,Cincinnati Reds,St. Louis Cardinals,1,Kyle Leahy,681517,R,76,403,97,4.15,3.98,0.94,1.05,1.01,0.21479,61.8,20.2,-205,-175,-225,287,310,260,-162,+395,153,1,4,4,0,0,0,2026-08-19T05:29:02Z
2026-08-18,823586,596019,Francisco Lindor,New York Mets,San Diego Padres,1,Robbie Ray,592662,L,64,300,69,4.35,4.18,0.99,0.97,0.98,0.20562,61.8,20.5,-210,-220,-260,262,250,225,-162,+388,157,1,5,5,0,0,0,2026-08-19T05:29:02Z
2026-08-18,823749,592885,Christian Yelich,Milwaukee Brewers,Seattle Mariners,1,Bryce Miller,682243,R,75,375,86,4.36,4.19,0.96,0.99,1.0,0.20542,61.8,20.5,-177,-175,-200,318,310,300,-162,+388,133,1,6,5,2,1,1,2026-08-19T05:29:02Z
2026-08-18,823749,641343,Jake Bauers,Milwaukee Brewers,Seattle Mariners,1,Bryce Miller,682243,R,104,448,112,4.0,3.84,1.04,0.99,1.0,0.22143,61.8,20.0,-180,-175,-197,323,310,300,-162,+400,135,1,4,3,2,1,1,2026-08-19T05:29:02Z
2026-08-18,824398,666176,Jo Adell,Cleveland Guardians,San Francisco Giants,1,Carson Whisenhunt,687931,L,108,506,123,4.11,3.95,0.99,1.01,0.99,0.21494,61.6,20.0,-243,-275,-295,231,210,195,-160,+400,179,1,4,4,3,1,1,2026-08-19T05:29:02Z
2026-08-18,822859,677649,Ezequiel Duran,Texas Rangers,Washington Nationals,1,Jackson Kent,800600,L,106,443,116,3.82,3.67,1.06,0.99,1.01,0.22866,61.4,19.5,-219,-225,-260,255,240,225,-159,+413,163,1,4,3,1,1,0,2026-08-19T05:29:02Z
2026-08-18,824803,683002,Gunnar Henderson,Baltimore Orioles,New York Yankees,1,Carlos Rodón,607074,L,111,563,124,4.54,4.36,0.95,0.95,1.0,0.19559,61.3,20.2,-183,-185,-225,307,310,265,-158,+395,137,1,4,4,0,0,0,2026-08-19T05:29:02Z
2026-08-18,822938,689414,Liam Hicks,Tampa Bay Rays,Toronto Blue Jays,1,José Soriano,667755,R,109,452,112,4.04,3.88,1.06,0.96,0.99,0.2173,61.3,19.7,-197,-200,-240,290,280,235,-158,+408,147,1,4,4,1,1,0,2026-08-19T05:29:02Z
2026-08-18,824639,695657,Colson Montgomery,Chicago White Sox,Chicago Cubs,0,Kevin Gausman,592332,R,94,495,117,4.23,4.06,0.93,1.03,1.0,0.20853,61.3,19.9,-143,-145,-154,414,390,360,-158,+403,107,1,4,4,3,1,1,2026-08-19T05:29:02Z
2026-08-18,824475,691026,Masyn Winn,St. Louis Cardinals,Cincinnati Reds,0,Andrew Abbott,671096,L,100,480,118,4.07,3.91,0.98,1.0,1.01,0.21513,61.2,19.6,-189,-185,-209,308,300,265,-158,+410,141,1,4,4,3,1,1,2026-08-19T05:29:02Z
2026-08-18,822938,672386,Alejandro Kirk,Toronto Blue Jays,Tampa Bay Rays,0,Nick Martinez,607259,R,45,191,50,3.82,3.67,1.03,1.03,0.99,0.22731,61.2,19.3,-237,-235,-310,245,230,205,-158,+418,175,1,6,6,3,1,1,2026-08-19T05:29:02Z
2026-08-18,824154,687093,Vaughn Grissom,Los Angeles Angels,Houston Astros,0,Cristian Javier,664299,R,70,315,82,3.84,3.69,1.01,1.04,0.99,0.2262,61.2,19.3,-174,-175,-197,340,310,290,-158,+418,131,1,4,4,1,1,0,2026-08-19T05:29:02Z
2026-08-18,822938,672960,Kazuma Okamoto,Toronto Blue Jays,Tampa Bay Rays,0,Nick Martinez,607259,R,101,493,121,4.07,3.91,0.97,1.03,0.99,0.21447,61.1,19.5,-173,-185,-205,332,310,280,-157,+413,130,1,5,5,1,1,0,2026-08-19T05:29:02Z
2026-08-18,822859,669394,Jake Burger,Texas Rangers,Washington Nationals,1,Jackson Kent,800600,L,104,476,119,4.0,3.84,1.01,0.99,1.01,0.21776,61.1,19.4,-192,-210,-230,307,275,250,-157,+415,143,1,4,4,1,1,0,2026-08-19T05:29:02Z
2026-08-18,824398,677587,Brayan Rocchio,Cleveland Guardians,San Francisco Giants,1,Carson Whisenhunt,687931,L,107,471,121,3.89,3.73,1.03,1.01,0.99,0.22243,60.9,19.1,-178,,-197,318,,290,-156,+424,134,1,4,4,1,1,0,2026-08-19T05:29:02Z
2026-08-18,823749,680977,Brendan Donovan,Seattle Mariners,Milwaukee Brewers,0,Kyle Harrison,690986,L,31,141,35,4.03,3.87,1.0,0.99,1.0,0.2156,60.9,19.4,-174,,-197,331,,290,-156,+415,130,1,3,3,1,1,0,2026-08-19T05:29:02Z
2026-08-18,824803,502671,Paul Goldschmidt,New York Yankees,Baltimore Orioles,0,Shane Baz,669358,R,74,329,88,3.74,3.59,1.02,1.04,1.0,0.22986,60.8,18.9,,,,,,,-155,+429,,1,1,0,0,0,0,2026-08-19T05:29:02Z
2026-08-18,824398,805811,Bryce Eldridge,San Francisco Giants,Cleveland Guardians,0,Foster Griffin,656492,L,71,331,81,4.09,3.93,1.0,0.99,0.99,0.21183,60.8,19.3,-186,-200,-209,303,275,275,-155,+418,139,1,4,4,2,1,1,2026-08-19T05:29:02Z
2026-08-18,823667,663586,Austin Riley,Atlanta Braves,Minnesota Twins,0,Zebby Matthews,805673,R,100,496,124,4.0,3.84,0.96,1.03,1.0,0.21642,60.8,19.2,-161,-190,-213,367,300,280,-155,+421,121,1,4,4,0,0,0,2026-08-19T05:29:02Z
2026-08-18,823341,663968,Jake Mangum,Pittsburgh Pirates,Detroit Tigers,1,Keider Montero,672456,R,102,377,104,3.62,3.48,1.12,0.96,1.01,0.23559,60.7,18.6,-229,-225,-265,251,250,225,-154,+438,170,1,3,3,1,1,0,2026-08-19T05:29:02Z
2026-08-18,824723,571448,Nolan Arenado,Arizona Diamondbacks,Boston Red Sox,0,Ranger Suarez,624133,L,98,458,118,3.88,3.72,0.99,1.0,1.03,0.22209,60.7,19.0,,-225,,,240,,-154,+426,,0,0,0,0,0,0,2026-08-19T05:29:02Z
2026-08-18,824154,572233,Christian Walker,Houston Astros,Los Angeles Angels,1,George Klassen,691946,R,104,497,121,4.11,3.95,0.98,1.0,0.99,0.21074,60.7,19.3,-177,-160,-205,320,350,280,-154,+418,133,1,4,4,0,0,0,2026-08-19T05:29:02Z
2026-08-18,824398,642715,Willy Adames,San Francisco Giants,Cleveland Guardians,0,Foster Griffin,656492,L,100,485,116,4.18,4.01,0.97,0.99,0.99,0.20717,60.6,19.3,-167,-175,-193,353,310,300,-154,+418,125,0,0,0,0,0,0,2026-08-19T05:29:02Z
2026-08-18,824075,695600,Carter Jensen,Kansas City Royals,Athletics,1,Jack Perkins,678022,R,90,464,117,3.97,3.81,0.94,1.04,1.02,0.21677,60.6,19.0,-221,-220,-280,256,250,220,-154,+426,164,1,4,2,1,1,0,2026-08-19T05:29:02Z
2026-08-18,824075,703607,Henry Bolte,Athletics,Kansas City Royals,0,TBD,,,72,304,82,3.71,3.56,1.04,1.0,1.02,0.22973,60.5,18.6,-269,-325,-320,192,140,184,-153,+438,,1,4,4,1,1,0,2026-08-19T05:29:02Z
2026-08-18,823586,805999,A.J. Ewing,New York Mets,San Diego Padres,1,Robbie Ray,592662,L,77,350,85,4.12,3.96,1.01,0.97,0.98,0.20849,60.4,19.1,-209,-175,-245,269,310,235,-153,+424,155,1,4,3,0,0,0,2026-08-19T05:29:02Z
2026-08-18,824475,553993,Eugenio Suárez,Cincinnati Reds,St. Louis Cardinals,1,Kyle Leahy,681517,R,70,375,94,3.99,3.83,0.93,1.05,1.01,0.21434,60.3,18.8,-154,-185,-173,380,300,330,-152,+432,116,1,4,3,0,0,0,2026-08-19T05:29:02Z
2026-08-18,824723,814439,Ryan Waldschmidt,Arizona Diamondbacks,Boston Red Sox,0,Ranger Suarez,624133,L,52,214,59,3.63,3.48,1.04,1.0,1.03,0.23299,60.3,18.3,-127,-160,-152,442,340,390,-152,+446,-104,1,3,3,1,1,0,2026-08-19T05:29:02Z
2026-08-18,823667,663616,Trevor Larnach,Minnesota Twins,Atlanta Braves,1,Tyler Mahle,641816,R,89,371,102,3.64,3.49,1.05,1.02,1.0,0.23277,60.3,18.3,-159,-190,-190,364,280,305,-152,+446,119,1,3,3,0,0,0,2026-08-19T05:29:02Z
2026-08-18,824723,678011,Anthony Seigler,Boston Red Sox,Arizona Diamondbacks,1,Merrill Kelly,518876,R,35,158,44,3.59,3.45,1.01,1.04,1.03,0.23435,60.2,18.2,-164,-165,-182,352,350,325,-151,+449,123,0,0,0,0,0,0,2026-08-19T05:29:02Z
2026-08-18,822859,691781,Brady House,Washington Nationals,Texas Rangers,0,Cal Quantrill,615698,R,54,245,63,3.89,3.73,1.01,0.99,1.01,0.21871,60.2,18.6,-152,-200,-209,408,280,275,-151,+438,115,1,3,3,0,0,0,2026-08-19T05:29:02Z
2026-08-18,824803,663757,Trent Grisham,New York Yankees,Baltimore Orioles,0,Shane Baz,669358,R,80,415,104,3.99,3.83,0.94,1.04,1.0,0.21329,60.1,18.7,-213,-185,-240,256,300,235,-151,+435,159,1,4,4,2,1,1,2026-08-19T05:29:02Z
2026-08-18,823341,595879,Javier Báez,Detroit Tigers,Pittsburgh Pirates,0,Braxton Ashcraft,677952,R,35,141,38,3.71,3.56,1.04,1.0,1.01,0.22614,59.9,18.1,-151,-165,-182,406,340,320,-149,+452,113,1,3,3,0,0,0,2026-08-19T05:29:02Z
2026-08-18,823341,687462,Spencer Horwitz,Pittsburgh Pirates,Detroit Tigers,1,Keider Montero,672456,R,74,339,85,3.99,3.83,1.0,0.96,1.01,0.21092,59.6,18.3,-233,-250,-280,235,210,205,-148,+446,173,1,4,3,1,1,0,2026-08-19T05:29:02Z
2026-08-18,824723,545121,Ildemaro Vargas,Arizona Diamondbacks,Boston Red Sox,0,Ranger Suarez,624133,L,94,382,110,3.47,3.33,1.07,1.0,1.03,0.23839,59.6,17.5,-270,-210,-290,201,250,195,-148,+471,198,1,4,4,1,1,0,2026-08-19T05:29:02Z
2026-08-18,822859,686611,Dylan Crews,Washington Nationals,Texas Rangers,0,Cal Quantrill,615698,R,58,302,74,4.08,3.92,0.95,0.99,1.01,0.20667,59.6,18.4,-209,-200,-230,280,270,250,-148,+443,155,1,4,3,1,1,0,2026-08-19T05:29:02Z
2026-08-18,824154,673237,Yainer Diaz,Houston Astros,Los Angeles Angels,1,George Klassen,691946,R,58,243,65,3.74,3.59,1.04,1.0,0.99,0.22302,59.6,17.9,,,,,,,-148,+459,,1,3,3,1,1,0,2026-08-19T05:29:02Z
2026-08-18,823586,664034,Ty France,San Diego Padres,New York Mets,0,Zac Thornton,804267,L,93,356,100,3.56,3.42,1.1,0.99,0.98,0.23232,59.5,17.6,-215,-250,-295,254,210,205,-147,+468,160,1,5,5,1,1,0,2026-08-19T05:29:02Z
2026-08-18,824075,686681,Michael Massey,Kansas City Royals,Athletics,1,Jack Perkins,678022,R,88,348,105,3.31,3.18,1.08,1.04,1.02,0.24755,59.5,17.2,-172,-210,-240,316,260,250,-147,+481,129,1,4,3,1,1,0,2026-08-19T05:29:02Z
2026-08-18,822859,608369,Corey Seager,Texas Rangers,Washington Nationals,1,Jackson Kent,800600,L,48,274,65,4.22,4.05,0.92,0.99,1.01,0.19985,59.5,18.5,-210,-220,-245,276,240,220,-147,+441,156,1,4,4,2,1,1,2026-08-19T05:29:02Z
2026-08-18,824723,681508,Mickey Gasper,Boston Red Sox,Arizona Diamondbacks,1,Merrill Kelly,518876,R,27,124,35,3.54,3.4,1.0,1.04,1.03,0.23313,59.4,17.5,,,,,,,-146,+471,,1,4,2,2,1,1,2026-08-19T05:29:02Z
2026-08-18,824803,665862,Jazz Chisholm Jr.,New York Yankees,Baltimore Orioles,0,Shane Baz,669358,R,87,451,115,3.92,3.76,0.94,1.04,1.0,0.21285,59.3,18.0,-180,-160,-209,323,340,275,-146,+456,134,1,4,4,0,0,0,2026-08-19T05:29:02Z
2026-08-18,824639,664023,Ian Happ,Chicago Cubs,Chicago White Sox,1,TBD,,,95,516,122,4.23,4.06,0.92,1.0,1.0,0.19821,59.2,18.3,-192,-175,-205,292,310,265,-145,+446,144,1,4,4,1,1,0,2026-08-19T05:29:02Z
2026-08-18,824475,663886,Tyler Stephenson,Cincinnati Reds,St. Louis Cardinals,1,Kyle Leahy,681517,R,75,344,97,3.55,3.41,1.0,1.05,1.01,0.2304,59.1,17.3,-189,-220,-225,298,250,250,-144,+478,141,1,3,3,0,0,0,2026-08-19T05:29:02Z
2026-08-18,822938,664770,Nathan Lukes,Toronto Blue Jays,Tampa Bay Rays,0,Nick Martinez,607259,R,77,322,91,3.54,3.4,1.05,1.03,0.99,0.23133,59.1,17.3,-227,-250,-295,242,220,205,-144,+478,169,1,6,5,1,1,0,2026-08-19T05:29:02Z
2026-08-18,823341,699013,Esmerlyn Valdez,Pittsburgh Pirates,Detroit Tigers,1,Keider Montero,672456,R,48,227,57,3.98,3.82,0.99,0.96,1.01,0.20834,59.0,17.9,-159,-160,-190,380,350,320,-144,+459,120,1,4,3,0,0,0,2026-08-19T05:29:02Z
2026-08-18,822859,660688,Keibert Ruiz,Washington Nationals,Texas Rangers,0,Cal Quantrill,615698,R,72,280,81,3.46,3.32,1.08,0.99,1.01,0.23402,58.7,16.9,-152,-160,-190,375,340,320,-142,+492,114,0,0,0,0,0,0,2026-08-19T05:29:02Z
2026-08-18,823586,592518,Manny Machado,San Diego Padres,New York Mets,0,Zac Thornton,804267,L,97,523,123,4.25,4.08,0.92,0.99,0.98,0.19453,58.6,17.9,-244,-235,-280,227,230,195,-142,+459,180,1,5,4,3,1,1,2026-08-19T05:29:02Z
2026-08-18,823341,679529,Spencer Torkelson,Detroit Tigers,Pittsburgh Pirates,0,Braxton Ashcraft,677952,R,97,489,124,3.94,3.78,0.95,1.0,1.01,0.20781,58.5,17.4,-143,-155,-159,418,350,360,-141,+475,108,1,3,3,0,0,0,2026-08-19T05:29:02Z
2026-08-18,824723,663457,Lars Nootbaar,Arizona Diamondbacks,Boston Red Sox,0,Ranger Suarez,624133,L,42,226,59,3.83,3.68,0.95,1.0,1.03,0.21203,58.4,17.2,-127,,-152,471,,400,-140,+481,-105,0,0,0,0,0,0,2026-08-19T05:29:02Z
2026-08-18,824803,676609,José Caballero,New York Yankees,Baltimore Orioles,0,Shane Baz,669358,R,79,360,103,3.5,3.36,1.01,1.04,1.0,0.22735,58.0,16.4,,,,,,,-138,+510,,1,1,1,0,0,0,2026-08-19T05:29:02Z
2026-08-18,824075,686555,Isaac Collins,Kansas City Royals,Athletics,1,Jack Perkins,678022,R,81,414,113,3.66,3.51,0.95,1.04,1.02,0.21836,57.9,16.6,-158,-165,-190,359,340,320,-138,+502,119,1,2,1,0,0,0,2026-08-19T05:29:02Z
2026-08-18,824723,655316,Andruw Monasterio,Boston Red Sox,Arizona Diamondbacks,1,Merrill Kelly,518876,R,65,278,85,3.27,3.14,1.03,1.04,1.03,0.24047,57.8,15.9,-174,-210,-200,318,280,285,-137,+529,130,1,4,4,2,1,1,2026-08-19T05:29:02Z
2026-08-18,824723,596146,Max Kepler,Arizona Diamondbacks,Boston Red Sox,0,Ranger Suarez,624133,L,24,124,34,3.65,3.5,0.98,1.0,1.03,0.21784,57.7,16.4,,,,,,,-136,+510,,0,0,0,0,0,0,2026-08-19T05:29:02Z
2026-08-18,823586,650859,Luis Rengifo,San Diego Padres,New York Mets,0,Zac Thornton,804267,L,69,321,85,3.78,3.63,1.0,0.99,0.98,0.21104,57.7,16.6,-209,,-265,256,,225,-136,+502,155,1,4,2,0,0,0,2026-08-19T05:29:02Z
2026-08-18,824075,643446,Jeff McNeil,Athletics,Kansas City Royals,0,TBD,,,88,375,109,3.44,3.3,1.04,1.0,1.02,0.22974,57.7,16.1,,,,,,,-136,+521,,1,4,4,2,1,1,2026-08-19T05:29:02Z
2026-08-18,824723,543510,James McCann,Arizona Diamondbacks,Boston Red Sox,0,Ranger Suarez,624133,L,33,118,36,3.28,3.15,1.07,1.0,1.03,0.2383,57.6,15.8,,,,,,,-136,+533,,1,4,4,1,1,0,2026-08-19T05:29:02Z
2026-08-18,824075,679845,Nick Loftin,Kansas City Royals,Athletics,1,Jack Perkins,678022,R,62,309,87,3.55,3.41,0.97,1.04,1.02,0.22227,57.6,16.2,,,,,,,-136,+517,,1,3,3,0,0,0,2026-08-19T05:29:02Z
2026-08-18,824639,608348,Carson Kelly,Chicago Cubs,Chicago White Sox,1,TBD,,,76,329,93,3.54,3.4,1.03,1.0,1.0,0.22299,57.6,16.2,,,,,,,-136,+517,,1,1,1,1,1,0,2026-08-19T05:29:02Z
2026-08-18,824398,682657,Angel Martínez,Cleveland Guardians,San Francisco Giants,1,Carson Whisenhunt,687931,L,68,306,85,3.6,3.46,1.01,1.01,0.99,0.21912,57.5,16.2,-239,,-295,233,,188,-135,+517,177,1,4,4,1,1,0,2026-08-19T05:29:02Z
2026-08-18,824154,685133,Wade Meckler,Los Angeles Angels,Houston Astros,0,Cristian Javier,664299,R,57,218,67,3.25,3.12,1.07,1.04,0.99,0.23997,57.5,15.7,-206,-220,-260,266,250,225,-135,+537,154,1,4,4,1,1,0,2026-08-19T05:29:02Z
2026-08-18,823423,682663,Agustín Ramírez,Miami Marlins,Philadelphia Phillies,0,Zack Wheeler,554430,R,35,160,42,3.81,3.66,1.0,0.96,1.0,0.20811,57.4,16.5,,,,,,,-135,+506,,1,4,4,0,0,0,2026-08-19T05:29:02Z
2026-08-18,824319,678662,Ezequiel Tovar,Colorado Rockies,Los Angeles Dodgers,1,Eric Lauer,641778,L,79,417,115,3.63,3.48,0.94,1.0,1.07,0.21758,57.4,16.2,-191,-210,-230,289,270,250,-135,+517,142,1,2,2,0,0,0,2026-08-19T05:29:02Z
2026-08-18,823423,592663,J.T. Realmuto,Philadelphia Phillies,Miami Marlins,1,Cade Gibson,806188,L,68,353,93,3.8,3.65,0.95,1.01,1.0,0.20782,57.3,16.4,-179,-210,-213,314,275,270,-134,+510,134,1,4,3,0,0,0,2026-08-19T05:29:02Z
2026-08-18,824154,662139,Daulton Varsho,Houston Astros,Los Angeles Angels,1,George Klassen,691946,R,87,415,111,3.74,3.59,0.98,1.0,0.99,0.21125,57.3,16.3,-222,-175,-280,245,310,215,-134,+513,165,1,4,4,0,0,0,2026-08-19T05:29:02Z
2026-08-18,823586,630105,Jake Cronenworth,San Diego Padres,New York Mets,0,Zac Thornton,804267,L,57,284,74,3.84,3.69,0.97,0.99,0.98,0.2053,57.2,16.3,-147,-190,-190,399,280,305,-134,+513,111,1,4,4,1,1,0,2026-08-19T05:29:02Z
2026-08-18,824075,641680,Jonah Heim,Athletics,Kansas City Royals,0,TBD,,,56,286,77,3.71,3.56,0.96,1.0,1.02,0.21196,57.2,16.2,-218,-210,-250,258,250,235,-134,+517,162,1,4,3,0,0,0,2026-08-19T05:29:02Z
2026-08-18,824475,691458,Blaze Jordan,St. Louis Cardinals,Cincinnati Reds,0,Andrew Abbott,671096,L,40,169,49,3.45,3.31,1.03,1.0,1.01,0.22571,57.1,15.7,,-200,,,275,,-133,+537,,1,4,4,0,0,0,2026-08-19T05:29:02Z
2026-08-18,824154,694203,Denzer Guzman,Los Angeles Angels,Houston Astros,0,Cristian Javier,664299,R,40,185,53,3.49,3.35,1.0,1.04,0.99,0.22349,57.1,15.8,-138,-140,-159,413,400,380,-133,+533,104,1,4,4,1,1,0,2026-08-19T05:29:02Z
2026-08-18,823586,593428,Xander Bogaerts,San Diego Padres,New York Mets,0,Zac Thornton,804267,L,90,474,119,3.98,3.82,0.93,0.99,0.98,0.1976,56.9,16.3,-189,-185,-225,291,310,260,-132,+513,141,1,4,4,0,0,0,2026-08-19T05:29:02Z
2026-08-18,824398,663993,Nathaniel Lowe,Cleveland Guardians,San Francisco Giants,1,Carson Whisenhunt,687931,L,76,313,93,3.37,3.24,1.05,1.01,0.99,0.2282,56.8,15.4,,-190,,,280,,-131,+549,,0,0,0,0,0,0,2026-08-19T05:29:02Z
2026-08-18,823749,669003,Garrett Mitchell,Milwaukee Brewers,Seattle Mariners,1,Bryce Miller,682243,R,89,415,113,3.67,3.52,1.0,0.99,1.0,0.21226,56.8,15.9,-151,-175,-173,372,325,325,-131,+529,114,1,6,6,4,1,1,2026-08-19T05:29:02Z
2026-08-18,823667,605170,Victor Caratini,Minnesota Twins,Atlanta Braves,1,Tyler Mahle,641816,R,64,331,90,3.68,3.53,0.95,1.02,1.0,0.21055,56.6,15.7,,,,,,,-130,+537,,0,0,0,0,0,0,2026-08-19T05:29:02Z
2026-08-18,824639,643217,Andrew Benintendi,Chicago White Sox,Chicago Cubs,0,Kevin Gausman,592332,R,83,370,110,3.36,3.23,1.02,1.03,1.0,0.22762,56.6,15.2,-166,-185,-190,313,310,305,-130,+558,125,1,4,4,0,0,0,2026-08-19T05:29:02Z
2026-08-18,822938,665926,Andrés Giménez,Toronto Blue Jays,Tampa Bay Rays,0,Nick Martinez,607259,R,91,410,120,3.42,3.28,1.01,1.03,0.99,0.22384,56.4,15.2,-140,-165,-173,401,333,330,-129,+558,106,1,5,5,1,1,0,2026-08-19T05:29:02Z
2026-08-18,824319,681393,Connor Norby,Colorado Rockies,Los Angeles Dodgers,1,Eric Lauer,641778,L,44,253,71,3.56,3.42,0.92,1.0,1.07,0.21467,56.2,15.3,-170,-210,-213,342,270,270,-128,+554,128,1,3,3,1,1,0,2026-08-19T05:29:02Z
2026-08-18,822859,696285,Jacob Young,Washington Nationals,Texas Rangers,0,Cal Quantrill,615698,R,85,375,110,3.41,3.27,1.02,0.99,1.01,0.22217,56.0,15.0,-110,-155,-136,514,360,450,-127,+567,-120,1,3,3,0,0,0,2026-08-19T05:29:02Z
2026-08-18,823586,682626,Francisco Alvarez,New York Mets,San Diego Padres,1,Robbie Ray,592662,L,69,322,87,3.7,3.55,1.0,0.97,0.98,0.20598,55.9,15.3,-135,-135,-148,457,425,390,-127,+554,102,1,4,3,0,0,0,2026-08-19T05:29:02Z
2026-08-18,824475,680574,Matt McLain,Cincinnati Reds,St. Louis Cardinals,1,Kyle Leahy,681517,R,63,374,101,3.7,3.55,0.89,1.05,1.01,0.20502,55.7,15.2,-117,-140,-141,539,425,425,-126,+558,-113,1,3,3,0,0,0,2026-08-19T05:29:02Z
2026-08-18,823586,669134,Luis Campusano,San Diego Padres,New York Mets,0,Zac Thornton,804267,L,40,153,46,3.33,3.2,1.06,0.99,0.98,0.22386,55.6,14.5,-162,-190,-193,333,300,300,-125,+590,122,0,0,0,0,0,0,2026-08-19T05:29:02Z
2026-08-18,823749,686527,Dominic Canzone,Seattle Mariners,Milwaukee Brewers,0,Kyle Harrison,690986,L,86,372,110,3.38,3.24,1.03,0.99,1.0,0.22178,55.6,14.6,-155,-185,-190,380,300,305,-125,+585,116,1,4,4,1,1,0,2026-08-19T05:29:02Z
2026-08-18,823749,683734,Andrew Vaughn,Milwaukee Brewers,Seattle Mariners,1,Bryce Miller,682243,R,67,259,80,3.24,3.11,1.08,0.99,1.0,0.22961,55.6,14.4,-185,-190,-218,297,300,265,-125,+594,138,1,2,2,1,1,0,2026-08-19T05:29:02Z
2026-08-18,823586,673357,Luis Robert Jr.,New York Mets,San Diego Padres,1,Robbie Ray,592662,L,34,178,47,3.79,3.64,0.96,0.97,0.98,0.1994,55.5,15.1,-153,-175,-179,399,333,325,-125,+562,115,1,4,4,1,1,0,2026-08-19T05:29:02Z
2026-08-18,823586,543760,Marcus Semien,New York Mets,San Diego Padres,1,Robbie Ray,592662,L,79,413,106,3.9,3.74,0.94,0.97,0.98,0.19468,55.5,15.3,-129,-140,-152,478,425,380,-125,+554,-103,1,4,3,0,0,0,2026-08-19T05:29:02Z
2026-08-18,824075,691777,Max Muncy,Athletics,Kansas City Royals,0,TBD,,,40,208,59,3.53,3.39,0.96,1.0,1.02,0.21231,55.5,14.8,,,,,,,-125,+576,,1,3,2,0,0,0,2026-08-19T05:29:02Z
2026-08-18,824154,701358,Cam Smith,Houston Astros,Los Angeles Angels,1,George Klassen,691946,R,89,446,122,3.66,3.51,0.96,1.0,0.99,0.20585,55.5,15.0,-176,-155,-197,332,360,290,-125,+567,132,1,3,3,1,1,0,2026-08-19T05:29:02Z
2026-08-18,824723,699912,Jose Fernandez,Arizona Diamondbacks,Boston Red Sox,0,Ranger Suarez,624133,L,43,180,56,3.21,3.08,1.03,1.0,1.03,0.23063,55.4,14.2,-162,-185,-193,358,310,300,-124,+604,122,1,4,4,1,1,0,2026-08-19T05:29:02Z
2026-08-18,823423,702222,Justin Crawford,Philadelphia Phillies,Miami Marlins,1,Cade Gibson,806188,L,90,367,116,3.16,3.03,1.06,1.01,1.0,0.23307,55.2,14.0,-188,-220,-245,278,250,250,-123,+614,141,1,4,4,2,1,1,2026-08-19T05:29:02Z
2026-08-18,824075,664728,Kyle Isbel,Kansas City Royals,Athletics,1,Jack Perkins,678022,R,46,221,68,3.25,3.12,0.99,1.04,1.02,0.22643,55.1,14.1,-170,-160,-179,327,340,330,-123,+609,128,1,3,3,0,0,0,2026-08-19T05:29:02Z
2026-08-18,824639,671976,Tristan Peters,Chicago White Sox,Chicago Cubs,0,Kevin Gausman,592332,R,89,366,119,3.08,2.96,1.06,1.03,1.0,0.2369,55.1,13.8,-144,-160,-162,382,350,360,-123,+625,108,1,4,4,2,1,1,2026-08-19T05:29:02Z
2026-08-18,822859,683083,Nasim Nuñez,Washington Nationals,Texas Rangers,0,Cal Quantrill,615698,R,81,408,115,3.55,3.41,0.96,0.99,1.01,0.20812,54.9,14.4,,-135,,,425,,-122,+594,,1,4,4,1,1,0,2026-08-19T05:29:02Z
2026-08-18,823423,681715,Heriberto Hernández,Miami Marlins,Philadelphia Phillies,0,Zack Wheeler,554430,R,70,343,94,3.65,3.5,0.97,0.96,1.0,0.20201,54.6,14.4,-137,-155,-159,408,350,360,-120,+594,103,1,4,4,1,1,0,2026-08-19T05:29:02Z
2026-08-18,823341,690993,Colt Keith,Detroit Tigers,Pittsburgh Pirates,0,Braxton Ashcraft,677952,R,88,356,115,3.1,2.98,1.07,1.0,1.01,0.23238,54.5,13.5,-181,-190,-209,307,280,265,-120,+641,135,1,3,3,1,1,0,2026-08-19T05:29:02Z
2026-08-18,822938,660821,Jesús Sánchez,Toronto Blue Jays,Tampa Bay Rays,0,Nick Martinez,607259,R,63,267,85,3.14,3.01,1.04,1.03,0.99,0.22897,54.3,13.4,-167,-175,-209,339,333,275,-119,+646,125,1,4,3,1,1,0,2026-08-19T05:29:02Z
2026-08-18,824723,657136,Connor Wong,Boston Red Sox,Arizona Diamondbacks,1,Merrill Kelly,518876,R,41,191,62,3.08,2.96,1.0,1.04,1.03,0.23218,54.3,13.3,,,,,,,-119,+652,,0,0,0,0,0,0,2026-08-19T05:29:02Z
2026-08-18,824475,701675,Nathan Church,St. Louis Cardinals,Cincinnati Reds,0,Andrew Abbott,671096,L,75,349,106,3.29,3.16,1.0,1.0,1.01,0.21888,54.2,13.6,,,,,,,-118,+635,,0,0,0,0,0,0,2026-08-19T05:29:02Z
2026-08-18,823423,805300,Jakob Marsee,Miami Marlins,Philadelphia Phillies,0,Zack Wheeler,554430,R,84,478,121,3.95,3.79,0.9,0.96,1.0,0.18624,54.2,14.5,-145,-175,-179,388,310,325,-118,+590,109,1,4,2,0,0,0,2026-08-19T05:29:02Z
2026-08-18,823749,663728,Cal Raleigh,Seattle Mariners,Milwaukee Brewers,0,Kyle Harrison,690986,L,52,384,91,4.22,4.05,0.82,0.99,1.0,0.17535,54.2,14.8,-110,-115,-117,569,500,500,-118,+576,-121,1,3,1,0,0,0,2026-08-19T05:29:02Z
2026-08-18,823586,593871,Jorge Polanco,New York Mets,San Diego Padres,1,Robbie Ray,592662,L,20,145,37,3.92,3.76,0.9,0.97,0.98,0.18692,54.1,14.4,,,,,,,-118,+594,,0,0,0,0,0,0,2026-08-19T05:29:02Z
2026-08-18,823667,805347,Jim Jarvis,Atlanta Braves,Minnesota Twins,0,Zebby Matthews,805673,R,23,117,36,3.25,3.12,0.98,1.03,1.0,0.22026,54.0,13.4,,,,,,,-117,+646,,0,0,0,0,0,0,2026-08-19T05:29:02Z
2026-08-18,823667,657041,Lane Thomas,Atlanta Braves,Minnesota Twins,0,Zebby Matthews,805673,R,69,344,105,3.28,3.15,0.97,1.03,1.0,0.21732,53.8,13.4,,,,,,,-116,+646,,1,2,2,0,0,0,2026-08-19T05:29:02Z
2026-08-18,822938,656775,Cedric Mullins,Tampa Bay Rays,Toronto Blue Jays,1,José Soriano,667755,R,75,409,107,3.82,3.67,0.92,0.96,0.99,0.18906,53.7,14.0,-147,-145,-159,398,400,375,-116,+614,111,1,4,3,1,1,0,2026-08-19T05:29:02Z
2026-08-18,823423,691594,Javier Sanoja,Miami Marlins,Philadelphia Phillies,0,Zack Wheeler,554430,R,87,341,108,3.16,3.03,1.08,0.96,1.0,0.22455,53.7,13.1,-196,-200,-240,283,280,250,-116,+663,147,1,4,4,1,1,0,2026-08-19T05:29:02Z
2026-08-18,822859,592626,Joc Pederson,Texas Rangers,Washington Nationals,1,Jackson Kent,800600,L,79,375,113,3.32,3.19,0.99,0.99,1.01,0.21385,53.6,13.3,,,,,,,-116,+652,,1,2,2,0,0,0,2026-08-19T05:29:02Z
2026-08-18,823341,656716,Zach McKinstry,Detroit Tigers,Pittsburgh Pirates,0,Braxton Ashcraft,677952,R,67,342,100,3.42,3.28,0.96,1.0,1.01,0.20828,53.5,13.4,-180,-175,-193,304,310,300,-115,+646,135,1,3,3,0,0,0,2026-08-19T05:29:02Z
2026-08-18,824075,666126,Carlos Cortes,Athletics,Kansas City Royals,0,TBD,,,65,283,92,3.08,2.96,1.03,1.0,1.02,0.22634,53.2,12.7,,,,,,,-114,+687,,1,1,1,0,0,0,2026-08-19T05:29:02Z
2026-08-18,822938,676356,Jonny DeLuca,Tampa Bay Rays,Toronto Blue Jays,1,José Soriano,667755,R,63,251,78,3.22,3.09,1.06,0.96,0.99,0.2175,53.1,12.9,,,,,,,-113,+675,,0,0,0,0,0,0,2026-08-19T05:29:02Z
2026-08-18,824723,694374,Tim Tawa,Arizona Diamondbacks,Boston Red Sox,0,Ranger Suarez,624133,L,46,216,69,3.13,3.0,0.99,1.0,1.03,0.22218,52.9,12.6,-154,-155,-179,353,350,330,-112,+694,116,1,4,4,1,1,0,2026-08-19T05:29:02Z
2026-08-18,824475,682622,Noelvi Marte,Cincinnati Reds,St. Louis Cardinals,1,Kyle Leahy,681517,R,36,201,63,3.19,3.06,0.94,1.05,1.01,0.21637,52.6,12.5,-164,-185,-190,338,310,305,-111,+700,123,0,0,0,0,0,0,2026-08-19T05:29:02Z
2026-08-18,823586,676724,Jared Young,New York Mets,San Diego Padres,1,Robbie Ray,592662,L,59,247,77,3.21,3.08,1.04,0.97,0.98,0.21508,52.6,12.5,,,,,,,-111,+700,,1,1,1,0,0,0,2026-08-19T05:29:02Z
2026-08-18,824803,702616,Jackson Holliday,Baltimore Orioles,New York Yankees,1,Carlos Rodón,607074,L,52,250,73,3.42,3.28,0.99,0.95,1.0,0.20323,52.5,12.8,-162,-165,-190,362,333,290,-111,+681,122,1,4,4,0,0,0,2026-08-19T05:29:02Z
2026-08-18,824803,665750,Leody Taveras,Baltimore Orioles,New York Yankees,1,Carlos Rodón,607074,L,75,380,108,3.52,3.38,0.96,0.95,1.0,0.19747,52.5,12.9,,-140,-154,,400,390,-111,+675,,1,4,4,2,1,1,2026-08-19T05:29:02Z
2026-08-18,824475,624431,Jose Trevino,Cincinnati Reds,St. Louis Cardinals,1,Kyle Leahy,681517,R,24,102,35,2.91,2.79,1.02,1.05,1.01,0.23367,52.4,11.9,,,,,,,-110,+740,,0,0,0,0,0,0,2026-08-19T05:29:02Z
2026-08-18,823423,665052,Griffin Conine,Miami Marlins,Philadelphia Phillies,0,Zack Wheeler,554430,R,45,190,59,3.22,3.09,1.03,0.96,1.0,0.21378,52.4,12.5,-107,-145,-130,577,390,500,-110,+700,-124,1,4,4,2,1,1,2026-08-19T05:29:02Z
2026-08-18,824319,687597,Jordan Beck,Colorado Rockies,Los Angeles Dodgers,1,Eric Lauer,641778,L,20,117,38,3.08,2.96,0.95,1.0,1.07,0.2213,52.3,12.2,-208,-220,-250,273,240,230,-110,+720,155,1,3,2,0,0,0,2026-08-19T05:29:02Z
2026-08-18,824154,672724,Oswald Peraza,Los Angeles Angels,Houston Astros,0,Cristian Javier,664299,R,67,316,103,3.07,2.95,0.99,1.04,0.99,0.22155,52.2,12.1,,,,,,,-109,+726,,0,0,0,0,0,0,2026-08-19T05:29:02Z
2026-08-18,822859,670032,Nicky Lopez,Texas Rangers,Washington Nationals,1,Jackson Kent,800600,L,52,216,72,3.0,2.88,1.04,0.99,1.01,0.22517,52.0,11.9,,,,,,,-108,+740,,0,0,0,0,0,0,2026-08-19T05:29:02Z
2026-08-18,824475,670770,TJ Friedl,Cincinnati Reds,St. Louis Cardinals,1,Kyle Leahy,681517,R,34,245,71,3.45,3.31,0.86,1.05,1.01,0.19832,51.9,12.5,,,,,,,-108,+700,,0,0,0,0,0,0,2026-08-19T05:29:02Z
2026-08-18,823667,642086,Dominic Smith,Atlanta Braves,Minnesota Twins,0,Zebby Matthews,805673,R,66,280,98,2.86,2.75,1.04,1.03,1.0,0.23319,51.8,11.5,,,,,,,-107,+770,,0,0,0,0,0,0,2026-08-19T05:29:02Z
2026-08-18,824803,687637,Dylan Beavers,Baltimore Orioles,New York Yankees,1,Carlos Rodón,607074,L,49,232,70,3.31,3.18,0.99,0.95,1.0,0.20449,51.7,12.2,,,,,,,-107,+720,,1,1,1,0,0,0,2026-08-19T05:29:02Z
2026-08-18,823423,624641,Edmundo Sosa,Philadelphia Phillies,Miami Marlins,1,Cade Gibson,806188,L,41,205,65,3.15,3.02,0.97,1.01,1.0,0.21347,51.6,11.9,,,,,,,-107,+740,,0,0,0,0,0,0,2026-08-19T05:29:02Z
2026-08-18,824639,699393,Pedro Ramírez,Chicago Cubs,Chicago White Sox,1,TBD,,,38,145,50,2.9,2.78,1.06,1.0,1.0,0.22854,51.4,11.4,-184,-210,-225,307,270,260,-106,+777,138,1,4,4,1,1,0,2026-08-19T05:29:02Z
2026-08-18,824154,694208,Moisés Ballesteros,Los Angeles Angels,Houston Astros,0,Cristian Javier,664299,R,42,222,71,3.13,3.0,0.96,1.04,0.99,0.21352,51.4,11.7,-163,-160,-190,353,340,300,-106,+755,122,1,4,4,0,0,0,2026-08-19T05:29:02Z
2026-08-18,823586,683146,Brett Baty,New York Mets,San Diego Padres,1,Robbie Ray,592662,L,74,389,112,3.47,3.33,0.94,0.97,0.98,0.19455,51.3,12.2,,,,,,,-105,+720,,0,0,0,0,0,0,2026-08-19T05:29:02Z
2026-08-18,824803,682987,Spencer Jones,New York Yankees,Baltimore Orioles,0,Shane Baz,669358,R,29,155,51,3.04,2.92,0.96,1.04,1.0,0.2173,51.1,11.5,-137,-175,-159,409,310,380,-104,+770,103,1,4,4,1,1,0,2026-08-19T05:29:02Z
2026-08-18,822938,678218,Brandon Valenzuela,Toronto Blue Jays,Tampa Bay Rays,0,Nick Martinez,607259,R,45,225,73,3.08,2.96,0.97,1.03,0.99,0.21494,51.1,11.6,,,,,,,-104,+762,,0,0,0,0,0,0,2026-08-19T05:29:02Z
2026-08-18,822938,663743,Nick Fortes,Tampa Bay Rays,Toronto Blue Jays,1,José Soriano,667755,R,68,274,90,3.04,2.92,1.06,0.96,0.99,0.2171,51.1,11.4,,,,,,,-104,+777,,0,0,0,0,0,0,2026-08-19T05:29:02Z
2026-08-18,823423,691788,Joe Mack,Miami Marlins,Philadelphia Phillies,0,Zack Wheeler,554430,R,53,243,76,3.2,3.07,1.0,0.96,1.0,0.20808,51.1,11.7,-101,-125,-117,554,450,525,-104,+755,-132,0,0,0,0,0,0,2026-08-19T05:29:02Z
2026-08-18,824075,671732,Lawrence Butler,Athletics,Kansas City Royals,0,TBD,,,70,380,117,3.25,3.12,0.93,1.0,1.02,0.20473,51.1,11.8,-211,-200,-235,264,280,240,-104,+747,157,1,4,3,1,1,0,2026-08-19T05:29:02Z
2026-08-18,823341,669707,Jared Triolo,Pittsburgh Pirates,Detroit Tigers,1,Keider Montero,672456,R,61,285,90,3.17,3.04,1.0,0.96,1.01,0.20912,51.0,11.6,,,,,,,-104,+762,,1,3,3,1,1,0,2026-08-19T05:29:02Z
2026-08-18,822938,669701,Josh Smith,Toronto Blue Jays,Tampa Bay Rays,0,Nick Martinez,607259,R,33,178,57,3.12,3.0,0.96,1.03,0.99,0.21122,50.9,11.5,,,,,,,-104,+770,,1,5,4,2,1,1,2026-08-19T05:29:02Z
2026-08-18,822938,670764,Taylor Walls,Tampa Bay Rays,Toronto Blue Jays,1,José Soriano,667755,R,67,353,102,3.46,3.32,0.94,0.96,0.99,0.19307,50.9,12.0,-129,-115,-134,493,500,450,-104,+733,-103,1,4,4,1,1,0,2026-08-19T05:29:02Z
2026-08-18,823749,666152,David Hamilton,Milwaukee Brewers,Seattle Mariners,1,Bryce Miller,682243,R,60,303,94,3.22,3.09,0.96,0.99,1.0,0.20543,50.9,11.6,-109,-135,-122,544,450,525,-104,+762,-121,1,5,5,3,1,1,2026-08-19T05:29:02Z
2026-08-18,824475,677592,Everson Pereira,St. Louis Cardinals,Cincinnati Reds,0,Andrew Abbott,671096,L,22,105,35,3.0,2.88,0.99,1.0,1.01,0.21814,50.8,11.2,-114,-130,-139,497,425,450,-103,+793,-116,0,0,0,0,0,0,2026-08-19T05:29:02Z
2026-08-18,823586,657757,Gavin Sheets,San Diego Padres,New York Mets,0,Zac Thornton,804267,L,73,398,117,3.4,3.26,0.92,0.99,0.98,0.19558,50.8,11.8,,,,,,,-103,+747,,0,0,0,0,0,0,2026-08-19T05:29:02Z
2026-08-18,824475,665877,José Fermín,St. Louis Cardinals,Cincinnati Reds,0,Andrew Abbott,671096,L,55,263,87,3.02,2.9,0.99,1.0,1.01,0.21666,50.7,11.2,-155,,-182,349,,300,-103,+793,116,1,4,3,1,1,0,2026-08-19T05:29:02Z
2026-08-18,824319,664954,Brett Sullivan,Colorado Rockies,Los Angeles Dodgers,1,Eric Lauer,641778,L,40,179,65,2.75,2.64,1.01,1.0,1.07,0.23469,50.6,10.7,,,,,,,-102,+835,,1,1,1,0,0,0,2026-08-19T05:29:02Z
2026-08-18,823341,701678,Hao-Yu Lee,Detroit Tigers,Pittsburgh Pirates,0,Braxton Ashcraft,677952,R,57,222,80,2.77,2.66,1.07,1.0,1.01,0.23229,50.5,10.7,,,,,,,-102,+835,,1,1,1,0,0,0,2026-08-19T05:29:02Z
2026-08-18,824398,595978,Austin Hedges,Cleveland Guardians,San Francisco Giants,1,Carson Whisenhunt,687931,L,43,188,64,2.94,2.82,1.02,1.01,0.99,0.22054,50.5,11.0,-111,,-122,542,,500,-102,+809,-119,0,0,0,0,0,0,2026-08-19T05:29:02Z
2026-08-18,824639,691011,Drew Romo,Chicago White Sox,Chicago Cubs,0,Kevin Gausman,592332,R,21,173,51,3.39,3.25,0.87,1.03,1.0,0.19403,50.4,11.6,101,-130,-120,587,425,525,-102,+762,-134,1,3,3,1,1,0,2026-08-19T05:29:02Z
2026-08-18,824154,543877,Christian Vázquez,Houston Astros,Los Angeles Angels,1,George Klassen,691946,R,45,230,73,3.15,3.02,0.97,1.0,0.99,0.20715,50.4,11.2,-108,-125,-127,525,475,450,-102,+793,-123,0,0,0,0,0,0,2026-08-19T05:29:02Z
2026-08-18,822938,680700,Richie Palacios,Tampa Bay Rays,Toronto Blue Jays,1,José Soriano,667755,R,63,303,94,3.22,3.09,0.98,0.96,0.99,0.20141,50.1,11.2,-126,-135,-139,445,450,425,-100,+793,-105,1,4,3,1,1,0,2026-08-19T05:29:02Z
2026-08-18,823749,663604,Brandon Lockridge,Milwaukee Brewers,Seattle Mariners,1,Bryce Miller,682243,R,26,109,37,2.95,2.83,1.02,0.99,1.0,0.2179,50.1,10.8,,,,,,,-100,+826,,1,2,2,1,1,0,2026-08-19T05:29:02Z
2026-08-18,823667,573262,Mike Yastrzemski,Atlanta Braves,Minnesota Twins,0,Zebby Matthews,805673,R,63,316,107,2.95,2.83,0.97,1.03,1.0,0.21711,50.0,10.7,-120,-155,-148,488,390,390,-100,+835,-111,1,2,1,0,0,0,2026-08-19T05:29:02Z
2026-08-18,823749,596142,Gary Sánchez,Milwaukee Brewers,Seattle Mariners,1,Bryce Miller,682243,R,39,220,68,3.24,3.11,0.94,0.99,1.0,0.19955,50.0,11.2,,,,,,,-100,+793,,0,0,0,0,0,0,2026-08-19T05:29:02Z
2026-08-18,822859,694497,Evan Carter,Texas Rangers,Washington Nationals,1,Jackson Kent,800600,L,59,355,106,3.35,3.22,0.89,0.99,1.01,0.19299,49.9,11.3,-120,-125,-134,489,475,475,+100,+785,-111,1,4,4,0,0,0,2026-08-19T05:29:02Z
2026-08-18,824639,665804,Miguel Amaya,Chicago Cubs,Chicago White Sox,1,TBD,,,42,205,68,3.01,2.89,0.98,1.0,1.0,0.21249,49.9,10.8,-121,-145,-136,468,390,425,+100,+826,-110,1,3,2,0,0,0,2026-08-19T05:29:02Z
2026-08-18,824803,691723,Coby Mayo,Baltimore Orioles,New York Yankees,1,Carlos Rodón,607074,L,63,323,99,3.26,3.13,0.96,0.95,1.0,0.19721,49.7,11.1,-142,-155,-164,415,350,360,+101,+801,107,1,4,3,1,1,0,2026-08-19T05:29:02Z
2026-08-18,824154,666139,Josh Lowe,Los Angeles Angels,Houston Astros,0,Cristian Javier,664299,R,45,245,81,3.02,2.9,0.94,1.04,0.99,0.21071,49.7,10.7,-126,-135,-141,425,450,425,+101,+835,-105,1,4,4,1,1,0,2026-08-19T05:29:02Z
2026-08-18,824398,687551,Drew Gilbert,San Francisco Giants,Cleveland Guardians,0,Foster Griffin,656492,L,63,298,99,3.01,2.89,0.99,0.99,0.99,0.21058,49.5,10.6,,,,,,,+102,+843,,1,4,3,0,0,0,2026-08-19T05:29:02Z
2026-08-18,822938,683748,Victor Mesa Jr.,Tampa Bay Rays,Toronto Blue Jays,1,José Soriano,667755,R,34,178,55,3.24,3.11,0.96,0.96,0.99,0.19747,49.5,10.9,,-175,,,325,,+102,+817,,1,1,0,0,0,0,2026-08-19T05:29:02Z
2026-08-18,824319,676439,Hunter Feduccia,Los Angeles Dodgers,Colorado Rockies,0,Ryan Feltner,663372,R,39,188,72,2.61,2.51,0.99,1.04,1.07,0.23813,49.5,9.8,-167,-185,-197,293,300,300,+102,+920,125,1,3,1,0,0,0,2026-08-19T05:29:02Z
2026-08-18,823749,687401,Joey Ortiz,Milwaukee Brewers,Seattle Mariners,1,Bryce Miller,682243,R,65,303,102,2.97,2.85,1.0,0.99,1.0,0.21244,49.4,10.4,-151,-155,-164,381,390,350,+102,+862,113,1,5,4,2,1,1,2026-08-19T05:29:02Z
2026-08-18,824803,669224,Austin Wells,New York Yankees,Baltimore Orioles,0,Shane Baz,669358,R,44,281,89,3.16,3.03,0.89,1.04,1.0,0.20009,49.2,10.6,-123,-120,-124,454,475,500,+103,+843,-108,1,2,2,0,0,0,2026-08-19T05:29:02Z
2026-08-18,824803,641857,Ryan McMahon,New York Yankees,Baltimore Orioles,0,Shane Baz,669358,R,59,301,104,2.89,2.77,0.96,1.04,1.0,0.21671,49.2,10.2,-137,-145,-148,436,390,400,+103,+880,103,1,2,1,0,0,0,2026-08-19T05:29:02Z
2026-08-18,824803,642708,Amed Rosario,New York Yankees,Baltimore Orioles,0,Shane Baz,669358,R,42,200,72,2.78,2.67,0.99,1.04,1.0,0.22362,49.1,10.0,,,,,,,+104,+900,,1,1,1,0,0,0,2026-08-19T05:29:02Z
2026-08-18,824075,687231,Darell Hernaiz,Athletics,Kansas City Royals,0,TBD,,,29,136,48,2.83,2.72,1.0,1.0,1.02,0.2199,49.1,10.1,,,,,,,+104,+890,,1,4,4,0,0,0,2026-08-19T05:29:02Z
2026-08-18,823423,683357,Owen Caissie,Miami Marlins,Philadelphia Phillies,0,Zack Wheeler,554430,R,57,283,91,3.11,2.99,0.97,0.96,1.0,0.20151,49.0,10.5,113,-110,102,670,575,625,+104,+852,-150,1,3,3,0,0,0,2026-08-19T05:29:02Z
2026-08-18,823586,620443,Luis Torrens,New York Mets,San Diego Padres,1,Robbie Ray,592662,L,48,225,74,3.04,2.92,0.99,0.97,0.98,0.20582,49.0,10.4,-129,-155,-152,457,390,400,+104,+862,-103,1,3,3,2,1,1,2026-08-19T05:29:02Z
2026-08-18,824075,622268,Donovan Walton,Athletics,Kansas City Royals,0,TBD,,,38,158,58,2.72,2.61,1.03,1.0,1.02,0.22768,49.0,9.8,,,,,,,+104,+920,,1,2,2,0,0,0,2026-08-19T05:29:02Z
2026-08-18,823341,694378,Jacob Gonzalez,Pittsburgh Pirates,Detroit Tigers,1,Keider Montero,672456,R,36,170,57,2.98,2.86,0.99,0.96,1.01,0.20874,48.8,10.2,-130,-155,-159,439,350,375,+105,+880,-102,1,3,3,0,0,0,2026-08-19T05:29:02Z
2026-08-18,824319,500743,Miguel Rojas,Los Angeles Dodgers,Colorado Rockies,0,Ryan Feltner,663372,R,48,192,81,2.37,2.28,1.05,1.04,1.07,0.25348,48.7,8.9,,,,,,,+105,+1024,,0,0,0,0,0,0,2026-08-19T05:29:02Z
2026-08-18,822859,678391,Jorbit Vivas,Washington Nationals,Texas Rangers,0,Cal Quantrill,615698,R,55,265,92,2.88,2.76,0.98,0.99,1.01,0.21364,48.5,9.9,-105,-140,-130,547,400,475,+106,+910,-127,1,3,3,0,0,0,2026-08-19T05:29:02Z
2026-08-18,824639,668670,Jake Rogers,Chicago White Sox,Chicago Cubs,0,Kevin Gausman,592332,R,19,133,44,3.02,2.9,0.92,1.03,1.0,0.20471,48.5,10.1,,,,,,,+106,+890,,0,0,0,0,0,0,2026-08-19T05:29:02Z
2026-08-18,824154,666211,Taylor Trammell,Houston Astros,Los Angeles Angels,1,George Klassen,691946,R,39,199,67,2.97,2.85,0.97,1.0,0.99,0.20793,48.5,10.0,-135,-120,-141,418,475,425,+106,+900,102,1,3,3,0,0,0,2026-08-19T05:29:02Z
2026-08-18,824398,656555,Rhys Hoskins,Cleveland Guardians,San Francisco Giants,1,Carson Whisenhunt,687931,L,46,313,94,3.33,3.2,0.86,1.01,0.99,0.18609,48.3,10.4,-141,-155,-145,435,380,400,+107,+862,106,1,4,4,1,1,0,2026-08-19T05:29:02Z
2026-08-18,824398,672275,Patrick Bailey,Cleveland Guardians,San Francisco Giants,1,Carson Whisenhunt,687931,L,44,260,84,3.1,2.98,0.91,1.01,0.99,0.198,48.2,10.1,,-155,,,360,,+107,+890,,1,4,4,0,0,0,2026-08-19T05:29:02Z
2026-08-18,824639,686668,Brenton Doyle,Chicago White Sox,Chicago Cubs,0,Kevin Gausman,592332,R,32,161,58,2.78,2.67,0.98,1.03,1.0,0.21844,48.2,9.6,,,,,,,+107,+942,,0,0,0,0,0,0,2026-08-19T05:29:02Z
2026-08-18,824803,641933,Tyler O'Neill,Baltimore Orioles,New York Yankees,1,Carlos Rodón,607074,L,49,248,81,3.06,2.94,0.97,0.95,1.0,0.19944,48.0,9.9,-154,-190,-205,371,280,300,+108,+910,116,1,3,2,0,0,0,2026-08-19T05:29:02Z
2026-08-18,823667,668952,Ryan Kreidler,Minnesota Twins,Atlanta Braves,1,Tyler Mahle,641816,R,46,217,79,2.75,2.64,0.99,1.02,1.0,0.21962,48.0,9.4,,,,,,,+108,+964,,0,0,0,0,0,0,2026-08-19T05:29:02Z
2026-08-18,824475,667472,Dane Myers,Cincinnati Reds,St. Louis Cardinals,1,Kyle Leahy,681517,R,51,229,89,2.57,2.47,1.01,1.05,1.01,0.23204,47.9,9.0,-152,-185,-190,378,310,305,+109,+1011,114,1,3,3,1,1,0,2026-08-19T05:29:02Z
2026-08-18,822938,668723,Ryan Vilade,Tampa Bay Rays,Toronto Blue Jays,1,José Soriano,667755,R,47,206,71,2.9,2.78,1.02,0.96,0.99,0.20865,47.8,9.6,-147,,-162,395,,350,+109,+942,111,1,3,3,2,1,1,2026-08-19T05:29:02Z
2026-08-18,824475,699625,Jimmy Crooks,St. Louis Cardinals,Cincinnati Reds,0,Andrew Abbott,671096,L,21,128,44,2.91,2.79,0.94,1.0,1.01,0.20672,47.6,9.5,,,,,,,+110,+953,,0,0,0,0,0,0,2026-08-19T05:29:02Z
2026-08-18,822859,553869,Elias Díaz,Texas Rangers,Washington Nationals,1,Jackson Kent,800600,L,35,163,61,2.67,2.56,1.0,0.99,1.01,0.21614,46.4,8.5,-132,-145,-159,425,390,390,+116,+1076,100,0,0,0,0,0,0,2026-08-19T05:29:02Z
2026-08-18,824803,669236,Jeremiah Jackson,Baltimore Orioles,New York Yankees,1,Carlos Rodón,607074,L,53,247,88,2.81,2.7,1.0,0.95,1.0,0.20564,46.3,8.8,-140,,-164,403,,360,+116,+1036,105,1,1,1,0,0,0,2026-08-19T05:29:02Z
2026-08-18,823423,677870,Leo Jiménez,Miami Marlins,Philadelphia Phillies,0,Zack Wheeler,554430,R,31,171,58,2.95,2.83,0.95,0.96,1.0,0.19738,46.3,9.0,,,,,,,+116,+1011,,1,1,1,0,0,0,2026-08-19T05:29:02Z
2026-08-18,824803,665966,Carlos Narváez,Baltimore Orioles,New York Yankees,1,Carlos Rodón,607074,L,35,232,73,3.18,3.05,0.89,0.95,1.0,0.18337,46.1,9.2,-107,-120,-120,558,475,525,+117,+987,-124,1,2,2,0,0,0,2026-08-19T05:29:02Z
2026-08-18,823341,680779,Henry Davis,Pittsburgh Pirates,Detroit Tigers,1,Keider Montero,672456,R,38,254,81,3.14,3.01,0.88,0.96,1.01,0.18489,46.0,9.1,,-120,,,475,,+117,+999,,0,0,0,0,0,0,2026-08-19T05:29:02Z
2026-08-18,824075,675961,Alika Williams,Athletics,Kansas City Royals,0,TBD,,,37,150,61,2.46,2.36,1.04,1.0,1.02,0.22914,45.9,7.9,-121,-140,-134,461,390,450,+118,+1166,-109,1,2,2,0,0,0,2026-08-19T05:29:02Z
2026-08-18,823749,660844,Leo Rivas,Seattle Mariners,Milwaukee Brewers,0,Kyle Harrison,690986,L,14,130,43,3.02,2.9,0.88,0.99,1.0,0.18825,45.4,8.7,,,,,,,+120,+1049,,0,0,0,0,0,0,2026-08-19T05:29:02Z
2026-08-18,824639,545341,Randal Grichuk,Chicago White Sox,Chicago Cubs,0,Kevin Gausman,592332,R,52,197,86,2.29,2.2,1.07,1.03,1.0,0.2399,45.3,7.3,,,,,,,+121,+1270,,1,1,1,0,0,0,2026-08-19T05:29:02Z
2026-08-18,824475,686780,Pedro Pagés,St. Louis Cardinals,Cincinnati Reds,0,Andrew Abbott,671096,L,34,180,68,2.65,2.54,0.96,1.0,1.01,0.21093,45.2,8.0,-104,-115,-114,553,500,525,+121,+1150,-127,1,4,3,1,1,0,2026-08-19T05:29:02Z
2026-08-18,824319,669743,Alex Call,Los Angeles Dodgers,Colorado Rockies,0,Ryan Feltner,663372,R,33,154,68,2.26,2.17,1.0,1.04,1.07,0.24067,45.0,7.1,,,,,,,+122,+1308,,0,0,0,0,0,0,2026-08-19T05:29:02Z
2026-08-18,822859,677588,José Tena,Washington Nationals,Texas Rangers,0,Cal Quantrill,615698,R,51,240,94,2.55,2.45,0.99,0.99,1.01,0.21571,44.9,7.7,,,,,,,+123,+1199,,1,1,1,0,0,0,2026-08-19T05:29:02Z
2026-08-18,824639,624424,Michael Conforto,Chicago Cubs,Chicago White Sox,1,TBD,,,43,220,83,2.65,2.54,0.97,1.0,1.0,0.20896,44.9,7.9,-146,-140,-154,387,425,400,+123,+1166,110,1,4,3,0,0,0,2026-08-19T05:29:02Z
2026-08-18,823749,645302,Victor Robles,Seattle Mariners,Milwaukee Brewers,0,Kyle Harrison,690986,L,33,136,56,2.43,2.33,1.03,0.99,1.0,0.22132,44.2,7.2,,,,,,,+126,+1289,,1,4,2,0,0,0,2026-08-19T05:29:02Z
2026-08-18,824475,663647,Ke'Bryan Hayes,Cincinnati Reds,St. Louis Cardinals,1,Kyle Leahy,681517,R,26,190,71,2.68,2.57,0.88,1.05,1.01,0.20242,44.1,7.6,-114,-135,-141,486,425,425,+127,+1216,-117,1,3,3,1,1,0,2026-08-19T05:29:02Z
2026-08-18,824398,690984,Petey Halpin,Cleveland Guardians,San Francisco Giants,1,Carson Whisenhunt,687931,L,27,130,52,2.5,2.4,0.99,1.01,0.99,0.21446,44.0,7.3,,-160,,,350,,+127,+1270,,1,1,1,0,0,0,2026-08-19T05:29:02Z
2026-08-18,823586,666023,Freddy Fermin,San Diego Padres,New York Mets,0,Zac Thornton,804267,L,36,213,77,2.77,2.66,0.92,0.99,0.98,0.19556,43.9,7.7,,-145,,,390,,+128,+1199,,1,4,4,1,1,0,2026-08-19T05:29:02Z
2026-08-18,822859,679822,Justin Foscue,Texas Rangers,Washington Nationals,1,Jackson Kent,800600,L,38,166,69,2.41,2.31,1.02,0.99,1.01,0.2203,43.7,7.0,-122,-155,-141,509,375,425,+129,+1329,-109,1,2,1,1,1,0,2026-08-19T05:29:02Z
2026-08-18,824154,623168,Tyler Heineman,Los Angeles Angels,Houston Astros,0,Cristian Javier,664299,R,24,147,58,2.53,2.43,0.93,1.04,0.99,0.2088,43.4,7.1,-125,,-139,446,,450,+130,+1308,-106,1,3,3,0,0,0,2026-08-19T05:29:02Z
2026-08-18,824639,682668,Luisangel Acuña,Chicago White Sox,Chicago Cubs,0,Kevin Gausman,592332,R,44,199,86,2.31,2.22,1.01,1.03,1.0,0.22529,43.3,6.6,,,,,,,+131,+1415,,0,0,0,0,0,0,2026-08-19T05:29:02Z
2026-08-18,824803,681297,Colton Cowser,Baltimore Orioles,New York Yankees,1,Carlos Rodón,607074,L,55,296,111,2.67,2.56,0.94,0.95,1.0,0.19391,42.4,6.9,,,,,,,+136,+1349,,1,1,1,0,0,0,2026-08-19T05:29:02Z
2026-08-18,822859,665953,Andrés Chaparro,Washington Nationals,Texas Rangers,0,Cal Quantrill,615698,R,25,131,54,2.43,2.33,0.97,0.99,1.01,0.21085,42.4,6.6,-128,,-145,451,,425,+136,+1415,-103,1,1,1,1,1,0,2026-08-19T05:29:02Z
2026-08-18,824154,624428,Adam Frazier,Los Angeles Angels,Houston Astros,0,Cristian Javier,664299,R,23,110,48,2.29,2.2,0.99,1.04,0.99,0.22192,42.4,6.3,,-125,,,475,,+136,+1487,,0,0,0,0,0,0,2026-08-19T05:29:02Z
2026-08-18,824475,663494,Bryan Torres,St. Louis Cardinals,Cincinnati Reds,0,Andrew Abbott,671096,L,25,121,52,2.33,2.24,0.99,1.0,1.01,0.21728,42.2,6.3,,,,,,,+137,+1487,,0,0,0,0,0,0,2026-08-19T05:29:02Z
2026-08-18,824639,621438,Tyrone Taylor,Chicago Cubs,Chicago White Sox,1,TBD,,,39,183,78,2.35,2.26,1.0,1.0,1.0,0.21536,42.2,6.3,,,,,,,+137,+1487,,0,0,0,0,0,0,2026-08-19T05:29:02Z
2026-08-18,824723,642201,Eli White,Boston Red Sox,Arizona Diamondbacks,1,Merrill Kelly,518876,R,36,165,78,2.12,2.04,1.0,1.04,1.03,0.23335,41.8,5.7,,,,,,,+139,+1654,,0,0,0,0,0,0,2026-08-19T05:29:02Z
2026-08-18,823423,688363,Graham Pauley,Miami Marlins,Philadelphia Phillies,0,Zack Wheeler,554430,R,21,115,46,2.5,2.4,0.97,0.96,1.0,0.20023,41.5,6.4,,,,,,,+141,+1462,,0,0,0,0,0,0,2026-08-19T05:29:02Z
2026-08-18,824154,642350,Jose Siri,Los Angeles Angels,Houston Astros,0,Cristian Javier,664299,R,36,152,71,2.14,2.05,1.03,1.04,0.99,0.22936,41.4,5.6,,,,,,,+142,+1686,,0,0,0,0,0,0,2026-08-19T05:29:02Z
2026-08-18,824075,686475,Tyler Tolbert,Kansas City Royals,Athletics,1,Jack Perkins,678022,R,28,106,56,1.89,1.92,1.05,1.04,1.02,0.24016,41.0,5.2,,,,,,,+144,+1823,,1,1,1,1,1,0,2026-08-19T05:29:02Z
2026-08-18,823749,642215,Weston Wilson,Seattle Mariners,Milwaukee Brewers,0,Kyle Harrison,690986,L,20,115,49,2.35,2.26,0.96,0.99,1.0,0.2053,40.5,5.8,,-110,,,525,,+147,+1624,,1,1,1,0,0,0,2026-08-19T05:29:02Z
2026-08-18,822938,664702,Myles Straw,Toronto Blue Jays,Tampa Bay Rays,0,Nick Martinez,607259,R,48,240,113,2.12,2.04,0.97,1.03,0.99,0.21469,38.9,4.9,,,,,,,+157,+1941,,1,1,1,0,0,0,2026-08-19T05:29:02Z
2026-08-18,824723,663330,Jahmai Jones,Boston Red Sox,Arizona Diamondbacks,1,Merrill Kelly,518876,R,24,130,71,1.83,1.92,0.96,1.04,1.03,0.2244,38.6,4.5,,,,,,,+159,+2122,,0,0,0,0,0,0,2026-08-19T05:29:02Z
2026-08-18,823423,665923,Esteury Ruiz,Miami Marlins,Philadelphia Phillies,0,Zack Wheeler,554430,R,37,174,81,2.15,2.06,0.99,0.96,1.0,0.20637,37.9,4.6,113,100,102,660,600,675,+164,+2074,-150,1,1,1,0,0,0,2026-08-19T05:29:02Z
2026-08-18,823423,656537,Derek Hill,Philadelphia Phillies,Miami Marlins,1,Cade Gibson,806188,L,39,181,92,1.97,1.92,1.0,1.01,1.0,0.21881,37.8,4.3,,,,,,,+165,+2226,,0,0,0,0,0,0,2026-08-19T05:29:02Z
2026-08-18,824154,669397,Nick Allen,Houston Astros,Los Angeles Angels,1,George Klassen,691946,R,29,125,69,1.81,1.92,1.02,1.0,0.99,0.21835,37.7,4.3,,,,,,,+165,+2226,,0,0,0,0,0,0,2026-08-19T05:29:02Z
2026-08-18,823586,823550,Sung-Mun Song,San Diego Padres,New York Mets,0,Zac Thornton,804267,L,23,131,61,2.15,2.06,0.95,0.99,0.98,0.20182,37.1,4.4,,,,,,,+170,+2173,,0,0,0,0,0,0,2026-08-19T05:29:02Z
2026-08-18,822938,622761,Jorge Mateo,Tampa Bay Rays,Toronto Blue Jays,1,José Soriano,667755,R,33,143,71,2.01,1.93,1.02,0.96,0.99,0.20845,36.3,3.9,,,,,,,+175,+2464,,0,0,0,0,0,0,2026-08-19T05:29:02Z
2026-08-18,824723,678489,Jorge Barrosa,Arizona Diamondbacks,Boston Red Sox,0,Ranger Suarez,624133,L,26,157,90,1.74,1.92,0.93,1.0,1.03,0.20864,36.2,3.9,,,,,,,+176,+2464,,0,0,0,0,0,0,2026-08-19T05:29:02Z
