game_date,game_pk,batter,pitcher,player_name,stand,p_throws,pitch_type,pitch_name,release_speed,release_spin_rate,plate_x,plate_z,zone,sz_top,sz_bot,balls,strikes,inning,inning_topbot,outs_when_up,launch_speed,launch_angle,hit_distance_sc,home_team,away_team,des
2026-07-16,823440,607208,596133,"Weaver, Luke",R,R,FF,4-Seam Fastball,95.9,2389,-0.7529307194891364,2.6326818941391714,4,3.244578412,1.637450787,0,1,8,Bot,2,101.2,35,383,PHI,NYM,Trea Turner homers (11) on a fly ball to left field.
2026-07-16,823440,682626,605400,"Nola, Aaron",R,R,SI,Sinker,92.1,2223,-1.0206638793898015,1.8703538954553809,13,3.120833333,1.575,3,1,7,Top,0,104.4,21,363,PHI,NYM,Francisco Alvarez homers (11) on a line drive to left field.
2026-07-16,823440,683146,605400,"Nola, Aaron",L,R,FF,4-Seam Fastball,91.2,2369,0.3877593606369669,3.60890248877712,12,3.327952756,1.679527559,0,1,7,Top,0,95.6,36,378,PHI,NYM,Brett Baty homers (5) on a fly ball to right center field.
2026-07-16,823440,682626,605400,"Nola, Aaron",R,R,SL,Slider,82.4,2370,-0.3008662694186412,2.5486934374726657,4,3.120833333,1.575,1,2,3,Top,1,100.2,32,416,PHI,NYM,Francisco Alvarez homers (10) on a fly ball to center field.
2026-07-17,825060,682998,703725,"Gastelum, Luis",L,R,CH,Changeup,80.6,1548,-0.029538984617125,2.005102951191178,8,3.10328084,1.566141732,1,1,8,Bot,0,106.2,22,356,AZ,STL,Corbin Carroll homers (14) on a fly ball to right field. Geraldo Perdomo scores.
2026-07-17,825060,802139,518876,"Kelly, Merrill",L,R,FF,4-Seam Fastball,92.4,2367,0.3092914693291123,2.2841385086607247,6,3.096259843,1.562598425,3,1,5,Top,1,104.5,29,402,AZ,STL,JJ Wetherholt homers (14) on a fly ball to right center field.
2026-07-17,825060,694374,700241,"McGreevy, Michael",R,R,CH,Changeup,87.4,1746,-0.6791305295128081,2.039706136749103,7,3.162959318,1.596259843,2,1,3,Bot,0,98.6,35,381,AZ,STL,Tim Tawa homers (4) on a fly ball to left field.
2026-07-17,824981,669127,678391,"Vivas, Jorbit",R,R,CU,Curveball,49.2,1081,-1.2482948588999592,1.810732116238781,13,3.18226706,1.606003937,0,0,9,Bot,0,107.6,24,399,ATH,WSH,Shea Langeliers homers (22) on a line drive to left field.
2026-07-17,824981,695734,666126,"Cortes, Carlos",L,L,CH,Changeup,76.2,1923,0.2471141217681344,2.626796882388056,5,3.180511811,1.60511811,2,0,9,Top,1,100.9,31,412,ATH,WSH,Daylen Lile homers (11) on a fly ball to center field. Dylan Crews scores. Harry Ford scores.
2026-07-17,824981,665953,814305,"Tur, Yunior",R,R,FF,4-Seam Fastball,95.4,2112,-0.6063904467532271,2.313506516016542,4,3.205085302,1.617519685,1,0,7,Top,0,106.4,22,406,ATH,WSH,Andrés Chaparro homers (3) on a line drive to left field. James Wood scores. Curtis Mead scores.
2026-07-17,824981,695670,686993,"Sterner, Justin",R,R,FF,4-Seam Fastball,95.1,2251,-0.2123492373528135,2.691696528174498,2,3.122588583,1.575885827,2,0,5,Top,2,98.6,36,387,ATH,WSH,Harry Ford homers (1) on a fly ball to center field. Dylan Crews scores.
2026-07-17,824981,665953,660761,"Suarez, José",R,L,FF,4-Seam Fastball,92.5,2344,0.507299998017402,2.4522388796317798,6,3.205085302,1.617519685,2,2,5,Top,1,106.8,30,467,ATH,WSH,Andrés Chaparro homers (2) on a fly ball to left center field. Curtis Mead scores.
2026-07-17,824981,691016,676917,"Cavalli, Cade",L,R,SI,Sinker,96.5,2172,-0.008995334512484,2.641108183470669,5,3.285826772,1.658267717,0,0,4,Bot,0,105.6,22,415,ATH,WSH,Tyler Soderstrom homers (15) on a fly ball to center field. Jacob Wilson scores.
2026-07-17,824901,663586,543309,"Higashioka, Kyle",R,R,FA,Other,59.4,1753,-0.7177542358644022,3.2733474675912677,1,3.273540026,1.652066929,1,1,8,Bot,0,106.9,29,390,ATL,TEX,Austin Riley homers (10) on a fly ball to left field.
2026-07-17,824901,621566,615698,"Quantrill, Cal",L,R,FF,4-Seam Fastball,93.0,2079,0.7156092449284075,1.968120630078853,9,3.37183399,1.701673228,3,1,4,Bot,1,110.7,27,420,ATL,TEX,Matt Olson homers (26) on a fly ball to right field.
2026-07-17,824901,686948,615698,"Quantrill, Cal",L,R,FS,Split-Finger,82.7,885,-0.1443804197966383,1.9502696072121732,8,3.205962927,1.617962598,0,1,4,Bot,0,105.5,23,419,ATL,TEX,Drake Baldwin homers (16) on a fly ball to center field. Jim Jarvis scores. Brewer Hicklen scores.
2026-07-17,824766,665966,688297,"Roycroft, Chris",R,R,ST,Sweeper,82.8,2336,-0.6246509659977784,2.3922848160174666,4,3.180511811,1.60511811,0,1,7,Bot,2,106.9,36,412,BOS,TB,Carlos Narváez homers (3) on a fly ball to left field.
2026-07-17,824766,807799,643377,"Jax, Griffin",L,R,SI,Sinker,94.5,2537,-0.2542375374861372,3.03608957821101,2,3.021661745,1.524950787,0,0,4,Bot,0,87.0,33,328,BOS,TB,Masataka Yoshida homers (4) on a fly ball to right field.
2026-07-17,824737,677800,669438,"Englert, Mason",L,R,FF,4-Seam Fastball,93.3,2356,0.1593074244280361,2.2774712458953816,5,3.117322835,1.573228347,0,1,3,Bot,0,103.5,33,405,BOS,TB,Wilyer Abreu homers (13) on a fly ball to right center field.
2026-07-17,824737,691406,700842,"Rivera, Eduardo",R,L,CH,Changeup,87.3,1325,0.2600780698133886,3.220164316838807,2,3.243700787,1.637007874,2,1,3,Top,1,111.6,26,423,BOS,TB,Junior Caminero homers (29) on a fly ball to left field.
2026-07-17,824737,575929,669438,"Englert, Mason",R,R,FF,4-Seam Fastball,94.1,2422,0.5263269312655168,2.9161261308154645,3,3.229658793,1.62992126,1,2,1,Bot,1,107.6,42,367,BOS,TB,Willson Contreras homers (21) on a fly ball to left center field.
2026-07-17,824737,677800,669438,"Englert, Mason",L,R,CH,Changeup,86.5,2098,0.0921363593073678,1.7089683485732357,8,3.117322835,1.573228347,1,1,1,Bot,1,106.6,27,422,BOS,TB,Wilyer Abreu homers (12) on a fly ball to right center field. Ceddanne Rafaela scores.
2026-07-17,824655,680777,607067,"Rea, Colin",R,R,ST,Sweeper,82.8,2303,0.4800861599181841,2.0131596551498747,9,3.284949147,1.657824803,1,0,3,Top,0,93.8,32,369,CHC,MIN,Ryan Jeffers homers (8) on a fly ball to left center field. Tristan Gray scores. Trevor Larnach scores.
2026-07-17,824332,682829,676105,"Criswell, Jeff",L,R,SL,Slider,84.1,2546,0.0090235416812797,2.0118290336542075,8,3.460474081,1.74640748,1,0,9,Top,1,105.8,24,434,COL,CIN,Elly De La Cruz homers (16) on a fly ball to center field.
2026-07-17,824332,668715,676105,"Criswell, Jeff",R,R,FF,4-Seam Fastball,94.1,2380,0.2890297417861095,2.2398597833615863,6,3.096259843,1.562598425,0,0,8,Top,0,102.4,26,421,COL,CIN,Spencer Steer hits an inside-the-park home run (16) on a fly ball to right-center field.
2026-07-17,824332,650489,663903,"Singer, Brady",L,R,SL,Slider,83.1,2417,-0.5766772900958926,2.047644800978725,7,3.203330053,1.616633858,2,0,7,Bot,1,99.2,35,382,COL,CIN,Willi Castro homers (8) on a fly ball to left field.
2026-07-17,824332,553993,623474,"Herget, Jimmy",R,R,ST,Sweeper,80.3,2925,0.9557700631908778,1.393533660548039,14,3.17085794,1.600246063,0,2,6,Top,1,98.6,33,415,COL,CIN,Eugenio Suárez homers (12) on a fly ball to left field.
2026-07-17,824332,668715,623474,"Herget, Jimmy",R,R,SI,Sinker,90.6,2377,-0.2823651726255909,2.540134361761744,4,3.096259843,1.562598425,1,0,6,Top,1,103.5,25,404,COL,CIN,Spencer Steer homers (15) on a fly ball to left field. JJ Bleday scores.
2026-07-17,824170,621493,687911,"King, Bryan",R,L,ST,Sweeper,82.2,2257,-0.2379910807310644,2.1445711841212187,5,3.190165682,1.609990158,0,0,8,Top,0,102.6,25,399,HOU,BAL,Taylor Ward homers (7) on a fly ball to left center field. Adley Rutschman scores.
2026-07-17,824090,664034,656638,"Lange, Alex",R,R,SI,Sinker,96.8,2170,0.1716211748369243,2.1821769477798734,5,3.10328084,1.566141732,0,1,9,Top,2,105.2,23,421,KC,SD,Ty France homers (12) on a fly ball to left center field.
2026-07-17,824090,657041,650633,"King, Michael",R,R,SI,Sinker,94.7,2284,0.0893431506275075,2.586398821639696,5,3.146284449,1.587844488,0,0,2,Bot,0,108.2,31,445,KC,SD,Lane Thomas homers (8) on a fly ball to left center field.
2026-07-17,823766,687401,645261,"Alcantara, Sandy",R,R,CH,Changeup,90.1,1991,-0.0588049106713537,2.098927941503307,5,3.136630577,1.582972441,1,1,5,Bot,1,96.7,27,379,MIL,MIA,Joey Ortiz homers (4) on a fly ball to left field.
2026-07-17,823766,665052,701656,"Henderson, Logan",L,R,CH,Changeup,80.4,2420,-0.3209109979551559,2.110952524913164,7,3.234046916,1.632135827,3,2,5,Top,1,102.0,24,398,MIL,MIA,Griffin Conine homers (6) on a fly ball to right center field.
2026-07-17,823524,571970,543037,"Cole, Gerrit",L,R,SL,Slider,90.5,2492,-0.2804048759049368,2.360874561885409,4,3.127854331,1.578543307,2,2,7,Top,0,107.9,31,416,NYY,LAD,Max Muncy homers (18) on a fly ball to right field. Mookie Betts scores.
2026-07-17,823115,642715,689546,"Davila, Nick",R,R,SL,Slider,86.5,1864,0.136891898596486,2.427838586508236,5,3.22351542,1.626820866,0,1,7,Top,1,105.5,24,393,SEA,SF,Willy Adames hits a grand slam (16) to center field. Casey Schmitt scores. Heliot Ramos scores. Jung Hoo Lee scores.
2026-07-17,823115,805811,682243,"Miller, Bryce",L,R,FS,Split-Finger,81.6,965,-0.5816776571406452,2.527367419042671,4,3.541215551,1.787155512,0,1,5,Top,2,99.8,30,402,SEA,SF,Bryce Eldridge homers (9) on a fly ball to center field. Drew Cavanaugh scores.
2026-07-17,822789,678218,670950,"Richards, Trevor",L,R,FF,4-Seam Fastball,90.7,2294,0.3952824765944845,1.6557159919424538,9,3.219127297,1.624606299,1,0,6,Bot,0,103.8,22,375,TOR,CWS,Brandon Valenzuela homers (8) on a fly ball to right field.
2026-07-17,822789,543807,670950,"Richards, Trevor",R,R,FF,4-Seam Fastball,91.4,2241,-0.3742662767275607,3.1351388458265257,1,3.267396654,1.648966535,3,1,5,Bot,2,96.3,30,363,TOR,CWS,George Springer homers (10) on a fly ball to left field.
2026-07-17,822789,649966,641743,"Kay, Anthony",R,L,SI,Sinker,94.3,2216,-0.0633075564977627,2.418194140331954,5,3.090994095,1.559940945,0,0,4,Bot,1,108.3,18,373,TOR,CWS,Luis Urías homers (2) on a line drive to left field.
2026-07-17,822789,803011,693686,"Miles, Spencer",L,R,FF,4-Seam Fastball,94.8,2100,0.1229345843112975,2.938377180809529,2,3.154183071,1.591830709,3,1,2,Top,2,102.4,43,365,TOR,CWS,Sam Antonacci homers (7) on a fly ball to right field. Chase Meidroth scores.
2026-07-18,825059,699625,623149,"Sewald, Paul",L,R,FF,4-Seam Fastball,91.2,2589,0.4112051712170651,2.1298526262042983,6,3.200697179,1.615305118,1,0,9,Top,1,108.8,29,443,AZ,STL,Jimmy Crooks homers (3) on a fly ball to right center field.
2026-07-18,824979,666126,668820,"Kranick, Max",L,R,FF,4-Seam Fastball,93.7,2216,-0.3208703008999153,2.846669319306335,1,2.990067257,1.509005906,2,1,7,Bot,0,98.0,33,394,ATH,WSH,Carlos Cortes homers (7) on a fly ball to left center field.
2026-07-18,824979,691016,641793,"Littell, Zack",L,R,FF,4-Seam Fastball,91.3,2063,0.3452031431746621,3.3683026519486887,3,3.285826772,1.658267717,2,2,6,Bot,2,100.1,27,406,ATH,WSH,Tyler Soderstrom homers (16) on a fly ball to right center field. Jeff McNeil scores.
2026-07-18,824979,805779,641793,"Littell, Zack",R,R,FF,4-Seam Fastball,90.7,1863,-0.1607925700218606,2.084272660622584,8,3.29109252,1.660925197,0,0,1,Bot,0,103.0,36,411,ATH,WSH,Jacob Wilson homers (5) on a fly ball to left field.
2026-07-18,824899,694497,641755,"Kinley, Tyler",L,R,SL,Slider,86.2,2655,0.3334755226173393,1.988331680997024,9,3.315666011,1.673326772,3,2,6,Top,0,101.1,40,356,ATL,TEX,Evan Carter homers (8) on a fly ball to right field. Ezequiel Duran scores.
2026-07-18,824899,671739,669022,"Gore, MacKenzie",L,L,SL,Slider,83.9,2018,0.3675285548269663,3.184136523696293,3,3.181389436,1.605561024,1,0,3,Bot,0,104.5,37,405,ATL,TEX,Michael Harris II homers (17) on a fly ball to right field.
2026-07-18,824899,642201,669022,"Gore, MacKenzie",R,L,FC,Cutter,88.0,1893,-0.4693028363047974,3.0674107839119387,1,3.315666011,1.673326772,1,1,2,Bot,0,104.1,39,406,ATL,TEX,Eli White homers (5) on a fly ball to left field. Mauricio Dubón scores.
2026-07-18,824899,592626,702566,"Murphy, Owen",L,R,FF,4-Seam Fastball,93.7,2485,0.1533304442331576,2.3006998065361755,5,3.23667979,1.633464567,1,2,1,Top,0,104.3,34,419,ATL,TEX,Joc Pederson homers (16) on a fly ball to right field.
2026-07-18,824738,677800,664076,"Cleavinger, Garrett",L,L,FF,4-Seam Fastball,96.5,2463,0.4394075846480847,2.469276388085016,6,3.117322835,1.573228347,3,2,7,Bot,2,103.7,28,412,BOS,TB,Wilyer Abreu homers (15) on a fly ball to right center field. Ceddanne Rafaela scores.
2026-07-18,824738,676356,670245,"Watson, Ryan",R,R,FC,Cutter,89.5,1859,-0.0249702424566047,2.906840243643152,2,3.133120079,1.581200787,0,0,7,Top,2,102.7,22,394,BOS,TB,Jonny DeLuca homers (6) on a line drive to left center field.
2026-07-18,824738,683748,663776,"Sandoval, Patrick",L,L,SL,Slider,88.9,2540,0.1049099220474057,2.4877418323236595,5,3.15769357,1.593602362,2,1,4,Top,1,107.7,23,404,BOS,TB,Victor Mesa Jr. homers (6) on a fly ball to right field.
2026-07-18,824738,677800,693855,"Seymour, Ian",L,L,FF,4-Seam Fastball,91.3,2209,-0.2441315599483973,2.6126019358849515,5,3.117322835,1.573228347,2,1,3,Bot,2,108.5,25,435,BOS,TB,Wilyer Abreu homers (14) on a fly ball to center field.
2026-07-18,824738,663330,693855,"Seymour, Ian",R,L,ST,Sweeper,81.2,2229,-0.1872157023695152,2.222397243135503,5,3.138385827,1.583858268,2,2,2,Bot,2,105.0,32,407,BOS,TB,Jahmai Jones homers (3) on a fly ball to left field. Andruw Monasterio scores.
2026-07-18,824657,665019,573204,"Thielbar, Caleb",L,L,ST,Sweeper,79.7,2459,-0.006974642793379,2.199461864809769,5,3.211228675,1.620620079,1,1,7,Top,2,102.7,37,391,CHC,MIN,Kody Clemens homers (18) on a fly ball to right center field.
2026-07-18,824657,665019,571510,"Boyd, Matthew",L,L,FF,4-Seam Fastball,92.7,2428,-0.1115769242508358,2.563927320024568,5,3.211228675,1.620620079,2,2,2,Top,2,106.0,23,371,CHC,MIN,Kody Clemens homers (17) on a fly ball to right center field.
2026-07-18,824657,683737,671737,"Bradley, Taj",L,R,FF,4-Seam Fastball,96.2,2240,0.7721100739548047,2.348587131481489,6,3.166469816,1.598031496,0,1,1,Bot,2,101.6,28,402,CHC,MIN,Michael Busch homers (12) on a fly ball to right field.
2026-07-18,824414,693304,668909,"Williams, Gavin",R,R,CU,Curveball,81.2,2450,0.2689583230364731,2.139982447279149,5,3.05062336,1.539566929,0,0,6,Top,2,100.2,29,387,CLE,PIT,Nick Gonzales homers (5) on a fly ball to right center field.
2026-07-18,824414,699013,668909,"Williams, Gavin",R,R,SI,Sinker,97.9,1722,-0.4192304680641712,1.7317569244419713,7,3.311277887,1.671112205,0,2,6,Top,1,101.6,37,373,CLE,PIT,Esmerlyn Valdez homers (11) on a fly ball to right center field. Bryan Reynolds scores.
2026-07-18,824414,694378,668909,"Williams, Gavin",L,R,ST,Sweeper,87.8,2224,0.2667605095613083,2.167451217889469,5,3.285826772,1.658267717,0,1,2,Top,2,106.7,32,428,CLE,PIT,Jacob Gonzalez homers (3) on a fly ball to right field. Tyler Callihan scores.
2026-07-18,824412,683953,642701,"Santana, Dennis",L,R,CH,Changeup,88.8,2378,0.2245764098571132,1.8397989651656448,8,3.178756562,1.604232283,1,0,9,Bot,1,102.2,29,414,CLE,PIT,Travis Bazzana homers (8) on a fly ball to center field. Steven Kwan scores.
2026-07-18,824331,681198,657571,"Ferguson, Caleb",L,L,FC,Cutter,87.8,2468,0.2691965881236615,2.4126222775375217,5,3.422736221,1.727362205,0,1,6,Bot,2,105.1,34,456,COL,CIN,TJ Rumfield homers (13) on a fly ball to right center field. Cole Carrigg scores.
2026-07-18,824331,624431,608372,"Sugano, Tomoyuki",R,R,ST,Sweeper,83.4,2692,-0.2900890396184276,3.308883027235911,11,3.061154856,1.54488189,0,1,5,Top,2,101.0,28,424,COL,CIN,Jose Trevino homers (3) on a fly ball to left center field.
2026-07-18,824331,624431,608372,"Sugano, Tomoyuki",R,R,FF,4-Seam Fastball,92.8,2392,-0.0105612768941317,2.786402368010486,2,3.061154856,1.54488189,0,0,3,Top,1,93.7,33,395,COL,CIN,Jose Trevino homers (2) on a fly ball to left center field.
2026-07-18,824088,521692,663362,"Waldron, Matt",R,R,FF,4-Seam Fastball,92.1,2123,0.2128549438589815,3.057578854185981,2,3.312155512,1.671555118,2,2,6,Bot,1,105.0,28,438,KC,SD,Salvador Perez homers (12) on a fly ball to center field. Vinnie Pasquantino scores.
2026-07-18,824088,665487,677976,"Dobnak, Randy",R,R,ST,Sweeper,82.0,2573,-0.8479733036649331,2.245199393426605,13,3.346382874,1.68882874,1,2,3,Top,0,106.2,23,411,KC,SD,Fernando Tatis Jr. homers (6) on a fly ball to left center field.
2026-07-18,824088,657041,656288,"Canning, Griffin",R,R,KC,Knuckle Curve,82.1,2485,0.2059457484560599,2.0692154899644963,5,3.146284449,1.587844488,0,1,1,Bot,2,103.8,33,421,KC,SD,Lane Thomas homers (9) on a fly ball to left center field. Carter Jensen scores.
2026-07-18,824008,679529,608718,"Suter, Brent",R,L,FF,4-Seam Fastball,87.6,2229,0.2199375298158635,2.6958442579582336,5,3.232291667,1.63125,1,1,5,Top,0,107.5,28,420,LAA,DET,Spencer Torkelson homers (18) on a fly ball to center field.
2026-07-18,824008,679529,680570,"Rodriguez, Grayson",R,R,FF,4-Seam Fastball,94.6,2130,0.2131721102411026,2.4979029724403263,5,3.232291667,1.63125,0,0,1,Top,1,104.2,34,415,LAA,DET,Spencer Torkelson homers (17) on a fly ball to left center field. Dillon Dingler scores. Colt Keith scores.
2026-07-18,823763,665052,684974,"Yoho, Craig",L,R,SI,Sinker,93.6,2352,-0.0520292697419073,1.975568041163352,8,3.234046916,1.632135827,1,1,9,Top,0,104.9,32,404,MIL,MIA,Griffin Conine homers (7) on a fly ball to left center field. Liam Hicks scores. Leo Jiménez scores.
2026-07-18,823441,607208,640455,"Manaea, Sean",R,L,SI,Sinker,91.0,2085,0.2361635828255226,2.138678609180591,5,3.244578412,1.637450787,2,1,5,Bot,0,106.1,22,414,PHI,NYM,Trea Turner homers (12) on a fly ball to left center field.
2026-07-18,823441,621438,666200,"Luzardo, Jesús",R,L,CH,Changeup,85.4,1623,0.4234054824471994,2.5333355525033263,6,3.231414042,1.630807087,2,1,2,Top,1,104.7,38,406,PHI,NYM,Tyrone Taylor homers (7) on a fly ball to left center field.
2026-07-18,823441,656941,640455,"Manaea, Sean",L,L,FC,Cutter,85.0,2188,-0.0985039261486162,2.547225996150208,5,3.180511811,1.60511811,2,0,1,Bot,0,106.0,41,399,PHI,NYM,Kyle Schwarber homers (33) on a fly ball to right field. Trea Turner scores.
2026-07-18,823116,702284,657277,"Webb, Logan",L,R,ST,Sweeper,85.3,2522,0.6030457364215289,1.4323209565167296,14,3.133120079,1.581200787,0,1,7,Bot,2,104.1,27,405,SEA,SF,Cole Young homers (12) on a fly ball to right center field. Randy Arozarena scores. Josh Naylor scores.
2026-07-18,823116,642715,693433,"Woo, Bryan",R,R,SI,Sinker,96.0,2304,0.1778516052365168,2.2468632365050327,5,3.22351542,1.626820866,2,1,6,Top,2,100.7,26,358,SEA,SF,Willy Adames homers (17) on a fly ball to right field.
2026-07-18,823116,646240,693433,"Woo, Bryan",L,R,FF,4-Seam Fastball,96.8,2226,-0.7662497182252167,3.253978116051996,1,3.217372047,1.623720472,2,2,6,Top,0,98.6,44,339,SEA,SF,Rafael Devers homers (20) on a fly ball to left field.
2026-07-19,825057,571448,700669,"Graceffo, Gordon",R,R,SL,Slider,88.5,2312,-0.2247904363379644,2.4628789554978257,5,3.277050525,1.653838583,1,1,8,Bot,2,102.4,25,384,AZ,STL,Nolan Arenado homers (13) on a fly ball to left center field. Tyler Locklear scores.
2026-07-19,825057,672695,666277,"Soriano, George",L,R,CH,Changeup,90.5,1368,-0.9867166923998258,1.6910313538074129,13,3.31742126,1.674212598,2,2,7,Bot,2,87.9,17,242,AZ,STL,Geraldo Perdomo hits an inside-the-park home run (7) on a line drive to left field. Adrian Del Castillo scores.
2026-07-19,824978,686611,665660,"Alvarado, Elvis",R,R,SL,Slider,86.8,2009,0.0460294142557771,1.9493872945591144,8,3.165592192,1.597588583,1,0,5,Top,2,106.9,22,362,ATH,WSH,Dylan Crews homers (7) on a fly ball to left field.
2026-07-19,824978,682928,665660,"Alvarado, Elvis",L,R,FF,4-Seam Fastball,98.5,2517,-0.5276267247509208,2.471827802818432,4,3.222637795,1.626377953,1,0,5,Top,2,105.0,26,422,ATH,WSH,CJ Abrams homers (21) on a fly ball to center field. Curtis Mead scores.
2026-07-19,824897,694671,628452,"Iglesias, Raisel",R,R,CH,Changeup,87.3,1963,0.4057208667390297,2.4333327942468856,6,3.196309055,1.613090551,0,1,9,Top,0,105.2,26,422,ATL,TEX,Wyatt Langford homers (10) on a fly ball to left field.
2026-07-19,824897,686948,687239,"Peoples, Ben",L,R,FF,4-Seam Fastball,94.7,2284,0.0697748696775165,2.908877387207811,2,3.205962927,1.617962598,3,1,8,Bot,0,107.9,34,392,ATL,TEX,Drake Baldwin homers (18) on a fly ball to center field.
2026-07-19,824897,663586,543135,"Eovaldi, Nathan",R,R,FF,4-Seam Fastball,95.1,2188,0.1667018627434788,2.3645212677776466,5,3.273540026,1.652066929,3,1,4,Bot,1,109.4,20,413,ATL,TEX,Austin Riley homers (12) on a line drive to center field.
2026-07-19,824897,686948,543135,"Eovaldi, Nathan",L,R,CU,Curveball,73.1,1687,-0.0907963615106312,1.7648142994354847,8,3.205962927,1.617962598,2,2,3,Bot,0,98.2,30,395,ATL,TEX,Drake Baldwin homers (17) on a fly ball to right center field.
2026-07-19,824897,663586,543135,"Eovaldi, Nathan",R,R,CU,Curveball,74.7,1663,-0.1254773463969067,2.8979415758258256,2,3.273540026,1.652066929,0,2,2,Bot,1,103.2,34,416,ATL,TEX,Austin Riley homers (11) on a fly ball to left field.
2026-07-19,824739,575929,663556,"McClanahan, Shane",R,L,CH,Changeup,85.2,1433,0.2954760571383305,1.806874908642448,9,3.229658793,1.62992126,0,0,5,Bot,1,106.8,29,414,BOS,TB,Willson Contreras homers (22) on a fly ball to right center field. Ceddanne Rafaela scores.
2026-07-19,824739,683748,543243,"Gray, Sonny",L,R,FC,Cutter,87.7,2473,-0.2166849818229257,2.4660928810309315,5,3.15769357,1.593602362,1,0,2,Top,0,108.8,15,317,BOS,TB,Victor Mesa Jr. hits an inside-the-park home run (7) on a line drive to right-center field.
2026-07-19,824653,608324,805673,"Matthews, Zebby",R,R,SL,Slider,87.7,2417,0.1778605932820406,2.891023426942365,2,3.126099081,1.57765748,2,2,1,Bot,2,101.4,31,383,CHC,MIN,Alex Bregman homers (10) on a fly ball to left field. Seiya Suzuki scores.
2026-07-19,824411,699013,702021,"Dion, Will",R,L,FF,4-Seam Fastball,89.7,2291,-0.706705148600016,2.8250693646025637,1,3.311277887,1.671112205,3,2,9,Top,1,102.2,41,371,CLE,PIT,Esmerlyn Valdez homers (12) on a fly ball to left field. Jared Triolo scores.
2026-07-19,824330,650489,641941,"Pagán, Emilio",L,R,FF,4-Seam Fastball,95.4,2543,0.4087799521382643,2.851403031080657,3,3.203330053,1.616633858,1,2,9,Bot,0,105.1,35,435,COL,CIN,Willi Castro homers (9) on a fly ball to right field.
2026-07-19,824330,696100,594580,"Moll, Sam",R,L,SI,Sinker,91.8,2549,-0.1581348743048514,1.2401889573857812,13,3.178756562,1.604232283,3,2,8,Bot,2,105.1,29,442,COL,CIN,Hunter Goodman homers (30) on a fly ball to center field. Mickey Moniak scores.
2026-07-19,824330,696100,668881,"Greene, Hunter",R,R,FF,4-Seam Fastball,98.6,2308,0.3415679593674113,2.3636235215856702,6,3.178756562,1.604232283,2,2,6,Bot,1,108.1,36,435,COL,CIN,Hunter Goodman homers (29) on a fly ball to left center field. Jake McCarthy scores.
2026-07-19,824330,663886,685299,"Gordon, Tanner",R,R,SL,Slider,87.7,1916,-0.483962332982032,2.7878132235665456,4,3.359547244,1.695472441,1,1,5,Top,1,101.6,31,418,COL,CIN,Tyler Stephenson homers (8) on a fly ball to left center field.
2026-07-19,824330,701398,663372,"Feltner, Ryan",R,R,SL,Slider,88.7,2408,0.0311652484812873,2.7646876674219287,2,3.239312664,1.634793307,0,0,2,Top,0,105.3,32,456,COL,CIN,Sal Stewart homers (20) on a fly ball to center field. Dane Myers scores. Elly De La Cruz scores.
2026-07-19,824330,696100,668881,"Greene, Hunter",R,R,SL,Slider,90.3,2383,0.5858127403580146,2.06015303098451,9,3.178756562,1.604232283,2,2,1,Bot,2,104.5,27,425,COL,CIN,Hunter Goodman homers (28) on a fly ball to center field.
2026-07-19,824330,663886,663372,"Feltner, Ryan",R,R,SL,Slider,87.9,2510,-0.0911819640198581,3.150331804753484,2,3.359547244,1.695472441,0,1,1,Top,2,105.1,35,435,COL,CIN,Tyler Stephenson homers (7) on a fly ball to left center field. Eugenio Suárez scores.
2026-07-19,824330,663993,663372,"Feltner, Ryan",L,R,SL,Slider,88.5,2592,0.0769462216037336,2.548747818560355,5,3.366568242,1.699015748,1,0,1,Top,2,106.9,35,420,COL,CIN,Nathaniel Lowe homers (11) on a fly ball to right field. Elly De La Cruz scores. JJ Bleday scores.
2026-07-19,824168,514888,670329,"Garcia, Rico",R,R,FF,4-Seam Fastball,96.0,2512,-0.8379457747796009,2.581021097492164,11,2.926000656,1.476673228,1,1,8,Bot,0,91.8,28,353,HOU,BAL,Jose Altuve homers (12) on a fly ball to left field.
2026-07-19,824168,691723,687911,"King, Bryan",R,L,FF,4-Seam Fastball,91.5,2053,0.4447270104778046,2.4759839244423194,6,3.413959974,1.722933071,2,0,6,Top,0,104.0,32,384,HOU,BAL,Coby Mayo homers (13) on a fly ball to right center field.
2026-07-19,824086,664034,686475,"Tolbert, Tyler",R,R,FA,Other,45.3,1078,-0.0171212730973412,2.336704371374225,5,3.10328084,1.566141732,2,1,9,Top,2,103.0,26,416,KC,SD,Ty France homers (14) on a fly ball to left center field.
2026-07-19,824086,701538,686475,"Tolbert, Tyler",L,R,FA,Other,47.3,1108,0.0213349234296288,3.643024666751092,12,3.320054134,1.675541339,2,1,9,Top,1,104.8,30,419,KC,SD,Jackson Merrill homers (12) on a fly ball to right field. Sung-Mun Song scores.
2026-07-19,824086,664034,668674,"Erceg, Lucas",R,R,SL,Slider,82.9,1941,-0.0939556122023925,2.2161165946241854,5,3.10328084,1.566141732,2,1,8,Top,2,100.1,42,365,KC,SD,Ty France hits a grand slam (13) to left field. Sung-Mun Song scores. Fernando Tatis Jr. scores. Manny Machado scores.
2026-07-19,824086,665487,621381,"Strahm, Matt",R,L,SL,Slider,81.3,2543,-0.0449559068057644,2.092313735523982,8,3.346382874,1.68882874,2,2,6,Top,1,107.6,20,401,KC,SD,Fernando Tatis Jr. homers (7) on a line drive to left field.
2026-07-19,824086,701538,702070,"Cameron, Noah",L,L,FC,Cutter,87.7,2167,0.180920568785457,2.629683849696142,5,3.320054134,1.675541339,1,1,4,Top,0,101.9,27,405,KC,SD,Jackson Merrill homers (11) on a fly ball to left center field.
2026-07-19,824086,695506,608566,"Márquez, Germán",L,R,KC,Knuckle Curve,84.9,2507,0.5512537264711702,2.9988547307276106,3,3.401673228,1.716732283,0,1,1,Bot,2,113.5,33,432,KC,SD,Jac Caglianone homers (16) on a fly ball to right field.
2026-07-19,824007,682985,666171,"Zeferjahn, Ryan",L,R,ST,Sweeper,86.1,2542,0.3199217906759422,2.6398521424330657,6,3.303379265,1.667125984,3,2,9,Top,0,105.6,42,390,LAA,DET,Riley Greene homers (14) on a fly ball to right center field.
2026-07-19,824007,805808,696270,"Johnson, Ryan",L,R,SI,Sinker,92.6,2183,0.0564152507659396,1.387784799750995,14,3.085728346,1.557283465,2,0,1,Top,0,103.6,31,402,LAA,DET,Kevin McGonigle homers (9) on a fly ball to left center field.
2026-07-19,823764,661388,664126,"Fairbanks, Pete",R,R,FC,Cutter,87.6,2502,-0.0945069284232648,2.5580586925583217,5,3.133120079,1.581200787,1,2,9,Bot,1,102.8,29,411,MIL,MIA,William Contreras homers (10) on a fly ball to center field. Jackson Chourio scores. Brice Turang scores.
2026-07-19,823764,665923,688107,"Gasser, Robert",R,L,ST,Sweeper,81.5,2477,-0.3909570334458372,1.221710899698197,13,3.165592192,1.597588583,1,1,3,Top,1,108.0,30,420,MIL,MIA,Esteury Ruiz homers (5) on a fly ball to left field.
2026-07-19,823523,663757,808967,"Yamamoto, Yoshinobu",L,R,FF,4-Seam Fastball,94.2,2112,0.3294955254561107,2.484831673402613,6,3.138385827,1.583858268,2,0,4,Bot,0,108.4,26,402,NYY,LAD,Trent Grisham homers (11) on a fly ball to right field.
2026-07-19,823521,665862,623465,"Phillips, Evan",L,R,FF,4-Seam Fastball,97.0,2372,-0.1264264123809229,1.8302750666755043,8,3.15593832,1.592716535,1,0,8,Bot,1,105.3,33,402,NYY,LAD,Jazz Chisholm Jr. homers (14) on a fly ball to left center field.
2026-07-19,823521,669242,518585,"Cruz, Fernando",L,R,FS,Split-Finger,79.8,534,0.2915788974256494,1.8001693787302862,9,3.102403215,1.565698819,0,1,8,Top,0,102.1,32,387,NYY,LAD,Tommy Edman homers (2) on a fly ball to right center field.
2026-07-19,823439,664761,621345,"Minter, A.J.",R,L,FF,4-Seam Fastball,93.9,2433,-0.2605323433140021,3.4470794634662254,2,3.406938976,1.719389764,1,0,7,Bot,1,107.0,23,396,PHI,NYM,Alec Bohm homers (12) on a fly ball to left field.
2026-07-19,823439,596019,660604,"Rangel, Alan",L,R,FF,4-Seam Fastball,92.2,2425,0.461811763773203,2.171803694740066,6,3.107668963,1.568356299,1,0,1,Top,2,106.7,37,420,PHI,NYM,Francisco Lindor homers (6) on a fly ball to right field. Bo Bichette scores.
2026-07-19,823113,702284,605288,"Houser, Adrian",L,R,CH,Changeup,85.1,1660,-0.4993003532065054,2.2888500572870543,4,3.133120079,1.581200787,0,0,7,Bot,0,103.6,24,369,SEA,SF,Cole Young homers (13) on a fly ball to right field. Julio Rodríguez scores.
2026-07-19,823113,670042,605288,"Houser, Adrian",L,R,CH,Changeup,85.9,1729,-0.3826295040491572,2.70427011622893,4,3.340239501,1.685728347,1,0,6,Bot,1,103.2,30,386,SEA,SF,Luke Raley homers (15) on a fly ball to right center field.
2026-07-19,823113,805811,669302,"Gilbert, Logan",L,R,FF,4-Seam Fastball,98.6,2405,0.3988023333743868,1.9684894589755824,9,3.541215551,1.787155512,0,0,1,Top,1,107.0,23,407,SEA,SF,Bryce Eldridge homers (10) on a fly ball to center field.
2026-07-19,822786,695657,702056,"Yesavage, Trey",L,R,FS,Split-Finger,82.7,1335,-0.4962935192501441,2.3554972393797846,4,3.340239501,1.685728347,1,2,6,Top,2,106.3,28,388,TOR,CWS,Colson Montgomery homers (24) on a fly ball to right center field.
2026-07-20,825058,606466,605488,"Springs, Jeffrey",R,L,SL,Slider,85.0,2316,-0.2028192498365988,2.354017981098115,5,3.218249672,1.624163386,2,1,6,Bot,0,108.5,32,402,AZ,ATH,Ketel Marte homers (18) on a fly ball to left field. Jorge Barrosa scores.
2026-07-20,825058,805779,683352,"Bratt, Mitch",R,L,SI,Sinker,89.8,2240,-0.0625680769842838,2.033662165473117,8,3.29109252,1.660925197,0,0,5,Top,0,100.6,31,399,AZ,ATH,Jacob Wilson homers (6) on a fly ball to left center field.
2026-07-20,825058,811965,683352,"Bratt, Mitch",R,L,FF,4-Seam Fastball,91.0,2412,-0.3906626607193637,2.831827069540621,1,3.130487205,1.579872047,0,0,2,Top,0,102.9,30,416,AZ,ATH,Joshua Kuroda-Grauer homers (1) on a fly ball to left center field.
2026-07-20,824898,664034,693821,"Elder, Bryce",R,R,SI,Sinker,90.2,2037,-0.2041326968203514,2.45762273261348,5,3.10328084,1.566141732,0,0,7,Top,0,100.3,31,397,ATL,SD,Ty France homers (15) on a fly ball to left center field.
2026-07-20,824898,645277,593974,"Peralta, Wandy",R,L,SI,Sinker,95.5,2038,0.4997840838019983,3.192921371702366,12,2.984801509,1.506348425,1,2,6,Bot,1,101.2,34,393,ATL,SD,Ozzie Albies homers (15) on a fly ball to left field.
2026-07-20,824898,671739,676664,"Sears, JP",L,L,ST,Sweeper,79.4,2205,-0.1347394789097332,2.5264194979388157,5,3.181389436,1.605561024,0,1,5,Bot,1,100.9,40,341,ATL,SD,Michael Harris II homers (18) on a fly ball to right field.
2026-07-20,824898,592518,693821,"Elder, Bryce",R,R,SL,Slider,81.8,2177,-0.1654909952532869,2.4135176509610834,5,3.313910761,1.672440945,0,0,4,Top,1,103.9,29,402,ATL,SD,Manny Machado homers (20) on a fly ball to center field.
2026-07-20,824736,702332,669330,"Wells, Tyler",R,R,FC,Cutter,90.5,2437,0.3289662694361669,2.805050237077581,3,2.947063648,1.48730315,1,0,8,Bot,2,96.7,38,364,BOS,BAL,Caleb Durbin homers (10) on a fly ball to left center field.
2026-07-20,824736,687952,801139,"Tolle, Payton",R,L,FF,4-Seam Fastball,94.4,2173,0.1591766233054599,3.272823064804299,2,3.234924541,1.63257874,1,0,5,Top,0,103.3,36,395,BOS,BAL,Christian Encarnacion-Strand homers (1) on a fly ball to left center field.
2026-07-20,824654,664023,640448,"Finnegan, Kyle",L,R,FF,4-Seam Fastball,96.3,2111,0.1370225835132795,2.7846888214855534,2,3.136630577,1.582972441,0,1,8,Bot,1,104.8,32,432,CHC,DET,Ian Happ homers (18) on a fly ball to right center field. Alex Bregman scores.
2026-07-20,824654,693307,621053,"Ferguson, Tyler",R,R,FF,4-Seam Fastball,94.6,2354,0.3124160406821998,2.9595035002130183,3,3.271784777,1.651181102,1,2,8,Top,0,97.4,31,382,CHC,DET,Dillon Dingler homers (21) on a fly ball to left center field.
2026-07-20,824654,683737,656427,"Flaherty, Jack",L,R,FF,4-Seam Fastball,91.5,2171,-0.7293115750276482,2.394708183932974,4,3.166469816,1.598031496,3,1,3,Bot,1,98.3,39,401,CHC,DET,Michael Busch homers (13) on a fly ball to center field.
2026-07-20,824654,673548,656427,"Flaherty, Jack",R,R,FF,4-Seam Fastball,90.9,2251,0.1329779549874452,2.3087935770480508,5,3.177878937,1.60378937,1,0,3,Bot,1,105.0,31,419,CHC,DET,Seiya Suzuki homers (16) on a fly ball to center field. Miguel Amaya scores.
2026-07-20,824654,693307,592791,"Taillon, Jameson",R,R,SI,Sinker,92.2,2266,-0.6357696467206623,2.0897497487913057,7,3.271784777,1.651181102,3,2,1,Top,1,97.9,33,396,CHC,DET,Dillon Dingler homers (20) on a fly ball to center field.
2026-07-20,824654,682985,592791,"Taillon, Jameson",L,R,FF,4-Seam Fastball,93.3,2331,-0.2961493928277615,3.018878116209033,1,3.303379265,1.667125984,1,0,1,Top,1,102.1,31,408,CHC,DET,Riley Greene homers (15) on a fly ball to right center field. Gleyber Torres scores. Colt Keith scores.
2026-07-20,824410,672275,808970,"Go, Woo-Suk",L,R,FF,4-Seam Fastball,94.0,2179,0.3855354420901438,2.5331209737680824,6,3.22351542,1.626820866,0,1,7,Bot,0,103.6,30,408,CLE,MIN,Patrick Bailey homers (4) on a fly ball to center field.
2026-07-20,824410,690984,657746,"Ryan, Joe",L,R,FF,4-Seam Fastball,92.3,2291,-0.3296746573436917,4.005330505882545,11,3.18402231,1.606889764,1,2,4,Bot,0,98.2,31,396,CLE,MIN,Petey Halpin homers (2) on a fly ball to center field.
2026-07-20,824410,656555,657746,"Ryan, Joe",R,R,SI,Sinker,91.2,2201,-0.367899572788162,2.3922355839811598,4,3.334096129,1.682627953,0,0,3,Bot,0,107.5,31,398,CLE,MIN,Rhys Hoskins homers (11) on a fly ball to left field.
2026-07-20,824410,683953,657746,"Ryan, Joe",L,R,FF,4-Seam Fastball,93.6,2305,-0.1607150117834095,2.870178388839413,2,3.178756562,1.604232283,2,2,2,Bot,2,98.7,28,385,CLE,MIN,Travis Bazzana homers (9) on a fly ball to right center field.
2026-07-20,824410,690984,657746,"Ryan, Joe",L,R,FS,Split-Finger,88.6,2410,0.3420718472993433,2.18185977069966,6,3.18402231,1.606889764,1,1,2,Bot,1,102.9,29,411,CLE,MIN,Petey Halpin homers (1) on a fly ball to right center field. Patrick Bailey scores.
2026-07-20,824410,656555,657746,"Ryan, Joe",R,R,ST,Sweeper,80.8,2738,-0.2283791121388767,2.560099153947177,5,3.334096129,1.682627953,1,0,1,Bot,2,102.9,31,401,CLE,MIN,Rhys Hoskins homers (10) on a fly ball to left field.
2026-07-20,824410,677587,657746,"Ryan, Joe",L,R,FF,4-Seam Fastball,94.2,2398,0.4154216649999644,3.0102471322798703,3,3.068175853,1.548425197,1,1,1,Bot,2,102.2,38,383,CLE,MIN,Brayan Rocchio homers (9) on a fly ball to right field. Travis Bazzana scores.
2026-07-20,824328,682928,622608,"Senzatela, Antonio",L,R,CU,Curveball,84.2,2630,-0.0299617279584321,1.2012365180144653,13,3.222637795,1.626377953,1,1,7,Top,2,100.9,25,420,COL,WSH,CJ Abrams homers (22) on a fly ball to right center field. Daylen Lile scores.
2026-07-20,824328,696285,607536,"Freeland, Kyle",R,L,FF,4-Seam Fastball,92.2,2349,-0.6125238415846562,2.6554327694817186,4,3.187532808,1.608661417,0,0,6,Top,0,103.4,35,437,COL,WSH,Jacob Young homers (9) on a fly ball to left center field.
2026-07-20,824328,665953,607536,"Freeland, Kyle",R,L,CH,Changeup,87.4,1850,-0.0806570592382964,3.03735564246461,2,3.205085302,1.617519685,0,0,1,Top,0,105.4,33,427,COL,WSH,Andrés Chaparro homers (4) on a fly ball to left center field. James Wood scores. Curtis Mead scores.
2026-07-20,824167,670541,669199,"Bachar, Lake",L,R,FF,4-Seam Fastball,94.1,2626,-0.5311186223118266,2.127876518823254,7,3.392019357,1.711860236,1,1,5,Bot,0,108.3,23,419,HOU,MIA,Yordan Alvarez homers (33) on a fly ball to right center field.
2026-07-20,824167,689414,669854,"Blanco, Ronel",L,R,CU,Curveball,79.3,2223,0.1433123737120317,2.2091895286946825,5,3.085728346,1.557283465,1,2,4,Top,0,101.7,30,393,HOU,MIA,Liam Hicks homers (14) on a fly ball to right field. Xavier Edwards scores.
2026-07-20,824167,670541,676083,"Junk, Janson",L,R,SL,Slider,88.5,2410,0.4812322280758154,1.7212938715275907,9,3.392019357,1.711860236,0,2,2,Bot,1,113.8,35,428,HOU,MIA,Yordan Alvarez homers (32) on a fly ball to right center field.
2026-07-20,824167,665161,676083,"Junk, Janson",R,R,FF,4-Seam Fastball,95.8,2491,0.2803856783435338,2.683144544099417,6,3.19718668,1.613533465,1,2,2,Bot,1,97.7,34,340,HOU,MIA,Jeremy Peña hits a grand slam (7) to right field. Yainer Diaz scores. Zach Dezenzo scores. Lucas Spence scores.
2026-07-20,824167,691788,669854,"Blanco, Ronel",L,R,FF,4-Seam Fastball,93.7,2351,0.351389256284112,2.313716780685755,6,3.220882546,1.625492126,3,2,2,Top,2,107.9,35,409,HOU,MIA,Joe Mack homers (8) on a fly ball to right field. Jakob Marsee scores.
2026-07-20,824087,642715,656638,"Lange, Alex",R,R,SI,Sinker,96.0,1948,0.4683219972595542,2.0504940346746845,9,3.22351542,1.626820866,1,0,9,Top,2,98.7,25,380,KC,SF,Willy Adames homers (18) on a fly ball to right center field. Jung Hoo Lee scores.
2026-07-20,824087,521692,686790,"McDonald, Trevor",R,R,SI,Sinker,90.7,2215,0.3416032403013727,2.071921012378581,9,3.312155512,1.671555118,0,1,4,Bot,1,105.4,25,440,KC,SF,Salvador Perez homers (13) on a fly ball to center field. Vinnie Pasquantino scores.
2026-07-20,824087,671218,608379,"Wacha, Michael",R,R,CU,Curveball,77.0,1895,0.111877614346556,2.4006923881818016,5,3.18402231,1.606889764,2,1,4,Top,2,107.5,26,430,KC,SF,Heliot Ramos homers (9) on a fly ball to right center field.
2026-07-20,824006,666176,681517,"Leahy, Kyle",R,R,CU,Curveball,86.2,2213,-0.0661304647642704,2.768716176558537,5,3.305134514,1.668011811,1,2,3,Bot,0,103.6,30,389,LAA,STL,Jo Adell homers (14) on a fly ball to left center field.
2026-07-20,823762,687401,675540,"Curry, Xzavion",R,R,CU,Curveball,73.4,2486,-0.3791461380636196,2.392910239186776,4,3.136630577,1.582972441,0,1,6,Bot,1,104.9,21,373,MIL,NYM,Joey Ortiz homers (5) on a line drive to left field. Jake Bauers scores. Cooper Pratt scores.
2026-07-20,823762,683734,642547,"Peralta, Freddy",R,R,FF,4-Seam Fastball,96.1,2461,0.1281417500625243,2.079777420352635,5,3.127854331,1.578543307,0,0,3,Bot,2,104.9,21,393,MIL,NYM,Andrew Vaughn homers (3) on a line drive to center field. Garrett Mitchell scores.
2026-07-20,823762,806198,642547,"Peralta, Freddy",R,R,ST,Sweeper,81.0,2607,-0.447943742431926,2.467609809024912,4,3.373589239,1.702559055,0,1,2,Bot,1,96.7,30,393,MIL,NYM,Cooper Pratt homers (1) on a fly ball to center field.
2026-07-20,823522,665862,677952,"Ashcraft, Braxton",L,R,SL,Slider,92.0,2538,0.5788396711731516,1.9699156695830915,9,3.15593832,1.592716535,3,2,3,Bot,1,102.6,28,376,NYY,PIT,Jazz Chisholm Jr. homers (16) on a fly ball to right field. Cody Bellinger scores.
2026-07-20,823522,699013,677960,"Weathers, Ryan",R,L,SL,Slider,89.3,2667,0.4120506394071558,1.997687971841996,9,3.311277887,1.671112205,2,2,3,Top,0,106.6,28,436,NYY,PIT,Esmerlyn Valdez homers (13) on a fly ball to right center field. Bryan Reynolds scores.
2026-07-20,823522,665862,677952,"Ashcraft, Braxton",L,R,CU,Curveball,84.1,2775,-0.0500976344583214,2.177789708327934,5,3.15593832,1.592716535,1,1,1,Bot,1,106.1,24,377,NYY,PIT,Jazz Chisholm Jr. homers (15) on a fly ball to right center field. Paul Goldschmidt scores. Cody Bellinger scores.
2026-07-20,823436,605141,663767,"Shugart, Chase",R,R,SI,Sinker,94.7,2163,-0.703634663997653,1.981111377427802,7,3.096259843,1.562598425,1,1,9,Top,1,101.9,28,421,PHI,LAD,Mookie Betts homers (13) on a fly ball to left center field. Eliezer Alfonzo scores.
2026-07-20,823436,656537,689017,"Knack, Landon",R,R,FF,4-Seam Fastball,94.9,2522,-0.4509251062004099,2.3569392071123643,4,3.215616798,1.622834646,1,1,8,Bot,1,105.7,26,424,PHI,LAD,Derek Hill homers (8) on a fly ball to left center field.
2026-07-20,823436,547180,689017,"Knack, Landon",L,R,FF,4-Seam Fastball,95.1,2484,-0.5017646305514902,2.8497488842238297,1,3.26476378,1.647637795,0,1,7,Bot,0,104.0,25,407,PHI,LAD,Bryce Harper homers (21) on a fly ball to left center field.
2026-07-20,823436,605141,680742,"Bowlan, Jonathan",R,R,FF,4-Seam Fastball,96.1,2373,-0.7095583730369772,2.1303371648781493,4,3.096259843,1.562598425,2,0,7,Top,1,100.6,33,401,PHI,LAD,Mookie Betts homers (12) on a fly ball to left center field.
2026-07-20,823436,607208,681911,"Vesia, Alex",R,L,CH,Changeup,84.0,1841,-0.0797737552403187,2.2104382262947224,5,3.244578412,1.637450787,0,0,6,Bot,2,95.2,23,346,PHI,LAD,Trea Turner homers (14) on a line drive to left field. Bryson Stott scores. Derek Hill scores.
2026-07-20,823436,669016,686218,"Sheehan, Emmet",L,R,FF,4-Seam Fastball,92.8,2524,-0.3662653784112631,2.7832350291513457,4,3.312155512,1.671555118,2,0,6,Bot,0,100.7,25,396,PHI,LAD,Brandon Marsh homers (16) on a fly ball to left center field.
2026-07-20,823436,607208,686218,"Sheehan, Emmet",R,R,SL,Slider,87.3,2074,0.0444909425448826,2.3737919783205483,5,3.244578412,1.637450787,1,0,2,Bot,2,101.1,34,404,PHI,LAD,Trea Turner homers (13) on a fly ball to left field. Gabriel Rincones Jr. scores.
2026-07-20,823112,663728,657571,"Ferguson, Caleb",R,L,SV,Slurve,78.1,3076,-0.0246218664378625,2.2967026269775257,5,3.282316273,1.656496063,0,0,7,Bot,1,102.1,30,408,SEA,CIN,Cal Raleigh hits a grand slam (10) to left center field. Randy Arozarena scores. Weston Wilson scores. Dominic Canzone scores.
2026-07-20,822874,669394,622554,"Domínguez, Seranthony",R,R,FF,4-Seam Fastball,96.2,2208,-0.4410432963848352,1.9747339946185527,7,3.229658793,1.62992126,0,0,7,Bot,0,99.3,28,408,TEX,CWS,Jake Burger homers (17) on a fly ball to left center field.
2026-07-20,822874,592626,607200,"Fedde, Erick",L,R,ST,Sweeper,80.6,2453,-0.4828988572799504,3.000218890318264,1,3.23667979,1.633464567,2,1,1,Bot,0,105.9,36,423,TEX,CWS,Joc Pederson homers (17) on a fly ball to right center field.
2026-07-20,822788,663743,663893,"Little, Brendon",R,L,SL,Slider,89.1,2411,0.1478803234112115,2.265326513735553,5,3.161204068,1.595374016,2,1,9,Top,0,102.9,26,408,TOR,TB,Nick Fortes homers (3) on a fly ball to left center field.
2026-07-20,822788,656775,656302,"Cease, Dylan",L,R,KC,Knuckle Curve,81.2,2638,-0.0737366958592369,2.568533009784129,2,3.004986877,1.516535433,0,0,6,Top,0,102.9,28,411,TOR,TB,Cedric Mullins homers (12) on a fly ball to center field.
2026-07-20,822788,683748,656302,"Cease, Dylan",L,R,SI,Sinker,97.5,2333,0.2688442405645899,2.2036256194072967,5,3.15769357,1.593602362,2,2,2,Top,1,106.3,27,412,TOR,TB,Victor Mesa Jr. homers (8) on a fly ball to center field.
2026-07-21,825056,805779,623149,"Sewald, Paul",R,R,FF,4-Seam Fastball,91.4,2656,-0.4470115446665785,2.863500157148683,1,3.29109252,1.660925197,1,1,9,Top,2,102.8,24,394,AZ,ATH,Jacob Wilson homers (7) on a fly ball to left field. Donovan Walton scores.
2026-07-21,825056,669127,657044,"Thompson, Ryan",R,R,SL,Slider,77.9,2360,-0.2225724763429567,2.519695292049664,5,3.18226706,1.606003937,1,1,8,Top,1,110.7,25,444,AZ,ATH,Shea Langeliers homers (23) on a fly ball to left center field.
2026-07-21,825056,596146,678022,"Perkins, Jack",L,R,ST,Sweeper,85.7,2992,-0.0178691743164297,2.8049609365380004,5,3.376222113,1.703887795,2,1,1,Bot,2,102.6,33,392,AZ,ATH,Max Kepler homers (2) on a fly ball to right center field. Ketel Marte scores. Gabriel Moreno scores.
2026-07-21,824895,665487,702275,"Ritchie, JR",R,R,CU,Curveball,84.3,2475,0.1384422852116782,2.171655664807622,8,3.346382874,1.68882874,3,2,8,Top,1,111.0,27,474,ATL,SD,Fernando Tatis Jr. homers (8) on a fly ball to left center field. Luis Rengifo scores.
2026-07-21,824895,592518,702275,"Ritchie, JR",R,R,CH,Changeup,86.1,1578,0.2174320377254415,2.7431020411353075,5,3.313910761,1.672440945,2,1,6,Top,2,105.0,24,418,ATL,SD,Manny Machado homers (22) on a fly ball to center field.
2026-07-21,824895,592518,625643,"López, Reynaldo",R,R,FF,4-Seam Fastball,94.7,2131,-0.5864795665773108,2.4128913884663,4,3.313910761,1.672440945,3,0,5,Top,0,104.8,29,412,ATL,SD,Manny Machado homers (21) on a fly ball to left field.
2026-07-21,824895,701538,625643,"López, Reynaldo",L,R,CU,Curveball,73.5,2356,-0.3721851248801551,2.0837186225074014,7,3.320054134,1.675541339,0,1,4,Top,0,99.0,29,405,ATL,SD,Jackson Merrill homers (13) on a fly ball to right center field.
2026-07-21,824652,693307,650644,"Civale, Aaron",R,R,FC,Cutter,87.4,2642,0.289040238628746,2.7123445233740786,6,3.271784777,1.651181102,1,1,9,Top,0,100.8,29,392,CHC,DET,Dillon Dingler homers (22) on a fly ball to left center field. Hao-Yu Lee scores.
2026-07-21,824652,624424,669724,"Hanifee, Brenan",L,R,CH,Changeup,88.6,1796,-0.0154637370092831,2.29311629041975,5,3.181389436,1.605561024,1,0,5,Bot,0,103.4,25,383,CHC,DET,Michael Conforto homers (9) on a fly ball to right center field. Dansby Swanson scores.
2026-07-21,824409,680777,800048,"Messick, Parker",R,L,CU,Curveball,80.3,2306,-0.2453561973498793,2.923945604187504,2,3.284949147,1.657824803,0,1,1,Top,2,106.1,25,402,CLE,MIN,Ryan Jeffers homers (9) on a fly ball to left field.
2026-07-21,824329,696100,690925,"Beeter, Clayton",R,R,SL,Slider,87.4,3039,0.0438067158644091,1.0983915752361355,14,3.178756562,1.604232283,3,2,8,Bot,2,95.4,32,399,COL,WSH,Hunter Goodman homers (31) on a fly ball to left center field.
2026-07-21,824329,666160,571945,"Mikolas, Miles",L,R,SL,Slider,88.5,2298,-0.0630045169145427,2.763824532917282,2,3.254232283,1.642322835,2,2,6,Bot,0,101.2,38,421,COL,WSH,Mickey Moniak homers (16) on a fly ball to right center field.
2026-07-21,824329,682928,547179,"Lorenzen, Michael",L,R,CH,Changeup,85.1,2224,0.0313765949199568,1.6539093186246676,8,3.222637795,1.626377953,0,1,3,Top,2,102.7,35,434,COL,WSH,CJ Abrams homers (24) on a fly ball to right center field. José Tena scores.
2026-07-21,824329,682928,547179,"Lorenzen, Michael",L,R,FC,Cutter,88.5,2655,0.0083951656058898,2.2315942625555047,5,3.222637795,1.626377953,1,0,1,Top,2,99.5,32,423,COL,WSH,CJ Abrams homers (23) on a fly ball to center field. José Tena scores.
2026-07-21,824165,691788,805123,"Blubaugh, AJ",L,R,CH,Changeup,84.1,2519,0.0786508326889889,2.370324229455736,5,3.220882546,1.625492126,2,1,7,Top,0,109.3,30,435,HOU,MIA,Joe Mack homers (9) on a fly ball to right center field. Javier Sanoja scores.
2026-07-21,824165,670623,676604,"Zuber, Tyler",R,R,ST,Sweeper,81.9,2793,-0.1437648666833924,2.469060131686943,5,3.180511811,1.60511811,0,0,5,Bot,2,101.1,35,388,HOU,MIA,Isaac Paredes homers (13) on a fly ball to left field. Jeremy Peña scores. Yordan Alvarez scores.
2026-07-21,824165,665161,663969,"Phillips, Tyler",R,R,ST,Sweeper,84.4,2659,0.0312562735870176,1.962526028308194,8,3.19718668,1.613533465,1,2,1,Bot,0,102.3,24,405,HOU,MIA,"Umpire reviewed (home run), call on the field was overturned: Jeremy Peña homers (8) on a line drive to left center field."
2026-07-21,824085,695600,641816,"Mahle, Tyler",L,R,FF,4-Seam Fastball,95.0,2238,0.0633727095363494,2.70263328505052,5,3.191043307,1.610433071,2,2,3,Bot,1,106.7,37,416,KC,SF,Carter Jensen homers (14) on a fly ball to right center field.
2026-07-21,824005,666176,669461,"Liberatore, Matthew",R,L,CU,Curveball,79.1,3102,0.1421645745527109,1.9837654287592583,8,3.305134514,1.668011811,0,2,1,Bot,1,110.0,22,405,LAA,STL,Jo Adell homers (15) on a fly ball to left center field. Vaughn Grissom scores.
2026-07-21,823760,673357,669060,"Wilson, Bryse",R,R,FC,Cutter,86.7,1954,-0.0636730354099865,2.1404006707179226,8,3.310400263,1.670669291,0,1,8,Top,0,112.2,27,451,MIL,NYM,Luis Robert Jr. homers (3) on a fly ball to left center field.
2026-07-21,823760,676724,687075,"Sproat, Brandon",L,R,FC,Cutter,91.7,2118,0.6197289995054056,1.7944385238977436,9,3.280561024,1.655610236,2,1,2,Top,1,107.2,38,393,MIL,NYM,Jared Young homers (7) on a fly ball to right center field.
2026-07-21,823437,571970,554430,"Wheeler, Zack",L,R,FC,Cutter,89.3,2636,-0.4241444549833002,2.08328247238394,4,3.127854331,1.578543307,0,0,4,Top,1,102.4,28,421,PHI,LAD,Max Muncy homers (19) on a fly ball to center field. Andy Pages scores.
2026-07-21,823114,663993,621074,"Rucker, Michael",L,R,FF,4-Seam Fastball,96.0,2301,-0.4303834320630493,2.558995816215758,4,3.366568242,1.699015748,2,1,9,Top,0,100.3,27,362,SEA,CIN,Nathaniel Lowe homers (12) on a fly ball to left field.
2026-07-21,823114,677594,670062,"Garcia, Julian",R,R,FF,4-Seam Fastball,91.1,2619,-0.5003208758340923,1.7071019703026435,7,3.377977362,1.704773622,1,0,8,Bot,0,107.9,35,409,SEA,CIN,Julio Rodríguez homers (15) on a fly ball to left center field.
2026-07-21,823114,642215,622088,"Antone, Tejay",R,R,CU,Curveball,80.7,2967,-0.1703004061034063,2.632631932758255,5,3.342872375,1.687057087,1,2,7,Bot,1,101.3,32,411,SEA,CIN,Weston Wilson homers (3) on a fly ball to left field.
2026-07-21,823114,553993,622491,"Castillo, Luis",R,R,FF,4-Seam Fastball,93.9,2105,0.2207764623315926,2.4345117881027134,5,3.17085794,1.600246063,0,0,4,Top,0,103.6,34,405,SEA,CIN,Eugenio Suárez homers (13) on a fly ball to center field.
2026-07-21,823114,682829,622491,"Castillo, Luis",L,R,FF,4-Seam Fastball,96.6,2245,-0.431371449710066,2.6402182444561824,4,3.460474081,1.74640748,3,2,1,Top,0,101.1,25,395,SEA,CIN,Elly De La Cruz homers (17) on a fly ball to right center field.
2026-07-21,822871,694671,805326,"Schweitzer, Tyler",R,L,SL,Slider,88.3,2371,-0.0837454073713104,2.6314776589472992,5,3.196309055,1.613090551,2,2,5,Bot,1,103.3,31,397,TEX,CWS,Wyatt Langford homers (11) on a fly ball to left field. Alejandro Osuna scores.
2026-07-21,822871,607043,702273,"Schultz, Noah",L,L,FF,4-Seam Fastball,94.0,2273,-0.3270035916824851,2.0963089258955074,7,3.270029528,1.650295276,0,0,1,Bot,2,97.5,31,351,TEX,CWS,Brandon Nimmo homers (10) on a fly ball to left field. Wyatt Langford scores.
2026-07-21,822787,650490,571578,"Corbin, Patrick",R,L,FC,Cutter,87.3,2262,-0.395655683509939,2.403151044401022,4,3.227903543,1.629035433,3,1,9,Top,1,106.3,22,418,TOR,TB,Yandy Díaz homers (14) on a fly ball to center field. Taylor Walls scores. Nick Fortes scores.
2026-07-21,822787,663743,681751,"Estrada, Lazaro",R,R,FF,4-Seam Fastball,92.7,2121,-0.3449336101679912,2.923873841666942,1,3.161204068,1.595374016,1,2,5,Top,1,100.0,33,378,TOR,TB,Nick Fortes homers (4) on a fly ball to left center field. Chandler Simpson scores. Ben Williamson scores.
2026-07-22,825055,814439,814305,"Tur, Yunior",R,R,FF,4-Seam Fastball,95.8,2085,-0.7921409767132197,2.6241503771537262,4,3.201574803,1.615748032,1,0,5,Bot,2,103.9,30,426,AZ,ATH,Ryan Waldschmidt homers (1) on a fly ball to left center field. Tim Tawa scores.
2026-07-22,825055,543510,814305,"Tur, Yunior",R,R,FC,Cutter,91.9,2353,-0.1062039173753274,1.8574923520858275,8,3.280561024,1.655610236,0,0,5,Bot,2,106.7,27,431,AZ,ATH,James McCann homers (3) on a fly ball to left center field. Ildemaro Vargas scores.
2026-07-22,825055,672515,695611,"Jump, Gage",R,L,FF,4-Seam Fastball,96.5,2295,-0.0106270875291029,2.4377757350624343,5,3.071686352,1.55019685,2,2,5,Bot,2,108.4,32,427,AZ,ATH,Gabriel Moreno homers (7) on a fly ball to center field.
2026-07-22,825055,643446,518876,"Kelly, Merrill",L,R,FC,Cutter,91.1,2210,0.7765717220181341,1.934258496001624,9,3.213861549,1.621948819,2,2,5,Top,0,101.5,28,390,AZ,ATH,Jeff McNeil homers (4) on a fly ball to right field.
2026-07-22,825055,571448,695611,"Jump, Gage",R,L,FF,4-Seam Fastball,95.2,2289,-0.166374831624922,2.426364057075077,5,3.277050525,1.653838583,0,0,4,Bot,1,100.1,32,396,AZ,ATH,Nolan Arenado homers (14) on a fly ball to left field.
2026-07-22,825055,682998,695611,"Jump, Gage",L,L,FF,4-Seam Fastball,95.8,2338,0.0352420796870655,2.826812951144028,2,3.10328084,1.566141732,0,0,4,Bot,0,100.0,35,375,AZ,ATH,Corbin Carroll homers (15) on a fly ball to left center field.
2026-07-22,824896,650859,628452,"Iglesias, Raisel",L,R,FF,4-Seam Fastball,93.9,2400,0.4896918426339129,2.1550787127793853,6,3.087483596,1.558169291,1,1,9,Top,1,102.4,26,359,ATL,SD,Luis Rengifo homers (1) on a fly ball to right field. Fernando Tatis Jr. scores.
2026-07-22,824896,701538,800311,"Fuentes, Didier",L,R,FF,4-Seam Fastball,97.8,2137,-0.3936817249950618,2.8845841040342464,1,3.320054134,1.675541339,0,2,7,Top,0,109.0,26,449,ATL,SD,Jackson Merrill homers (14) on a fly ball to center field.
2026-07-22,824735,678882,665152,"Kremer, Dean",R,R,CU,Curveball,76.9,2926,0.3633923183161045,2.779929823922438,3,3.110301837,1.569685039,1,0,4,Bot,2,98.2,38,377,BOS,BAL,Ceddanne Rafaela homers (9) on a fly ball to left center field.
2026-07-22,824735,687952,687562,"Bennett, Jake",R,L,SI,Sinker,91.3,2071,0.1644822206397187,1.954392381704138,8,3.234924541,1.63257874,0,0,4,Top,1,105.9,30,424,BOS,BAL,Christian Encarnacion-Strand homers (2) on a fly ball to center field.
2026-07-22,824650,701678,607067,"Rea, Colin",R,R,FF,4-Seam Fastball,92.6,2216,-0.0724120498710602,2.0779431592050157,5,3.087483596,1.558169291,3,0,4,Top,2,105.9,34,389,CHC,DET,Hao-Yu Lee homers (5) on a fly ball to center field. Riley Greene scores. Spencer Torkelson scores.
2026-07-22,824650,679529,607067,"Rea, Colin",R,R,SL,Slider,85.5,2147,0.4049947583133823,1.7021246707866102,9,3.232291667,1.63125,1,2,2,Top,1,101.6,28,391,CHC,DET,Spencer Torkelson homers (19) on a fly ball to left center field.
2026-07-22,824650,673548,672456,"Montero, Keider",R,R,SI,Sinker,95.2,2139,-0.0842952728915149,2.015402917891616,8,3.177878937,1.60378937,3,2,1,Bot,1,109.2,24,397,CHC,DET,Seiya Suzuki homers (17) on a fly ball to left center field.
2026-07-22,824408,700932,702193,"Morris, Andrew",L,R,FC,Cutter,93.1,2435,0.7141575862007734,2.5013248222639115,6,3.187532808,1.608661417,1,0,8,Bot,0,97.3,41,344,CLE,MIN,Kyle Manzardo homers (11) on a fly ball to right field.
2026-07-22,824408,686797,677944,"Cecconi, Slade",L,R,SI,Sinker,94.8,2307,-0.4318904350244918,2.7518097466831515,1,3.208595801,1.619291339,0,0,4,Top,2,100.4,28,401,CLE,MIN,Brooks Lee homers (15) on a fly ball to center field. Luke Keaschall scores. Alex Jackson scores.
2026-07-22,824408,663616,677944,"Cecconi, Slade",L,R,SI,Sinker,92.7,2231,-0.4524897451926035,3.1847240020160115,1,3.323564633,1.677312992,2,1,1,Top,0,102.8,24,404,CLE,MIN,Trevor Larnach homers (8) on a fly ball to right center field.
2026-07-22,824327,671277,623474,"Herget, Jimmy",L,R,ST,Sweeper,78.7,2904,-0.1168845142772218,2.8242016254959514,2,3.248088911,1.639222441,2,1,7,Top,2,102.9,31,421,COL,WSH,Luis García Jr. homers (21) on a fly ball to center field. Nasim Nuñez scores.
2026-07-22,824166,670623,645261,"Alcantara, Sandy",R,R,FF,4-Seam Fastball,97.2,2180,0.1341328200906947,2.0887366194289405,8,3.180511811,1.60511811,3,2,8,Bot,0,102.9,36,398,HOU,MIA,Isaac Paredes homers (14) on a fly ball to left center field.
2026-07-22,824166,670541,645261,"Alcantara, Sandy",L,R,FF,4-Seam Fastball,97.4,2346,-0.4422413006567536,2.174020501656928,7,3.392019357,1.711860236,1,1,8,Bot,0,104.9,25,394,HOU,MIA,Yordan Alvarez homers (34) on a fly ball to left center field. Jeremy Peña scores.
2026-07-22,824166,665161,645261,"Alcantara, Sandy",R,R,FC,Cutter,89.3,2242,-0.2029450559179638,2.540132947759635,5,3.19718668,1.613533465,0,0,3,Bot,0,105.7,39,383,HOU,MIA,Jeremy Peña homers (9) on a fly ball to left field.
2026-07-22,824083,669477,674444,"Cruz, Steven",R,R,FF,4-Seam Fastball,99.5,2213,-0.6521161855504034,2.3703403680310142,4,3.196309055,1.613090551,0,1,9,Top,2,99.1,26,376,KC,SF,Casey Schmitt homers (20) on a fly ball to left field.
2026-07-22,824083,521692,694738,"Roupp, Landen",R,R,SI,Sinker,92.2,2092,0.1098931837923269,2.118931471238528,8,3.312155512,1.671555118,0,1,7,Bot,0,108.7,25,437,KC,SF,Salvador Perez homers (14) on a fly ball to center field. Vinnie Pasquantino scores.
2026-07-22,824004,802139,672282,"Detmers, Reid",L,L,FF,4-Seam Fastball,91.9,2025,-0.0661166483728081,2.9326929200911875,2,3.096259843,1.562598425,0,1,6,Top,1,104.8,25,409,LAA,STL,JJ Wetherholt homers (15) on a fly ball to center field.
2026-07-22,823761,683146,701656,"Henderson, Logan",L,R,CH,Changeup,80.3,2535,-0.5333254847336419,1.9030250407137244,7,3.327952756,1.679527559,1,2,5,Top,1,105.8,23,366,MIL,NYM,Brett Baty homers (6) on a fly ball to right field.
2026-07-22,823761,543760,701656,"Henderson, Logan",R,R,FF,4-Seam Fastball,93.3,2314,0.2222201472294176,2.6729643121975406,5,3.212106299,1.621062992,3,2,2,Top,2,99.5,33,377,MIL,NYM,Marcus Semien homers (10) on a fly ball to left field.
2026-07-22,823518,700250,669387,"Mlodzinski, Carmen",L,R,FC,Cutter,92.9,2457,0.05077698038417,2.2447527298158603,5,3.280561024,1.655610236,3,1,7,Bot,1,102.1,29,394,NYY,PIT,Ben Rice homers (30) on a fly ball to right field. Ryan McMahon scores. Austin Wells scores.
2026-07-22,823518,693304,543037,"Cole, Gerrit",R,R,FF,4-Seam Fastball,97.0,2458,0.1749311109865482,2.5154341173647485,5,3.05062336,1.539566929,1,0,7,Top,2,102.0,36,397,NYY,PIT,Nick Gonzales homers (6) on a fly ball to right center field.
2026-07-22,823518,694378,543037,"Cole, Gerrit",L,R,CH,Changeup,83.5,1926,-0.020796416449871,2.4664221397527037,5,3.285826772,1.658267717,1,1,5,Top,2,99.3,23,348,NYY,PIT,Jacob Gonzalez homers (4) on a fly ball to right field. Nick Gonzales scores.
2026-07-22,823438,571970,605400,"Nola, Aaron",L,R,CH,Changeup,85.2,1505,-0.6778563224710317,2.7431919819295727,1,3.127854331,1.578543307,0,0,6,Top,0,100.3,25,415,PHI,LAD,Max Muncy homers (20) on a fly ball to center field. Freddie Freeman scores.
2026-07-22,823438,650559,641778,"Lauer, Eric",R,L,FF,4-Seam Fastball,90.9,2207,-0.0682843518561787,3.230567718787266,2,3.227903543,1.629035433,2,1,5,Bot,0,105.8,36,404,PHI,LAD,Bryan De La Cruz homers (1) on a fly ball to center field.
2026-07-22,823438,687221,605400,"Nola, Aaron",L,R,FF,4-Seam Fastball,94.4,2321,-0.3894762389597921,2.072199753289208,7,3.191920932,1.610875984,3,2,3,Top,2,107.7,27,438,PHI,LAD,Dalton Rushing homers (11) on a fly ball to center field.
2026-07-22,823438,664761,641778,"Lauer, Eric",R,L,CH,Changeup,86.1,1487,-0.0961320982606613,2.087120393994329,8,3.406938976,1.719389764,1,0,1,Bot,2,103.3,24,411,PHI,LAD,Alec Bohm homers (13) on a fly ball to left field. Kyle Schwarber scores.
2026-07-22,823110,701398,660825,"Bazardo, Eduard",R,R,SI,Sinker,98.1,2406,-0.2797350894305049,3.32688246686796,1,3.239312664,1.634793307,0,0,7,Top,2,103.5,27,369,SEA,CIN,Sal Stewart homers (21) on a fly ball to right center field. Edwin Arroyo scores. Ke'Bryan Hayes scores.
2026-07-22,823110,668709,676106,"Hancock, Emerson",L,R,FC,Cutter,85.6,2428,0.5823168168387315,2.567942447756198,6,3.286704396,1.65871063,0,2,4,Top,0,104.9,34,396,SEA,CIN,JJ Bleday homers (17) on a fly ball to right field.
2026-07-22,822873,695508,641743,"Kay, Anthony",R,L,FF,4-Seam Fastball,95.8,2308,0.2295460430879975,3.285390657752149,12,3.090994095,1.559940945,3,2,2,Bot,2,96.4,38,382,TEX,CWS,Cam Cauley homers (1) on a fly ball to right field.
2026-07-22,822784,672386,592155,"Booser, Cam",R,L,FC,Cutter,89.9,2177,-0.8196311875297074,2.173568609956769,4,3.010252625,1.519192913,1,2,7,Bot,1,103.7,29,406,TOR,TB,Alejandro Kirk homers (3) on a fly ball to left center field.
2026-07-23,824893,664034,641755,"Kinley, Tyler",R,R,SL,Slider,86.3,2690,-0.069012353514853,2.293669454623374,5,3.10328084,1.566141732,0,2,8,Top,1,108.2,22,395,ATL,SD,Ty France homers (16) on a fly ball to left field. Manny Machado scores.
2026-07-23,824893,686948,663362,"Waldron, Matt",L,R,ST,Sweeper,83.3,2223,1.3641344496344912,1.2730529702350424,14,3.205962927,1.617962598,3,2,7,Bot,1,98.4,37,370,ATL,SD,Drake Baldwin homers (19) on a fly ball to right field.
2026-07-23,824893,642086,656288,"Canning, Griffin",L,R,CH,Changeup,90.6,1574,-0.3168920965001229,2.5023712926885824,4,3.176123688,1.602903543,1,1,4,Bot,2,99.3,32,392,ATL,SD,Dominic Smith homers (7) on a fly ball to right field. Michael Harris II scores. Mauricio Dubón scores.
2026-07-23,824893,645277,656288,"Canning, Griffin",L,R,SI,Sinker,93.7,2089,-0.2356909744368498,2.890486256613767,2,2.984801509,1.506348425,1,2,4,Bot,0,99.6,33,398,ATL,SD,Ozzie Albies homers (16) on a fly ball to right center field.
2026-07-23,824893,671739,656288,"Canning, Griffin",L,R,FF,4-Seam Fastball,94.0,2199,0.6117987879299918,1.832766619463688,9,3.181389436,1.605561024,1,0,2,Bot,0,109.6,26,420,ATL,SD,Michael Harris II homers (19) on a fly ball to right center field.
2026-07-23,824406,672275,671737,"Bradley, Taj",L,R,FF,4-Seam Fastball,95.1,2253,0.0785997662139113,2.923356075667389,2,3.22351542,1.626820866,2,0,5,Bot,1,109.2,32,420,CLE,MIN,Patrick Bailey homers (5) on a fly ball to right field.
2026-07-23,824247,681546,670167,"Schreiber, John",L,R,FF,4-Seam Fastball,94.1,2259,0.2686735952838647,2.388243502730414,5,3.292847769,1.661811024,2,2,7,Bot,2,100.1,38,364,DET,KC,James Outman homers (4) on a fly ball to right center field. Dillon Dingler scores. Kerry Carpenter scores.
2026-07-23,824247,686555,675512,"Melton, Troy",L,R,SL,Slider,86.2,2399,0.2122427284904134,1.67629648704755,8,3.012885499,1.520521654,1,2,6,Top,0,101.7,32,390,DET,KC,Isaac Collins homers (6) on a fly ball to right field. Michael Massey scores.
2026-07-23,823042,682988,700241,"McGreevy, Michael",R,R,CH,Changeup,86.4,1624,-0.4889545762241359,2.419869978229406,4,3.283193898,1.656938976,1,0,4,Top,2,111.5,21,364,STL,AZ,Tyler Locklear homers (1) on a line drive to left field. Adrian Del Castillo scores.
2026-07-24,824812,687952,669276,"Lee, Dylan",R,L,CH,Changeup,87.8,1584,0.9390894596941028,2.7872606225856096,12,3.234924541,1.63257874,0,2,10,Bot,2,103.5,29,396,BAL,ATL,Christian Encarnacion-Strand homers (3) on a fly ball to right center field. Tyler O'Neill scores.
2026-07-24,824812,621566,552640,"Kittredge, Andrew",L,R,FF,4-Seam Fastball,94.6,2516,0.4686815245425354,2.9393987353590165,3,3.37183399,1.701673228,1,2,10,Top,2,104.1,27,416,BAL,ATL,Matt Olson homers (27) on a fly ball to right center field. Joey Bart scores. Jim Jarvis scores.
2026-07-24,824812,686948,670329,"Garcia, Rico",L,R,CH,Changeup,88.9,2225,0.0184442722117117,1.1578232848652703,14,3.205962927,1.617962598,1,2,8,Top,1,105.4,24,389,BAL,ATL,Drake Baldwin homers (20) on a fly ball to right center field.
2026-07-24,824733,672960,669711,"Weissert, Greg",R,R,SI,Sinker,96.3,2155,-0.0343011916227442,2.5467870870164235,5,3.255987533,1.643208661,0,0,7,Top,1,100.9,29,408,BOS,TOR,Kazuma Okamoto homers (23) on a fly ball to center field. Ernie Clement scores. Vladimir Guerrero Jr. scores.
2026-07-24,824733,678882,702056,"Yesavage, Trey",R,R,SL,Slider,87.1,2124,-0.9569573577962388,1.955185491230714,13,3.110301837,1.569685039,0,2,3,Bot,0,101.4,23,376,BOS,TOR,"Umpire reviewed (home run), call on the field was upheld: Ceddanne Rafaela homers (10) on a line drive to left field. Anthony Seigler scores."
2026-07-24,824733,678011,702056,"Yesavage, Trey",L,R,SL,Slider,87.5,2182,0.5161221195160051,1.8294349111158008,9,3.096259843,1.562598425,1,2,1,Bot,0,99.4,29,390,BOS,TOR,Anthony Seigler homers (3) on a fly ball to right field.
2026-07-24,824573,701358,663542,"Hudson, Bryan",R,L,FF,4-Seam Fastball,93.5,2138,-0.2605245240134811,2.4366616463859714,5,3.348138123,1.689714567,2,2,6,Top,1,101.2,34,383,CWS,HOU,Cam Smith homers (13) on a fly ball to left field. Christian Walker scores.
2026-07-24,823843,650859,676604,"Zuber, Tyler",L,R,ST,Sweeper,83.6,2722,-0.1219766585833743,2.249165671554721,5,3.087483596,1.558169291,0,1,8,Top,1,99.4,35,361,MIA,SD,Luis Rengifo homers (2) on a fly ball to right field. Jase Bowen scores.
2026-07-24,823843,681715,593974,"Peralta, Wandy",R,L,CH,Changeup,90.0,2255,0.251546244134874,2.08104680167749,8,3.178756562,1.604232283,0,1,5,Bot,1,110.8,20,423,MIA,SD,Heriberto Hernández homers (14) on a line drive to center field.
2026-07-24,823843,691788,608566,"Márquez, Germán",L,R,FF,4-Seam Fastball,94.9,2145,0.4863904713998187,2.456036579272796,6,3.220882546,1.625492126,0,0,2,Bot,2,108.2,22,399,MIA,SD,Joe Mack homers (10) on a fly ball to right field.
2026-07-24,823759,668930,608372,"Sugano, Tomoyuki",L,R,FF,4-Seam Fastball,93.0,2292,0.4539837025936003,2.1365090335334944,6,3.21035105,1.620177165,1,0,6,Bot,1,108.6,35,434,MIL,COL,Brice Turang homers (15) on a fly ball to center field.
2026-07-24,823759,592885,608372,"Sugano, Tomoyuki",L,R,FC,Cutter,87.9,2469,-0.1002999586571991,2.301356602941892,5,3.368323491,1.699901575,1,0,1,Bot,0,105.5,31,413,MIL,COL,Christian Yelich homers (7) on a fly ball to center field.
2026-07-24,823601,682626,623465,"Phillips, Evan",R,R,ST,Sweeper,84.0,2766,-0.22176534774285,2.8155718593812504,2,3.120833333,1.575,1,2,8,Bot,1,108.9,33,401,NYM,LAD,Francisco Alvarez homers (12) on a fly ball to left field.
2026-07-24,823601,663656,621345,"Minter, A.J.",L,L,FF,4-Seam Fastball,94.0,2510,0.1740438911373215,2.4108550917936604,5,3.350770997,1.691043307,1,1,8,Top,2,103.6,23,386,NYM,LAD,Kyle Tucker homers (8) on a fly ball to right center field. Freddie Freeman scores.
2026-07-24,823601,673357,808963,"Sasaki, Roki",R,R,FF,4-Seam Fastball,99.1,2337,-0.3389840980093462,3.180954473849633,1,3.310400263,1.670669291,2,2,2,Bot,1,101.8,37,381,NYM,LAD,Luis Robert Jr. homers (4) on a fly ball to left field.
2026-07-24,823434,502671,666200,"Luzardo, Jesús",R,L,SI,Sinker,94.0,2040,0.0899980545102729,1.5981087310106,8,3.30250164,1.666683071,2,0,4,Top,0,100.9,26,371,PHI,NYY,Paul Goldschmidt homers (16) on a fly ball to right field.
2026-07-24,823352,691718,683003,"Jones, Jared",L,R,SL,Slider,88.8,2546,0.2609888473118752,2.1209979099711127,5,3.202452428,1.616190945,3,1,6,Top,1,100.6,36,375,PIT,CHC,Pete Crow-Armstrong homers (22) on a fly ball to right field.
2026-07-24,823196,687093,671345,"Foley, Jason",R,R,SL,Slider,87.4,2183,-0.0010006654485741,2.4901974033111456,5,3.301624016,1.666240158,1,1,8,Top,1,103.4,24,381,SF,LAA,Vaughn Grissom homers (6) on a fly ball to left field. Jorge Soler scores.
2026-07-24,823196,669477,680570,"Rodriguez, Grayson",R,R,FF,4-Seam Fastball,96.3,2305,-0.7837422637183014,2.8005728351422303,1,3.196309055,1.613090551,1,1,3,Bot,2,105.9,27,412,SF,LAA,Casey Schmitt homers (21) on a fly ball to left field. Bryce Eldridge scores. Rafael Devers scores.
2026-07-24,823196,646240,680570,"Rodriguez, Grayson",L,R,FF,4-Seam Fastball,96.2,2306,-0.2414140679850027,2.722734458873843,5,3.217372047,1.623720472,2,1,1,Bot,2,101.8,24,362,SF,LAA,Rafael Devers homers (21) on a fly ball to left field. Bryce Eldridge scores.
2026-07-24,823031,553993,666277,"Soriano, George",R,R,SL,Slider,87.9,2456,0.2901066766212364,2.462423653900791,6,3.17085794,1.600246063,1,0,7,Top,2,110.5,34,435,STL,CIN,Eugenio Suárez homers (14) on a fly ball to left center field. Sal Stewart scores.
2026-07-24,822952,595978,688297,"Roycroft, Chris",R,R,SI,Sinker,95.5,2104,-0.7038554787678846,2.5658682532005272,4,3.206840551,1.618405512,1,1,9,Top,2,102.5,39,374,TB,CLE,Austin Hedges homers (4) on a fly ball to left field. Gabriel Arias scores.
2026-07-24,822952,680700,683769,"Gaddis, Hunter",L,R,FF,4-Seam Fastball,92.2,2328,-0.1329617285746623,2.8730260454785457,2,3.040091864,1.534251969,1,0,8,Bot,2,100.7,33,388,TB,CLE,Richie Palacios homers (4) on a fly ball to right center field. Cedric Mullins scores. Jonny DeLuca scores.
2026-07-24,822952,668723,676282,"Cantillo, Joey",R,L,CH,Changeup,83.3,1507,0.6080931746776891,2.716926952389225,6,3.275295276,1.652952756,0,0,2,Bot,2,94.4,27,365,TB,CLE,Ryan Vilade homers (8) on a fly ball to left field. Jonny DeLuca scores.
2026-07-24,822872,669394,682243,"Miller, Bryce",R,R,FF,4-Seam Fastball,96.1,2494,0.0668077913215417,3.565178269721663,12,3.229658793,1.62992126,0,2,4,Bot,2,98.5,33,362,TEX,SEA,Jake Burger homers (18) on a line drive to right field. Ezequiel Duran scores.
2026-07-24,822872,694671,682243,"Miller, Bryce",R,R,FS,Split-Finger,84.5,1118,-0.1469410566522742,2.945997077663649,2,3.196309055,1.613090551,1,1,1,Bot,1,97.8,30,384,TEX,SEA,Wyatt Langford homers (12) on a fly ball to left field.
2026-07-24,822707,686611,593958,"Rodriguez, Eduardo",R,L,FF,4-Seam Fastball,91.6,2203,-0.0583436967326543,3.046847232152732,2,3.165592192,1.597588583,1,0,4,Bot,0,103.2,24,405,WSH,AZ,Dylan Crews homers (8) on a fly ball to left center field. CJ Abrams scores.
2026-07-25,824811,645277,670329,"Garcia, Rico",L,R,CH,Changeup,86.5,2326,-0.336829336687988,2.066649691212473,4,2.984801509,1.506348425,0,1,8,Top,0,101.3,37,380,BAL,ATL,Ozzie Albies homers (17) on a fly ball to right field.
2026-07-25,824811,683002,693821,"Elder, Bryce",L,R,SL,Slider,82.5,2282,-0.1759663600697528,1.985966089558317,8,3.328830381,1.679970472,0,0,5,Bot,2,104.5,25,392,BAL,ATL,Gunnar Henderson homers (18) on a fly ball to right center field.
2026-07-25,824734,543807,543243,"Gray, Sonny",R,R,CU,Curveball,79.3,2554,0.6377316976930327,1.6676766335833442,9,3.267396654,1.648966535,0,2,3,Top,2,97.8,26,366,BOS,TOR,George Springer homers (11) on a fly ball to left field. Vladimir Guerrero Jr. scores. Kazuma Okamoto scores.
2026-07-25,824244,679845,621097,"Waguespack, Jacob",R,R,FF,4-Seam Fastball,94.2,2142,-0.6847707591637456,3.087811376928164,1,3.18226706,1.606003937,0,2,9,Top,1,100.7,25,397,DET,KC,Nick Loftin homers (5) on a fly ball to left field.
2026-07-25,824244,521692,640448,"Finnegan, Kyle",R,R,SL,Slider,84.1,2194,-0.2682302356059473,3.095340727585109,2,3.312155512,1.671555118,0,1,7,Top,0,105.3,27,401,DET,KC,Salvador Perez homers (15) on a fly ball to left field.
2026-07-25,824244,701678,608379,"Wacha, Michael",R,R,CH,Changeup,79.4,1544,-0.324351070625559,3.2780972504267805,11,3.087483596,1.558169291,1,1,4,Bot,1,102.7,39,402,DET,KC,Hao-Yu Lee homers (6) on a fly ball to left field.
2026-07-25,823758,806198,663372,"Feltner, Ryan",R,R,FF,4-Seam Fastball,95.5,2111,-0.5207660128442724,3.313633774323442,1,3.373589239,1.702559055,0,0,2,Bot,2,102.3,31,409,MIL,COL,Cooper Pratt homers (2) on a fly ball to left center field.
2026-07-25,823600,663656,690997,"McLean, Nolan",L,R,FF,4-Seam Fastball,95.8,2365,-0.0246910417691518,3.022930226263124,2,3.350770997,1.691043307,2,2,3,Top,0,107.7,31,392,NYM,LAD,Kyle Tucker homers (9) on a fly ball to right field.
2026-07-25,823435,691176,621237,"Alvarado, José",R,L,SI,Sinker,97.2,2029,-0.3477308287327518,2.455040638479913,4,3.083095472,1.555954724,2,2,7,Top,0,105.6,27,420,PHI,NYY,Jasson Domínguez homers (6) on a fly ball to left field.
2026-07-25,823435,669224,662144,"Keller, Brian",L,R,SI,Sinker,91.2,2062,-0.4875860564322802,2.2753300352201435,4,3.254232283,1.642322835,0,0,3,Top,2,105.7,27,430,PHI,NYY,Austin Wells homers (7) on a fly ball to left center field.
2026-07-25,823355,691718,676760,"Marinaccio, Ron",L,R,FC,Cutter,87.2,2278,-0.2724517175989247,1.5567836519481455,8,3.202452428,1.616190945,0,0,7,Top,2,102.9,23,390,PIT,CHC,Pete Crow-Armstrong homers (23) on a fly ball to right field. Pedro Ramírez scores.
2026-07-25,823197,646240,608718,"Suter, Brent",L,L,FF,4-Seam Fastball,89.7,2236,-0.0182274157478707,1.814581546089631,8,3.217372047,1.623720472,2,2,4,Bot,2,105.8,22,401,SF,LAA,Rafael Devers homers (22) on a line drive to left center field. Daniel Susac scores. Luis Arraez scores.
2026-07-25,823197,808982,696270,"Johnson, Ryan",L,R,ST,Sweeper,80.1,2486,0.5032963591101616,2.264830652204807,6,3.22351542,1.626820866,0,0,3,Bot,2,101.5,24,365,SF,LAA,Jung Hoo Lee homers (6) on a fly ball to right field. Rafael Devers scores. Casey Schmitt scores.
2026-07-25,822704,682928,683352,"Bratt, Mitch",L,L,SI,Sinker,91.1,2224,0.3633668054340188,3.2520405721399417,3,3.222637795,1.626377953,0,1,5,Bot,0,98.0,28,390,WSH,AZ,CJ Abrams homers (25) on a fly ball to right center field.
2026-07-26,824810,624413,669276,"Lee, Dylan",R,L,SL,Slider,83.5,2220,0.0377847805748515,2.0349126548052388,8,3.323564633,1.677312992,0,2,8,Bot,1,109.4,30,419,BAL,ATL,Pete Alonso homers (22) on a fly ball to left field.
2026-07-26,824572,808959,699044,"Ullola, Miguel",L,R,FF,4-Seam Fastball,97.2,2620,0.4281512384714632,3.349130569585156,3,3.296358268,1.663582677,0,1,8,Bot,2,101.8,27,381,CWS,HOU,Munetaka Murakami homers (22) on a fly ball to right center field.
2026-07-26,824572,678577,699044,"Ullola, Miguel",R,R,SL,Slider,86.1,2462,0.1155462510460778,2.038123415686604,8,3.216494423,1.623277559,3,2,8,Bot,2,106.7,24,376,CWS,HOU,Junior Perez homers (3) on a line drive to left field. Chase Meidroth scores.
2026-07-26,824572,805367,660853,"De Los Santos, Enyel",R,R,FF,4-Seam Fastball,95.5,2362,-0.4001390035858022,2.632550789643161,1,3.068175853,1.548425197,3,2,7,Bot,0,98.8,35,382,CWS,HOU,Chase Meidroth homers (8) on a fly ball to left center field.
2026-07-26,824572,678246,669854,"Blanco, Ronel",R,R,FF,4-Seam Fastball,93.7,2334,0.4752533955416927,3.667513578821487,12,3.290214895,1.660482283,1,1,6,Bot,1,102.3,27,393,CWS,HOU,Miguel Vargas homers (22) on a fly ball to left field. Sam Antonacci scores.
2026-07-26,824572,666211,607200,"Fedde, Erick",L,R,SI,Sinker,93.0,2037,-0.2081822327169439,2.2131393905647307,5,3.26300853,1.646751969,0,0,5,Top,0,112.6,22,426,CWS,HOU,Taylor Trammell homers (4) on a fly ball to center field.
2026-07-26,824572,665161,607200,"Fedde, Erick",R,R,SI,Sinker,94.2,1966,0.460272972705266,2.249861704331072,6,3.19718668,1.613533465,1,1,3,Top,1,106.8,24,394,CWS,HOU,Jeremy Peña homers (11) on a fly ball to right center field.
2026-07-26,824572,808959,669854,"Blanco, Ronel",L,R,SL,Slider,88.1,2037,-0.5571398060257586,2.708223642579265,4,3.296358268,1.663582677,3,2,1,Bot,0,104.1,30,385,CWS,HOU,Munetaka Murakami homers (21) on a fly ball to left field. Sam Antonacci scores.
2026-07-26,824572,665161,607200,"Fedde, Erick",R,R,ST,Sweeper,82.7,2579,-0.5542871635836143,2.7133381309173026,1,3.19718668,1.613533465,3,2,1,Top,0,98.2,33,393,CWS,HOU,Jeremy Peña homers (10) on a fly ball to left field.
2026-07-26,824246,686681,805427,"Sommers, Drew",L,L,SL,Slider,83.9,2389,-0.0137218755034446,1.535568956896988,8,3.199819554,1.614862205,1,2,8,Top,2,99.5,32,399,DET,KC,Michael Massey homers (8) on a fly ball to right field. Isaac Collins scores.
2026-07-26,824246,657041,664285,"Valdez, Framber",R,L,SI,Sinker,94.2,2050,0.7506939370108345,2.6878257928447526,3,3.146284449,1.587844488,3,2,1,Top,0,98.3,24,349,DET,KC,Lane Thomas homers (10) on a fly ball to right field.
2026-07-26,823840,701538,669199,"Bachar, Lake",L,R,ST,Sweeper,88.0,3142,-0.2873889119447229,2.4456038779038742,4,3.320054134,1.675541339,1,1,8,Top,1,109.0,23,395,MIA,SD,Jackson Merrill homers (15) on a fly ball to right center field.
2026-07-26,823840,592518,669199,"Bachar, Lake",R,R,FF,4-Seam Fastball,95.7,2779,0.0130594220770919,3.3115898658317127,2,3.313910761,1.672440945,3,2,8,Top,0,106.1,21,399,MIA,SD,Manny Machado homers (23) on a line drive to center field. Jake Cronenworth scores.
2026-07-26,823840,669065,621111,"Buehler, Walker",L,R,CH,Changeup,88.8,1083,-0.1076271889629572,2.1043522196745457,8,3.295480643,1.663139764,1,1,3,Bot,0,104.3,30,409,MIA,SD,Kyle Stowers homers (13) on a fly ball to right field.
2026-07-26,823755,650489,681982,"Anderson, Grant",L,R,FF,4-Seam Fastball,95.0,2424,0.007929560561021,2.63539730515143,5,3.203330053,1.616633858,1,2,7,Top,2,108.1,37,391,MIL,COL,Willi Castro homers (10) on a fly ball to right center field.
2026-07-26,823755,683734,607536,"Freeland, Kyle",R,L,FF,4-Seam Fastball,92.8,2262,-0.2143700990761925,2.5588458780123045,5,3.127854331,1.578543307,1,2,6,Bot,0,103.9,28,404,MIL,COL,Andrew Vaughn homers (4) on a fly ball to center field.
2026-07-26,823755,694249,694819,"Misiorowski, Jacob",L,R,FF,4-Seam Fastball,101.9,2629,-0.9262842627494114,2.9487001360335,11,3.284949147,1.657824803,2,2,5,Top,2,98.2,25,361,MIL,COL,Cole Carrigg homers (5) on a fly ball to left field.
2026-07-26,823678,701762,663485,"Sands, Cole",L,R,FS,Split-Finger,86.6,1359,-0.5189800649951615,2.3956326371868286,4,3.413082349,1.722490158,0,0,6,Top,2,104.1,28,412,MIN,ATH,Nick Kurtz homers (21) on a fly ball to center field. Jeff McNeil scores. Jacob Wilson scores.
2026-07-26,823599,543760,694361,"Klein, Will",R,R,FF,4-Seam Fastball,96.1,2213,-0.6672511027274572,3.3191684961216725,1,3.212106299,1.621062992,1,1,7,Bot,2,96.8,37,366,NYM,LAD,Marcus Semien homers (11) on a fly ball to left field. Bo Bichette scores. Jorge Polanco scores.
2026-07-26,823599,621438,623465,"Phillips, Evan",R,R,SI,Sinker,96.1,2144,-0.7413730396071732,1.8431996129736672,7,3.231414042,1.630807087,1,1,6,Bot,1,104.0,33,405,NYM,LAD,Tyrone Taylor homers (8) on a fly ball to left field. Carson Benge scores. Luis Robert Jr. scores.
2026-07-26,823433,700250,641835,"Mayza, Tim",L,L,SL,Slider,86.2,2222,0.0407517024275262,2.505337394815967,5,3.280561024,1.655610236,0,0,7,Top,0,102.5,26,417,PHI,NYY,Ben Rice homers (31) on a fly ball to center field.
2026-07-26,823433,681082,701542,"Warren, Will",L,R,FF,4-Seam Fastball,93.7,2585,0.2592122728495168,2.2090003490747163,5,3.225270669,1.627706693,1,0,2,Bot,1,110.5,20,360,PHI,NYY,Bryson Stott homers (8) on a line drive to right field.
2026-07-26,823354,673548,682254,"Montgomery, Mason",R,L,CU,Curveball,84.9,2834,0.0917445050437891,2.539869454497654,5,3.177878937,1.60378937,1,1,9,Top,1,103.9,31,392,PIT,CHC,Seiya Suzuki homers (18) on a fly ball to left field. Dansby Swanson scores.
2026-07-26,823354,656811,592791,"Taillon, Jameson",L,R,FF,4-Seam Fastball,92.5,2401,0.062363637161454,2.816426094213196,2,3.28933727,1.66003937,0,1,3,Bot,1,101.4,28,406,PIT,CHC,Ryan O'Hearn hits a grand slam (17) to center field. Brandon Lowe scores. Bryan Reynolds scores. Esmerlyn Valdez scores.
2026-07-26,823354,676566,592791,"Taillon, Jameson",R,R,FC,Cutter,85.8,2628,-0.417760020483308,2.394029139656639,4,3.220882546,1.625492126,3,2,2,Bot,2,110.6,35,438,PIT,CHC,Shawn Ross homers (1) on a fly ball to left field. Ryan O'Hearn scores.
2026-07-26,823354,699013,592791,"Taillon, Jameson",R,R,FC,Cutter,86.6,2499,-0.1636800786572012,2.285569995065476,5,3.311277887,1.671112205,1,1,2,Bot,0,106.1,29,405,PIT,CHC,Esmerlyn Valdez homers (14) on a fly ball to left center field.
2026-07-26,823194,666176,687931,"Whisenhunt, Carson",R,L,CH,Changeup,81.5,1794,0.4347959474501446,1.9788734023310712,9,3.305134514,1.668011811,0,1,4,Top,0,108.6,28,446,SF,LAA,Jo Adell homers (16) on a fly ball to center field. Nolan Schanuel scores.
2026-07-26,823194,624585,687931,"Whisenhunt, Carson",R,L,FF,4-Seam Fastball,90.5,2112,0.0900372273716455,2.822720579716109,5,3.354281496,1.692814961,0,0,4,Top,0,105.6,27,419,SF,LAA,Jorge Soler homers (12) on a fly ball to center field.
2026-07-26,823028,663647,681517,"Leahy, Kyle",R,R,FF,4-Seam Fastball,91.8,1945,-0.3651894888485466,2.943308696747581,1,3.166469816,1.598031496,3,1,5,Top,0,102.8,39,387,STL,CIN,Ke'Bryan Hayes homers (3) on a fly ball to left field.
2026-07-26,823028,671056,671096,"Abbott, Andrew",R,L,ST,Sweeper,81.8,3035,-0.1753517015213048,1.250292891263451,13,3.173490814,1.601574803,1,2,3,Bot,2,104.4,32,411,STL,CIN,Iván Herrera homers (12) on a fly ball to left center field.
2026-07-26,823028,682829,681517,"Leahy, Kyle",L,R,SL,Slider,88.2,2187,-0.118687610143829,2.1353096794152737,8,3.460474081,1.74640748,2,0,3,Top,1,105.5,26,410,STL,CIN,Elly De La Cruz homers (18) on a fly ball to left center field.
2026-07-26,822870,677649,660825,"Bazardo, Eduard",R,R,ST,Sweeper,83.6,2730,-0.3180099924129398,2.194373627571228,4,3.126099081,1.57765748,1,2,8,Bot,1,106.3,27,420,TEX,SEA,Ezequiel Duran homers (11) on a fly ball to left field.
2026-07-26,822870,668227,668390,"Winn, Cole",R,R,FC,Cutter,92.0,2401,0.2814095189313783,2.282478393563101,6,3.127854331,1.578543307,0,0,7,Top,2,101.2,29,400,TEX,SEA,Randy Arozarena homers (12) on a fly ball to right center field.
2026-07-26,822870,686527,668390,"Winn, Cole",L,R,FS,Split-Finger,86.8,1801,0.1488005340938949,1.8251425441865416,8,3.208595801,1.619291339,2,0,7,Top,2,111.0,30,400,TEX,SEA,Dominic Canzone homers (16) on a fly ball to right field. Colt Emerson scores. Cole Young scores.
2026-07-26,822706,695578,656464,"Ginkel, Kevin",L,R,SL,Slider,84.1,2363,-0.121808212974663,2.170608166197662,8,3.488558071,1.760580709,1,1,8,Bot,0,109.6,25,418,WSH,AZ,James Wood homers (30) on a fly ball to left center field.
2026-07-26,822706,682928,642528,"Loáisiga, Jonathan",L,R,CH,Changeup,91.2,1817,-0.0090007104591813,1.3934475019239536,13,3.222637795,1.626377953,0,0,5,Bot,1,103.6,24,399,WSH,AZ,CJ Abrams homers (27) on a fly ball to center field. Daylen Lile scores.
2026-07-26,822706,695578,684442,"Drake, Kohl",L,L,CU,Curveball,78.4,2439,0.154292894633287,2.2803932774990656,8,3.488558071,1.760580709,1,0,5,Bot,0,108.3,37,430,WSH,AZ,James Wood homers (29) on a fly ball to center field. Nasim Nuñez scores.
2026-07-26,822706,606466,571945,"Mikolas, Miles",L,R,SI,Sinker,94.2,2182,0.2964486378675008,2.677550511490461,6,3.218249672,1.624163386,0,1,4,Top,0,105.3,32,411,WSH,AZ,Ketel Marte homers (19) on a fly ball to center field.
2026-07-26,822706,682928,684442,"Drake, Kohl",L,L,CU,Curveball,79.0,2448,-0.3923927777050172,1.1671831862916875,13,3.222637795,1.626377953,0,2,3,Bot,2,102.4,29,390,WSH,AZ,"Umpire reviewed (home run), call on the field was overturned: CJ Abrams homers (26) on a fly ball to center field."
2026-07-26,822706,672695,571945,"Mikolas, Miles",L,R,SL,Slider,89.2,2180,0.4336553038778639,2.60683559078855,6,3.31742126,1.674212598,0,1,3,Top,2,99.9,28,356,WSH,AZ,Geraldo Perdomo homers (8) on a fly ball to right field.
2026-07-27,824977,641680,801139,"Tolle, Payton",R,L,FF,4-Seam Fastball,94.4,2221,-0.5212810342184644,1.749594793187171,7,3.375344488,1.703444882,2,1,6,Bot,0,103.4,26,419,ATH,BOS,Jonah Heim homers (10) on a line drive to center field.
2026-07-27,824977,678882,660761,"Suarez, José",R,L,SL,Slider,82.2,2856,-0.5535895118331307,2.2792184290317663,4,3.110301837,1.569685039,2,0,6,Top,2,98.4,40,382,ATH,BOS,Ceddanne Rafaela hits a grand slam (11) to left center field. Connor Wong scores. Willson Contreras scores. Wilyer Abreu scores.
2026-07-27,824977,691016,801139,"Tolle, Payton",L,L,SI,Sinker,96.6,2126,0.2287645398875268,3.3393088467610808,2,3.285826772,1.658267717,0,0,1,Bot,1,99.7,39,375,ATH,BOS,Tyler Soderstrom homers (17) on a fly ball to left center field.
2026-07-27,824570,645305,656794,"Newcomb, Sean",R,L,FF,4-Seam Fastball,93.2,2364,-0.6501745791637765,2.412895600820104,4,3.194553806,1.612204724,3,2,8,Top,2,100.7,25,371,CWS,NYY,Ali Sánchez homers (1) on a fly ball to left field. Jazz Chisholm Jr. scores. Trent Grisham scores.
2026-07-27,824245,641933,663947,"Holton, Tyler",R,L,CU,Curveball,80.2,2694,-0.3302795057871116,2.010658240397418,7,3.097137467,1.563041339,0,2,6,Top,0,104.4,26,400,DET,BAL,Tyler O'Neill homers (7) on a fly ball to left center field.
2026-07-27,824245,691723,669724,"Hanifee, Brenan",R,R,SI,Sinker,93.8,1974,-0.4764857331399799,2.9997709945794977,1,3.413959974,1.722933071,2,1,5,Top,1,94.7,29,390,DET,BAL,Coby Mayo homers (14) on a fly ball to left center field. Jackson Holliday scores.
2026-07-27,824245,665750,672456,"Montero, Keider",L,R,FF,4-Seam Fastball,92.6,2198,0.5700988379420402,3.18629854361183,3,3.286704396,1.65871063,3,1,5,Top,1,112.4,25,416,DET,BAL,Leody Taveras homers (5) on a fly ball to right field.
2026-07-27,824001,666211,700712,"Ureña, Walbert",L,R,FF,4-Seam Fastball,99.1,2260,-0.2105787209393779,2.7005050073311097,5,3.26300853,1.646751969,1,2,4,Top,2,105.2,27,412,LAA,HOU,Taylor Trammell homers (5) on a fly ball to center field.
2026-07-27,824001,687093,805123,"Blubaugh, AJ",R,R,FF,4-Seam Fastball,96.2,2243,-0.0025447947638213,2.9255202500822417,2,3.301624016,1.666240158,0,0,3,Bot,2,105.9,37,395,LAA,HOU,Vaughn Grissom homers (7) on a fly ball to left center field.
2026-07-27,823839,665052,554430,"Wheeler, Zack",L,R,CU,Curveball,77.7,2766,-0.1179789862997646,1.7094534199210862,8,3.234046916,1.632135827,0,1,2,Bot,0,98.3,32,392,MIA,PHI,Griffin Conine homers (8) on a fly ball to right center field.
2026-07-27,823839,681715,554430,"Wheeler, Zack",R,R,SI,Sinker,93.2,2314,-0.7400735977234811,2.873278280253121,1,3.178756562,1.604232283,1,1,1,Bot,1,99.9,35,388,MIA,PHI,Heriberto Hernández homers (15) on a fly ball to left field.
2026-07-27,823839,547180,663969,"Phillips, Tyler",L,R,SI,Sinker,95.2,1980,-0.1532936074347346,2.113056065725564,8,3.26476378,1.647637795,1,1,1,Top,1,109.6,21,419,MIA,PHI,Bryce Harper homers (22) on a line drive to center field. Kyle Schwarber scores.
2026-07-27,823597,596019,671162,"Thomas, Connor",R,L,SI,Sinker,87.7,2223,0.2759464952019013,2.6560088115160165,2,3.107668963,1.568356299,2,0,8,Bot,2,104.6,31,396,NYM,ATL,Francisco Lindor homers (8) on a fly ball to left field. Marcus Semien scores. Luis Torrens scores.
2026-07-27,823597,621438,671162,"Thomas, Connor",R,L,SI,Sinker,90.7,2225,-0.2019269095775366,2.7615825892980768,2,3.231414042,1.630807087,1,1,7,Bot,0,106.8,22,383,NYM,ATL,Tyrone Taylor homers (9) on a fly ball to left field. Francisco Alvarez scores. Jared Young scores.
2026-07-27,823597,543760,671162,"Thomas, Connor",R,L,FC,Cutter,86.6,2826,-0.1846148326654406,2.1705711844920805,5,3.212106299,1.621062992,2,1,6,Bot,0,105.3,33,424,NYM,ATL,Marcus Semien homers (12) on a fly ball to left center field. Tyrone Taylor scores.
2026-07-27,823597,645277,804267,"Thornton, Zac",R,L,FF,4-Seam Fastball,90.9,2319,0.4971529166904351,2.8011215970590118,3,2.984801509,1.506348425,2,1,4,Top,0,104.7,27,407,NYM,ATL,Ozzie Albies homers (18) on a line drive to left center field. Matt Olson scores.
2026-07-27,823597,596019,527048,"Pérez, Martín",R,L,CH,Changeup,81.0,1763,0.6607249417156087,2.3813987644896786,6,3.107668963,1.568356299,1,1,3,Bot,0,99.9,35,367,NYM,ATL,"Umpire reviewed (home run), call on the field was upheld: Francisco Lindor homers (7) on a fly ball to left center field. A.J. Ewing scores."
2026-07-27,823195,687529,687075,"Sproat, Brandon",L,R,FF,4-Seam Fastball,95.3,2048,-0.2913952679515845,2.2083179919797,4,3.241945538,1.636122047,0,1,4,Bot,2,101.9,29,406,SF,MIL,Grant McCray homers (1) on a fly ball to left center field. Willy Adames scores.
2026-07-27,823025,663538,690928,"Dobbins, Hunter",R,R,ST,Sweeper,80.1,2662,-0.3548918427916516,1.981325750467732,7,3.185777559,1.607775591,1,0,9,Top,2,97.3,33,382,STL,CHC,Nico Hoerner homers (5) on a fly ball to left field. Alex Bregman scores.
2026-07-27,823025,608324,669461,"Liberatore, Matthew",R,L,FF,4-Seam Fastball,94.2,2234,0.3456103329963903,2.608213642536765,6,3.126099081,1.57765748,0,0,3,Top,0,97.0,33,369,STL,CHC,Alex Bregman homers (11) on a fly ball to right field.
2026-07-27,823025,665877,656849,"Peterson, David",R,L,FF,4-Seam Fastball,93.2,2220,-0.2522786518079764,2.8768380087046994,2,3.137508202,1.583415354,0,0,2,Bot,2,102.2,30,407,STL,CHC,José Fermín homers (5) on a fly ball to left field.
2026-07-27,822868,669394,669923,"Kirby, George",R,R,ST,Sweeper,87.5,2091,0.0898253437198713,2.9054902096677018,2,3.229658793,1.62992126,0,2,3,Bot,1,105.1,21,403,TEX,SEA,Jake Burger homers (19) on a line drive to left center field. Evan Carter scores.
2026-07-27,822868,677649,669923,"Kirby, George",R,R,FF,4-Seam Fastball,96.1,2168,-0.2346972792820869,2.949399573139188,2,3.126099081,1.57765748,2,2,3,Bot,0,106.3,27,436,TEX,SEA,Ezequiel Duran homers (12) on a fly ball to left center field.
2026-07-27,822868,592626,669923,"Kirby, George",L,R,SI,Sinker,96.1,2198,0.3711661448520071,2.821203710890171,3,3.23667979,1.633464567,0,0,2,Bot,2,105.3,48,347,TEX,SEA,Joc Pederson homers (19) on a fly ball to right field. Nicky Lopez scores. Elias Díaz scores.
2026-07-27,822868,668227,677958,"Rocker, Kumar",R,R,SI,Sinker,95.0,2050,0.3897648777283613,2.0405939288778923,9,3.127854331,1.578543307,1,1,2,Top,0,103.3,30,395,TEX,SEA,Randy Arozarena homers (13) on a fly ball to center field.
2026-07-27,822868,592626,669923,"Kirby, George",L,R,ST,Sweeper,88.4,2336,-0.4803777327096489,1.7747127995063767,7,3.23667979,1.633464567,1,2,1,Bot,0,106.4,25,418,TEX,SEA,Joc Pederson homers (18) on a fly ball to center field.
2026-07-27,822705,665953,671936,"Macko, Adam",R,L,FF,4-Seam Fastball,92.8,1866,-0.2529271247365335,2.81462746843404,2,3.205085302,1.617519685,0,0,5,Bot,1,108.3,27,432,WSH,TOR,Andrés Chaparro homers (5) on a fly ball to left field.
2026-07-27,822705,649966,678868,"Yean, Eddy",R,R,SI,Sinker,94.2,2209,0.3945433715513701,2.093182648076421,6,3.090994095,1.559940945,0,0,3,Top,1,103.3,23,416,WSH,TOR,Luis Urías homers (3) on a fly ball to center field.
2026-07-28,824976,657136,663687,"Harris, Hogan",R,L,FF,4-Seam Fastball,95.2,2346,0.0815127368761836,1.7752174559541585,8,3.105913714,1.567470472,0,0,9,Top,2,110.5,23,394,ATH,BOS,Connor Wong homers (2) on a fly ball to left field. Jarren Duran scores.
2026-07-28,824976,661531,687562,"Bennett, Jake",R,L,FF,4-Seam Fastball,91.5,2121,0.0604262392461232,3.292442563495116,2,3.217372047,1.623720472,1,2,7,Bot,1,101.5,26,419,ATH,BOS,Brian Serven homers (1) on a fly ball to center field. Henry Bolte scores.
2026-07-28,824569,805367,670280,"Bednar, David",R,R,FS,Split-Finger,96.6,2405,-1.098322482929703,2.255732393240002,13,3.068175853,1.548425197,2,1,9,Bot,2,103.3,35,406,CWS,NYY,Chase Meidroth homers (9) on a fly ball to left field. Braden Montgomery scores.
2026-07-28,824490,701398,677944,"Cecconi, Slade",R,R,FC,Cutter,90.7,2356,0.1318403443569772,3.2441181993210924,2,3.239312664,1.634793307,3,1,3,Bot,1,101.2,28,416,CIN,CLE,Sal Stewart homers (22) on a fly ball to center field.
2026-07-28,824490,700932,695505,"Burns, Chase",L,R,SL,Slider,89.0,2835,-0.3594434404293346,2.3931224970600278,4,3.187532808,1.608661417,2,2,1,Top,2,100.1,32,369,CIN,CLE,Kyle Manzardo hits a grand slam (12) to right field. José Ramírez scores. Chase DeLauter scores. Travis Bazzana scores.
2026-07-28,824489,668709,668909,"Williams, Gavin",L,R,SI,Sinker,98.0,2099,0.7284508411221937,2.375855700837419,6,3.286704396,1.65871063,3,1,1,Bot,2,106.1,24,381,CIN,CLE,JJ Bleday homers (18) on a fly ball to right field.
2026-07-28,824243,680664,644433,"Tromp, Chadwick",R,R,EP,Eephus,36.0,1005,-0.2342783799075691,3.702870347021671,11,3.256865158,1.643651575,1,1,8,Bot,2,96.8,35,372,DET,BAL,Eduardo Valencia homers (4) on a fly ball to left field. Zach McKinstry scores.
2026-07-28,824243,650402,665152,"Kremer, Dean",R,R,FC,Cutter,86.7,2243,-0.0191823671315802,2.962073999788557,2,3.12960958,1.579429134,3,2,4,Bot,0,96.2,34,402,DET,BAL,Gleyber Torres homers (5) on a fly ball to left center field. Kevin McGonigle scores.
2026-07-28,824243,680664,665152,"Kremer, Dean",R,R,SI,Sinker,92.0,2189,-0.2590943082417121,2.9460866777707104,2,3.256865158,1.643651575,1,0,2,Bot,1,105.7,30,416,DET,BAL,Eduardo Valencia homers (3) on a fly ball to left field.
2026-07-28,824003,572233,672282,"Detmers, Reid",R,L,SL,Slider,85.6,2441,0.1075791138893441,2.831582888372664,2,3.178756562,1.604232283,0,1,4,Top,1,108.4,28,411,LAA,HOU,Christian Walker homers (21) on a fly ball to left field.
2026-07-28,824003,670541,672282,"Detmers, Reid",L,L,FF,4-Seam Fastball,95.7,2147,0.6410176494613411,2.625641192555157,6,3.392019357,1.711860236,0,0,1,Top,1,109.1,29,427,LAA,HOU,Yordan Alvarez homers (35) on a fly ball to right center field.
2026-07-28,823923,686527,681911,"Vesia, Alex",L,L,SL,Slider,82.9,2368,-0.2109761357830065,2.686159220755825,5,3.208595801,1.619291339,0,1,8,Top,1,107.5,29,414,LAD,SEA,Dominic Canzone homers (18) on a fly ball to center field. Julio Rodríguez scores.
2026-07-28,823923,686527,680736,"Wrobleski, Justin",L,L,FF,4-Seam Fastball,95.9,2593,0.167634469115408,3.275430969679732,2,3.208595801,1.619291339,1,2,6,Top,1,107.9,29,433,LAD,SEA,Dominic Canzone homers (17) on a fly ball to center field.
2026-07-28,823923,571970,622491,"Castillo, Luis",L,R,SL,Slider,86.5,2217,0.2000638785891464,2.15196378960814,5,3.127854331,1.578543307,0,1,5,Bot,0,109.9,28,430,LAD,SEA,Max Muncy homers (21) on a fly ball to right field.
2026-07-28,823923,608701,680736,"Wrobleski, Justin",R,L,FF,4-Seam Fastball,94.3,2487,-0.0530767169987222,3.6858037297280144,11,3.186655184,1.608218504,3,2,4,Top,2,100.9,29,356,LAD,SEA,Rob Refsnyder homers (4) on a fly ball to left field. Josh Naylor scores.
2026-07-28,823923,677594,680736,"Wrobleski, Justin",R,L,SL,Slider,86.1,2444,0.2782119549524229,1.681253733484854,9,3.377977362,1.704773622,0,2,4,Top,0,105.6,24,402,LAD,SEA,Julio Rodríguez homers (16) on a fly ball to left field.
2026-07-28,823923,663728,680736,"Wrobleski, Justin",R,L,FF,4-Seam Fastball,95.6,2457,0.2032775978933106,1.9308574951053368,8,3.282316273,1.656496063,0,0,2,Top,1,106.7,27,403,LAD,SEA,Cal Raleigh homers (11) on a fly ball to left field.
2026-07-28,823923,660271,622491,"Castillo, Luis",L,R,SL,Slider,86.5,2258,0.4145690887277209,1.7090059074490205,9,3.369201116,1.700344488,2,2,1,Bot,0,109.1,27,432,LAD,SEA,Shohei Ohtani homers (23) on a fly ball to center field.
2026-07-28,823838,669065,605400,"Nola, Aaron",L,R,KC,Knuckle Curve,77.3,2602,0.1019061776729379,2.362558494351819,5,3.295480643,1.663139764,1,1,1,Bot,1,107.4,40,390,MIA,PHI,Kyle Stowers homers (14) on a fly ball to right center field.
2026-07-28,823350,668804,623149,"Sewald, Paul",L,R,FF,4-Seam Fastball,92.4,2630,0.5256671771818169,2.2971384400367616,6,3.284071522,1.65738189,0,1,9,Bot,0,101.6,36,402,PIT,AZ,Bryan Reynolds homers (15) on a fly ball to right center field.
2026-07-28,823350,664040,623149,"Sewald, Paul",L,R,ST,Sweeper,82.7,2484,-0.1204388695618604,2.6386455644309543,2,3.088361221,1.558612205,1,2,9,Bot,0,103.7,33,415,PIT,AZ,Brandon Lowe homers (22) on a fly ball to right center field. Jake Mangum scores.
2026-07-28,823275,666160,650633,"King, Michael",L,R,FF,4-Seam Fastball,93.9,2391,0.4711789731097984,2.4605943761064517,6,3.254232283,1.642322835,2,2,3,Top,1,107.3,25,406,SD,COL,Mickey Moniak homers (17) on a fly ball to right field. Jake McCarthy scores.
2026-07-28,823275,650489,650633,"King, Michael",L,R,FF,4-Seam Fastball,93.1,2371,-0.1620528773679708,2.667491182830519,5,3.203330053,1.616633858,0,0,3,Top,0,107.7,25,395,SD,COL,Willi Castro homers (11) on a fly ball to right center field.
2026-07-28,823193,805811,681982,"Anderson, Grant",L,R,FF,4-Seam Fastball,94.1,2506,0.610266037839116,2.395108701966981,6,3.541215551,1.787155512,3,1,8,Bot,1,99.3,27,369,SF,MIL,Bryce Eldridge homers (11) on a fly ball to right field. Luis Arraez scores.
2026-07-28,822949,642851,571927,"Matz, Steven",R,L,SI,Sinker,94.1,2228,-0.4058453069486338,2.7944023299563927,1,3.262130906,1.646309055,2,1,7,Top,1,96.3,29,363,TB,TEX,Austin Wynns homers (1) on a fly ball to left field.
2026-07-28,822703,543807,681402,"Varland, Gus",R,R,FF,4-Seam Fastball,94.7,2372,-0.4109298565194119,1.993448652272677,7,3.267396654,1.648966535,2,0,8,Top,0,105.8,26,437,WSH,TOR,George Springer homers (12) on a fly ball to center field. Nathan Lukes scores. Kazuma Okamoto scores.
2026-07-28,822703,672960,676917,"Cavalli, Cade",R,R,FF,4-Seam Fastball,98.4,2345,0.6660071018639522,2.9263767412055874,3,3.255987533,1.643208661,1,2,5,Top,2,103.3,26,415,WSH,TOR,Kazuma Okamoto homers (24) on a fly ball to center field.
2026-07-28,822703,686611,669310,"Van Eyk, CJ",R,R,FC,Cutter,91.3,2200,0.0399782602545847,2.448387558879169,5,3.165592192,1.597588583,1,1,4,Bot,2,103.0,27,408,WSH,TOR,Dylan Crews homers (9) on a fly ball to center field.
2026-07-28,822703,671277,689254,"Fluharty, Mason",L,L,ST,Sweeper,83.2,2658,0.150496489353076,2.8957412053866056,2,3.248088911,1.639222441,0,1,4,Bot,2,98.5,28,375,WSH,TOR,Luis García Jr. homers (22) on a fly ball to right field. Jacob Young scores.
2026-07-29,824973,655316,660761,"Suarez, José",R,L,FF,4-Seam Fastball,91.4,2288,-0.139652279585399,1.9638241946242732,8,3.148039698,1.588730315,2,0,10,Top,0,102.6,33,428,ATH,BOS,Andruw Monasterio homers (6) on a fly ball to left center field. Romy Gonzalez scores.
2026-07-29,824973,671732,663776,"Sandoval, Patrick",L,L,ST,Sweeper,78.4,2809,0.3450391631816194,2.5057812775568795,6,3.34375,1.6875,0,1,5,Bot,0,103.4,33,422,ATH,BOS,Lawrence Butler homers (6) on a fly ball to center field.
2026-07-29,824973,663330,682052,"Lopez, Jacob",R,L,SL,Slider,75.6,2502,0.5355155194473044,2.4698342899637087,6,3.138385827,1.583858268,1,0,5,Top,0,95.2,37,375,ATH,BOS,Jahmai Jones homers (4) on a fly ball to left field.
2026-07-29,824973,641680,663776,"Sandoval, Patrick",R,L,FF,4-Seam Fastball,92.7,2140,0.0487824173236099,2.7344576070415205,5,3.375344488,1.703444882,2,0,2,Bot,0,104.2,28,418,ATH,BOS,Jonah Heim homers (11) on a fly ball to center field.
2026-07-29,824567,808959,621112,"Blackburn, Paul",L,R,CU,Curveball,81.2,2856,-0.389810812032914,1.5708788675083705,7,3.296358268,1.663582677,0,0,8,Bot,1,104.6,28,404,CWS,NYY,Munetaka Murakami homers (23) on a fly ball to center field.
2026-07-29,824567,803011,621112,"Blackburn, Paul",L,R,FF,4-Seam Fastball,95.1,2364,0.3975348564993084,2.968091371780845,3,3.154183071,1.591830709,1,1,8,Bot,1,100.0,43,346,CWS,NYY,Sam Antonacci homers (8) on a fly ball to right field. Chase Meidroth scores.
2026-07-29,824567,682987,663436,"Martin, Davis",L,R,CH,Changeup,90.4,2090,0.0518303157659971,2.551291300102928,5,3.499967192,1.766338583,0,1,1,Top,1,104.6,33,380,CWS,NYY,Spencer Jones homers (3) on a fly ball to left center field. Jasson Domínguez scores. Paul Goldschmidt scores.
2026-07-29,824487,700932,695534,"Petty, Chase",L,R,SI,Sinker,96.1,1987,0.2505292027515295,2.345494745083758,5,3.187532808,1.608661417,3,2,7,Top,0,104.1,31,425,CIN,CLE,Kyle Manzardo homers (13) on a fly ball to right center field.
2026-07-29,824242,679529,670329,"Garcia, Rico",R,R,SL,Slider,89.7,2367,0.1033323751999396,2.8309188430397474,2,3.232291667,1.63125,0,0,11,Bot,0,101.9,28,391,DET,BAL,Spencer Torkelson homers (20) on a fly ball to left field. Eduardo Valencia scores.
2026-07-29,824002,665161,680570,"Rodriguez, Grayson",R,R,SL,Slider,83.6,2316,0.6430712374523514,2.846856459697032,3,3.19718668,1.613533465,0,0,3,Top,0,104.9,22,401,LAA,HOU,Jeremy Peña homers (12) on a line drive to center field.
2026-07-29,824002,673237,680570,"Rodriguez, Grayson",R,R,CH,Changeup,82.6,1631,-0.3077250816737816,1.8966475413666828,7,3.161204068,1.595374016,1,0,2,Top,1,106.5,26,425,LAA,HOU,Yainer Diaz homers (7) on a fly ball to left center field.
2026-07-29,823924,681624,676106,"Hancock, Emerson",R,R,ST,Sweeper,77.0,2529,-0.3152878463096145,2.9971806412762705,1,3.23667979,1.633464567,1,2,1,Bot,1,95.4,33,372,LAD,SEA,Andy Pages homers (18) on a fly ball to left field.
2026-07-29,823837,665052,680742,"Bowlan, Jonathan",L,R,CH,Changeup,88.6,1524,-0.0330543839855954,2.415758142760864,5,3.234046916,1.632135827,1,0,8,Bot,1,107.8,34,424,MIA,PHI,Griffin Conine homers (9) on a fly ball to center field. Kyle Stowers scores.
2026-07-29,823837,681715,666200,"Luzardo, Jesús",R,L,CH,Changeup,86.4,1758,0.5575937581065842,2.899415251914274,3,3.178756562,1.604232283,3,2,5,Bot,2,104.3,32,416,MIA,PHI,Heriberto Hernández homers (16) on a fly ball to left center field. Brian Navarreto scores.
2026-07-29,823837,607208,687473,"Gusto, Ryan",R,R,CH,Changeup,85.5,1393,-0.6093595834242724,2.352678702672812,4,3.244578412,1.637450787,0,0,5,Top,0,103.8,27,413,MIA,PHI,Trea Turner homers (15) on a fly ball to left center field.
2026-07-29,823677,686475,657746,"Ryan, Joe",R,R,FF,4-Seam Fastball,93.0,2297,-0.4551374523063038,2.2364478757202733,4,3.126099081,1.57765748,0,1,3,Top,0,105.2,22,404,MIN,KC,Tyler Tolbert homers (3) on a line drive to left center field.
2026-07-29,823596,621566,640455,"Manaea, Sean",L,L,FF,4-Seam Fastball,90.9,2072,0.4144363342564896,3.105579275226586,3,3.37183399,1.701673228,2,1,6,Top,0,102.7,31,402,NYM,ATL,Matt Olson homers (28) on a fly ball to center field. Drake Baldwin scores.
2026-07-29,823351,672515,683003,"Jones, Jared",R,R,SL,Slider,89.8,2706,0.5218315783025421,1.9399605442076624,9,3.071686352,1.55019685,0,1,4,Top,1,101.6,34,407,PIT,AZ,Gabriel Moreno homers (8) on a fly ball to center field. Corbin Carroll scores.
2026-07-29,823192,691740,683734,"Vaughn, Andrew",R,R,FA,Other,60.5,413,-0.5348971362082583,2.4711658293726613,4,3.418348097,1.725147638,2,0,8,Bot,0,97.3,27,379,SF,MIL,Daniel Susac homers (2) on a fly ball to left center field.
2026-07-29,823192,691740,623381,"Pannone, Thomas",R,L,CH,Changeup,86.1,1907,-0.1627130977844428,1.7009433252011703,8,3.418348097,1.725147638,1,1,2,Bot,0,102.9,25,411,SF,MIL,Daniel Susac homers (1) on a fly ball to center field. Jung Hoo Lee scores. Willy Adames scores.
2026-07-29,823022,691718,703725,"Gastelum, Luis",L,R,CH,Changeup,81.1,1687,0.4038066559171855,1.4615346883747635,14,3.202452428,1.616190945,0,1,10,Top,1,109.1,33,424,STL,CHC,Pete Crow-Armstrong homers (24) on a fly ball to right center field. Dansby Swanson scores.
2026-07-29,822947,668723,669022,"Gore, MacKenzie",R,L,CH,Changeup,85.8,1929,0.0322554884779915,2.025694741624049,8,3.275295276,1.652952756,1,1,1,Bot,1,107.8,32,420,TB,TEX,Ryan Vilade homers (9) on a fly ball to left center field. Jonathan Aranda scores.
2026-07-29,822947,650490,669022,"Gore, MacKenzie",R,L,FF,4-Seam Fastball,94.3,2227,0.1852689861600347,2.048602528539802,8,3.227903543,1.629035433,0,0,1,Bot,0,99.1,31,372,TB,TEX,Yandy Díaz homers (15) on a fly ball to right field.
2026-07-30,824974,575929,665622,"Medina, Luis",R,R,CU,Curveball,80.3,2551,0.2909835264009406,2.1055469747521838,9,3.229658793,1.62992126,0,0,8,Top,0,104.8,33,414,ATH,BOS,Willson Contreras homers (23) on a fly ball to center field.
2026-07-30,824974,677800,665622,"Medina, Luis",L,R,CH,Changeup,89.4,1736,-0.609785284226132,2.6982094480336136,1,3.117322835,1.573228347,2,1,8,Top,0,102.6,26,422,ATH,BOS,Wilyer Abreu homers (16) on a fly ball to center field.
2026-07-30,824894,573262,663623,"Irvin, Jake",L,R,CU,Curveball,76.3,2561,0.2074701200243407,2.394507109638356,5,3.125221457,1.577214567,1,0,5,Bot,2,104.7,29,413,ATL,WSH,Mike Yastrzemski homers (7) on a fly ball to right field. Dominic Smith scores.
2026-07-30,824894,660670,663623,"Irvin, Jake",R,R,SI,Sinker,93.4,2284,0.3364235254379868,2.393203759499995,6,3.200697179,1.615305118,2,2,4,Bot,1,104.9,29,421,ATL,WSH,Ronald Acuña Jr. homers (8) on a fly ball to center field.
2026-07-30,824894,695734,656550,"Holmes, Grant",L,R,SL,Slider,84.3,2787,0.061200741487559,2.5893655682038803,5,3.180511811,1.60511811,2,2,4,Top,0,104.5,24,408,ATL,WSH,Daylen Lile homers (13) on a fly ball to center field.
2026-07-30,824894,671277,656550,"Holmes, Grant",L,R,SL,Slider,84.3,2786,0.4746401653942422,2.393647424068328,6,3.248088911,1.639222441,1,0,3,Top,1,111.1,34,455,ATL,WSH,Luis García Jr. homers (23) on a fly ball to right field.
2026-07-30,824894,695734,656550,"Holmes, Grant",L,R,FC,Cutter,91.5,2493,-0.108207266092833,2.3686649729979807,5,3.180511811,1.60511811,1,0,2,Top,0,98.6,26,394,ATL,WSH,Daylen Lile homers (12) on a fly ball to right center field.
2026-07-30,824488,664040,695076,"Lowder, Rhett",L,R,CU,Curveball,77.0,3210,0.0239251968543073,1.8199385278014084,8,3.088361221,1.558612205,0,0,6,Top,0,103.4,32,402,CIN,PIT,Brandon Lowe homers (23) on a fly ball to right field.
2026-07-30,823921,606192,695380,"Hoppe, Alex",R,R,FF,4-Seam Fastball,98.2,2237,0.2855885191447855,3.395206568179802,12,3.199819554,1.614862205,2,2,6,Bot,2,102.8,28,412,LAD,SEA,Teoscar Hernández homers (9) on a fly ball to center field.
2026-07-30,823921,687221,693433,"Woo, Bryan",L,R,SL,Slider,88.8,2261,0.636715849602823,1.724997587248296,9,3.191920932,1.610875984,0,1,4,Bot,1,105.3,29,400,LAD,SEA,Dalton Rushing homers (12) on a fly ball to right field. Kyle Tucker scores. Teoscar Hernández scores.
2026-07-30,823674,665019,621381,"Strahm, Matt",L,L,SL,Slider,82.7,2685,-0.2824694005242067,1.9775194369692144,7,3.211228675,1.620620079,0,2,9,Bot,2,104.7,27,407,MIN,KC,Kody Clemens hits a grand slam (19) to right center field. Ryan Jeffers scores. Royce Lewis scores. Alan Roden scores.
2026-07-30,823674,695506,641927,"Ober, Bailey",L,R,SL,Slider,82.5,2126,0.2028296289842966,2.7226788591582247,5,3.401673228,1.716732283,0,0,3,Top,2,113.7,31,438,MIN,KC,Jac Caglianone homers (17) on a fly ball to right field. John Rave scores.
2026-07-30,823595,805300,690997,"McLean, Nolan",L,R,FF,4-Seam Fastball,95.4,2402,0.1747248514901003,3.1126490052194047,2,3.212106299,1.621062992,3,0,7,Top,1,99.7,33,385,NYM,MIA,Jakob Marsee homers (6) on a fly ball to right center field.
2026-07-30,823595,669065,690997,"McLean, Nolan",L,R,CH,Changeup,87.3,1269,0.1279119713758717,2.3502300723897176,5,3.295480643,1.663139764,1,1,4,Top,0,112.8,24,368,NYM,MIA,Kyle Stowers homers (15) on a fly ball to right field.
2026-07-30,823271,691740,676664,"Sears, JP",R,L,FF,4-Seam Fastball,92.8,1846,-0.4115930864006245,2.2673409084911142,4,3.418348097,1.725147638,0,0,2,Top,0,105.0,33,406,SD,SF,Daniel Susac homers (3) on a fly ball to left field. Willy Adames scores.
2026-07-30,823023,802139,573204,"Thielbar, Caleb",L,L,ST,Sweeper,77.9,2457,0.2210928175000948,2.406086940412252,5,3.096259843,1.562598425,2,1,7,Bot,1,105.2,30,406,STL,CHC,JJ Wetherholt homers (16) on a fly ball to right field.
2026-07-30,822946,656775,687239,"Peoples, Ben",L,R,FF,4-Seam Fastball,96.2,2325,-0.2704611940791636,1.7277479115031191,8,3.004986877,1.516535433,0,0,8,Bot,2,95.2,33,338,TB,TEX,Cedric Mullins homers (13) on a fly ball to left field.
2026-07-30,822946,676356,682608,"Gray, Peyton",R,R,FF,4-Seam Fastball,93.4,2480,-0.4456400084017902,2.363845255725483,4,3.133120079,1.581200787,2,0,6,Bot,1,102.3,30,415,TB,TEX,Jonny DeLuca homers (7) on a fly ball to left field.
2026-07-31,824975,701162,806960,"Morales, Luis",R,R,SL,Slider,87.2,2856,-0.2180928779188811,2.827546793301806,2,3.234924541,1.63257874,2,2,9,Top,0,94.3,30,356,ATH,DET,Ben Malgeri homers (1) on a fly ball to left field. Javier Báez scores.
2026-07-31,824975,693307,806960,"Morales, Luis",R,R,SL,Slider,86.6,2905,0.5570302286798923,1.8420716954196017,9,3.271784777,1.651181102,1,1,8,Top,1,100.2,33,411,ATH,DET,Dillon Dingler hits a grand slam (23) to center field. Javier Báez scores. Ben Malgeri scores. Kevin McGonigle scores.
2026-07-31,824975,805808,605488,"Springs, Jeffrey",L,L,FF,4-Seam Fastball,91.1,2047,0.2452874194907394,2.6271537721564413,2,3.085728346,1.557283465,3,1,3,Top,1,101.9,39,415,ATH,DET,Kevin McGonigle homers (10) on a fly ball to center field.
2026-07-31,824892,665953,622694,"Hernández, Elieser",R,R,FF,4-Seam Fastball,89.9,2192,0.500531040409596,2.8445114198660244,3,3.205085302,1.617519685,1,1,9,Top,2,99.5,30,383,ATL,WSH,Andrés Chaparro homers (6) on a fly ball to left field.
2026-07-31,824892,671739,656492,"Griffin, Foster",L,L,ST,Sweeper,79.5,2630,0.1932853684587316,2.095191671566267,5,3.181389436,1.605561024,0,0,6,Bot,0,112.8,19,421,ATL,WSH,Michael Harris II homers (20) on a line drive to right field. Matt Olson scores. Ozzie Albies scores.
2026-07-31,824892,682928,693821,"Elder, Bryce",L,R,FC,Cutter,87.9,2218,0.4923093018398491,3.035878947755,3,3.222637795,1.626377953,3,1,4,Top,0,102.0,38,393,ATL,WSH,CJ Abrams homers (28) on a fly ball to right field.
2026-07-31,824892,621566,656492,"Griffin, Foster",L,L,FC,Cutter,89.8,2292,0.2749834424428535,2.5896790814313206,5,3.37183399,1.701673228,0,0,1,Bot,2,107.2,22,396,ATL,WSH,Matt Olson homers (29) on a fly ball to right field.
2026-07-31,824809,592663,687064,"Young, Brandon",R,R,SL,Slider,84.9,2078,-0.4382821615513882,1.6211542075916603,7,3.199819554,1.614862205,0,2,6,Top,2,104.5,31,396,BAL,PHI,J.T. Realmuto homers (8) on a fly ball to left field.
2026-07-31,824809,607208,687064,"Young, Brandon",R,R,SI,Sinker,94.1,1714,-0.7997243114961564,2.619788105378489,4,3.244578412,1.637450787,2,1,3,Top,0,103.9,38,393,BAL,PHI,Trea Turner homers (16) on a fly ball to left center field.
2026-07-31,824809,624413,691725,"Painter, Andrew",R,R,FF,4-Seam Fastball,97.0,2496,0.6030230331831019,3.234346873307018,3,3.323564633,1.677312992,1,2,1,Bot,0,109.3,24,394,BAL,PHI,Pete Alonso homers (23) on a fly ball to right center field. Dylan Beavers scores.
2026-07-31,824651,682987,684007,"Imanaga, Shota",L,L,SI,Sinker,89.5,2481,0.178157253681982,2.4666119119482834,5,3.499967192,1.766338583,0,1,5,Top,2,108.7,21,418,CHC,NYY,Spencer Jones homers (4) on a fly ball to right center field.
2026-07-31,824651,642708,684007,"Imanaga, Shota",R,L,ST,Sweeper,80.1,2614,0.0529103653851366,2.2785253742612994,5,3.270907152,1.650738189,1,0,4,Top,2,108.4,30,450,CHC,NYY,Amed Rosario homers (10) on a fly ball to center field.
2026-07-31,824486,701398,694973,"Skenes, Paul",R,R,ST,Sweeper,85.7,2249,0.3368862384601854,2.198428324686692,6,3.239312664,1.634793307,0,0,4,Bot,1,104.1,29,409,CIN,PIT,Sal Stewart homers (23) on a fly ball to center field. Elly De La Cruz scores.
2026-07-31,824486,668709,694973,"Skenes, Paul",L,R,FF,4-Seam Fastball,96.3,2096,0.0677302511980972,3.0085104423261293,2,3.286704396,1.65871063,0,0,3,Bot,1,105.7,37,386,CIN,PIT,JJ Bleday homers (19) on a fly ball to right field.
2026-07-31,824486,663968,668881,"Greene, Hunter",L,R,SL,Slider,89.1,2353,0.4257901782285154,1.8193277156567045,9,3.179634186,1.604675197,0,0,2,Top,2,100.1,22,336,CIN,PIT,Jake Mangum homers (3) on a line drive to right field.
2026-07-31,824325,695600,608372,"Sugano, Tomoyuki",L,R,FS,Split-Finger,85.9,1638,0.0674491651514845,1.7219583592716212,8,3.191043307,1.610433071,2,0,6,Top,2,102.5,30,424,COL,KC,Carter Jensen homers (15) on a fly ball to right field.
2026-07-31,824164,673237,681168,"Curvelo, Luis",R,R,SL,Slider,87.4,2090,-0.2606083937833333,1.5744375103557189,8,3.161204068,1.595374016,1,1,7,Bot,2,104.9,33,407,HOU,TEX,Yainer Diaz homers (8) on a fly ball to left center field.
2026-07-31,824164,592626,686613,"Brown, Hunter",L,R,KC,Knuckle Curve,84.0,2570,-0.3334419067095849,1.7147085575337786,7,3.23667979,1.633464567,2,2,6,Top,0,105.3,23,399,HOU,TEX,Joc Pederson homers (20) on a fly ball to right center field.
2026-07-31,824164,572233,543135,"Eovaldi, Nathan",R,R,FS,Split-Finger,85.0,1468,-0.0833850764022137,2.543271129021035,5,3.178756562,1.604232283,3,2,5,Bot,0,110.1,23,428,HOU,TEX,Christian Walker homers (22) on a fly ball to left center field.
2026-07-31,824164,670623,543135,"Eovaldi, Nathan",R,R,FS,Split-Finger,87.6,1559,-0.2047093000413771,2.628127685663459,5,3.180511811,1.60511811,2,2,5,Bot,0,101.2,35,395,HOU,TEX,Isaac Paredes homers (15) on a fly ball to left field.
2026-07-31,823999,694203,675660,"Drohan, Shane",R,L,SL,Slider,84.9,2829,0.6823592807393999,2.365717328597451,6,3.250721785,1.640551181,2,1,5,Bot,1,101.9,26,385,LAA,MIL,Denzer Guzman homers (5) on a fly ball to center field. Vaughn Grissom scores.
2026-07-31,823999,641343,820862,"Fermin, José",L,R,SL,Slider,88.3,2444,0.5650399413183945,2.204016341052725,6,3.217372047,1.623720472,0,1,5,Top,1,109.8,33,424,LAA,MIL,Jake Bauers homers (19) on a fly ball to right field. Jackson Chourio scores. William Contreras scores.
2026-07-31,823999,668930,696270,"Johnson, Ryan",L,R,FC,Cutter,87.5,2538,0.5998319222601175,2.3165568757726125,6,3.21035105,1.620177165,2,1,5,Top,0,102.0,35,398,LAA,MIL,Brice Turang homers (16) on a fly ball to center field. Cooper Pratt scores.
2026-07-31,823922,678882,608344,"Irvin, Cole",R,L,CH,Changeup,81.5,1334,-0.4646659418646452,2.217541156672775,4,3.110301837,1.569685039,0,0,7,Top,0,106.0,30,405,LAD,BOS,Ceddanne Rafaela homers (12) on a fly ball to left field. Nick Sogard scores.
2026-07-31,823922,660271,663558,"Morán, Jovani",L,L,CH,Changeup,81.9,1826,0.0620983664082541,2.2330984937289053,5,3.369201116,1.700344488,2,1,5,Bot,2,112.1,24,386,LAD,BOS,Shohei Ohtani homers (24) on a fly ball to right field. Eliezer Alfonzo scores.
2026-07-31,823593,596019,676534,"Faucher, Calvin",L,R,CU,Curveball,86.5,3115,0.1427058146524396,2.531447978311069,5,3.107668963,1.568356299,2,2,7,Bot,2,103.5,30,392,NYM,MIA,Francisco Lindor homers (9) on a fly ball to right field.
2026-07-31,823593,669065,675540,"Curry, Xzavion",L,R,CU,Curveball,73.2,2438,-0.2638184923724654,2.6746225316566914,5,3.295480643,1.663139764,0,1,6,Top,1,106.5,37,417,NYM,MIA,Kyle Stowers homers (16) on a fly ball to center field.
2026-07-31,823272,687749,687931,"Whisenhunt, Carson",R,L,SL,Slider,83.4,2595,0.1421044470117604,1.6880233328580316,8,3.208595801,1.619291339,2,1,4,Bot,1,104.1,35,384,SD,SF,Jase Bowen homers (1) on a fly ball to left field.
2026-07-31,823111,680777,660825,"Bazardo, Eduard",R,R,ST,Sweeper,84.7,2638,0.0451642055257375,1.9889044061940575,8,3.284949147,1.657824803,1,1,8,Top,0,97.0,27,372,SEA,MIN,Ryan Jeffers homers (10) on a fly ball to left field.
2026-07-31,823111,668904,678606,"Ferrer, José A.",R,L,SI,Sinker,96.3,2111,-0.4746352786547532,2.32736109025466,4,3.205085302,1.617519685,1,0,7,Top,0,107.3,31,419,SEA,MIN,Royce Lewis homers (11) on a fly ball to left center field.
2026-07-31,823111,702284,805673,"Matthews, Zebby",L,R,FC,Cutter,89.9,2548,0.1791259718997492,1.9246733792082893,8,3.133120079,1.581200787,0,0,2,Bot,2,110.2,16,373,SEA,MIN,Cole Young homers (14) on a line drive to right center field.
2026-07-31,823111,686797,682243,"Miller, Bryce",L,R,FC,Cutter,90.7,2694,0.0008080098536521,2.280956172473244,5,3.208595801,1.619291339,3,1,2,Top,2,97.1,34,367,SEA,MIN,Brooks Lee homers (16) on a fly ball to right field. Josh Bell scores.
2026-07-31,822945,695657,607259,"Martinez, Nick",L,R,SI,Sinker,91.9,2229,-0.1515875520339695,2.840819756514089,2,3.340239501,1.685728347,2,0,6,Top,1,107.4,33,425,TB,CWS,Colson Montgomery homers (25) on a fly ball to right field. Munetaka Murakami scores.
2026-07-31,822945,691406,607200,"Fedde, Erick",R,R,SI,Sinker,94.2,2193,0.249915644833612,3.4373207889745947,12,3.243700787,1.637007874,3,2,4,Bot,1,109.5,29,453,TB,CWS,Junior Caminero homers (30) on a fly ball to center field.
2026-07-31,822945,808959,607259,"Martinez, Nick",L,R,CH,Changeup,78.5,1773,-0.6071907823923626,2.147524645452759,7,3.296358268,1.663582677,3,1,3,Top,1,100.3,29,389,TB,CWS,Munetaka Murakami homers (24) on a fly ball to left center field. Sam Antonacci scores.
2026-07-31,822945,643217,607259,"Martinez, Nick",L,R,FC,Cutter,88.6,2194,0.7737270987522727,2.157504141768356,6,3.068175853,1.548425197,1,2,2,Top,0,104.2,36,405,TB,CWS,Andrew Benintendi homers (11) on a fly ball to right field.
2026-07-31,822945,678246,607259,"Martinez, Nick",R,R,SI,Sinker,89.9,2165,-0.5736000399150571,2.305193903586216,4,3.290214895,1.660482283,0,0,1,Top,2,107.8,26,433,TB,CWS,Miguel Vargas homers (23) on a fly ball to left field.
2026-08-01,824972,703607,640448,"Finnegan, Kyle",R,R,FF,4-Seam Fastball,96.2,2229,0.239036034656503,2.4455656994649053,5,3.332340879,1.681742126,0,1,8,Bot,1,105.3,26,411,ATH,DET,Henry Bolte homers (4) on a fly ball to center field. Tommy White scores. Lawrence Butler scores.
2026-08-01,824972,703601,678022,"Perkins, Jack",L,R,ST,Sweeper,85.5,2871,0.2456103877721608,1.413455863043234,14,3.179634186,1.604675197,2,2,6,Top,0,99.3,35,387,ATH,DET,Max Clark homers (1) on a fly ball to right center field. Spencer Torkelson scores.
2026-08-01,824972,650402,678022,"Perkins, Jack",R,R,SI,Sinker,93.4,2174,-0.427050097474883,2.525716219380981,4,3.12960958,1.579429134,2,0,5,Top,0,100.3,31,396,ATH,DET,Gleyber Torres homers (6) on a fly ball to right center field. Kevin McGonigle scores.
2026-08-01,824972,805808,678022,"Perkins, Jack",L,R,FF,4-Seam Fastball,94.4,2143,-0.2540136886265536,2.527033030770774,5,3.085728346,1.557283465,1,1,1,Top,0,99.7,31,386,ATH,DET,Kevin McGonigle homers (11) on a fly ball to left field.
2026-08-01,824890,642086,571945,"Mikolas, Miles",L,R,SL,Slider,86.9,2142,0.3162646901949459,2.054446745873036,9,3.176123688,1.602903543,3,2,4,Bot,0,104.8,27,403,ATL,WSH,Dominic Smith homers (8) on a fly ball to right field.
2026-08-01,824890,621566,571945,"Mikolas, Miles",L,R,SL,Slider,88.4,2153,0.634646527965566,2.6307716654763684,6,3.37183399,1.701673228,0,1,1,Bot,1,106.2,25,372,ATL,WSH,Matt Olson homers (30) on a fly ball to right field.
2026-08-01,824890,660670,571945,"Mikolas, Miles",R,R,SI,Sinker,91.6,2068,-0.3261670871270594,2.0882006109803983,7,3.200697179,1.615305118,1,0,1,Bot,1,103.9,33,419,ATL,WSH,Ronald Acuña Jr. homers (9) on a fly ball to center field.
2026-08-01,824649,663538,518585,"Cruz, Fernando",R,R,FS,Split-Finger,80.9,604,-0.4571703490284662,2.569786972613283,4,3.185777559,1.607775591,2,2,7,Bot,0,98.5,29,372,CHC,NYY,Nico Hoerner homers (6) on a fly ball to left field.
2026-08-01,824649,682987,656849,"Peterson, David",L,L,FF,4-Seam Fastball,90.6,2182,-0.2871827930398745,2.47269725089618,4,3.499967192,1.766338583,0,0,7,Top,1,106.0,22,370,CHC,NYY,Spencer Jones homers (5) on a fly ball to left center field.
2026-08-01,824485,624431,677952,"Ashcraft, Braxton",R,R,FF,4-Seam Fastball,97.8,2319,0.521924926129134,3.051385876725916,3,3.061154856,1.54488189,1,1,5,Bot,0,97.9,37,350,CIN,PIT,Jose Trevino homers (4) on a fly ball to right field.
2026-08-01,824405,800050,623149,"Sewald, Paul",L,R,FF,4-Seam Fastball,90.6,2593,-0.0066671317686949,3.2679364832209714,2,3.339361877,1.685285433,0,0,8,Bot,0,104.3,31,414,CLE,AZ,Chase DeLauter homers (12) on a fly ball to right center field.
2026-08-01,824405,571448,702021,"Dion, Will",R,L,CH,Changeup,80.1,1494,0.1258905430252159,2.628323628934837,5,3.277050525,1.653838583,1,0,8,Top,2,104.7,31,388,CLE,AZ,Nolan Arenado homers (15) on a fly ball to left field.
2026-08-01,824405,682998,680916,"Aleman, Franco",L,R,SL,Slider,86.9,2309,-0.0582219514217863,2.6924418924766926,2,3.10328084,1.566141732,3,1,7,Top,2,101.6,26,403,CLE,AZ,Corbin Carroll homers (16) on a fly ball to center field. James McCann scores. Ryan Waldschmidt scores.
2026-08-01,824405,672695,683769,"Gaddis, Hunter",L,R,FF,4-Seam Fastball,94.8,2387,0.0997669326429486,2.153802768036814,8,3.31742126,1.674212598,0,0,7,Top,0,102.4,27,391,CLE,AZ,Geraldo Perdomo homers (9) on a fly ball to right field.
2026-08-01,824405,656555,684442,"Drake, Kohl",R,L,FF,4-Seam Fastball,92.8,2248,0.3327352076518876,2.492411054419029,6,3.334096129,1.682627953,1,1,1,Bot,2,105.0,33,424,CLE,AZ,Rhys Hoskins homers (12) on a fly ball to center field. Chase DeLauter scores.
2026-08-01,824326,670231,623474,"Herget, Jimmy",L,R,ST,Sweeper,78.6,3103,0.2685254363087,2.823604222389688,2,3.135752953,1.582529528,2,2,9,Top,0,102.5,31,417,COL,KC,John Rave homers (2) on a fly ball to right field.
2026-08-01,824326,696100,656638,"Lange, Alex",R,R,CH,Changeup,89.9,1869,-0.6180516227020426,1.4867444702606218,7,3.178756562,1.604232283,2,2,7,Bot,0,100.9,34,424,COL,KC,Hunter Goodman homers (33) on a fly ball to left field.
2026-08-01,824326,650489,621381,"Strahm, Matt",R,L,FF,4-Seam Fastball,93.3,2668,-0.644093631950326,2.0848758322083216,7,3.203330053,1.616633858,0,0,5,Bot,1,102.7,37,422,COL,KC,Willi Castro homers (12) on a fly ball to center field.
2026-08-01,824326,696100,679883,"Avila, Luinder",R,R,SL,Slider,87.4,2719,-0.2276911791370661,1.562591450802694,8,3.178756562,1.604232283,2,0,3,Bot,1,97.6,41,384,COL,KC,Hunter Goodman homers (32) on a fly ball to left field. Kyle Karros scores. TJ Rumfield scores.
2026-08-01,824326,521692,663372,"Feltner, Ryan",R,R,ST,Sweeper,82.6,2757,0.2593280060820198,3.1244511199572456,2,3.312155512,1.671555118,2,2,3,Top,2,104.2,33,425,COL,KC,Salvador Perez homers (16) on a fly ball to center field.
2026-08-01,824326,695506,663372,"Feltner, Ryan",L,R,CU,Curveball,81.7,2674,0.7185188358447712,2.41200506105804,6,3.401673228,1.716732283,0,0,3,Top,2,102.6,37,410,COL,KC,Jac Caglianone homers (18) on a fly ball to right field. Tyler Tolbert scores.
2026-08-01,824162,553869,660853,"De Los Santos, Enyel",R,R,FF,4-Seam Fastball,95.9,2295,0.4977547822606247,2.12219222360035,9,3.241067913,1.635679134,3,2,6,Top,1,97.0,30,343,HOU,TEX,Elias Díaz homers (5) on a fly ball to right field.
2026-08-01,824162,694671,669854,"Blanco, Ronel",R,R,SL,Slider,88.5,2211,0.1591268131112027,2.831058324482318,2,3.196309055,1.613090551,3,2,3,Top,2,103.9,22,348,HOU,TEX,Wyatt Langford homers (13) on a fly ball to left field.
2026-08-01,824000,641343,695049,"Kerry, Brett",L,R,SL,Slider,84.5,1870,-0.0602349200266333,2.8420284304286665,2,3.217372047,1.623720472,0,0,4,Top,1,107.6,25,401,LAA,MIL,Jake Bauers homers (20) on a fly ball to right center field.
2026-08-01,823920,678882,808967,"Yamamoto, Yoshinobu",R,R,FS,Split-Finger,91.0,1125,-0.8277512417066426,2.433462038264716,4,3.110301837,1.569685039,1,2,3,Top,2,100.5,34,402,LAD,BOS,Ceddanne Rafaela homers (14) on a fly ball to left center field.
2026-08-01,823920,606192,801139,"Tolle, Payton",R,L,SI,Sinker,93.9,2192,0.101601682151194,2.0116235269988554,8,3.199819554,1.614862205,0,0,2,Bot,1,100.9,27,374,LAD,BOS,Teoscar Hernández homers (10) on a fly ball to right field. Freddie Freeman scores.
2026-08-01,823920,678882,808967,"Yamamoto, Yoshinobu",R,R,FS,Split-Finger,90.5,1030,-0.3278820317481044,2.8173237098252373,1,3.110301837,1.569685039,0,0,1,Top,1,100.4,25,389,LAD,BOS,Ceddanne Rafaela homers (13) on a fly ball to left center field.
2026-08-01,823594,665052,650960,"Duarte, Daniel",L,R,ST,Sweeper,80.3,2684,-0.0001985459458344,2.6445135502637327,5,3.234046916,1.632135827,0,0,6,Top,1,103.5,35,416,NYM,MIA,Griffin Conine homers (10) on a fly ball to right field.
2026-08-01,823594,621438,663969,"Phillips, Tyler",R,R,SI,Sinker,94.5,1924,-0.8505005978818699,1.9397122103505755,13,3.231414042,1.630807087,1,0,2,Bot,1,104.5,38,410,NYM,MIA,Tyrone Taylor homers (10) on a fly ball to left field. Marcus Semien scores.
2026-08-01,823594,691594,804267,"Thornton, Zac",R,L,FC,Cutter,88.5,2356,-0.6201324649947284,2.165308844303767,4,2.995333005,1.511663386,1,2,2,Top,0,103.2,23,377,NYM,MIA,Javier Sanoja homers (4) on a fly ball to left field. Kyle Stowers scores.
2026-08-01,823269,666023,641816,"Mahle, Tyler",R,R,FF,4-Seam Fastball,93.8,2287,-0.4087845957144014,2.5101542931665595,4,3.105036089,1.567027559,0,0,4,Bot,1,104.0,25,383,SD,SF,Freddy Fermin homers (4) on a fly ball to left field. Luis Rengifo scores.
2026-08-01,823269,678545,621111,"Buehler, Walker",R,R,ST,Sweeper,80.9,2674,0.0111189427361737,2.9928904632939304,2,3.18402231,1.606889764,0,2,3,Top,1,102.5,30,402,SD,SF,Osleivis Basabe homers (1) on a fly ball to left field. Drew Gilbert scores.
2026-08-01,823109,663616,669302,"Gilbert, Logan",L,R,FS,Split-Finger,85.2,760,-0.237914605502672,2.321470799687691,5,3.323564633,1.677312992,0,1,6,Top,1,102.0,34,379,SEA,MIN,Trevor Larnach homers (9) on a fly ball to right center field.
2026-08-01,823109,807712,669302,"Gilbert, Logan",R,R,FF,4-Seam Fastball,95.3,2392,0.2552817368698215,2.411153645586409,5,3.213861549,1.621948819,0,0,5,Top,1,100.4,31,385,SEA,MIN,Luke Keaschall homers (5) on a fly ball to left center field.
2026-08-01,823109,668227,687570,"Prielipp, Connor",R,L,FF,4-Seam Fastball,97.0,2285,-0.2941550123254879,2.805771800903801,1,3.127854331,1.578543307,1,2,2,Bot,2,99.2,38,350,SEA,MIN,Randy Arozarena homers (14) on a fly ball to left field.
2026-08-02,824971,681546,666126,"Cortes, Carlos",L,L,SL,Slider,57.3,1322,-0.2809038121695499,1.7571394897300392,7,3.292847769,1.661811024,2,2,9,Top,0,103.7,25,408,ATH,DET,James Outman homers (5) on a fly ball to center field.
2026-08-02,824891,621566,676917,"Cavalli, Cade",L,R,FC,Cutter,93.1,2318,0.5244134451672622,2.2115416282789866,9,3.37183399,1.701673228,2,1,4,Bot,0,99.7,29,401,ATL,WSH,Matt Olson homers (31) on a fly ball to right field.
2026-08-02,824891,573262,676917,"Cavalli, Cade",L,R,FF,4-Seam Fastball,96.9,2404,-0.4186578566372613,2.514412874500118,4,3.125221457,1.577214567,0,0,3,Bot,0,102.4,24,403,ATL,WSH,Mike Yastrzemski homers (8) on a fly ball to right center field.
2026-08-02,824807,547180,677020,"Walker, Josh",L,L,SL,Slider,84.2,2127,0.4663239630149908,1.9214994218046235,9,3.26476378,1.647637795,1,2,5,Top,1,100.9,27,419,BAL,PHI,Bryce Harper homers (23) on a fly ball to right center field.
2026-08-02,824807,650559,680694,"Bradish, Kyle",R,R,CU,Curveball,83.4,2512,0.2906554703117543,2.667819310772916,6,3.227903543,1.629035433,1,1,3,Top,1,102.1,30,400,BAL,PHI,Bryan De La Cruz homers (2) on a fly ball to center field. Justin Crawford scores.
2026-08-02,824648,676609,607067,"Rea, Colin",R,R,FF,4-Seam Fastball,93.9,2080,0.1820825694379851,2.636576914620875,2,3.083095472,1.555954724,1,0,3,Top,0,106.6,26,408,CHC,NYY,José Caballero homers (11) on a fly ball to center field. Ryan McMahon scores.
2026-08-02,824483,663886,666808,"Doval, Camilo",R,R,FC,Cutter,97.9,2518,-0.0220986342280838,2.8281277387799117,5,3.359547244,1.695472441,3,1,8,Bot,1,101.4,31,352,CIN,PIT,Tyler Stephenson homers (9) on a fly ball to right field.
2026-08-02,824483,663647,656605,"Keller, Mitch",R,R,SI,Sinker,91.6,2490,-0.3537221390121683,2.561431009421873,4,3.166469816,1.598031496,1,0,2,Bot,1,106.9,26,429,CIN,PIT,Ke'Bryan Hayes homers (4) on a fly ball to center field.
2026-08-02,824483,701398,656605,"Keller, Mitch",R,R,ST,Sweeper,80.9,2670,0.0261327975312262,2.204560665961535,5,3.239312664,1.634793307,1,2,1,Bot,1,104.8,33,420,CIN,PIT,Sal Stewart homers (24) on a fly ball to left field.
2026-08-02,824404,672275,518876,"Kelly, Merrill",L,R,CH,Changeup,86.7,2079,-0.5565276328102631,2.5263399288770314,4,3.22351542,1.626820866,1,1,3,Bot,0,105.4,24,417,CLE,AZ,Patrick Bailey homers (6) on a fly ball to center field.
2026-08-02,824323,664983,607481,"Bummer, Aaron",L,L,SI,Sinker,90.8,2014,0.420476975312344,2.051476506937986,9,3.228781168,1.629478347,1,1,6,Bot,1,97.5,27,387,COL,KC,Jake McCarthy homers (11) on a fly ball to right field. Edouard Julien scores. Brett Sullivan scores.
2026-08-02,824163,607043,595345,"Okert, Steven",L,L,SL,Slider,80.4,2483,0.5708731170942419,3.0936321460380336,3,3.270029528,1.650295276,3,1,7,Top,0,103.2,27,414,HOU,TEX,Brandon Nimmo homers (11) on a fly ball to right field.
2026-08-02,824163,665161,677958,"Rocker, Kumar",R,R,SL,Slider,82.3,2221,-0.3026588541193915,1.6850552133075882,7,3.19718668,1.613533465,0,0,4,Bot,2,106.2,20,364,HOU,TEX,Jeremy Peña homers (13) on a line drive to left field. Cam Smith scores.
2026-08-02,823996,685133,694819,"Misiorowski, Jacob",L,R,FC,Cutter,94.8,2496,0.4372544368351684,2.586349221348068,6,3.098015092,1.563484252,0,1,2,Bot,1,100.6,37,388,LAA,MIL,Wade Meckler homers (3) on a fly ball to right center field. Vaughn Grissom scores.
2026-08-02,823919,680776,669165,"Hurt, Kyle",L,R,CH,Changeup,89.1,1378,0.4678817638782181,2.2812382402708096,6,3.229658793,1.62992126,0,2,6,Top,1,106.2,33,420,LAD,BOS,Jarren Duran homers (14) on a fly ball to center field.
2026-08-02,823919,807799,686218,"Sheehan, Emmet",L,R,FF,4-Seam Fastball,92.2,2409,0.6646532564052715,2.513601338580367,6,3.021661745,1.524950787,2,1,3,Top,1,98.7,30,374,LAD,BOS,Masataka Yoshida homers (5) on a fly ball to right field.
2026-08-02,823919,677800,686218,"Sheehan, Emmet",L,R,SL,Slider,84.5,2405,-0.1306893127649582,2.534314336634636,5,3.117322835,1.573228347,0,0,3,Top,0,109.1,24,431,LAD,BOS,Wilyer Abreu homers (17) on a fly ball to right center field.
2026-08-02,823919,678882,686218,"Sheehan, Emmet",R,R,SL,Slider,86.3,2379,-0.2667929791785797,2.025008845949937,8,3.110301837,1.569685039,1,1,3,Top,0,104.0,23,388,LAD,BOS,Ceddanne Rafaela homers (15) on a fly ball to left center field.
2026-08-02,823592,691788,476594,"Stock, Robert",L,R,FC,Cutter,91.3,2357,-0.1096005033364375,2.649455186238428,5,3.220882546,1.625492126,3,2,5,Top,1,104.9,26,407,NYM,MIA,Joe Mack homers (11) on a fly ball to center field.
2026-08-02,823270,646240,699134,"Rodriguez, Bradgley",L,R,SI,Sinker,97.6,2334,0.0976965444157,2.3218605666865724,5,3.217372047,1.623720472,2,1,8,Top,2,97.4,29,359,SD,SF,Rafael Devers homers (23) on a fly ball to left field.
2026-08-02,823270,678545,656288,"Canning, Griffin",R,R,FF,4-Seam Fastball,95.9,2399,0.1226617782007467,2.3036312059146606,5,3.18402231,1.606889764,3,2,5,Top,0,103.2,27,404,SD,SF,Osleivis Basabe homers (2) on a fly ball to center field.
2026-08-02,823270,701538,694738,"Roupp, Landen",L,R,FF,4-Seam Fastball,93.2,2170,-0.4107390327419528,3.664577138971574,11,3.320054134,1.675541339,0,2,2,Bot,0,105.0,30,422,SD,SF,Jackson Merrill homers (16) on a fly ball to center field. Ty France scores.
2026-08-02,823107,807712,662253,"Muñoz, Andrés",R,R,FF,4-Seam Fastball,98.9,2447,0.263042123406875,2.2336910302556774,5,3.213861549,1.621948819,1,0,9,Top,0,102.2,32,373,SEA,MIN,Luke Keaschall homers (6) on a fly ball to right center field.
2026-08-02,823107,668904,678606,"Ferrer, José A.",R,L,SI,Sinker,96.8,2169,-0.3253964165082259,1.8677986747085007,7,3.205085302,1.617519685,1,0,8,Top,1,103.0,27,402,SEA,MIN,Royce Lewis homers (12) on a fly ball to center field. Josh Bell scores. Kody Clemens scores.
2026-08-02,823107,663616,660825,"Bazardo, Eduard",L,R,ST,Sweeper,84.4,2683,-0.2148764320344406,1.8868658942472143,8,3.323564633,1.677312992,2,2,8,Top,0,109.3,22,395,SEA,MIN,Trevor Larnach homers (10) on a fly ball to right field. Ryan Kreidler scores.
2026-08-02,823107,663728,696070,"Rojas, Kendry",R,L,SL,Slider,89.3,2388,-0.137728421466432,3.5702301905431004,11,3.282316273,1.656496063,0,2,7,Bot,1,106.9,29,418,SEA,MIN,Cal Raleigh homers (12) on a fly ball to left center field. Dominic Canzone scores. Julio Rodríguez scores.
2026-08-02,822943,810938,701474,"Davitt, Duncan",R,R,SI,Sinker,91.4,2213,-1.1815746222874024,2.556315353435001,11,3.229658793,1.62992126,0,0,9,Bot,0,101.1,20,380,TB,CWS,Ben Williamson homers (3) on a line drive to left field.
2026-08-02,822943,678246,688297,"Roycroft, Chris",R,R,SI,Sinker,95.6,2193,0.0754230627912677,2.542821627602952,5,3.290214895,1.660482283,0,0,9,Top,2,104.9,24,413,TB,CWS,Miguel Vargas homers (24) on a fly ball to left center field. Luisangel Acuña scores.
2026-08-02,822943,677592,702047,"Cook, Alex",R,R,FF,4-Seam Fastball,93.4,2332,-0.8468046568948956,2.3081593830481824,13,3.145406824,1.587401575,1,0,9,Top,0,100.3,32,410,TB,CWS,Everson Pereira homers (4) on a fly ball to center field. Chase Meidroth scores.
2026-08-02,822943,643217,643377,"Jax, Griffin",L,R,ST,Sweeper,85.4,3120,0.90990001331304,1.4299961109479624,14,3.068175853,1.548425197,0,0,4,Top,0,97.4,36,378,TB,CWS,Andrew Benintendi homers (12) on a fly ball to right center field.
2026-08-03,825095,694374,650633,"King, Michael",R,R,SI,Sinker,93.1,2232,-0.7736300422615459,1.856980722923815,7,3.162959318,1.596259843,0,0,4,Bot,1,104.1,28,404,AZ,SD,Tim Tawa homers (5) on a fly ball to left field. Ketel Marte scores. Adrian Del Castillo scores.
2026-08-03,824647,606192,571510,"Boyd, Matthew",R,L,FF,4-Seam Fastball,91.7,2081,-0.6312882040624788,2.346895669004696,4,3.199819554,1.614862205,2,1,6,Top,2,111.2,33,443,CHC,LAD,Teoscar Hernández homers (11) on a fly ball to left center field.
2026-08-03,824647,683737,680736,"Wrobleski, Justin",L,L,SI,Sinker,94.7,2204,-0.1925813936537577,2.33326453452312,5,3.166469816,1.598031496,0,1,5,Bot,1,101.5,22,381,CHC,LAD,Michael Busch homers (14) on a line drive to left center field.
2026-08-03,824647,608348,680736,"Wrobleski, Justin",R,L,SL,Slider,85.8,2245,-0.4102891293458998,2.373169223642497,4,3.257742782,1.644094488,1,1,3,Bot,1,104.6,34,394,CHC,LAD,Carson Kelly homers (7) on a fly ball to left field. Alex Bregman scores.
2026-08-03,824647,682634,680736,"Wrobleski, Justin",R,L,FF,4-Seam Fastball,94.6,2366,0.4395157459824018,2.7800203125572285,6,3.457841207,1.74507874,2,2,2,Bot,2,106.1,22,392,CHC,LAD,Kevin Alcántara homers (1) on a fly ball to left center field. Dansby Swanson scores.
2026-08-03,824647,673548,680736,"Wrobleski, Justin",R,L,FF,4-Seam Fastball,94.6,2458,0.0197093722199657,3.110247351332038,2,3.177878937,1.60378937,1,1,1,Bot,0,106.6,20,367,CHC,LAD,Seiya Suzuki homers (19) on a line drive to left center field. Pete Crow-Armstrong scores.
2026-08-03,824647,669242,571510,"Boyd, Matthew",R,L,FF,4-Seam Fastball,92.8,2297,-0.3106451812066575,2.5249949205309594,4,3.102403215,1.565698819,0,0,1,Top,0,108.1,21,394,CHC,LAD,Tommy Edman homers (3) on a line drive to left field. Shohei Ohtani scores. Andy Pages scores.
2026-08-03,824324,680700,685299,"Gordon, Tanner",L,R,FF,4-Seam Fastball,91.5,2244,0.7229566170547232,2.642264297569946,3,3.040091864,1.534251969,0,1,9,Top,2,99.8,31,416,COL,TB,Richie Palacios homers (5) on a fly ball to right field. Cedric Mullins scores.
2026-08-03,824324,666160,675627,"Grove, Michael",L,R,FF,4-Seam Fastball,92.9,2419,0.2064694067045623,3.2595653854427136,2,3.254232283,1.642322835,1,1,8,Bot,0,104.3,30,447,COL,TB,Mickey Moniak homers (18) on a fly ball to right center field.
2026-08-03,824324,691406,685299,"Gordon, Tanner",R,R,SL,Slider,88.2,2157,-0.0425304411580307,3.164762239458802,2,3.243700787,1.637007874,0,1,4,Top,2,112.4,22,442,COL,TB,Junior Caminero homers (32) on a fly ball to left center field.
2026-08-03,824324,678662,693855,"Seymour, Ian",R,L,CH,Changeup,81.3,1604,0.53654629741067,2.517901861605965,6,3.219127297,1.624606299,2,2,3,Bot,0,104.1,26,398,COL,TB,Ezequiel Tovar homers (9) on a fly ball to left center field.
2026-08-03,824324,691406,547179,"Lorenzen, Michael",R,R,SI,Sinker,93.8,2228,-0.0013052144048822,2.58661584272587,5,3.243700787,1.637007874,0,1,1,Top,1,109.1,22,422,COL,TB,Junior Caminero homers (31) on a fly ball to right center field. Jonathan Aranda scores.
2026-08-03,824160,672386,664299,"Javier, Cristian",R,R,ST,Sweeper,79.4,2478,-0.0328207744895445,3.0177136191059515,2,3.010252625,1.519192913,0,0,2,Top,0,95.9,27,373,HOU,TOR,Alejandro Kirk homers (4) on a fly ball to left center field.
2026-08-03,823520,676475,683409,"Chivilli, Angel",L,R,SL,Slider,90.1,2037,0.4551652671332452,1.6408392988903993,9,3.215616798,1.622834646,2,2,8,Top,1,109.1,29,418,NYY,STL,Alec Burleson homers (18) on a fly ball to right field. JJ Wetherholt scores.
2026-08-03,823520,699625,683409,"Chivilli, Angel",L,R,FF,4-Seam Fastball,96.0,2021,0.055320401710834,3.227250774189079,2,3.200697179,1.615305118,0,0,8,Top,0,99.8,40,376,NYY,STL,Jimmy Crooks homers (4) on a fly ball to right field. José Fermín scores.
2026-08-03,823520,701675,683409,"Chivilli, Angel",L,R,CH,Changeup,90.8,1606,-0.2881363564841832,2.136098034118087,4,3.112934711,1.57101378,2,2,8,Top,0,99.0,24,355,NYY,STL,Nathan Church homers (9) on a fly ball to right field. Blaze Jordan scores. Masyn Winn scores.
2026-08-03,823520,671277,666277,"Soriano, George",L,R,CH,Changeup,90.0,1506,0.2386889390649469,1.450455611706675,14,3.248088911,1.639222441,2,2,7,Bot,2,109.0,19,424,NYY,STL,Luis García Jr. homers (24) on a line drive to right center field. Trent Grisham scores.
2026-08-03,823520,676609,592773,"Stanek, Ryne",R,R,FF,4-Seam Fastball,95.9,2257,-0.3561025521638099,1.9355915561210493,7,3.083095472,1.555954724,1,0,7,Bot,0,104.1,27,400,NYY,STL,José Caballero homers (12) on a fly ball to left field.
2026-08-03,823520,641857,592773,"Stanek, Ryne",L,R,FF,4-Seam Fastball,95.1,2169,0.8482876905788355,2.1873880598488,14,3.31742126,1.674212598,1,0,7,Bot,0,103.6,34,410,NYY,STL,Ryan McMahon homers (10) on a fly ball to center field.
2026-08-03,823520,663757,677865,"Bruihl, Justin",L,L,ST,Sweeper,78.8,2652,0.4466819191858626,1.8682004941663437,9,3.138385827,1.583858268,1,2,5,Bot,1,90.9,30,355,NYY,STL,Trent Grisham homers (12) on a fly ball to right field.
2026-08-03,823520,669224,700241,"McGreevy, Michael",L,R,FC,Cutter,88.5,2256,-0.4218683726600537,2.8169588579112474,1,3.254232283,1.642322835,2,0,5,Bot,1,104.3,28,394,NYY,STL,Austin Wells homers (8) on a fly ball to right center field. Ryan McMahon scores.
2026-08-03,823520,676475,657612,"Hill, Tim",L,L,SI,Sinker,88.9,2130,0.5449542631366688,2.1956318812496423,6,3.215616798,1.622834646,0,1,4,Top,2,108.3,22,365,NYY,STL,Alec Burleson homers (17) on a fly ball to right field. Jordan Walker scores.
2026-08-03,823520,676475,693645,"Schlittler, Cam",L,R,FF,4-Seam Fastball,97.1,2557,-0.6607564961844248,2.988628143519467,1,3.215616798,1.622834646,1,2,1,Top,1,103.6,22,350,NYY,STL,Alec Burleson homers (16) on a line drive to right field. JJ Wetherholt scores.
2026-08-03,823431,547180,690925,"Beeter, Clayton",L,R,FF,4-Seam Fastball,93.8,2556,-0.0465275174098829,1.9610670301626167,8,3.26476378,1.647637795,0,0,8,Bot,0,112.6,22,433,PHI,WSH,Bryce Harper homers (24) on a fly ball to center field. Justin Crawford scores.
2026-08-03,823431,656537,676680,"Cosgrove, Tom",R,L,ST,Sweeper,75.9,2914,0.1123702132247372,2.046197326551953,8,3.215616798,1.622834646,0,1,7,Bot,1,98.9,29,393,PHI,WSH,Derek Hill hits a grand slam (9) to left center field. Bryan De La Cruz scores. Bryson Stott scores. Edmundo Sosa scores.
2026-08-03,823431,695734,605400,"Nola, Aaron",L,R,FF,4-Seam Fastball,91.9,2250,-0.197301592976561,3.493675094449857,11,3.180511811,1.60511811,2,2,2,Top,0,99.5,35,373,PHI,WSH,Daylen Lile homers (14) on a fly ball to right center field. Keibert Ruiz scores.
2026-08-03,823431,694673,605400,"Nola, Aaron",L,R,KC,Knuckle Curve,78.7,2684,-0.2751990151254679,2.0430267942407765,8,3.141896326,1.585629921,3,2,1,Top,1,106.8,25,390,PHI,WSH,Abimelec Ortiz homers (1) on a fly ball to right field.
2026-08-03,822867,677649,663941,"Beck, Tristan",R,R,FF,4-Seam Fastball,92.8,1920,-0.3276689151404854,1.8274330110205872,7,3.126099081,1.57765748,3,2,9,Bot,1,110.2,22,406,TEX,SF,Ezequiel Duran homers (13) on a fly ball to left field.
2026-08-03,822867,808982,682608,"Gray, Peyton",L,R,SL,Slider,86.3,2538,-0.0830273329923312,1.7285706951779614,8,3.22351542,1.626820866,0,0,8,Top,0,100.1,23,385,TEX,SF,Jung Hoo Lee homers (8) on a line drive to right center field.
2026-08-03,822867,808982,615698,"Quantrill, Cal",L,R,FS,Split-Finger,83.0,1005,-0.0764185533682521,2.332045028116184,5,3.22351542,1.626820866,1,1,3,Top,1,100.6,28,410,TEX,SF,Jung Hoo Lee homers (7) on a fly ball to right center field.
2026-08-04,825054,543510,608566,"Márquez, Germán",R,R,KC,Knuckle Curve,87.8,2570,-0.3144910863968352,2.3339160632705926,4,3.280561024,1.655610236,0,1,7,Bot,2,107.6,24,395,AZ,SD,James McCann homers (4) on a fly ball to left center field. Tim Tawa scores.
2026-08-04,825054,571448,608566,"Márquez, Germán",R,R,FF,4-Seam Fastball,94.5,2161,-0.548009759709561,1.814953010780024,7,3.277050525,1.653838583,1,0,7,Bot,1,102.0,29,400,AZ,SD,Nolan Arenado homers (16) on a fly ball to left center field. Jorge Barrosa scores.
2026-08-04,824888,663586,667463,"King, John",R,L,CU,Curveball,79.6,3029,0.080279975126064,1.699112807990229,8,3.273540026,1.652066929,1,1,7,Bot,1,106.7,30,433,ATL,MIA,Austin Riley homers (13) on a fly ball to left center field. Lane Thomas scores.
2026-08-04,824888,645277,687473,"Gusto, Ryan",L,R,SL,Slider,85.5,2341,0.5001253813664214,1.3905152593650651,9,2.984801509,1.506348425,0,0,2,Bot,0,100.1,32,397,ATL,MIA,Ozzie Albies homers (19) on a fly ball to right field.
2026-08-04,824805,641933,815083,"Farris, Mitch",R,L,FF,4-Seam Fastball,93.5,2121,-0.0525899930890453,3.36739983893044,11,3.097137467,1.563041339,3,2,8,Bot,1,102.6,40,373,BAL,LAA,Tyler O'Neill homers (8) on a fly ball to left center field.
2026-08-04,824731,677800,607200,"Fedde, Erick",L,R,FC,Cutter,92.3,2122,-0.0020589395678408,2.837388248469258,2,3.117322835,1.573228347,0,0,8,Bot,2,105.0,31,419,BOS,CWS,Wilyer Abreu homers (19) on a fly ball to center field.
2026-08-04,824731,677800,663436,"Martin, Davis",L,R,CU,Curveball,80.9,3398,-0.1173194112739566,1.7804695091234923,8,3.117322835,1.573228347,0,1,5,Bot,1,106.8,27,430,BOS,CWS,Wilyer Abreu homers (18) on a fly ball to center field.
2026-08-04,824731,680776,663436,"Martin, Davis",L,R,SL,Slider,86.0,2549,0.3942535644450912,1.767327561031773,9,3.229658793,1.62992126,1,2,1,Bot,1,109.0,25,414,BOS,CWS,Jarren Duran homers (15) on a fly ball to right center field.
2026-08-04,824731,702332,663436,"Martin, Davis",R,R,SI,Sinker,91.6,2406,-0.238243930884582,1.8145990926673168,8,2.947063648,1.48730315,1,0,1,Bot,1,102.3,25,401,BOS,CWS,Caleb Durbin hits a grand slam (11) to left center field. Ceddanne Rafaela scores. Willson Contreras scores. Masataka Yoshida scores.
2026-08-04,824645,663538,621242,"Díaz, Edwin",R,R,SL,Slider,89.1,2341,0.2505027817866762,2.842408505858484,2,3.185777559,1.607775591,2,1,8,Bot,1,99.2,26,381,CHC,LAD,Nico Hoerner homers (7) on a fly ball to left center field.
2026-08-04,824645,621020,669373,"Skubal, Tarik",R,L,FF,4-Seam Fastball,96.6,2329,0.3679083486838719,2.864103414846804,3,3.218249672,1.624163386,0,0,3,Bot,0,102.8,34,401,CHC,LAD,Dansby Swanson homers (17) on a fly ball to left center field.
2026-08-04,824645,663656,665871,"Assad, Javier",L,R,SI,Sinker,94.0,2133,0.0853988963493868,2.2748748518655777,5,3.350770997,1.691043307,2,1,2,Top,2,98.7,35,376,CHC,LAD,Kyle Tucker homers (10) on a fly ball to left center field.
2026-08-04,824403,701807,677944,"Cecconi, Slade",L,R,FC,Cutter,88.1,2231,-0.0201793619621713,2.05080671941996,8,3.259498032,1.644980315,3,1,8,Top,0,107.6,26,451,CLE,NYM,Carson Benge homers (12) on a fly ball to center field.
2026-08-04,824403,666182,676282,"Cantillo, Joey",R,L,FC,Cutter,87.3,2049,0.2320147190512219,2.522680203347287,5,3.162081693,1.595816929,0,0,3,Top,0,107.5,30,422,CLE,NYM,Bo Bichette homers (11) on a fly ball to left center field.
2026-08-04,824403,620443,676282,"Cantillo, Joey",R,L,FF,4-Seam Fastball,90.9,1934,-0.0127491764756586,2.574598010737485,5,3.178756562,1.604232283,3,1,2,Top,2,100.1,30,375,CLE,NYM,Luis Torrens homers (3) on a fly ball to right center field. Marcus Semien scores. Jared Young scores.
2026-08-04,824321,650489,642547,"Peralta, Freddy",L,R,FF,4-Seam Fastball,92.8,2379,0.0125347361986263,3.3728313846688245,12,3.203330053,1.616633858,0,2,4,Bot,0,107.1,24,392,COL,TB,Willi Castro homers (13) on a fly ball to right field. Kyle Karros scores.
2026-08-04,824321,666160,642547,"Peralta, Freddy",L,R,FF,4-Seam Fastball,95.6,2405,0.232253802844766,2.411090028370368,5,3.254232283,1.642322835,3,1,3,Bot,1,96.5,37,380,COL,TB,Mickey Moniak homers (19) on a fly ball to right field. Ezequiel Tovar scores. Jake McCarthy scores.
2026-08-04,824321,689414,687312,"Hughes, Gabriel",L,R,FF,4-Seam Fastball,91.7,2406,0.5690433630973566,1.9245442717959984,9,3.085728346,1.557283465,2,1,3,Top,2,98.8,26,402,COL,TB,Liam Hicks hits a grand slam (15) to right field. Richie Palacios scores. Taylor Walls scores. Jonathan Aranda scores.
2026-08-04,824161,666211,689149,"Dallas, Chad",L,R,CU,Curveball,83.1,2816,0.3863981908788603,1.971257763293992,9,3.26300853,1.646751969,0,0,5,Bot,2,113.3,19,388,HOU,TOR,Taylor Trammell homers (6) on a line drive to right field. Christian Walker scores. Jose Altuve scores.
2026-08-04,824084,605137,674444,"Cruz, Steven",L,R,FF,4-Seam Fastball,99.6,2223,-0.2534891845542781,2.7825181910357344,5,3.334973753,1.683070866,0,0,8,Top,0,108.9,31,417,KC,MIN,Josh Bell homers (14) on a fly ball to center field.
2026-08-04,823756,682848,701656,"Henderson, Logan",L,R,FF,4-Seam Fastball,91.3,2328,0.7485551795348543,2.294180485680568,6,3.19718668,1.613533465,1,1,5,Top,0,108.1,44,379,MIL,PIT,Endy Rodríguez homers (6) on a fly ball to right field.
2026-08-04,823756,683734,683003,"Jones, Jared",R,R,FF,4-Seam Fastball,96.9,2571,-0.1804738348666114,1.8681094297922791,8,3.127854331,1.578543307,1,0,4,Bot,0,107.1,31,417,MIL,PIT,Andrew Vaughn homers (5) on a fly ball to center field.
2026-08-04,823756,694192,683003,"Jones, Jared",R,R,FF,4-Seam Fastball,97.5,2521,-0.1140232117140518,2.6413382096544438,5,3.237557415,1.63390748,1,1,3,Bot,1,102.9,30,399,MIL,PIT,Jackson Chourio homers (14) on a fly ball to right center field.
2026-08-04,823756,694378,701656,"Henderson, Logan",L,R,FF,4-Seam Fastball,91.0,2311,-0.0590158292834608,2.1982182967252086,5,3.285826772,1.658267717,0,0,3,Top,0,107.2,20,401,MIL,PIT,Jacob Gonzalez homers (5) on a line drive to right center field.
2026-08-04,823517,806146,690928,"Dobbins, Hunter",R,R,ST,Sweeper,81.3,2770,0.5343013342249339,2.294499604009805,6,3.298991142,1.664911417,0,2,5,Bot,1,100.2,33,392,NYY,STL,George Lombard Jr. homers (1) on a fly ball to left center field.
2026-08-04,823517,665862,690928,"Dobbins, Hunter",L,R,CU,Curveball,79.4,2609,-0.1563024195944169,1.9339322166066688,8,3.15593832,1.592716535,1,1,2,Bot,2,103.2,38,397,NYY,STL,Jazz Chisholm Jr. homers (17) on a fly ball to right center field.
2026-08-04,823108,693307,622554,"Domínguez, Seranthony",R,R,FF,4-Seam Fastball,96.3,2441,0.3482035959206465,1.5856596093470714,9,3.271784777,1.651181102,0,1,9,Top,1,107.3,22,391,SEA,DET,Dillon Dingler homers (24) on a fly ball to right center field.
2026-08-04,823108,650402,622554,"Domínguez, Seranthony",R,R,ST,Sweeper,85.9,2542,-0.7296507915637755,2.681774554990762,1,3.12960958,1.579429134,2,2,9,Top,1,98.8,36,370,SEA,DET,Gleyber Torres homers (7) on a fly ball to left center field. Zach McKinstry scores.
2026-08-04,823108,682985,676106,"Hancock, Emerson",L,R,CH,Changeup,85.9,1510,-0.020670354747629,1.7376988535167106,8,3.303379265,1.667125984,0,0,5,Top,2,104.9,37,403,SEA,DET,Riley Greene homers (16) on a fly ball to center field.
2026-08-04,822865,678545,681217,"Silseth, Chase",R,R,SI,Sinker,97.1,2491,-0.7005890558107597,2.609747226059606,4,3.18402231,1.606889764,0,0,7,Top,2,100.7,24,377,TEX,SF,Osleivis Basabe homers (3) on a fly ball to left field. Drew Gilbert scores.
2026-08-05,825052,665487,656464,"Ginkel, Kevin",R,R,SL,Slider,86.2,2366,-0.1843301141836256,2.670415262837262,5,3.346382874,1.68882874,2,1,9,Top,0,114.7,24,465,AZ,SD,Fernando Tatis Jr. homers (9) on a fly ball to center field.
2026-08-05,825052,694374,663554,"Mize, Casey",R,R,FS,Split-Finger,89.1,1323,-0.2629316836154529,2.688959543869004,2,3.162959318,1.596259843,1,2,3,Bot,2,105.8,23,414,AZ,SD,Tim Tawa homers (6) on a fly ball to left center field.
2026-08-05,824806,665750,820862,"Fermin, José",L,R,SL,Slider,91.3,2532,-0.104711987740049,2.683662781248084,5,3.286704396,1.65871063,2,1,8,Bot,2,100.5,22,361,BAL,LAA,Leody Taveras homers (6) on a line drive to right center field. Gunnar Henderson scores.
2026-08-05,824806,642350,669432,"Rogers, Trevor",R,L,FF,4-Seam Fastball,92.6,2494,0.0950068841927653,3.075936535658852,2,3.305134514,1.668011811,0,2,6,Top,0,105.5,37,405,BAL,LAA,Jose Siri homers (6) on a fly ball to left center field.
2026-08-05,824806,691723,672282,"Detmers, Reid",R,L,CU,Curveball,70.5,2487,0.3096638444766846,2.9989361785336897,3,3.413959974,1.722933071,2,2,4,Bot,1,105.9,31,436,BAL,LAA,Coby Mayo homers (15) on a fly ball to left center field.
2026-08-05,824806,641933,672282,"Detmers, Reid",R,L,FF,4-Seam Fastball,93.1,2268,-0.424353267842142,2.0231368040185185,7,3.097137467,1.563041339,3,1,4,Bot,1,108.5,30,426,BAL,LAA,Tyler O'Neill homers (9) on a fly ball to left center field. Gunnar Henderson scores.
2026-08-05,824728,677800,680732,"Burke, Sean",L,R,SL,Slider,85.5,2433,-0.0068753153165714,2.505168783274537,5,3.117322835,1.573228347,3,2,3,Bot,2,109.3,22,390,BOS,CWS,Wilyer Abreu homers (20) on a fly ball to right center field.
2026-08-05,824646,660271,666171,"Zeferjahn, Ryan",L,R,ST,Sweeper,86.3,2823,-0.4720940959965118,2.1491303916516427,7,3.369201116,1.700344488,2,1,8,Top,2,100.6,23,367,CHC,LAD,Shohei Ohtani homers (26) on a line drive to left center field. Miguel Rojas scores.
2026-08-05,824646,571970,573204,"Thielbar, Caleb",L,L,FF,4-Seam Fastball,93.1,2338,0.2653198439692994,2.738113516997186,2,3.127854331,1.578543307,1,1,8,Top,1,106.3,43,413,CHC,LAD,Max Muncy homers (22) on a fly ball to right center field. Kyle Tucker scores. Mookie Betts scores.
2026-08-05,824646,691718,641778,"Lauer, Eric",L,L,FF,4-Seam Fastball,91.6,2222,-0.1006450261524818,2.461215364370613,5,3.202452428,1.616190945,1,1,4,Bot,2,104.4,37,405,CHC,LAD,Pete Crow-Armstrong homers (26) on a fly ball to right field. Tyrone Taylor scores.
2026-08-05,824646,691718,641778,"Lauer, Eric",L,L,FF,4-Seam Fastball,90.2,2124,-0.3442902061952363,2.3076268356560616,4,3.202452428,1.616190945,0,0,1,Bot,0,101.5,27,420,CHC,LAD,Pete Crow-Armstrong homers (25) on a fly ball to center field.
2026-08-05,824646,660271,684007,"Imanaga, Shota",L,L,FF,4-Seam Fastball,91.7,2494,0.0504352382984661,3.2105333962232034,2,3.369201116,1.700344488,3,2,1,Top,0,110.2,20,376,CHC,LAD,Shohei Ohtani homers (25) on a line drive to right center field.
2026-08-05,824482,680574,682052,"Lopez, Jacob",R,L,FC,Cutter,86.0,2260,0.2011883678724395,1.853652965147773,8,3.047112861,1.537795276,1,0,5,Bot,2,98.2,29,378,CIN,ATH,Matt McLain homers (9) on a fly ball to right center field.
2026-08-05,824482,671732,695076,"Lowder, Rhett",L,R,SI,Sinker,94.0,2219,0.417963248858652,2.928793072616454,3,3.34375,1.6875,1,2,1,Top,0,107.9,30,415,CIN,ATH,Lawrence Butler homers (7) on a fly ball to right center field.
2026-08-05,824402,701807,676440,"Bibee, Tanner",L,R,CH,Changeup,80.5,1811,-0.0886155586176811,1.7643440887554496,8,3.259498032,1.644980315,0,1,6,Top,2,94.7,29,369,CLE,NYM,Carson Benge homers (13) on a fly ball to right center field.
2026-08-05,824402,593871,676440,"Bibee, Tanner",L,R,ST,Sweeper,81.3,2678,0.4507087516263293,2.3114862559233167,6,3.191043307,1.610433071,1,1,3,Top,0,104.9,26,380,CLE,NYM,Jorge Polanco homers (2) on a fly ball to right field.
2026-08-05,824402,683146,676440,"Bibee, Tanner",L,R,FF,4-Seam Fastball,93.4,2277,-0.1502036193069714,2.881093081245101,2,3.327952756,1.679527559,0,2,3,Top,0,106.8,26,399,CLE,NYM,Brett Baty homers (7) on a fly ball to left center field.
2026-08-05,824322,691406,608372,"Sugano, Tomoyuki",R,R,FS,Split-Finger,86.7,1376,0.2378278232664653,2.09038684318788,8,3.243700787,1.637007874,2,2,3,Top,0,105.1,38,449,COL,TB,Junior Caminero homers (33) on a fly ball to left field.
2026-08-05,824158,676391,656986,"Sousa, Bennett",R,L,FF,4-Seam Fastball,93.7,2282,-0.2152943484102483,2.978208231450917,2,3.191043307,1.610433071,0,0,10,Top,0,102.4,32,391,HOU,TOR,Ernie Clement homers (9) on a fly ball to left field. Luis Urías scores.
2026-08-05,824158,660821,686613,"Brown, Hunter",L,R,FF,4-Seam Fastball,94.4,2158,-0.3541791210265058,3.679749593543605,11,3.334973753,1.683070866,3,0,6,Top,2,102.0,32,398,HOU,TOR,Jesús Sánchez homers (8) on a fly ball to right field. Kazuma Okamoto scores.
2026-08-05,824158,514888,592791,"Taillon, Jameson",R,R,FC,Cutter,88.2,2544,0.2588836654627208,2.5553816903604405,2,2.926000656,1.476673228,2,1,3,Bot,1,107.0,30,401,HOU,TOR,Jose Altuve homers (13) on a fly ball to left field.
2026-08-05,824082,686681,621345,"Minter, A.J.",L,L,FC,Cutter,89.8,2558,-0.0547326242182743,2.345564059183002,5,3.199819554,1.614862205,2,0,7,Bot,0,103.3,24,422,KC,MIN,Michael Massey homers (9) on a fly ball to right center field.
2026-08-05,823753,682848,669084,"Hall, DL",R,L,FF,4-Seam Fastball,95.1,2089,-0.6629045375541418,1.996766980197065,7,3.19718668,1.613533465,3,2,7,Top,2,97.4,28,378,MIL,PIT,Endy Rodríguez homers (7) on a fly ball to left center field. Bryan Reynolds scores.
2026-08-05,823753,661388,669199,"Bachar, Lake",R,R,SL,Slider,89.0,2676,0.0153020641495827,2.004971742357383,8,3.133120079,1.581200787,0,0,6,Bot,1,103.0,28,400,MIL,PIT,William Contreras homers (11) on a fly ball to left center field.
2026-08-05,823429,691781,548384,"Raley, Brooks",R,L,ST,Sweeper,82.3,2988,0.0147636403574944,1.955620083983443,8,3.370956365,1.701230315,0,1,7,Top,2,107.3,32,404,PHI,WSH,Brady House homers (8) on a fly ball to right center field.
2026-08-05,823429,650333,663623,"Irvin, Jake",L,R,SI,Sinker,91.5,2263,0.2930981161900028,3.094386567286514,3,3.124343832,1.576771654,0,2,2,Bot,0,101.2,32,385,PHI,WSH,Luis Arraez homers (5) on a fly ball to right field.
2026-08-05,823106,806068,646241,"De Jesus, Enmanuel",L,L,FF,4-Seam Fastball,93.5,2287,0.3445665527418488,2.7535922301019933,3,3.213861549,1.621948819,0,1,8,Bot,0,106.9,28,423,SEA,DET,Colt Emerson homers (8) on a fly ball to right center field.
2026-08-05,823106,693307,660825,"Bazardo, Eduard",R,R,SI,Sinker,96.0,2289,0.1734623546298699,1.8380774971270373,8,3.271784777,1.651181102,3,1,8,Top,2,109.3,24,424,SEA,DET,Dillon Dingler homers (25) on a fly ball to center field. Gleyber Torres scores.
2026-08-05,823106,677594,669724,"Hanifee, Brenan",R,R,SI,Sinker,97.3,2091,0.6038707787010389,2.1685525343523566,9,3.377977362,1.704773622,0,0,6,Bot,2,103.3,24,366,SEA,DET,Julio Rodríguez homers (17) on a fly ball to right field. Randy Arozarena scores. Dominic Canzone scores.
2026-08-05,822866,607043,693313,"Seymour, Carson",L,R,FS,Split-Finger,90.6,1049,-0.4242723129501372,2.8533317633738027,1,3.270029528,1.650295276,1,1,5,Bot,0,94.0,29,350,TEX,SF,Brandon Nimmo homers (12) on a fly ball to left field.
2026-08-06,824885,660670,806188,"Gibson, Cade",R,L,SI,Sinker,91.5,2237,-0.1819930109772274,1.9037324736666212,8,3.200697179,1.615305118,0,0,8,Bot,2,97.3,38,337,ATL,MIA,Ronald Acuña Jr. homers (11) on a fly ball to right field.
2026-08-06,824885,621566,667463,"King, John",L,L,CH,Changeup,85.3,1703,0.7556285191501781,1.2844997506725937,14,3.37183399,1.701673228,1,2,6,Bot,0,105.7,34,422,ATL,MIA,Matt Olson homers (32) on a fly ball to center field.
2026-08-06,824885,660670,676083,"Junk, Janson",R,R,ST,Sweeper,78.8,2329,-0.1009598915647891,2.044874372102488,8,3.200697179,1.615305118,2,0,3,Bot,2,103.8,35,390,ATL,MIA,Ronald Acuña Jr. homers (10) on a fly ball to left center field. Drake Baldwin scores.
2026-08-06,824804,650968,696270,"Johnson, Ryan",R,R,ST,Sweeper,81.9,2462,0.1051317978027137,2.3737572990047977,5,3.165592192,1.597588583,3,2,3,Bot,1,97.8,28,397,BAL,LAA,Yohel Pozo homers (1) on a fly ball to left center field.
2026-08-06,824804,687263,687064,"Young, Brandon",R,R,SI,Sinker,93.7,1850,-0.0430040893286203,2.116949559025569,5,3.169980315,1.59980315,2,1,3,Top,1,105.0,30,411,BAL,LAA,Zach Neto homers (20) on a fly ball to center field. Wade Meckler scores. Nolan Schanuel scores.
2026-08-06,824729,805367,547973,"Chapman, Aroldis",R,L,FS,Split-Finger,89.8,1118,-0.7038016460402494,2.424789976664941,4,3.068175853,1.548425197,1,2,10,Top,1,95.1,30,362,BOS,CWS,Chase Meidroth homers (11) on a fly ball to left field. Braden Montgomery scores.
2026-08-06,824729,657136,622491,"Castillo, Luis",R,R,SL,Slider,86.4,2203,0.4991612534259819,1.8592814010512213,9,3.105913714,1.567470472,2,2,3,Bot,1,103.5,25,387,BOS,CWS,Connor Wong homers (3) on a fly ball to left field. Anthony Seigler scores.
2026-08-06,824729,805367,624133,"Suarez, Ranger",R,L,FC,Cutter,87.4,2037,-0.581605281251846,2.1003387755920504,4,3.068175853,1.548425197,2,1,3,Top,1,105.5,37,409,BOS,CWS,Chase Meidroth homers (10) on a fly ball to left center field. Braden Montgomery scores.
2026-08-06,824664,608324,686973,"Varland, Louis",R,R,KC,Knuckle Curve,88.4,2622,0.1057224863483072,1.6288034411792975,8,3.126099081,1.57765748,1,2,9,Bot,2,99.7,25,368,CHC,TOR,Alex Bregman homers (12) on a fly ball to left field. Pete Crow-Armstrong scores.
2026-08-06,824481,661531,656271,"Burke, Brock",R,L,FF,4-Seam Fastball,95.2,2221,-0.5038679529234205,2.065581148179393,7,3.217372047,1.623720472,1,0,9,Top,1,102.7,37,391,CIN,ATH,Brian Serven homers (2) on a fly ball to left center field. Lawrence Butler scores.
2026-08-06,824481,668709,686751,"Johnson, Seth",L,R,FF,4-Seam Fastball,98.5,2219,0.3040311423796257,2.5851422267140416,6,3.286704396,1.65871063,0,0,7,Bot,1,105.3,34,406,CIN,ATH,JJ Bleday homers (20) on a fly ball to right center field.
2026-08-06,824481,663886,686930,"Barnett, Mason",R,R,FF,4-Seam Fastball,94.5,2142,0.2261179293362542,2.125795209990468,8,3.359547244,1.695472441,0,1,4,Bot,1,103.7,29,406,CIN,ATH,Tyler Stephenson homers (10) on a fly ball to center field.
2026-08-06,824481,701398,686930,"Barnett, Mason",R,R,FF,4-Seam Fastball,94.5,2195,-0.5688175522009193,2.279587848669058,4,3.239312664,1.634793307,1,0,4,Bot,0,105.6,32,416,CIN,ATH,Sal Stewart homers (25) on a fly ball to center field.
2026-08-06,824481,682829,686930,"Barnett, Mason",L,R,CH,Changeup,85.2,1013,0.2114736914580743,2.2682120477790253,8,3.460474081,1.74640748,0,1,1,Bot,0,104.2,36,381,CIN,ATH,Elly De La Cruz homers (19) on a fly ball to left center field.
2026-08-06,824401,596019,684974,"Yoho, Craig",L,R,CH,Changeup,81.7,2588,0.206228609431319,1.5677081761646732,8,3.107668963,1.568356299,0,2,7,Top,2,97.3,34,383,CLE,NYM,Francisco Lindor homers (10) on a fly ball to right field. Jared Young scores. Luis Torrens scores.
2026-08-06,824401,663993,690997,"McLean, Nolan",L,R,FF,4-Seam Fastball,95.6,2323,0.3367981775601982,2.3640774657120467,6,3.366568242,1.699015748,3,1,5,Bot,1,111.7,21,413,CLE,NYM,Nathaniel Lowe homers (13) on a line drive to right field. Chase DeLauter scores. José Ramírez scores.
2026-08-06,824401,620443,656492,"Griffin, Foster",R,L,CU,Curveball,76.7,2347,0.3165224364794723,1.901014519627938,9,3.178756562,1.604232283,0,1,2,Top,1,98.3,35,366,CLE,NYM,Luis Torrens homers (4) on a fly ball to right field. Eric Wagaman scores.
2026-08-06,824401,543760,656492,"Griffin, Foster",R,L,FC,Cutter,88.5,2243,-0.0783689746005313,2.5315640966004427,5,3.212106299,1.621062992,2,1,2,Top,1,96.3,34,392,CLE,NYM,Marcus Semien homers (13) on a fly ball to left center field.
2026-08-06,824080,668904,608379,"Wacha, Michael",R,R,SI,Sinker,93.3,2067,-0.4413804633828566,2.498980744624552,4,3.205085302,1.617519685,2,0,5,Top,0,104.2,32,421,KC,MIN,Royce Lewis homers (13) on a fly ball to left field.
2026-08-06,823754,596142,677952,"Ashcraft, Braxton",R,R,SI,Sinker,96.8,2325,-0.3462212447777175,2.5722577884057483,4,3.311277887,1.671112205,2,1,5,Bot,1,101.5,32,397,MIL,PIT,Gary Sánchez homers (9) on a fly ball to left center field.
2026-08-06,823754,664040,669160,"May, Dustin",L,R,FF,4-Seam Fastball,96.4,2346,-0.1657673275857483,2.2316324805517738,5,3.088361221,1.558612205,2,2,4,Top,0,103.3,24,384,MIL,PIT,Brandon Lowe homers (24) on a fly ball to left center field.
2026-08-06,823754,694192,677952,"Ashcraft, Braxton",R,R,FF,4-Seam Fastball,97.6,2331,-0.0630886436292537,2.476011980610729,5,3.237557415,1.63390748,2,2,1,Bot,1,100.0,30,388,MIL,PIT,Jackson Chourio homers (15) on a fly ball to center field.
2026-08-06,823430,687605,650911,"Sánchez, Cristopher",R,L,SI,Sinker,94.6,2095,-0.1414157829461104,2.47325068495216,5,3.369201116,1.700344488,3,1,4,Top,2,109.3,20,402,PHI,WSH,Andrew Pinckney homers (1) on a line drive to right center field.
2026-08-06,823105,805808,677961,"Wilcox, Cole",L,R,FF,4-Seam Fastball,96.4,2028,0.5341301016718403,2.0093416844082936,9,3.085728346,1.557283465,1,1,7,Top,1,102.7,41,368,SEA,DET,Kevin McGonigle homers (12) on a fly ball to center field. Zach McKinstry scores.
2026-08-06,823105,693307,682243,"Miller, Bryce",R,R,FC,Cutter,91.8,2611,0.8341761971576938,2.7601602876344287,12,3.271784777,1.651181102,2,1,1,Top,1,101.3,27,401,SEA,DET,Dillon Dingler homers (26) on a fly ball to center field. Kevin McGonigle scores.
2026-08-07,825051,814439,621242,"Díaz, Edwin",R,R,SL,Slider,90.1,2169,0.0227640682822348,2.7874655467207345,2,3.201574803,1.615748032,2,2,9,Bot,1,105.5,23,411,AZ,LAD,Ryan Waldschmidt homers (2) on a fly ball to center field. Jorge Barrosa scores.
2026-08-07,825051,681624,805299,"Garcia, Brandyn",R,L,FC,Cutter,94.1,2199,-0.4990976229009488,2.567000309649601,4,3.23667979,1.633464567,0,0,8,Top,0,108.1,35,425,AZ,LAD,Andy Pages homers (19) on a fly ball to left center field.
2026-08-07,825051,571448,808963,"Sasaki, Roki",R,R,FF,4-Seam Fastball,97.2,2313,0.0080861141959657,2.218715898238918,5,3.277050525,1.653838583,0,0,2,Bot,2,95.8,28,370,AZ,LAD,Nolan Arenado homers (17) on a fly ball to left field.
2026-08-07,824727,691016,801139,"Tolle, Payton",L,L,FF,4-Seam Fastball,97.4,2286,0.4973161265342702,2.4178929053038143,6,3.285826772,1.658267717,3,2,5,Top,0,103.7,42,387,BOS,ATH,Tyler Soderstrom homers (18) on a fly ball to right center field.
2026-08-07,824727,680776,678022,"Perkins, Jack",L,R,FF,4-Seam Fastball,94.1,2166,-0.3355165734923554,2.7783336204282527,1,3.229658793,1.62992126,0,1,2,Bot,1,102.0,28,376,BOS,ATH,Jarren Duran homers (16) on a fly ball to left center field. Andruw Monasterio scores.
2026-08-07,824566,808959,800048,"Messick, Parker",L,L,FF,4-Seam Fastball,95.8,2152,-0.2913267673834208,2.400036365770821,4,3.296358268,1.663582677,0,1,6,Bot,1,110.5,42,406,CWS,CLE,Munetaka Murakami homers (25) on a fly ball to center field.
2026-08-07,824566,680757,689818,"Sandlin, David",L,R,CU,Curveball,83.5,2416,0.2559210126835481,2.388294168089157,5,3.02253937,1.525393701,2,2,6,Top,0,96.0,30,362,CWS,CLE,Steven Kwan homers (2) on a fly ball to right field.
2026-08-07,824566,682657,689818,"Sandlin, David",L,R,FC,Cutter,90.8,2055,0.4067097772611119,2.52867279981367,6,3.177878937,1.60378937,0,0,5,Top,1,106.4,32,422,CWS,CLE,Angel Martínez hits a grand slam (12) to right center field. Chase DeLauter scores. José Ramírez scores. Jo Adell scores.
2026-08-07,824566,695731,800048,"Messick, Parker",R,L,FF,4-Seam Fastball,96.9,2265,-0.0485565917052929,2.8952316339253006,2,3.284071522,1.65738189,2,2,2,Bot,2,105.7,29,419,CWS,CLE,Braden Montgomery homers (4) on a fly ball to center field.
2026-08-07,824081,699393,696131,"Black, Mason",L,R,FF,4-Seam Fastball,92.7,2000,-0.4325209468325259,3.068636922607621,1,3.088361221,1.558612205,1,2,8,Top,1,100.2,21,363,KC,CHC,Pedro Ramírez homers (2) on a line drive to right field.
2026-08-07,824081,695600,592332,"Gausman, Kevin",L,R,FF,4-Seam Fastball,95.5,2380,-0.2482967925643119,2.87564213943548,2,3.191043307,1.610433071,1,2,5,Bot,2,96.1,29,356,KC,CHC,Carter Jensen homers (16) on a fly ball to left field.
2026-08-07,823836,694384,694795,"Ekness, Josh",L,R,ST,Sweeper,84.8,2619,-0.3499492603151882,2.026023800739028,7,3.290214895,1.660482283,0,1,7,Top,2,102.2,30,399,MIA,LAA,Nolan Schanuel homers (7) on a fly ball to center field. Mike Trout scores.
2026-08-07,823836,545361,663969,"Phillips, Tyler",R,R,FF,4-Seam Fastball,96.8,2179,0.6253315091246068,2.5970171648815565,6,3.243700787,1.637007874,0,1,1,Top,1,105.1,25,400,MIA,LAA,Mike Trout homers (19) on a fly ball to right center field.
2026-08-07,823750,701785,675660,"Drohan, Shane",R,L,FF,4-Seam Fastball,94.2,2543,0.2755199410980777,3.055706181570761,2,3.131364829,1.580314961,0,2,4,Top,1,100.2,31,390,MIL,MIN,Kaelen Culpepper homers (1) on a fly ball to center field.
2026-08-07,823750,605137,675660,"Drohan, Shane",R,L,SI,Sinker,93.5,2376,-0.0646208935663579,2.228176209736404,5,3.334973753,1.683070866,1,1,3,Top,2,103.6,29,406,MIL,MIN,Josh Bell homers (15) on a fly ball to left center field. Ryan Jeffers scores.
2026-08-07,823750,694192,805673,"Matthews, Zebby",R,R,FF,4-Seam Fastball,94.4,2212,-0.4543385449123901,2.4923282979601127,4,3.237557415,1.63390748,1,0,1,Bot,1,107.6,30,423,MIL,MIN,Jackson Chourio homers (16) on a fly ball to center field.
2026-08-07,823515,621566,657612,"Hill, Tim",L,L,SI,Sinker,87.9,2206,0.6502437534426144,1.87107892887236,9,3.37183399,1.701673228,1,0,9,Top,0,109.8,19,407,NYY,ATL,Matt Olson homers (33) on a line drive to center field.
2026-08-07,823515,663586,518585,"Cruz, Fernando",R,R,FS,Split-Finger,80.3,721,-0.4906949813754381,2.348933891067326,4,3.273540026,1.652066929,3,2,8,Top,0,107.5,41,384,NYY,ATL,Austin Riley homers (14) on a fly ball to left field.
2026-08-07,823428,669701,668873,"Kilian, Caleb",L,R,KC,Knuckle Curve,80.9,2683,0.2726076301773794,2.4509381125269787,5,3.068175853,1.548425197,0,0,8,Top,1,103.8,36,383,PHI,TOR,Josh Smith homers (2) on a fly ball to right center field.
2026-08-07,823428,665926,554430,"Wheeler, Zack",L,R,FF,4-Seam Fastball,95.8,2553,0.6184513815362386,2.0675454596607485,9,3.164714567,1.597145669,0,0,2,Top,1,104.5,42,346,PHI,TOR,Andrés Giménez homers (8) on a fly ball to right field.
2026-08-07,823349,543760,669387,"Mlodzinski, Carmen",R,R,FF,4-Seam Fastball,94.2,2103,-0.4902209873353373,2.4369321590238897,4,3.212106299,1.621062992,1,2,3,Top,2,101.1,27,399,PIT,NYM,Marcus Semien homers (14) on a fly ball to left center field. Carson Benge scores. Jared Young scores.
2026-08-07,823266,701358,673513,"Matsui, Yuki",R,L,FF,4-Seam Fastball,91.9,2399,0.4061638255840199,3.582121824932191,12,3.348138123,1.689714567,2,0,6,Top,0,106.4,23,392,SD,HOU,Cam Smith homers (15) on a fly ball to left field.
2026-08-07,823266,665487,669854,"Blanco, Ronel",R,R,SL,Slider,84.1,1950,0.0149909724354025,2.7751556325218325,5,3.346382874,1.68882874,3,1,5,Bot,2,107.0,28,400,SD,HOU,Fernando Tatis Jr. homers (10) on a fly ball to left field.
2026-08-07,823266,701358,592662,"Ray, Robbie",R,L,SI,Sinker,93.5,2259,0.0407945062948584,2.2550450923533094,5,3.348138123,1.689714567,0,1,2,Top,1,104.2,21,383,SD,HOU,Cam Smith homers (14) on a line drive to left center field.
2026-08-07,823191,642715,672456,"Montero, Keider",R,R,CH,Changeup,87.3,2143,-0.1780168160114781,2.5252507172306524,5,3.22351542,1.626820866,0,1,5,Bot,1,106.5,43,367,SF,DET,Willy Adames homers (19) on a fly ball to left field.
2026-08-07,823191,646240,672456,"Montero, Keider",L,R,KC,Knuckle Curve,80.7,2936,0.0699961958377688,2.785657145969858,2,3.217372047,1.623720472,2,2,1,Bot,2,100.0,29,401,SF,DET,Rafael Devers homers (24) on a fly ball to center field. Jung Hoo Lee scores.
2026-08-07,823103,677594,641329,"Baker, Bryan",R,R,CH,Changeup,87.7,2099,-0.1434330489483255,1.3274710460886412,13,3.377977362,1.704773622,1,1,9,Bot,2,105.1,24,396,SEA,TB,Julio Rodríguez homers (18) on a fly ball to left field.
2026-08-07,823103,666018,669302,"Gilbert, Logan",L,R,SL,Slider,88.8,2061,0.6360757423887632,1.877213506776299,9,3.189288058,1.609547244,0,0,3,Top,2,107.0,23,373,SEA,TB,Jonathan Aranda homers (15) on a fly ball to right field.
2026-08-07,823103,676356,669302,"Gilbert, Logan",R,R,FF,4-Seam Fastball,95.4,2348,-0.2147557436547665,2.3365661372696342,5,3.133120079,1.581200787,1,0,2,Top,1,103.1,30,398,SEA,TB,Jonny DeLuca homers (8) on a fly ball to center field.
2026-08-07,823024,671056,663372,"Feltner, Ryan",R,R,CU,Curveball,79.4,2588,0.367582617626395,2.1640707585498062,6,3.173490814,1.601574803,1,2,3,Bot,1,97.0,28,379,STL,COL,Iván Herrera homers (13) on a fly ball to left field.
2026-08-07,822863,592626,669358,"Baz, Shane",L,R,FC,Cutter,91.5,2364,0.072696779560701,3.0985204338062973,2,3.23667979,1.633464567,0,0,6,Bot,1,109.6,30,414,TEX,BAL,Joc Pederson homers (21) on a fly ball to right field. Elias Díaz scores.
2026-08-07,822699,695670,670062,"Garcia, Julian",R,R,ST,Sweeper,81.0,2896,0.1618897086178112,2.650474932663467,2,3.122588583,1.575885827,2,1,4,Bot,1,102.0,28,396,WSH,CIN,Harry Ford homers (2) on a fly ball to center field. Daylen Lile scores.
2026-08-07,822699,682829,676917,"Cavalli, Cade",L,R,FF,4-Seam Fastball,96.6,2222,0.2524124006324169,3.640383109427429,12,3.460474081,1.74640748,3,1,3,Top,1,101.6,37,379,WSH,CIN,Elly De La Cruz homers (20) on a fly ball to left field.
2026-08-07,822699,680574,676917,"Cavalli, Cade",R,R,FC,Cutter,94.5,2276,-0.0833005420787235,2.171762224463235,5,3.047112861,1.537795276,1,1,3,Top,1,105.5,27,420,WSH,CIN,Matt McLain homers (10) on a fly ball to left field.
2026-08-07,822699,553993,676917,"Cavalli, Cade",R,R,FF,4-Seam Fastball,97.8,2315,-0.0070206524324054,1.633848117959032,8,3.17085794,1.600246063,0,1,2,Top,1,104.1,25,422,WSH,CIN,Eugenio Suárez homers (15) on a fly ball to left center field.
2026-08-07,822699,695734,695534,"Petty, Chase",L,R,CH,Changeup,86.0,1361,-0.0570763634312858,2.8034777482222184,2,3.180511811,1.60511811,2,0,1,Bot,1,103.8,34,400,WSH,CIN,Daylen Lile homers (15) on a fly ball to right field. CJ Abrams scores. Brady House scores.
2026-08-08,825049,663656,642528,"Loáisiga, Jonathan",L,R,CH,Changeup,90.8,1750,-0.0660803392483715,2.154368915359064,8,3.350770997,1.691043307,1,0,8,Top,0,98.2,32,366,AZ,LAD,Kyle Tucker homers (11) on a fly ball to right field.
2026-08-08,824726,703607,670103,"Burgos, Raymond",R,L,FC,Cutter,85.0,1948,0.4751420891102526,2.2830455753511347,6,3.332340879,1.681742126,0,0,9,Top,0,111.5,21,439,BOS,ATH,Henry Bolte homers (5) on a fly ball to center field.
2026-08-08,824726,691016,670103,"Burgos, Raymond",L,L,FF,4-Seam Fastball,91.4,2161,0.6265123081137641,2.2028943905258638,6,3.285826772,1.658267717,2,2,7,Top,1,108.4,24,413,BOS,ATH,Tyler Soderstrom homers (19) on a fly ball to right field.
2026-08-08,824565,694197,663855,"Hicks, Jordan",L,R,ST,Sweeper,84.6,2429,0.5992638942381857,2.28638454421394,6,3.177001312,1.603346457,1,1,7,Top,1,97.6,37,362,CWS,CLE,Angel Genao homers (1) on a fly ball to right field.
2026-08-08,824565,808959,668909,"Williams, Gavin",L,R,SI,Sinker,99.8,2079,-0.1008631500970891,2.2051820181392303,5,3.296358268,1.663582677,1,1,6,Bot,1,101.1,28,347,CWS,CLE,Munetaka Murakami homers (26) on a fly ball to left field.
2026-08-08,824565,656555,641743,"Kay, Anthony",R,L,ST,Sweeper,83.3,2390,-0.102183926871989,1.769433295344959,8,3.334096129,1.682627953,1,0,6,Top,1,106.1,27,392,CWS,CLE,Rhys Hoskins homers (13) on a fly ball to left field. Angel Martínez scores.
2026-08-08,824079,695506,607067,"Rea, Colin",L,R,FC,Cutter,87.7,2204,0.1256925146704337,2.3622298423526056,5,3.401673228,1.716732283,1,0,7,Bot,1,111.0,33,420,KC,CHC,Jac Caglianone homers (20) on a fly ball to center field. Carter Jensen scores.
2026-08-08,824079,664023,607625,"Lugo, Seth",L,R,CU,Curveball,79.7,3241,0.7981122241682874,2.159128416648608,6,3.136630577,1.582972441,2,1,6,Top,2,98.2,33,381,KC,CHC,Ian Happ homers (19) on a fly ball to right center field.
2026-08-08,824079,695506,605280,"Holmes, Clay",L,R,SI,Sinker,94.2,2172,-0.2614965550299289,2.654419458035177,5,3.401673228,1.716732283,1,1,1,Bot,2,111.9,24,448,KC,CHC,Jac Caglianone homers (19) on a fly ball to center field.
2026-08-08,823514,700250,664849,"Young, Danny",L,L,SI,Sinker,91.8,2312,0.0602265094240563,2.348511436758411,5,3.280561024,1.655610236,1,0,8,Bot,0,105.2,35,431,NYY,ATL,Ben Rice homers (32) on a fly ball to center field.
2026-08-08,823514,660670,687396,"Headrick, Brent",R,L,FF,4-Seam Fastball,94.1,2143,0.1247256891906766,2.5312899197967624,5,3.200697179,1.615305118,3,2,8,Top,1,109.0,23,383,NYY,ATL,Ronald Acuña Jr. homers (12) on a fly ball to left center field.
2026-08-08,823514,806146,682989,"Mederos, Victor",R,R,FC,Cutter,93.8,2560,0.2626241922643821,2.835652072020836,2,3.298991142,1.664911417,2,2,7,Bot,0,98.4,29,352,NYY,ATL,George Lombard Jr. homers (2) on a fly ball to right field.
2026-08-08,823426,664770,663767,"Shugart, Chase",L,R,ST,Sweeper,83.9,2823,0.6011287888983541,2.2593540903692277,6,3.163836942,1.596702756,3,2,11,Top,2,100.6,24,395,PHI,TOR,Nathan Lukes homers (6) on a fly ball to right center field. Brandon Valenzuela scores.
2026-08-08,823426,547180,453286,"Scherzer, Max",L,R,SL,Slider,88.6,2611,0.1505868970674476,2.2077099043112587,5,3.26476378,1.647637795,1,1,6,Bot,1,106.7,23,399,PHI,TOR,Bryce Harper homers (25) on a fly ball to right center field.
2026-08-08,823426,607208,453286,"Scherzer, Max",R,R,SL,Slider,83.5,2239,0.1580777150225368,2.0530548485244293,8,3.244578412,1.637450787,2,2,6,Bot,1,99.0,26,391,PHI,TOR,Trea Turner homers (17) on a fly ball to left center field.
2026-08-08,823426,665489,605400,"Nola, Aaron",R,R,FF,4-Seam Fastball,92.4,2317,-0.9037449032319468,2.0355227967728715,13,3.208595801,1.619291339,3,1,1,Top,2,103.8,22,408,PHI,TOR,Vladimir Guerrero Jr. homers (7) on a line drive to left field.
2026-08-08,823348,664040,620443,"Torrens, Luis",L,R,EP,Eephus,42.0,1046,0.738571453516931,3.3941782678461934,12,3.088361221,1.558612205,2,0,7,Bot,0,98.9,38,380,PIT,NYM,Brandon Lowe homers (25) on a fly ball to right field.
2026-08-08,823267,701538,663567,"Lambert, Peter",L,R,FF,4-Seam Fastball,95.0,2268,0.1159676888504324,2.863076991494536,2,3.320054134,1.675541339,3,2,3,Bot,2,106.7,28,421,SD,HOU,Jackson Merrill homers (17) on a fly ball to center field.
2026-08-08,823267,666211,650633,"King, Michael",L,R,FF,4-Seam Fastball,95.5,2447,0.0775061191095968,3.363271679331361,2,3.26300853,1.646751969,1,2,2,Top,2,103.6,30,409,SD,HOU,Taylor Trammell homers (7) on a fly ball to right center field.
2026-08-08,823102,647304,664076,"Cleavinger, Garrett",L,L,ST,Sweeper,79.6,2732,-0.1371990955365414,1.9938555933544388,8,3.110301837,1.569685039,0,1,7,Bot,0,106.8,27,434,SEA,TB,Josh Naylor homers (10) on a fly ball to right center field.
2026-08-08,823102,683748,669923,"Kirby, George",L,R,FF,4-Seam Fastball,97.0,2300,0.6456462879508847,3.4053458938332977,12,3.15769357,1.593602362,1,2,4,Top,2,105.7,27,412,SEA,TB,Victor Mesa Jr. homers (9) on a fly ball to right field.
2026-08-08,823102,647304,592155,"Booser, Cam",L,L,FC,Cutter,88.2,2131,-0.1593573951949163,2.4985233086741414,5,3.110301837,1.569685039,0,0,2,Bot,1,93.9,25,367,SEA,TB,Josh Naylor homers (9) on a fly ball to right center field.
2026-08-08,823021,691023,657514,"Bernardino, Brennan",R,L,CH,Changeup,79.2,1577,-0.6436669513276796,2.3334199613462334,4,3.461351706,1.746850394,0,1,8,Bot,1,107.3,31,432,STL,COL,Jordan Walker homers (23) on a fly ball to left center field.
2026-08-08,823021,664983,703725,"Gastelum, Luis",L,R,FF,4-Seam Fastball,94.1,2519,0.0465974992142518,2.2161821038944387,5,3.228781168,1.629478347,0,0,6,Top,2,105.3,29,417,STL,COL,Jake McCarthy homers (13) on a fly ball to center field. Ezequiel Tovar scores.
2026-08-08,823021,664983,669461,"Liberatore, Matthew",L,L,FF,4-Seam Fastball,95.0,2208,0.0985721817648349,2.387072621800398,5,3.228781168,1.629478347,0,0,1,Top,0,104.0,29,420,STL,COL,Jake McCarthy homers (12) on a fly ball to right center field.
2026-08-08,822864,608369,664991,"Wolfram, Grant",L,L,SI,Sinker,94.9,2324,0.3771138540043157,2.0419973521980688,9,3.37183399,1.701673228,2,0,8,Bot,2,107.7,23,418,TEX,BAL,Corey Seager homers (11) on a fly ball to right center field. Alejandro Osuna scores. Wyatt Langford scores.
2026-08-08,822864,702616,594798,"deGrom, Jacob",L,R,FF,4-Seam Fastball,97.2,2476,0.2746761248330003,2.694118637994497,2,3.168225066,1.598917323,1,1,1,Top,2,105.5,30,403,TEX,BAL,Jackson Holliday homers (6) on a fly ball to right field.
2026-08-08,822701,553993,668820,"Kranick, Max",R,R,FF,4-Seam Fastball,94.9,1983,-0.0089719988703835,2.704410252119076,2,3.17085794,1.600246063,2,2,6,Top,2,105.4,22,415,WSH,CIN,Eugenio Suárez homers (16) on a fly ball to left center field. Sal Stewart scores.
2026-08-09,825050,606466,680736,"Wrobleski, Justin",R,L,FF,4-Seam Fastball,96.1,2511,-0.4656830363780422,2.462054987853844,4,3.218249672,1.624163386,1,1,1,Bot,2,103.7,24,385,AZ,LAD,Ketel Marte homers (20) on a fly ball to left field. Gabriel Moreno scores.
2026-08-09,824564,695657,684974,"Yoho, Craig",L,R,FC,Cutter,89.8,2495,-0.1418696674889747,2.59347444735529,5,3.340239501,1.685728347,1,1,3,Bot,2,110.7,24,391,CWS,CLE,Colson Montgomery homers (26) on a fly ball to right field. Randal Grichuk scores. Braden Montgomery scores.
2026-08-09,824078,665804,668834,"McGee, Easton",R,R,ST,Sweeper,83.2,2274,0.3779419924892985,3.1491177679528914,3,3.248966535,1.639665354,0,0,7,Top,0,101.0,32,388,KC,CHC,Miguel Amaya homers (4) on a fly ball to left field. Nico Hoerner scores. Dansby Swanson scores.
2026-08-09,824078,664023,668834,"McGee, Easton",L,R,FF,4-Seam Fastball,92.5,2396,0.3564363053411874,2.119754271649507,6,3.136630577,1.582972441,0,0,6,Top,2,100.3,35,401,KC,CHC,Ian Happ homers (20) on a fly ball to right field. Alex Bregman scores.
2026-08-09,824078,516782,571510,"Boyd, Matthew",R,L,CH,Changeup,76.6,1648,-0.5578125675287258,1.9003799030259076,7,3.21035105,1.620177165,2,2,4,Bot,2,106.5,26,413,KC,CHC,Starling Marte homers (2) on a fly ball to left field. Salvador Perez scores.
2026-08-09,823835,665052,623168,"Heineman, Tyler",L,R,FA,Other,39.6,1092,0.7763565284185389,4.425966406084379,12,3.234046916,1.632135827,1,1,8,Bot,0,95.9,38,368,MIA,LAA,Griffin Conine homers (12) on a fly ball to right field.
2026-08-09,823835,665052,641312,"Anderson, Shaun",L,R,SL,Slider,90.6,2917,0.4534441852212841,2.41023692721552,6,3.234046916,1.632135827,1,1,5,Bot,0,115.0,24,434,MIA,LAA,Griffin Conine homers (11) on a fly ball to right center field. Otto Lopez scores.
2026-08-09,823835,642350,687473,"Gusto, Ryan",R,R,FF,4-Seam Fastball,92.8,2393,-0.0743587727342175,2.630179762377187,5,3.305134514,1.668011811,3,1,2,Top,2,107.2,28,413,MIA,LAA,Jose Siri homers (7) on a fly ball to center field.
2026-08-09,823751,665019,694819,"Misiorowski, Jacob",L,R,FF,4-Seam Fastball,99.1,2551,-0.1372308810878703,2.155319262183884,5,3.211228675,1.620620079,2,1,6,Top,2,105.3,24,401,MIL,MIN,Kody Clemens homers (20) on a fly ball to right center field. Josh Bell scores.
2026-08-09,823751,641343,687570,"Prielipp, Connor",L,L,SI,Sinker,96.0,2115,-0.4558785190732404,2.4092171024711657,4,3.217372047,1.623720472,1,2,5,Bot,0,103.8,26,384,MIL,MIN,Jake Bauers homers (21) on a fly ball to left center field.
2026-08-09,823751,686797,694819,"Misiorowski, Jacob",L,R,FF,4-Seam Fastball,99.4,2666,-0.0790815114242102,2.8157057230641938,2,3.208595801,1.619291339,1,1,5,Top,0,103.8,29,401,MIL,MIN,Brooks Lee homers (17) on a fly ball to right center field.
2026-08-09,823751,694192,687570,"Prielipp, Connor",R,L,FF,4-Seam Fastball,96.5,2226,0.3435774012291235,2.520406126466184,6,3.237557415,1.63390748,3,2,1,Bot,0,103.4,26,387,MIL,MIN,Jackson Chourio homers (17) on a fly ball to right center field.
2026-08-09,823513,663757,800311,"Fuentes, Didier",L,R,FF,4-Seam Fastball,98.1,2010,-0.1268346275864621,2.9937231409425005,2,3.138385827,1.583858268,0,0,8,Bot,2,106.2,30,392,NYY,ATL,Trent Grisham homers (13) on a fly ball to right center field.
2026-08-09,823513,621566,693645,"Schlittler, Cam",L,R,FF,4-Seam Fastball,100.0,2634,-0.0651698774865733,2.0425535404093687,8,3.37183399,1.701673228,2,0,7,Top,1,110.7,19,393,NYY,ATL,Matt Olson homers (34) on a line drive to right center field.
2026-08-09,823425,656941,669456,"Bieber, Shane",L,R,KC,Knuckle Curve,83.1,2484,0.0453695129429557,1.373427893654842,14,3.180511811,1.60511811,2,0,5,Bot,1,107.7,28,448,PHI,TOR,Kyle Schwarber homers (35) on a fly ball to right field.
2026-08-09,823425,656941,669456,"Bieber, Shane",L,R,CH,Changeup,88.1,1095,-0.6987891320004761,2.136567176606476,4,3.180511811,1.60511811,2,1,3,Bot,0,101.9,32,378,PHI,TOR,Kyle Schwarber homers (34) on a fly ball to left center field. Alec Bohm scores. Justin Crawford scores.
2026-08-09,823345,682626,489446,"Yates, Kirby",R,R,FS,Split-Finger,83.5,1301,-0.4521924827837835,1.8435486106036616,7,3.120833333,1.575,1,1,5,Top,0,101.7,32,393,PIT,NYM,Francisco Alvarez homers (13) on a fly ball to left center field.
2026-08-09,823345,663968,640455,"Manaea, Sean",R,L,FF,4-Seam Fastball,93.3,2199,-0.1263416928815413,3.2958762949157725,2,3.179634186,1.604675197,1,0,3,Bot,2,104.6,25,420,PIT,NYM,Jake Mangum homers (4) on a fly ball to center field.
2026-08-09,823345,673357,683003,"Jones, Jared",R,R,FF,4-Seam Fastball,96.2,2491,0.1855422378595417,2.056347333576896,8,3.310400263,1.670669291,1,0,3,Top,2,108.3,33,408,PIT,NYM,Luis Robert Jr. homers (5) on a fly ball to center field. Bo Bichette scores.
2026-08-09,823268,669720,687911,"King, Bryan",R,L,ST,Sweeper,82.2,2013,-0.1768207116620741,1.9789810879061656,8,3.141896326,1.585629921,2,1,8,Bot,0,99.0,29,361,SD,HOU,Austin Hays homers (2) on a line drive to left field. Jase Bowen scores.
2026-08-09,823268,657757,805123,"Blubaugh, AJ",L,R,FF,4-Seam Fastball,94.2,2070,-0.1245274603210689,3.2650213726551325,2,3.350770997,1.691043307,0,1,6,Bot,0,103.7,24,393,SD,HOU,Gavin Sheets homers (15) on a line drive to right field.
2026-08-09,823268,665487,664299,"Javier, Cristian",R,R,CH,Changeup,88.1,2377,-0.2991199806748765,1.9430559800367924,7,3.346382874,1.68882874,2,1,4,Bot,2,110.6,32,421,SD,HOU,Fernando Tatis Jr. homers (11) on a fly ball to left field. Luis Rengifo scores. Freddy Fermin scores.
2026-08-09,823268,701538,664299,"Javier, Cristian",L,R,FF,4-Seam Fastball,92.4,2171,0.1838259145869989,3.441321622282681,12,3.320054134,1.675541339,1,2,2,Bot,0,106.8,33,411,SD,HOU,Jackson Merrill homers (18) on a fly ball to center field.
2026-08-09,823268,662139,681190,"Vásquez, Randy",L,R,ST,Sweeper,84.3,3015,-0.2074894736581793,2.796168284245634,2,3.036581365,1.532480315,3,2,2,Top,2,103.3,27,395,SD,HOU,Daulton Varsho homers (8) on a fly ball to right center field. Taylor Trammell scores.
2026-08-09,823020,696100,666277,"Soriano, George",R,R,SI,Sinker,95.4,2136,-0.9990405248766068,2.8262391824628,11,3.178756562,1.604232283,0,0,8,Top,0,104.0,36,394,STL,COL,Hunter Goodman homers (34) on a fly ball to left field.
2026-08-09,823020,664954,700241,"McGreevy, Michael",L,R,SI,Sinker,91.6,2172,0.1398428825262261,2.530779551558652,5,3.174368438,1.602017717,3,2,6,Top,2,98.1,29,384,STL,COL,Brett Sullivan homers (5) on a fly ball to right center field. Willi Castro scores.
2026-08-09,823020,676475,547179,"Lorenzen, Michael",L,R,SI,Sinker,91.6,2204,0.1459661659202127,2.551398412371209,5,3.215616798,1.622834646,0,0,5,Bot,0,110.3,28,441,STL,COL,Alec Burleson homers (19) on a fly ball to right center field.
2026-08-09,822862,641933,656756,"Montgomery, Jordan",R,L,SI,Sinker,88.1,2147,-0.1682948182186994,2.1476154985718763,5,3.097137467,1.563041339,1,0,6,Top,1,108.2,25,425,TEX,BAL,Tyler O'Neill homers (10) on a fly ball to center field. Jackson Holliday scores.
2026-08-09,822862,624413,656756,"Montgomery, Jordan",R,L,CH,Changeup,81.6,1461,1.0215546215124114,3.1181352116814023,12,3.323564633,1.677312992,3,2,4,Top,1,100.5,29,404,TEX,BAL,Pete Alonso homers (25) on a fly ball to left center field. Gunnar Henderson scores.
2026-08-09,822862,607043,700249,"Povich, Cade",L,L,SL,Slider,85.9,2506,-0.2164893180576242,2.68860929718466,5,3.270029528,1.650295276,0,0,3,Bot,2,107.1,25,434,TEX,BAL,Brandon Nimmo homers (13) on a fly ball to center field. Wyatt Langford scores. Ezequiel Duran scores.
2026-08-09,822862,624413,677958,"Rocker, Kumar",R,R,SL,Slider,84.0,2251,-0.2985392740960186,1.9195563482760112,7,3.323564633,1.677312992,0,1,2,Top,1,103.7,29,393,TEX,BAL,Pete Alonso homers (24) on a fly ball to left field. Gunnar Henderson scores.
2026-08-09,822862,681297,677958,"Rocker, Kumar",L,R,FC,Cutter,90.9,2072,-0.342474355142593,2.3496264693904325,4,3.328830381,1.679970472,3,2,2,Top,0,108.9,23,441,TEX,BAL,Colton Cowser homers (9) on a fly ball to center field.
2026-08-09,822700,694673,663903,"Singer, Brady",L,R,ST,Sweeper,83.6,2353,-0.8322021721837557,2.6322640924453617,11,3.141896326,1.585629921,3,2,3,Bot,0,102.4,27,378,WSH,CIN,Abimelec Ortiz homers (2) on a fly ball to left center field.
2026-08-10,825048,571448,687312,"Hughes, Gabriel",R,R,FF,4-Seam Fastball,92.4,2166,-0.0506924510482005,3.0260599548628653,2,3.277050525,1.653838583,2,1,1,Bot,2,103.4,24,382,AZ,COL,Nolan Arenado hits a grand slam (18) to left field. Gabriel Moreno scores. Ketel Marte scores. Lars Nootbaar scores.
2026-08-10,824969,691406,686751,"Johnson, Seth",R,R,SL,Slider,89.2,2405,0.0356058668054777,2.0835309008089062,8,3.243700787,1.637007874,0,0,8,Top,0,104.5,22,410,ATH,TB,Junior Caminero homers (34) on a line drive to left center field. Yandy Díaz scores. Jonathan Aranda scores.
2026-08-10,824969,680869,642547,"Peralta, Freddy",R,R,FF,4-Seam Fastball,92.7,2381,-0.2052892882809729,2.095112127731265,8,3.291970144,1.66136811,1,0,5,Bot,0,108.9,26,456,ATH,TB,Zack Gelof homers (12) on a line drive to left center field.
2026-08-10,824969,650490,682052,"Lopez, Jacob",R,L,FF,4-Seam Fastball,91.3,2190,0.1703991379464722,2.6639789693613904,5,3.227903543,1.629035433,0,1,1,Top,0,109.9,25,439,ATH,TB,Yandy Díaz homers (16) on a line drive to center field.
2026-08-10,824887,596019,693821,"Elder, Bryce",L,R,FC,Cutter,90.4,2185,0.7538797271876536,2.226081405515198,6,3.107668963,1.568356299,3,2,3,Top,2,107.7,35,420,ATL,NYM,Francisco Lindor homers (11) on a fly ball to right field.
2026-08-10,824887,683146,693821,"Elder, Bryce",L,R,SL,Slider,83.1,2508,0.462647676450123,2.3078679721388227,6,3.327952756,1.679527559,0,0,1,Top,2,100.3,33,407,ATL,NYM,Brett Baty hits a grand slam (8) to center field. Bo Bichette scores. Carson Benge scores. Jared Young scores.
2026-08-10,823998,545361,669022,"Gore, MacKenzie",R,L,CU,Curveball,81.3,2272,0.1129300144271829,1.8132396405660252,8,3.243700787,1.637007874,0,1,1,Bot,1,101.5,30,418,LAA,TEX,Mike Trout homers (20) on a fly ball to center field.
2026-08-10,823918,664728,676263,"Dreyer, Jack",L,L,SL,Slider,87.0,2208,-0.2578119392127433,2.3422083920967283,5,3.113812336,1.571456693,0,0,7,Top,1,96.5,26,370,LAD,KC,Kyle Isbel homers (4) on a fly ball to right field. Michael Massey scores.
2026-08-10,823918,695506,669373,"Skubal, Tarik",L,L,SL,Slider,91.5,2285,-0.0834627654936709,2.658611687964605,5,3.401673228,1.716732283,0,2,3,Top,2,110.8,17,410,LAD,KC,Jac Caglianone homers (21) on a line drive to right center field. Nick Loftin scores.
2026-08-10,823675,605137,664991,"Wolfram, Grant",R,L,FF,4-Seam Fastball,95.8,2292,0.0503652988705773,2.3973305858147214,5,3.334973753,1.683070866,2,1,7,Bot,0,106.4,23,407,MIN,BAL,Josh Bell homers (16) on a fly ball to center field. Ryan Jeffers scores. Royce Lewis scores.
2026-08-10,823675,668885,669432,"Rogers, Trevor",R,L,FF,4-Seam Fastball,93.9,2425,0.0869248110113177,1.9481585929920875,8,3.12960958,1.579429134,1,0,3,Bot,0,104.9,22,399,MIN,BAL,Austin Martin homers (3) on a line drive to left center field.
2026-08-10,823265,701538,701656,"Henderson, Logan",L,R,CH,Changeup,82.6,2512,0.0081046118648133,2.034649601403776,8,3.320054134,1.675541339,1,1,7,Bot,1,106.0,30,431,SD,MIL,Jackson Merrill homers (19) on a fly ball to center field. Ty France scores.
2026-08-10,823265,664034,701656,"Henderson, Logan",R,R,CH,Changeup,82.9,2398,0.252654327056782,2.2257454450654115,5,3.10328084,1.566141732,2,2,2,Bot,0,106.5,18,369,SD,MIL,Ty France homers (17) on a line drive to left field.
2026-08-10,823265,592885,663554,"Mize, Casey",L,R,FF,4-Seam Fastball,92.5,2251,0.2095377076192155,2.367488052470194,5,3.368323491,1.699901575,0,0,2,Top,1,100.5,32,378,SD,MIL,Christian Yelich homers (8) on a fly ball to left center field. William Contreras scores.
2026-08-10,823189,687551,669713,"Wesneski, Hayden",L,R,FC,Cutter,89.0,2399,0.5319669759053416,2.153302022964894,6,3.059399606,1.543996063,1,0,7,Bot,0,101.1,26,407,SF,HOU,Drew Gilbert homers (5) on a fly ball to right center field.
2026-08-10,823189,701358,664141,"Brubaker, JT",R,R,SL,Slider,87.4,2590,-0.1199260237561824,1.758743068214073,8,3.348138123,1.689714567,0,2,7,Top,1,113.9,17,402,SF,HOU,Cam Smith homers (16) on a line drive to left field.
2026-08-10,823189,808982,669713,"Wesneski, Hayden",L,R,FF,4-Seam Fastball,92.5,2167,0.5405187799533948,2.205537320111103,6,3.22351542,1.626820866,1,0,5,Bot,2,105.6,35,382,SF,HOU,Jung Hoo Lee homers (9) on a fly ball to right field.
2026-08-10,822780,807727,543243,"Gray, Sonny",R,R,FC,Cutter,88.0,2625,0.4091640382702218,2.113080651400992,9,3.217372047,1.623720472,0,1,5,Bot,0,100.1,29,373,TOR,BOS,Charles McAdoo homers (2) on a fly ball to right field.
2026-08-11,825046,691720,683352,"Bratt, Mitch",R,L,FF,4-Seam Fastball,90.9,2357,-0.3760029634557095,2.693358621276732,4,3.431512467,1.731791339,0,0,6,Top,2,102.1,31,413,AZ,COL,Kyle Karros homers (10) on a fly ball to left center field. Ezequiel Tovar scores.
2026-08-11,825046,606466,608372,"Sugano, Tomoyuki",L,R,ST,Sweeper,82.2,2595,-0.1198454632811498,2.2581036171811606,5,3.218249672,1.624163386,0,0,1,Bot,2,100.1,24,377,AZ,COL,Ketel Marte homers (21) on a line drive to right center field.
2026-08-11,825046,682998,608372,"Sugano, Tomoyuki",L,R,FF,4-Seam Fastball,93.3,2470,-0.1830342344800212,2.7632045312704774,2,3.10328084,1.566141732,0,2,1,Bot,1,105.3,30,422,AZ,COL,Corbin Carroll homers (17) on a fly ball to right center field.
2026-08-11,824970,700246,814305,"Tur, Yunior",R,R,ST,Sweeper,83.7,2405,0.3769766625092724,2.5764414951589742,6,3.254232283,1.642322835,0,0,8,Top,2,104.6,27,420,ATH,TB,Carson Williams homers (1) on a fly ball to center field. Richie Palacios scores. Yandy Díaz scores.
2026-08-11,824970,683748,665660,"Alvarado, Elvis",L,R,FF,4-Seam Fastball,97.5,2525,0.1571397919048007,1.787923642692076,8,3.15769357,1.593602362,1,0,7,Top,2,101.3,27,412,ATH,TB,Victor Mesa Jr. homers (10) on a fly ball to center field. Liam Hicks scores.
2026-08-11,824970,670764,669620,"Basso, Brady",R,L,FF,4-Seam Fastball,91.9,2145,-0.0175895314191579,2.8453388219084284,2,3.055889108,1.542224409,3,1,6,Top,1,94.5,29,379,ATH,TB,Taylor Walls homers (2) on a fly ball to left center field.
2026-08-11,824970,671732,607259,"Martinez, Nick",L,R,FC,Cutter,89.1,2370,0.3106189221741585,3.1323117488860377,3,3.34375,1.6875,0,0,4,Bot,2,103.7,37,417,ATH,TB,Lawrence Butler homers (8) on a fly ball to center field. Jacob Wilson scores.
2026-08-11,824970,650490,686930,"Barnett, Mason",R,R,ST,Sweeper,83.7,2805,0.5611889363365338,2.0046903211597678,9,3.227903543,1.629035433,0,0,4,Top,2,97.6,26,362,ATH,TB,Yandy Díaz homers (17) on a line drive to right field.
2026-08-11,824970,670764,686930,"Barnett, Mason",L,R,FF,4-Seam Fastball,93.1,2125,-0.0916598093573403,1.8932940782979808,8,3.055889108,1.542224409,0,0,4,Top,2,98.3,24,387,ATH,TB,Taylor Walls homers (1) on a fly ball to right center field. Richie Palacios scores.
2026-08-11,824970,691406,686930,"Barnett, Mason",R,R,ST,Sweeper,83.1,2728,0.1938652338842654,3.090862582532152,2,3.243700787,1.637007874,2,1,1,Top,1,105.4,25,430,ATH,TB,Junior Caminero homers (35) on a fly ball to center field. Yandy Díaz scores.
2026-08-11,824886,621566,694646,"McDermott, Chayce",L,R,SL,Slider,85.7,2644,0.0708726035577684,2.089511480139926,8,3.37183399,1.701673228,2,1,8,Bot,2,109.3,29,423,ATL,NYM,Matt Olson homers (35) on a fly ball to right field. Drake Baldwin scores.
2026-08-11,824886,645277,690997,"McLean, Nolan",L,R,FF,4-Seam Fastball,95.0,2307,-0.5634321242091904,2.648949054710484,1,2.984801509,1.506348425,0,2,5,Bot,0,103.5,31,386,ATL,NYM,Ozzie Albies homers (20) on a fly ball to right field.
2026-08-11,824563,553993,680732,"Burke, Sean",R,R,FF,4-Seam Fastball,92.1,2583,0.1718503558025814,3.385318426502021,12,3.17085794,1.600246063,1,1,5,Top,0,103.5,28,401,CWS,CIN,Eugenio Suárez homers (17) on a fly ball to left center field.
2026-08-11,824563,678246,666157,"Lodolo, Nick",R,L,FF,4-Seam Fastball,92.8,2220,-0.094649382262004,2.173210613246621,5,3.290214895,1.660482283,1,1,4,Bot,0,106.6,33,407,CWS,CIN,Miguel Vargas homers (25) on a fly ball to left center field.
2026-08-11,824563,700337,666157,"Lodolo, Nick",R,L,CH,Changeup,87.7,1800,0.4633822813233397,1.9245655765356755,9,3.133997703,1.581643701,1,1,2,Bot,2,102.2,23,378,CWS,CIN,Edgar Quero homers (3) on a fly ball to left center field.
2026-08-11,824563,686668,666157,"Lodolo, Nick",R,L,SI,Sinker,92.2,2341,-0.4094944566600045,2.0625426477179647,7,3.349893373,1.690600394,0,0,1,Bot,0,106.6,21,415,CWS,CIN,Brenton Doyle homers (2) on a line drive to center field.
2026-08-11,824240,666176,640448,"Finnegan, Kyle",R,R,FF,4-Seam Fastball,96.1,2034,0.2818703251674902,2.5148618057851038,6,3.305134514,1.668011811,2,2,8,Top,0,109.3,23,428,DET,CLE,Jo Adell homers (17) on a fly ball to center field.
2026-08-11,824240,800050,623454,"Anderson, Drew",L,R,CU,Curveball,79.0,2701,0.528628908825389,1.9030913667980207,9,3.339361877,1.685285433,1,0,3,Top,1,104.6,29,424,DET,CLE,Chase DeLauter homers (13) on a fly ball to right center field.
2026-08-11,823997,592626,696270,"Johnson, Ryan",L,R,FC,Cutter,91.2,2522,-0.2421211767525562,2.7358124951711096,5,3.23667979,1.633464567,0,2,1,Top,0,104.8,27,416,LAA,TEX,Joc Pederson homers (22) on a fly ball to center field.
2026-08-11,823917,605141,608379,"Wacha, Michael",R,R,FC,Cutter,90.3,2195,0.1556385165438833,2.561252167599497,5,3.096259843,1.562598425,0,0,2,Bot,1,104.9,22,378,LAD,KC,Mookie Betts homers (14) on a line drive to left field.
2026-08-11,823832,665923,694973,"Skenes, Paul",R,R,FF,4-Seam Fastball,95.5,1968,0.1602100964763684,2.934050276507305,2,3.165592192,1.597588583,0,0,3,Bot,1,105.1,40,384,MIA,PIT,Esteury Ruiz homers (6) on a fly ball to left field.
2026-08-11,823673,687952,641927,"Ober, Bailey",R,R,CH,Changeup,82.8,2084,0.1690011268971034,1.714917017040143,8,3.234924541,1.63257874,0,1,3,Top,1,109.0,33,460,MIN,BAL,Christian Encarnacion-Strand homers (4) on a fly ball to center field.
2026-08-11,823673,683002,641927,"Ober, Bailey",L,R,CH,Changeup,82.4,2105,0.4963693637312953,1.820835385626196,9,3.328830381,1.679970472,3,2,2,Top,1,108.1,25,409,MIN,BAL,Gunnar Henderson homers (19) on a fly ball to right field. Yohel Pozo scores.
2026-08-11,823673,624413,641927,"Ober, Bailey",R,R,FF,4-Seam Fastball,88.2,2132,0.1713958190186035,2.594132474796872,5,3.323564633,1.677312992,1,1,1,Top,0,107.1,24,418,MIN,BAL,Pete Alonso homers (26) on a fly ball to left center field. Gunnar Henderson scores.
2026-08-11,823512,668227,677960,"Weathers, Ryan",R,L,SI,Sinker,95.5,2252,0.2558713663975793,2.583849186769341,5,3.127854331,1.578543307,2,2,6,Top,1,95.7,27,351,NYY,SEA,Randy Arozarena homers (15) on a fly ball to right field.
2026-08-11,823264,669134,690986,"Harrison, Kyle",R,L,SI,Sinker,93.0,2196,0.3774938679724688,2.1132964779536816,6,3.119078084,1.574114173,1,0,5,Bot,1,101.9,27,379,SD,MIL,Luis Campusano homers (5) on a fly ball to left center field. Austin Hays scores.
2026-08-11,823264,665487,690986,"Harrison, Kyle",R,L,CH,Changeup,81.3,1478,0.0601003596204753,3.2123736710429505,2,3.346382874,1.68882874,0,0,4,Bot,0,102.5,31,382,SD,MIL,Fernando Tatis Jr. homers (12) on a fly ball to right field.
2026-08-11,823264,650859,690986,"Harrison, Kyle",R,L,FF,4-Seam Fastball,94.0,2434,0.04962375379826,2.23596044186285,5,3.087483596,1.558169291,1,0,2,Bot,2,100.7,23,366,SD,MIL,Luis Rengifo hits a grand slam (3) to left field. Luis Campusano scores. Jake Cronenworth scores. Fernando Tatis Jr. scores.
2026-08-11,823186,805811,686613,"Brown, Hunter",L,R,SI,Sinker,95.5,2179,-0.0743702127351153,2.3225358352085665,8,3.541215551,1.787155512,3,1,5,Bot,1,106.4,31,423,SF,HOU,Bryce Eldridge homers (12) on a fly ball to center field.
2026-08-11,823019,677592,641835,"Mayza, Tim",R,L,SL,Slider,87.3,2203,-0.1729498121687841,1.6902607170472388,8,3.145406824,1.587401575,1,1,8,Bot,0,106.6,24,430,STL,PHI,Everson Pereira homers (5) on a fly ball to center field.
2026-08-11,822778,678882,656302,"Cease, Dylan",R,R,ST,Sweeper,82.1,2767,-0.0806097417823317,2.386725268740709,5,3.110301837,1.569685039,0,0,5,Top,0,101.8,30,411,TOR,BOS,Ceddanne Rafaela homers (16) on a fly ball to center field.
2026-08-11,822778,677800,656302,"Cease, Dylan",L,R,SL,Slider,88.0,2787,-0.1011982300453491,1.711203468521869,8,3.117322835,1.573228347,2,2,4,Top,0,96.0,32,370,TOR,BOS,Wilyer Abreu homers (21) on a fly ball to right center field.
2026-08-11,822697,673548,571945,"Mikolas, Miles",R,R,SL,Slider,90.0,2292,0.0970509809062338,2.1466631883510345,5,3.177878937,1.60378937,0,1,8,Top,1,104.3,29,409,WSH,CHC,Seiya Suzuki homers (20) on a fly ball to center field.
2026-08-11,822697,608324,687377,"Ribalta, Orlando",R,R,SI,Sinker,97.5,2345,-0.2395463207947614,2.768911275096565,2,3.126099081,1.57765748,0,1,6,Top,2,102.5,24,374,WSH,CHC,Alex Bregman homers (13) on a fly ball to left field.
2026-08-11,822697,686611,684007,"Imanaga, Shota",R,L,FS,Split-Finger,81.2,1147,0.5010287946944199,1.821009443049149,9,3.165592192,1.597588583,1,0,5,Bot,2,105.6,22,414,WSH,CHC,Dylan Crews homers (10) on a fly ball to center field.
2026-08-11,822697,691718,663623,"Irvin, Jake",L,R,FF,4-Seam Fastball,94.6,2369,-0.1813470558111946,3.110118948848128,2,3.202452428,1.616190945,3,2,3,Top,0,111.5,28,437,WSH,CHC,Pete Crow-Armstrong homers (27) on a fly ball to right field.
2026-08-11,822697,696285,684007,"Imanaga, Shota",R,L,FF,4-Seam Fastball,90.6,2570,0.0823520281170795,2.7185097314215483,2,3.187532808,1.608661417,2,1,2,Bot,0,106.2,23,427,WSH,CHC,Jacob Young homers (10) on a fly ball to center field.
2026-08-11,822697,682928,684007,"Imanaga, Shota",L,L,ST,Sweeper,79.2,2546,-0.3700512260452744,3.139661090652942,1,3.222637795,1.626377953,1,1,1,Bot,2,96.4,31,364,WSH,CHC,CJ Abrams homers (29) on a fly ball to right field. Brady House scores.
2026-08-12,825047,682998,657514,"Bernardino, Brennan",L,L,SI,Sinker,90.1,2250,-0.0343829298063926,2.9159250754030204,2,3.10328084,1.566141732,0,1,8,Bot,1,103.7,25,390,AZ,COL,Corbin Carroll homers (18) on a fly ball to left center field.
2026-08-12,825047,691728,518876,"Kelly, Merrill",L,R,CH,Changeup,86.7,2066,-0.2789375715923652,1.8726185525506909,7,3.363057743,1.697244095,1,1,4,Top,0,104.7,26,407,AZ,COL,Zac Veen homers (1) on a fly ball to right center field. Willi Castro scores.
2026-08-12,825047,664954,518876,"Kelly, Merrill",L,R,FF,4-Seam Fastball,92.4,2437,0.665346327698295,1.5235222519262313,9,3.174368438,1.602017717,3,1,2,Top,2,105.5,30,402,AZ,COL,Brett Sullivan homers (6) on a fly ball to right field. Mickey Moniak scores. Willi Castro scores.
2026-08-12,824967,671732,675627,"Grove, Michael",L,R,FC,Cutter,89.8,2356,0.2778882806361651,2.640899449631144,6,3.34375,1.6875,0,0,8,Bot,2,107.6,27,426,ATH,TB,Lawrence Butler homers (9) on a fly ball to right center field.
2026-08-12,824967,680869,675627,"Grove, Michael",R,R,SI,Sinker,92.8,2259,-0.0197894128169164,3.4987902960291564,11,3.291970144,1.66136811,2,2,8,Bot,1,104.9,34,388,ATH,TB,Zack Gelof homers (13) on a fly ball to left center field.
2026-08-12,824967,689414,678022,"Perkins, Jack",L,R,SI,Sinker,93.7,2266,0.458720315014866,1.7020077917169818,9,3.085728346,1.557283465,1,1,4,Top,2,100.3,28,401,ATH,TB,Liam Hicks homers (16) on a fly ball to right center field. Jonathan Aranda scores. Junior Caminero scores.
2026-08-12,824883,666182,628452,"Iglesias, Raisel",R,R,SI,Sinker,92.9,2394,-0.3315284365602833,1.3885139723957705,13,3.162081693,1.595816929,2,2,9,Top,0,103.1,23,405,ATL,NYM,Bo Bichette homers (12) on a fly ball to center field.
2026-08-12,824883,663586,673380,"Núñez, Dedniel",R,R,SL,Slider,88.8,2470,0.4038227000146155,3.019793029499673,3,3.273540026,1.652066929,0,1,7,Bot,0,108.5,28,438,ATL,NYM,Austin Riley homers (15) on a fly ball to left center field.
2026-08-12,824883,573262,673380,"Núñez, Dedniel",L,R,FF,4-Seam Fastball,96.3,2393,0.1837657389845066,2.481623889998215,5,3.125221457,1.577214567,1,0,7,Bot,0,102.0,41,368,ATL,NYM,Mike Yastrzemski homers (9) on a fly ball to right center field.
2026-08-12,824883,673357,689266,"Dodd, Dylan",R,L,SI,Sinker,93.2,2152,-0.1063141647610358,2.7639626071919574,5,3.310400263,1.670669291,3,2,7,Top,1,107.2,24,399,ATL,NYM,Luis Robert Jr. homers (6) on a fly ball to left field.
2026-08-12,824883,620443,641816,"Mahle, Tyler",R,R,FF,4-Seam Fastball,91.2,2177,0.3008817092533561,2.752923593242389,3,3.178756562,1.604232283,0,0,6,Top,0,101.2,33,375,ATL,NYM,Luis Torrens homers (5) on a fly ball to right center field.
2026-08-12,824883,657041,804267,"Thornton, Zac",R,L,FC,Cutter,87.9,2469,0.1897333409293435,3.1568961647186704,2,3.146284449,1.587844488,1,0,2,Bot,2,105.7,26,412,ATL,NYM,Lane Thomas homers (11) on a fly ball to left field.
2026-08-12,824562,805367,670062,"Garcia, Julian",R,R,ST,Sweeper,82.1,2885,0.313098049872172,2.6988289279780022,3,3.068175853,1.548425197,2,1,6,Bot,1,93.3,33,360,CWS,CIN,Chase Meidroth homers (12) on a fly ball to left field. Colson Montgomery scores.
2026-08-12,824562,691011,695076,"Lowder, Rhett",L,R,SL,Slider,84.8,3007,-0.1854345782131972,1.6307880820158056,8,3.215616798,1.622834646,2,2,3,Bot,1,102.7,26,403,CWS,CIN,Drew Romo homers (6) on a fly ball to right field.
2026-08-12,824241,666176,664285,"Valdez, Framber",R,L,CH,Changeup,88.1,1558,-0.0839721517257374,1.657520213329719,8,3.305134514,1.668011811,0,1,5,Top,1,102.1,33,385,DET,CLE,Jo Adell homers (18) on a fly ball to left field. José Ramírez scores.
2026-08-12,824241,650402,656492,"Griffin, Foster",R,L,ST,Sweeper,78.6,2638,-0.4008951983835398,1.6654174137795197,7,3.12960958,1.579429134,1,1,3,Bot,0,105.5,27,421,DET,CLE,Gleyber Torres homers (8) on a fly ball to left center field.
2026-08-12,823994,608369,691946,"Klassen, George",L,R,SL,Slider,90.7,2354,0.5504154316829653,2.9177230160589422,3,3.37183399,1.701673228,2,2,3,Top,0,106.6,40,378,LAA,TEX,Corey Seager homers (12) on a fly ball to right field.
2026-08-12,823916,676439,696131,"Black, Mason",L,R,FF,4-Seam Fastball,94.6,2275,-0.217527428096907,3.307574826477617,2,3.262130906,1.646309055,2,0,5,Bot,0,105.1,24,402,LAD,KC,Hunter Feduccia homers (3) on a fly ball to center field.
2026-08-12,823916,660271,663738,"Lynch IV, Daniel",L,L,SI,Sinker,92.7,2107,-0.1054249707999743,2.8775117307489504,2,3.369201116,1.700344488,0,0,3,Bot,1,109.5,34,397,LAD,KC,Shohei Ohtani homers (27) on a fly ball to left center field. Miguel Rojas scores.
2026-08-12,823916,605141,663738,"Lynch IV, Daniel",R,L,FF,4-Seam Fastball,93.6,2383,0.2065372655148821,2.445294183194078,5,3.096259843,1.562598425,1,0,2,Bot,1,103.2,28,412,LAD,KC,Mookie Betts homers (15) on a fly ball to left center field.
2026-08-12,823833,681715,669199,"Bachar, Lake",R,R,SL,Slider,88.7,2592,0.0986173796382556,1.991161631218328,8,3.178756562,1.604232283,0,0,6,Bot,1,108.1,31,415,MIA,PIT,Heriberto Hernández homers (17) on a fly ball to left center field. Griffin Conine scores.
2026-08-12,823833,665052,669199,"Bachar, Lake",L,R,FF,4-Seam Fastball,94.2,2654,-0.2888395222824879,3.084589429032725,1,3.234046916,1.632135827,2,1,4,Bot,0,106.6,33,403,MIA,PIT,Griffin Conine homers (13) on a fly ball to center field.
2026-08-12,823672,665750,672782,"Gómez, Yoendrys",L,R,FF,4-Seam Fastball,96.3,2537,0.6633591356642167,2.6982447694597638,6,3.286704396,1.65871063,0,0,9,Top,0,103.3,39,378,MIN,BAL,Leody Taveras homers (7) on a fly ball to right field.
2026-08-12,823672,687637,805673,"Matthews, Zebby",L,R,CU,Curveball,80.7,2383,0.2857182880027847,1.9359474128941976,9,3.417470472,1.724704724,2,2,3,Top,1,100.6,35,374,MIN,BAL,Dylan Beavers homers (3) on a fly ball to right field. Pete Alonso scores. Tyler O'Neill scores.
2026-08-12,823511,663757,689546,"Davila, Nick",L,R,SI,Sinker,94.9,2124,-0.0684838761176898,2.244118566235799,5,3.138385827,1.583858268,1,1,8,Bot,1,103.0,21,398,NYY,SEA,Trent Grisham homers (15) on a fly ball to right center field. George Lombard Jr. scores.
2026-08-12,823511,663757,682243,"Miller, Bryce",L,R,SI,Sinker,95.1,2383,0.4098265362371347,1.7363033356795865,9,3.138385827,1.583858268,0,0,5,Bot,2,95.9,34,364,NYY,SEA,Trent Grisham homers (14) on a fly ball to right field.
2026-08-12,823511,686527,701542,"Warren, Will",L,R,CH,Changeup,86.5,1708,0.2595392087388879,1.925612128145449,8,3.208595801,1.619291339,2,0,3,Top,2,104.5,39,397,NYY,SEA,Dominic Canzone homers (19) on a fly ball to right center field.
2026-08-12,823511,677594,701542,"Warren, Will",R,R,FF,4-Seam Fastball,94.9,2399,0.2700470381445857,3.409633154755844,2,3.377977362,1.704773622,1,2,1,Top,2,100.0,33,378,NYY,SEA,Julio Rodríguez homers (19) on a fly ball to right field.
2026-08-12,823511,668227,701542,"Warren, Will",R,R,ST,Sweeper,85.5,3048,0.9957856287855332,1.808474091372922,14,3.127854331,1.578543307,1,1,1,Top,1,96.0,29,349,NYY,SEA,Randy Arozarena homers (16) on a fly ball to right field. Cole Young scores.
2026-08-12,823263,593428,669160,"May, Dustin",R,R,ST,Sweeper,85.6,3158,-0.2965953147940905,2.7490857625194383,4,3.284949147,1.657824803,2,2,3,Bot,1,105.1,30,415,SD,MIL,Xander Bogaerts homers (10) on a fly ball to left field.
2026-08-12,823263,596142,592662,"Ray, Robbie",R,L,FF,4-Seam Fastball,93.7,2319,0.0548348572191224,2.451035767470016,5,3.311277887,1.671112205,0,0,2,Top,2,102.5,27,372,SD,MIL,Gary Sánchez homers (10) on a fly ball to left field.
2026-08-12,822779,575929,667755,"Soriano, José",R,R,KC,Knuckle Curve,87.3,2407,0.654657827728802,2.172813981215234,6,3.229658793,1.62992126,3,2,5,Top,0,105.9,26,408,TOR,BOS,Willson Contreras homers (24) on a fly ball to left center field.
2026-08-12,822698,677588,665871,"Assad, Javier",L,R,SI,Sinker,93.5,1972,0.9086007267952784,1.987521821411478,14,3.140141076,1.584744095,2,1,9,Bot,2,101.8,26,417,WSH,CHC,José Tena homers (6) on a fly ball to center field.
2026-08-12,822698,608324,592866,"Williams, Trevor",R,R,FF,4-Seam Fastball,91.1,2190,0.4151042845629568,2.962119796522352,3,3.126099081,1.57765748,2,2,8,Top,1,98.1,30,394,WSH,CHC,Alex Bregman homers (16) on a fly ball to left center field. Seiya Suzuki scores.
2026-08-12,822698,621020,592866,"Williams, Trevor",R,R,SI,Sinker,86.9,1974,-0.1291817056263509,1.3953289613264404,13,3.218249672,1.624163386,1,1,8,Top,0,106.4,27,436,WSH,CHC,Dansby Swanson homers (18) on a fly ball to center field.
2026-08-12,822698,694673,665871,"Assad, Javier",L,R,FF,4-Seam Fastball,93.8,2234,0.6907500458553217,1.838846110490088,9,3.141896326,1.585629921,2,1,6,Bot,1,105.9,35,407,WSH,CHC,Abimelec Ortiz homers (3) on a fly ball to right field.
2026-08-12,822698,608324,672442,"Cruz, Yovanny",R,R,SL,Slider,91.3,2347,0.0161109412729751,2.0678925393501126,5,3.126099081,1.57765748,0,0,6,Top,2,98.4,34,383,WSH,CHC,Alex Bregman homers (15) on a fly ball to left field. Seiya Suzuki scores.
2026-08-12,822698,608324,656234,"Bird, Jake",R,R,ST,Sweeper,85.1,2656,0.2197568831819019,2.248779972910703,5,3.126099081,1.57765748,1,1,5,Top,1,96.1,29,397,WSH,CHC,Alex Bregman homers (14) on a fly ball to left center field. Dansby Swanson scores. Pete Crow-Armstrong scores.
2026-08-13,824561,663886,607200,"Fedde, Erick",R,R,ST,Sweeper,82.6,2690,-0.3001467055386726,2.026574820215129,7,3.359547244,1.695472441,0,0,4,Top,2,103.2,34,393,CWS,CIN,Tyler Stephenson homers (11) on a fly ball to left center field. Elly De La Cruz scores. Sal Stewart scores.
2026-08-13,824561,553993,663436,"Martin, Davis",R,R,SL,Slider,87.1,2558,0.2333322052846104,2.154577258624467,5,3.17085794,1.600246063,0,1,1,Top,2,98.1,39,359,CWS,CIN,Eugenio Suárez homers (18) on a fly ball to left field. Tyler Stephenson scores.
2026-08-13,824561,701398,663436,"Martin, Davis",R,R,SL,Slider,88.1,2507,-0.1640620673213094,2.2372540876128566,5,3.239312664,1.634793307,0,1,1,Top,1,110.2,27,419,CWS,CIN,Sal Stewart homers (26) on a fly ball to left field.
2026-08-13,824238,680664,800048,"Messick, Parker",R,L,CU,Curveball,81.2,2475,0.1076758288384043,1.81694128710588,8,3.256865158,1.643651575,2,2,6,Bot,2,100.3,33,389,DET,CLE,Eduardo Valencia homers (5) on a fly ball to left field.
2026-08-13,823915,571970,622608,"Senzatela, Antonio",L,R,FF,4-Seam Fastball,100.1,2470,-0.357533182504741,2.8033013151926207,1,3.127854331,1.578543307,3,2,6,Bot,2,105.7,33,426,LAD,MIL,Max Muncy homers (23) on a fly ball to right center field. Tommy Edman scores. Freddie Freeman scores.
2026-08-13,823829,683357,677952,"Ashcraft, Braxton",L,R,FF,4-Seam Fastball,97.1,2236,0.5011382146056128,2.594696061679524,6,3.369201116,1.700344488,0,1,9,Bot,0,103.2,33,402,MIA,PIT,Owen Caissie homers (13) on a fly ball to center field.
2026-08-13,823829,804668,691594,"Sanoja, Javier",R,R,FA,Other,52.9,1394,0.1813030909464153,3.353341442070556,2,3.349015748,1.69015748,1,0,9,Top,1,101.4,31,399,MIA,PIT,Rafael Flores Jr. homers (3) on a fly ball to left field. Jake Mangum scores. Jared Triolo scores.
2026-08-13,823829,694378,691594,"Sanoja, Javier",L,R,FA,Other,58.6,1166,0.5065525351945639,1.6592619554599226,9,3.285826772,1.658267717,1,0,9,Top,1,108.6,25,396,MIA,PIT,Jacob Gonzalez homers (6) on a fly ball to right field. Esmerlyn Valdez scores.
2026-08-13,823829,804668,667463,"King, John",R,L,CU,Curveball,80.6,2990,-0.8216717995868427,1.767430837698063,7,3.349015748,1.69015748,1,2,8,Top,1,106.3,39,384,MIA,PIT,Rafael Flores Jr. homers (2) on a fly ball to left field. Jake Mangum scores. Jared Triolo scores.
2026-08-13,823829,669707,663969,"Phillips, Tyler",R,R,FF,4-Seam Fastball,94.9,2219,-0.1256603396389114,2.821365383437662,5,3.342872375,1.687057087,1,0,5,Top,0,103.0,24,395,MIA,PIT,"Umpire reviewed (home run), call on the field was upheld: Jared Triolo homers (2) on a fly ball to right center field."
2026-08-13,823669,669016,701519,"Adams, Travis",L,R,CH,Changeup,82.7,1720,-0.1795938097026919,2.144924107129078,8,3.312,1.672,1,2,7,Top,1,100.1,30,365,MIN,PHI,Brandon Marsh homers (17) on a fly ball to right field. Alec Bohm scores.
2026-08-13,823669,656941,671737,"Bradley, Taj",L,R,FS,Split-Finger,92.7,1822,-0.0600063885840314,2.8205652921498268,2,3.181,1.605,2,0,4,Top,2,108.0,39,355,MIN,PHI,Kyle Schwarber homers (37) on a fly ball to right field. Brandon Marsh scores.
2026-08-13,823669,807712,605400,"Nola, Aaron",R,R,SI,Sinker,92.0,2357,-0.6610436403323059,1.8742948215319477,7,3.214,1.622,1,1,2,Bot,1,101.2,35,357,MIN,PHI,Luke Keaschall homers (7) on a fly ball to left field.
2026-08-13,823669,656941,671737,"Bradley, Taj",L,R,FF,4-Seam Fastball,95.4,2194,0.5608511218048726,2.1892298931464365,6,3.181,1.605,2,0,1,Top,0,99.6,28,369,MIN,PHI,Kyle Schwarber homers (36) on a fly ball to right field.
2026-08-13,823508,642215,608331,"Fried, Max",R,L,FC,Cutter,93.0,2255,-0.0938746762183702,2.1509279033375286,8,3.342872375,1.687057087,2,2,2,Top,2,104.1,24,396,NYY,SEA,Weston Wilson homers (4) on a fly ball to left center field.
2026-08-13,822776,702332,695445,"Lee, Chase",R,R,ST,Sweeper,80.7,3004,0.0929071460301322,2.702097779972478,2,2.947063648,1.48730315,1,0,8,Top,1,99.7,28,384,TOR,BOS,Caleb Durbin hits a grand slam (12) to left field. Ceddanne Rafaela scores. Wilyer Abreu scores. Masataka Yoshida scores.
2026-08-13,822696,694673,592332,"Gausman, Kevin",L,R,FF,4-Seam Fastball,93.0,2179,-0.1917661390156598,3.080741283666084,2,3.141896326,1.585629921,0,0,5,Bot,2,105.2,28,414,WSH,CHC,Abimelec Ortiz homers (4) on a fly ball to center field. Andrés Chaparro scores. CJ Abrams scores.
2026-08-14,824968,671732,695239,"Ahlstrom, Robby",L,L,FF,4-Seam Fastball,93.5,2011,0.3066344660637446,3.6095948338702217,12,3.34375,1.6875,2,2,7,Bot,2,103.4,24,411,ATH,TEX,Lawrence Butler homers (10) on a fly ball to center field.
2026-08-14,824968,643446,681217,"Silseth, Chase",L,R,FF,4-Seam Fastball,95.2,2370,0.5659464471264762,2.436680612790159,6,3.213861549,1.621948819,0,1,6,Bot,2,101.5,26,400,ATH,TEX,Jeff McNeil homers (5) on a fly ball to right field.
2026-08-14,824968,669394,695611,"Jump, Gage",R,L,FF,4-Seam Fastball,96.8,2435,-0.2199901290478418,2.1749837727016192,5,3.229658793,1.62992126,3,2,6,Top,1,106.0,27,428,ATH,TEX,Jake Burger homers (20) on a fly ball to center field. Corey Seager scores. Ezequiel Duran scores.
2026-08-14,824882,694374,641755,"Kinley, Tyler",R,R,SL,Slider,89.5,2495,0.2225224145501827,1.919991570046636,8,3.162959318,1.596259843,1,2,9,Top,0,103.3,25,406,ATL,AZ,Tim Tawa homers (7) on a fly ball to center field.
2026-08-14,824643,673548,666277,"Soriano, George",R,R,CH,Changeup,88.3,1384,-0.1993744419005214,2.28736792256739,5,3.177878937,1.60378937,2,1,6,Bot,1,106.4,39,390,CHC,STL,Seiya Suzuki homers (21) on a fly ball to left center field. Tyrone Taylor scores. Dansby Swanson scores.
2026-08-14,824399,665487,668909,"Williams, Gavin",R,R,SI,Sinker,97.1,2124,-0.4833361789155614,3.0499689564541086,1,3.346382874,1.68882874,0,0,5,Top,0,115.5,21,404,CLE,SD,Fernando Tatis Jr. homers (13) on a fly ball to left field.
2026-08-14,824399,593428,668909,"Williams, Gavin",R,R,ST,Sweeper,87.0,2404,0.2493213153598358,3.2478966111336907,2,3.284949147,1.657824803,0,1,4,Top,2,104.7,28,426,CLE,SD,Xander Bogaerts homers (11) on a fly ball to left center field. Jackson Merrill scores.
2026-08-14,824399,677587,650633,"King, Michael",L,R,SI,Sinker,92.5,2226,0.1476729366708611,2.638596008410032,2,3.068175853,1.548425197,2,0,3,Bot,1,96.0,26,368,CLE,SD,Brayan Rocchio homers (10) on a fly ball to right field.
2026-08-14,824399,663993,650633,"King, Michael",L,R,SI,Sinker,94.1,2312,-0.2559978308384336,2.3318534901189194,5,3.366568242,1.699015748,2,1,2,Bot,0,107.4,21,409,CLE,SD,Nathaniel Lowe homers (14) on a line drive to left center field.
2026-08-14,824237,678246,680744,"Madden, Ty",R,R,FF,4-Seam Fastball,93.3,2374,0.6011515520558367,3.155589162401188,3,3.290214895,1.660482283,1,0,8,Top,1,100.7,34,397,DET,CWS,Miguel Vargas homers (27) on a fly ball to left center field.
2026-08-14,824237,701162,623211,"Brazobán, Huascar",R,R,SI,Sinker,93.5,2227,-0.8594706109027357,2.8770288399481885,11,3.234924541,1.63257874,0,0,7,Bot,0,105.7,21,372,DET,CWS,Ben Malgeri homers (3) on a line drive to left field.
2026-08-14,824237,678246,646241,"De Jesus, Enmanuel",R,L,CH,Changeup,86.8,2098,0.3021657667311901,2.16103610643818,9,3.290214895,1.660482283,2,1,6,Top,1,104.7,27,392,DET,CWS,Miguel Vargas homers (26) on a fly ball to left field. Munetaka Murakami scores.
2026-08-14,824237,808959,695549,"Jobe, Jackson",L,R,FF,4-Seam Fastball,96.9,2460,-0.2171134944620886,2.664524706667033,5,3.296358268,1.663582677,3,0,4,Top,2,110.0,41,392,DET,CWS,Munetaka Murakami homers (27) on a fly ball to right field.
2026-08-14,824237,671976,695549,"Jobe, Jackson",L,R,FF,4-Seam Fastball,96.6,2337,0.0886484866698701,2.20332853905301,5,3.19718668,1.613533465,0,0,4,Top,0,104.7,22,379,DET,CWS,Tristan Peters homers (7) on a line drive to right center field. Chase Meidroth scores.
2026-08-14,824237,701162,664353,"Urquidy, José",R,R,CH,Changeup,84.2,2255,-0.0268248049852604,1.5894258983848553,8,3.234924541,1.63257874,2,2,2,Bot,2,100.5,31,375,DET,CWS,Ben Malgeri homers (2) on a fly ball to left center field. Spencer Torkelson scores.
2026-08-14,824159,572233,662253,"Muñoz, Andrés",R,R,SL,Slider,87.7,2515,-0.1874914040970384,1.8777281412429043,8,3.178756562,1.604232283,1,0,10,Bot,2,108.2,29,405,HOU,SEA,Christian Walker homers (23) on a fly ball to left field. Jose Altuve scores. Daulton Varsho scores.
2026-08-14,824159,670541,669923,"Kirby, George",L,R,CH,Changeup,89.9,1790,0.0834820593927139,1.977598470250556,8,3.392019357,1.711860236,1,0,1,Bot,1,100.5,35,368,HOU,SEA,Yordan Alvarez homers (36) on a fly ball to right field.
2026-08-14,823993,666139,656638,"Lange, Alex",L,R,SL,Slider,89.3,2261,0.3949358293142522,1.958182993966838,9,3.355159121,1.693257874,1,2,6,Bot,1,107.0,32,407,LAA,KC,Josh Lowe homers (9) on a fly ball to right center field.
2026-08-14,823993,695506,671111,"Peralta, Sammy",L,L,SL,Slider,81.2,2307,-0.3137043438130722,2.785518652006916,4,3.401673228,1.716732283,1,1,5,Top,2,104.0,32,393,LAA,KC,Jac Caglianone homers (22) on a fly ball to right center field. Bobby Witt Jr. scores.
2026-08-14,823993,686681,680570,"Rodriguez, Grayson",L,R,SL,Slider,86.5,2366,0.582698959542423,1.1536518809807017,14,3.199819554,1.614862205,2,2,2,Top,1,103.2,33,400,LAA,KC,Michael Massey homers (10) on a fly ball to right center field.
2026-08-14,823913,669242,688107,"Gasser, Robert",R,L,FC,Cutter,87.5,2477,-0.0987340371477167,1.775954728209192,8,3.102403215,1.565698819,0,1,6,Bot,1,104.3,25,408,LAD,MIL,Tommy Edman homers (4) on a fly ball to center field.
2026-08-14,823913,681624,688107,"Gasser, Robert",R,L,ST,Sweeper,81.2,2406,-0.237954579181008,2.0524593432761917,8,3.23667979,1.633464567,2,2,5,Bot,2,100.8,32,367,LAD,MIL,Andy Pages homers (20) on a fly ball to left field.
2026-08-14,823591,676724,656234,"Bird, Jake",L,R,CU,Curveball,81.0,2687,0.3219424113356142,2.0241493864797517,9,3.280561024,1.655610236,2,0,7,Bot,1,104.9,33,408,NYM,WSH,Jared Young homers (8) on a fly ball to right center field.
2026-08-14,823591,596019,674841,"Alvarez, Andrew",R,L,SL,Slider,83.3,2648,-0.0319859072824819,2.454687904537471,5,3.107668963,1.568356299,2,1,6,Bot,2,110.3,26,409,NYM,WSH,Francisco Lindor homers (12) on a fly ball to left field.
2026-08-14,823346,664040,663558,"Morán, Jovani",L,L,CH,Changeup,84.0,1631,-0.148038830983591,2.329770204393241,5,3.088361221,1.558612205,2,1,5,Bot,2,100.0,27,375,PIT,BOS,Brandon Lowe homers (26) on a fly ball to right field. Jacob Gonzalez scores. Bryan Reynolds scores.
2026-08-14,823346,804668,687562,"Bennett, Jake",R,L,CH,Changeup,84.2,1980,0.7232507002631781,2.13986315256929,9,3.349015748,1.69015748,1,2,2,Bot,2,100.3,32,371,PIT,BOS,Rafael Flores Jr. homers (4) on a fly ball to right field.
2026-08-14,823185,691728,694738,"Roupp, Landen",L,R,CU,Curveball,76.5,3105,0.4431332551086191,1.5547735600227792,14,3.363057743,1.697244095,1,1,6,Top,1,111.3,32,406,SF,COL,Zac Veen homers (2) on a fly ball to right field. Connor Norby scores.
2026-08-14,823185,805811,607536,"Freeland, Kyle",L,L,FC,Cutter,86.0,2434,-0.2926544995526817,2.265304376223836,7,3.541215551,1.787155512,1,1,4,Bot,0,104.3,31,409,SF,COL,Bryce Eldridge homers (13) on a fly ball to center field.
2026-08-14,822942,683002,688297,"Roycroft, Chris",L,R,FC,Cutter,89.2,2162,0.1248026537177903,1.864584436783036,8,3.328830381,1.679970472,0,2,8,Top,2,104.6,34,400,TB,BAL,Gunnar Henderson homers (20) on a fly ball to right center field. Tyler O'Neill scores.
2026-08-14,822942,681297,669947,"Scholtens, Jesse",L,R,SL,Slider,89.6,2335,-0.2921834739135722,1.7830217376590995,7,3.328830381,1.679970472,3,2,3,Top,0,103.0,30,420,TB,BAL,Colton Cowser homers (10) on a fly ball to center field.
2026-08-14,822777,672386,690440,"Hanner, Bradley",R,R,FF,4-Seam Fastball,93.5,2714,0.2103844455316269,2.45935453366911,5,3.010252625,1.519192913,0,1,8,Bot,2,100.1,32,374,TOR,NYY,Alejandro Kirk homers (5) on a fly ball to right center field.
2026-08-14,822777,663757,669456,"Bieber, Shane",L,R,FF,4-Seam Fastball,91.5,2238,-0.0378281487306185,2.822439005895357,2,3.138385827,1.583858268,2,0,6,Top,0,100.3,37,359,TOR,NYY,Trent Grisham homers (16) on a fly ball to right field.
