pitcher,date,bf,hr_allowed,hand
608331,2026-03-25,23,0,L
656234,2026-03-25,2,0,R
657277,2026-03-25,26,0,R
664141,2026-03-25,7,0,R
666808,2026-03-25,4,0,R
668873,2026-03-25,3,0,R
676775,2026-03-25,4,0,R
687396,2026-03-25,5,0,L
472610,2026-03-26,6,0,R
519141,2026-03-26,3,0,L
542888,2026-03-26,3,1,R
543135,2026-03-26,22,2,R
547973,2026-03-26,3,0,L
571510,2026-03-26,17,1,L
571948,2026-03-26,5,0,L
572955,2026-03-26,3,0,R
573124,2026-03-26,4,0,L
592773,2026-03-26,6,0,R
593974,2026-03-26,4,0,L
594580,2026-03-26,3,0,L
595014,2026-03-26,4,0,R
601713,2026-03-26,19,0,R
605447,2026-03-26,4,0,R
623437,2026-03-26,5,0,R
623454,2026-03-26,8,1,R
641302,2026-03-26,3,0,L
641401,2026-03-26,4,0,R
642100,2026-03-26,6,0,L
642397,2026-03-26,3,0,L
642547,2026-03-26,21,2,R
642701,2026-03-26,4,0,R
643377,2026-03-26,3,1,R
647315,2026-03-26,4,0,R
650911,2026-03-26,21,0,L
656222,2026-03-26,5,0,L
656271,2026-03-26,2,0,L
656457,2026-03-26,6,1,L
656794,2026-03-26,10,0,L
656876,2026-03-26,20,1,R
656945,2026-03-26,3,0,L
657044,2026-03-26,3,0,R
657097,2026-03-26,5,1,R
657746,2026-03-26,19,0,R
661395,2026-03-26,3,0,R
663765,2026-03-26,4,1,R
663855,2026-03-26,7,0,R
663947,2026-03-26,3,0,L
664076,2026-03-26,3,0,L
664199,2026-03-26,5,1,R
664854,2026-03-26,4,0,R
664875,2026-03-26,5,2,R
666661,2026-03-26,5,0,R
667755,2026-03-26,24,0,R
668678,2026-03-26,19,1,R
668933,2026-03-26,3,0,R
668941,2026-03-26,4,0,L
668964,2026-03-26,10,1,R
668984,2026-03-26,6,0,R
669084,2026-03-26,6,0,L
669302,2026-03-26,21,1,R
669330,2026-03-26,4,0,R
669373,2026-03-26,22,0,L
669432,2026-03-26,27,0,L
669461,2026-03-26,24,1,L
670990,2026-03-26,9,0,R
671096,2026-03-26,24,0,L
671922,2026-03-26,3,0,R
672335,2026-03-26,3,0,L
672782,2026-03-26,9,0,R
673929,2026-03-26,3,0,R
676440,2026-03-26,20,3,R
676477,2026-03-26,4,0,R
676571,2026-03-26,5,0,L
676617,2026-03-26,5,0,R
676684,2026-03-26,3,0,R
676755,2026-03-26,7,0,R
676760,2026-03-26,9,1,R
676879,2026-03-26,3,0,L
676917,2026-03-26,17,0,R
676962,2026-03-26,13,1,R
676979,2026-03-26,24,0,L
677865,2026-03-26,3,0,L
678606,2026-03-26,4,0,L
679775,2026-03-26,4,1,L
680742,2026-03-26,4,0,R
681217,2026-03-26,1,0,R
681343,2026-03-26,11,0,R
681867,2026-03-26,4,1,R
681870,2026-03-26,4,0,L
681892,2026-03-26,4,0,L
681982,2026-03-26,3,0,R
682254,2026-03-26,8,0,L
683175,2026-03-26,5,0,R
685005,2026-03-26,6,1,R
686580,2026-03-26,4,0,R
686613,2026-03-26,22,0,R
687911,2026-03-26,6,0,L
688158,2026-03-26,5,0,R
688297,2026-03-26,4,0,R
690925,2026-03-26,5,0,R
691945,2026-03-26,6,0,R
693855,2026-03-26,5,0,L
694335,2026-03-26,4,0,R
694361,2026-03-26,3,0,R
694819,2026-03-26,20,1,R
694851,2026-03-26,8,0,R
694973,2026-03-26,9,0,R
695418,2026-03-26,10,0,R
699134,2026-03-26,6,0,R
699151,2026-03-26,8,1,R
700712,2026-03-26,4,0,R
805123,2026-03-26,9,1,R
808967,2026-03-26,21,1,R
445276,2026-03-27,3,0,R
518585,2026-03-27,3,0,R
519242,2026-03-27,23,0,L
579328,2026-03-27,22,1,L
592332,2026-03-27,19,1,R
592662,2026-03-27,21,1,L
593974,2026-03-27,3,0,L
595345,2026-03-27,5,0,L
605130,2026-03-27,6,0,R
605447,2026-03-27,3,0,R
607536,2026-03-27,21,0,L
621242,2026-03-27,4,0,R
621366,2026-03-27,3,0,L
622663,2026-03-27,20,0,R
623474,2026-03-27,6,0,R
640448,2026-03-27,4,0,R
641755,2026-03-27,3,0,R
642528,2026-03-27,4,0,R
643511,2026-03-27,4,0,R
645261,2026-03-27,25,0,R
646241,2026-03-27,4,0,L
650633,2026-03-27,20,0,R
656464,2026-03-27,5,0,R
656546,2026-03-27,5,1,R
656638,2026-03-27,3,0,R
656945,2026-03-27,1,0,L
657044,2026-03-27,3,0,R
657424,2026-03-27,3,0,L
657514,2026-03-27,1,0,L
657612,2026-03-27,3,0,L
660825,2026-03-27,4,0,R
662253,2026-03-27,4,0,R
663158,2026-03-27,5,0,R
663559,2026-03-27,14,0,L
663687,2026-03-27,5,0,L
664126,2026-03-27,4,0,R
664285,2026-03-27,25,0,L
666142,2026-03-27,21,3,L
666171,2026-03-27,6,0,R
666374,2026-03-27,4,0,R
666808,2026-03-27,3,0,R
668909,2026-03-27,22,1,R
669062,2026-03-27,3,0,L
669093,2026-03-27,6,0,R
669194,2026-03-27,19,2,R
669276,2026-03-27,3,0,L
669622,2026-03-27,2,0,R
669923,2026-03-27,22,1,R
670059,2026-03-27,5,1,R
670280,2026-03-27,4,0,R
670970,2026-03-27,7,0,L
675848,2026-03-27,7,0,R
676130,2026-03-27,4,1,R
676254,2026-03-27,3,0,R
676263,2026-03-27,5,0,L
676508,2026-03-27,4,0,R
677053,2026-03-27,3,0,L
680802,2026-03-27,6,1,R
681217,2026-03-27,2,0,R
681347,2026-03-27,26,2,R
681911,2026-03-27,4,0,L
682610,2026-03-27,5,0,R
683618,2026-03-27,3,0,R
686218,2026-03-27,16,1,R
686973,2026-03-27,4,0,R
686993,2026-03-27,5,0,R
688158,2026-03-27,5,0,R
688883,2026-03-27,6,0,R
693645,2026-03-27,17,0,R
696147,2026-03-27,5,0,R
455119,2026-03-28,3,0,R
472610,2026-03-28,6,0,R
542888,2026-03-28,4,0,R
543056,2026-03-28,4,0,L
543243,2026-03-28,21,1,R
547179,2026-03-28,22,1,R
547184,2026-03-28,6,1,R
547973,2026-03-28,3,0,L
548384,2026-03-28,3,0,L
571945,2026-03-28,25,1,R
572955,2026-03-28,3,0,R
573204,2026-03-28,4,0,L
592773,2026-03-28,6,0,R
593958,2026-03-28,20,0,L
594580,2026-03-28,4,0,L
596001,2026-03-28,6,0,R
596133,2026-03-28,4,0,R
605130,2026-03-28,5,0,R
605400,2026-03-28,22,2,R
605452,2026-03-28,3,0,R
605488,2026-03-28,22,0,L
606303,2026-03-28,3,0,R
606996,2026-03-28,6,0,L
607192,2026-03-28,23,0,R
607455,2026-03-28,4,0,L
607481,2026-03-28,3,0,L
608032,2026-03-28,7,1,R
608379,2026-03-28,20,0,R
608650,2026-03-28,7,0,L
608718,2026-03-28,6,0,L
621237,2026-03-28,4,0,L
621242,2026-03-28,3,0,R
621366,2026-03-28,4,1,L
621381,2026-03-28,4,0,L
621383,2026-03-28,3,0,L
622554,2026-03-28,4,0,R
623149,2026-03-28,1,0,R
623211,2026-03-28,2,0,R
623437,2026-03-28,3,0,R
625643,2026-03-28,22,1,R
641302,2026-03-28,5,0,L
641329,2026-03-28,3,0,R
641401,2026-03-28,4,1,R
641816,2026-03-28,17,0,R
641835,2026-03-28,8,0,L
641941,2026-03-28,5,1,R
642100,2026-03-28,1,0,L
642121,2026-03-28,10,0,R
642207,2026-03-28,5,0,R
642397,2026-03-28,5,0,L
642528,2026-03-28,4,0,R
642701,2026-03-28,3,0,R
643377,2026-03-28,3,0,R
643410,2026-03-28,5,0,R
643511,2026-03-28,3,0,R
650556,2026-03-28,6,1,R
656222,2026-03-28,3,0,L
656234,2026-03-28,5,0,R
656302,2026-03-28,22,0,R
656427,2026-03-28,21,0,R
656605,2026-03-28,21,0,R
656641,2026-03-28,14,0,L
656849,2026-03-28,25,0,L
657097,2026-03-28,4,0,R
657424,2026-03-28,3,0,L
657514,2026-03-28,3,0,L
657612,2026-03-28,4,0,L
657756,2026-03-28,8,0,R
660825,2026-03-28,5,0,R
661395,2026-03-28,5,0,R
662253,2026-03-28,5,1,R
663485,2026-03-28,4,0,R
663542,2026-03-28,6,0,L
663574,2026-03-28,5,0,R
663687,2026-03-28,5,0,L
663893,2026-03-28,5,1,L
663903,2026-03-28,20,1,R
663992,2026-03-28,5,0,L
664126,2026-03-28,3,0,R
664141,2026-03-28,1,0,R
664192,2026-03-28,6,0,L
664208,2026-03-28,2,0,R
664299,2026-03-28,21,2,R
664875,2026-03-28,4,0,R
665622,2026-03-28,3,0,R
665660,2026-03-28,6,0,R
666661,2026-03-28,4,1,R
666974,2026-03-28,2,0,R
667297,2026-03-28,4,0,R
668390,2026-03-28,5,0,R
668674,2026-03-28,4,0,R
668933,2026-03-28,5,0,R
668941,2026-03-28,3,0,L
668984,2026-03-28,4,0,R
669062,2026-03-28,4,0,L
669084,2026-03-28,3,0,L
669276,2026-03-28,4,0,L
669371,2026-03-28,3,0,R
669684,2026-03-28,4,0,L
669711,2026-03-28,6,1,R
670036,2026-03-28,5,0,R
670245,2026-03-28,10,0,R
670280,2026-03-28,4,0,R
671212,2026-03-28,21,0,R
671737,2026-03-28,19,0,R
671922,2026-03-28,6,0,R
672282,2026-03-28,21,0,L
672582,2026-03-28,4,0,L
674370,2026-03-28,3,0,R
676254,2026-03-28,3,0,R
676282,2026-03-28,18,0,L
676395,2026-03-28,4,0,L
676428,2026-03-28,5,0,L
676477,2026-03-28,3,0,R
676534,2026-03-28,4,0,R
676617,2026-03-28,4,0,R
676684,2026-03-28,1,0,R
676775,2026-03-28,3,0,R
676879,2026-03-28,7,0,L
677955,2026-03-28,6,0,R
677961,2026-03-28,3,0,R
678906,2026-03-28,9,0,R
679358,2026-03-28,5,0,R
680694,2026-03-28,19,1,R
680732,2026-03-28,20,0,R
680755,2026-03-28,1,0,R
681190,2026-03-28,23,0,R
681870,2026-03-28,4,0,L
681892,2026-03-28,4,0,L
681911,2026-03-28,3,0,L
682120,2026-03-28,4,0,L
682274,2026-03-28,1,0,R
682842,2026-03-28,3,0,R
682995,2026-03-28,8,1,L
683175,2026-03-28,5,0,R
686580,2026-03-28,3,0,R
686610,2026-03-28,9,1,L
686973,2026-03-28,4,0,R
687396,2026-03-28,3,0,L
687911,2026-03-28,4,0,L
688642,2026-03-28,5,0,R
689254,2026-03-28,2,0,L
689296,2026-03-28,6,0,R
690990,2026-03-28,22,1,R
691587,2026-03-28,27,2,R
691799,2026-03-28,6,0,R
693433,2026-03-28,23,0,R
693686,2026-03-28,4,0,R
694335,2026-03-28,5,0,R
694361,2026-03-28,4,0,R
694477,2026-03-28,19,1,R
695243,2026-03-28,4,0,R
699151,2026-03-28,1,0,R
700241,2026-03-28,21,0,R
700712,2026-03-28,11,0,R
701542,2026-03-28,19,0,R
701552,2026-03-28,4,0,R
455119,2026-03-29,1,0,R
500779,2026-03-29,19,0,L
519141,2026-03-29,8,0,L
571927,2026-03-29,21,1,L
571948,2026-03-29,5,1,L
572955,2026-03-29,3,0,R
595345,2026-03-29,3,0,L
596133,2026-03-29,5,0,R
607455,2026-03-29,1,0,L
607625,2026-03-29,24,0,R
621381,2026-03-29,2,0,L
622554,2026-03-29,4,1,R
622608,2026-03-29,10,0,R
623211,2026-03-29,5,0,R
623474,2026-03-29,2,0,R
640451,2026-03-29,4,0,R
640455,2026-03-29,7,0,L
641329,2026-03-29,3,0,R
641743,2026-03-29,21,1,L
641745,2026-03-29,3,0,R
641778,2026-03-29,20,1,L
641927,2026-03-29,17,1,R
641941,2026-03-29,5,0,R
642701,2026-03-29,3,0,R
647315,2026-03-29,6,0,R
650556,2026-03-29,3,0,R
656271,2026-03-29,5,0,L
656546,2026-03-29,4,0,R
656550,2026-03-29,22,1,R
656730,2026-03-29,4,0,R
656848,2026-03-29,3,0,R
657649,2026-03-29,3,0,L
663558,2026-03-29,8,0,L
663574,2026-03-29,5,0,R
663623,2026-03-29,20,2,R
663765,2026-03-29,6,0,R
663855,2026-03-29,1,0,R
663969,2026-03-29,8,0,R
663992,2026-03-29,6,0,L
664076,2026-03-29,6,0,L
664208,2026-03-29,5,0,R
664353,2026-03-29,4,0,R
664854,2026-03-29,5,0,R
664991,2026-03-29,4,0,L
666200,2026-03-29,25,2,L
666277,2026-03-29,3,0,R
666974,2026-03-29,1,0,R
667297,2026-03-29,3,0,R
667463,2026-03-29,3,0,L
668390,2026-03-29,2,0,R
668674,2026-03-29,3,0,R
669022,2026-03-29,22,0,L
669160,2026-03-29,22,0,R
669330,2026-03-29,6,0,R
669358,2026-03-29,21,0,R
669372,2026-03-29,12,0,R
669387,2026-03-29,20,0,R
669438,2026-03-29,6,2,R
669684,2026-03-29,5,0,L
669711,2026-03-29,4,1,R
670059,2026-03-29,9,0,R
670167,2026-03-29,4,1,R
670329,2026-03-29,1,0,R
670990,2026-03-29,5,0,R
672335,2026-03-29,4,1,L
673929,2026-03-29,6,0,R
676106,2026-03-29,19,0,R
676395,2026-03-29,3,0,L
676571,2026-03-29,3,0,L
676755,2026-03-29,3,0,R
676974,2026-03-29,23,0,R
677865,2026-03-29,8,0,L
677944,2026-03-29,24,1,R
679775,2026-03-29,5,0,L
680755,2026-03-29,5,0,R
680767,2026-03-29,6,1,R
681217,2026-03-29,4,0,R
681402,2026-03-29,4,0,R
681867,2026-03-29,10,0,R
681982,2026-03-29,8,0,R
682254,2026-03-29,5,0,L
682274,2026-03-29,5,1,R
682610,2026-03-29,10,1,R
684007,2026-03-29,22,1,L
685005,2026-03-29,1,0,R
686799,2026-03-29,22,0,R
687075,2026-03-29,18,3,R
687330,2026-03-29,4,0,R
687911,2026-03-29,3,0,L
688297,2026-03-29,8,0,R
688883,2026-03-29,9,0,R
689254,2026-03-29,1,0,L
690155,2026-03-29,7,0,R
690925,2026-03-29,3,0,R
690953,2026-03-29,20,0,R
690997,2026-03-29,22,1,R
691799,2026-03-29,5,0,R
691945,2026-03-29,9,0,R
694037,2026-03-29,4,0,R
695076,2026-03-29,20,1,R
696147,2026-03-29,8,0,R
800311,2026-03-29,15,0,R
805123,2026-03-29,6,0,R
806960,2026-03-29,20,3,R
813349,2026-03-29,21,0,L
837227,2026-03-29,15,0,R
434378,2026-03-30,19,1,R
518585,2026-03-30,2,0,R
542888,2026-03-30,4,0,R
547184,2026-03-30,4,0,R
548384,2026-03-30,4,0,L
573124,2026-03-30,3,0,L
592836,2026-03-30,29,0,R
593974,2026-03-30,3,0,L
596001,2026-03-30,3,0,R
605135,2026-03-30,25,0,R
605280,2026-03-30,23,1,R
605452,2026-03-30,8,0,R
607067,2026-03-30,13,1,R
607259,2026-03-30,24,1,R
607481,2026-03-30,4,0,L
608372,2026-03-30,18,1,R
608650,2026-03-30,7,0,L
621111,2026-03-30,19,1,R
621112,2026-03-30,8,0,R
621121,2026-03-30,24,0,R
621237,2026-03-30,6,0,L
622491,2026-03-30,21,0,R
623149,2026-03-30,3,0,R
623168,2026-03-30,14,1,R
623437,2026-03-30,2,0,R
624133,2026-03-30,20,2,L
628452,2026-03-30,3,0,R
640448,2026-03-30,1,0,R
641302,2026-03-30,3,0,L
641312,2026-03-30,11,0,R
641835,2026-03-30,6,0,L
642100,2026-03-30,4,0,L
642207,2026-03-30,3,0,R
643377,2026-03-30,3,0,R
643410,2026-03-30,3,0,R
643511,2026-03-30,3,0,R
646241,2026-03-30,9,0,L
647336,2026-03-30,20,0,R
656222,2026-03-30,5,0,L
656234,2026-03-30,4,0,R
656464,2026-03-30,3,0,R
656492,2026-03-30,21,1,L
656730,2026-03-30,5,0,R
656794,2026-03-30,12,0,L
656848,2026-03-30,3,0,R
656945,2026-03-30,4,0,L
657044,2026-03-30,3,0,R
657424,2026-03-30,3,0,L
660825,2026-03-30,2,0,R
663158,2026-03-30,4,0,R
663436,2026-03-30,21,1,R
663460,2026-03-30,22,1,L
663738,2026-03-30,3,0,L
663855,2026-03-30,5,0,R
663893,2026-03-30,7,0,L
663947,2026-03-30,5,0,L
663978,2026-03-30,21,2,R
664074,2026-03-30,10,0,R
664076,2026-03-30,5,0,L
664192,2026-03-30,7,0,L
664199,2026-03-30,3,0,R
664238,2026-03-30,3,0,R
664875,2026-03-30,3,0,R
665660,2026-03-30,4,0,R
665795,2026-03-30,19,0,R
666277,2026-03-30,8,0,R
666374,2026-03-30,4,0,R
666661,2026-03-30,1,0,R
666808,2026-03-30,1,0,R
667463,2026-03-30,4,0,L
668933,2026-03-30,4,0,R
668964,2026-03-30,4,0,R
669199,2026-03-30,11,0,R
669330,2026-03-30,6,0,R
669371,2026-03-30,5,0,R
670167,2026-03-30,4,0,R
670329,2026-03-30,6,0,R
670912,2026-03-30,19,2,R
671922,2026-03-30,5,0,R
672582,2026-03-30,3,0,L
676254,2026-03-30,5,1,R
676428,2026-03-30,8,1,L
676755,2026-03-30,4,0,R
676760,2026-03-30,6,0,R
676775,2026-03-30,3,0,R
676879,2026-03-30,7,1,L
677952,2026-03-30,25,0,R
677955,2026-03-30,1,0,R
677960,2026-03-30,19,0,L
678606,2026-03-30,3,0,L
680573,2026-03-30,20,1,R
680736,2026-03-30,17,0,L
680742,2026-03-30,7,0,R
680802,2026-03-30,7,0,R
681517,2026-03-30,24,0,R
681870,2026-03-30,4,0,L
681892,2026-03-30,7,1,L
682052,2026-03-30,22,0,L
683004,2026-03-30,24,1,R
683175,2026-03-30,5,0,R
683232,2026-03-30,3,0,R
683742,2026-03-30,7,0,R
686973,2026-03-30,7,0,R
686993,2026-03-30,3,0,R
687330,2026-03-30,1,0,R
687396,2026-03-30,4,0,L
688158,2026-03-30,8,0,R
690986,2026-03-30,20,1,L
693686,2026-03-30,9,1,R
693821,2026-03-30,23,0,R
693855,2026-03-30,3,0,L
694335,2026-03-30,10,0,R
694738,2026-03-30,21,0,R
695418,2026-03-30,13,0,R
695505,2026-03-30,19,0,R
696270,2026-03-30,21,1,R
800048,2026-03-30,20,0,L
801403,2026-03-30,19,3,R
808963,2026-03-30,18,0,R
445276,2026-03-31,2,1,R
453286,2026-03-31,22,1,R
455119,2026-03-31,6,0,R
519141,2026-03-31,5,0,L
527048,2026-03-31,14,0,L
571948,2026-03-31,1,0,L
572955,2026-03-31,5,1,R
592773,2026-03-31,4,0,R
592791,2026-03-31,20,0,R
594580,2026-03-31,3,0,L
594798,2026-03-31,20,1,R
596001,2026-03-31,4,0,R
605130,2026-03-31,3,0,R
605447,2026-03-31,3,0,R
605540,2026-03-31,19,2,R
606303,2026-03-31,4,1,R
606996,2026-03-31,11,0,L
607200,2026-03-31,21,0,R
608331,2026-03-31,25,0,L
608566,2026-03-31,18,2,R
621107,2026-03-31,17,1,R
621242,2026-03-31,6,0,R
621383,2026-03-31,8,0,L
623149,2026-03-31,3,0,R
623454,2026-03-31,5,0,R
641745,2026-03-31,4,0,R
641793,2026-03-31,23,2,R
642121,2026-03-31,8,1,R
642397,2026-03-31,6,0,L
642701,2026-03-31,3,0,R
643410,2026-03-31,5,0,R
650644,2026-03-31,20,1,R
656271,2026-03-31,7,0,L
656546,2026-03-31,4,0,R
657277,2026-03-31,25,0,R
657514,2026-03-31,4,0,L
657612,2026-03-31,3,0,L
657649,2026-03-31,4,0,L
660271,2026-03-31,23,0,R
660761,2026-03-31,18,0,L
661395,2026-03-31,4,0,R
663372,2026-03-31,11,0,R
663465,2026-03-31,11,1,L
663542,2026-03-31,8,0,L
663554,2026-03-31,22,1,R
663556,2026-03-31,19,0,L
663558,2026-03-31,7,1,L
663687,2026-03-31,5,0,L
663992,2026-03-31,9,1,L
664126,2026-03-31,3,0,R
664141,2026-03-31,7,0,R
664208,2026-03-31,6,0,R
664991,2026-03-31,7,0,L
666974,2026-03-31,5,0,R
667755,2026-03-31,21,0,R
668390,2026-03-31,5,0,R
668941,2026-03-31,3,0,L
668984,2026-03-31,5,0,R
669093,2026-03-31,4,0,R
669302,2026-03-31,24,0,R
669467,2026-03-31,21,0,R
669622,2026-03-31,6,0,R
670036,2026-03-31,8,0,R
670245,2026-03-31,8,0,R
670990,2026-03-31,2,0,R
672582,2026-03-31,4,0,L
672782,2026-03-31,9,1,R
673540,2026-03-31,25,0,R
675848,2026-03-31,8,0,R
675989,2026-03-31,13,1,R
676083,2026-03-31,19,0,R
676130,2026-03-31,4,0,R
676263,2026-03-31,4,0,L
676395,2026-03-31,3,0,L
676440,2026-03-31,18,0,R
676534,2026-03-31,3,0,R
676571,2026-03-31,3,0,L
676617,2026-03-31,3,0,R
676684,2026-03-31,5,0,R
676962,2026-03-31,12,0,R
677053,2026-03-31,3,0,L
677955,2026-03-31,4,0,R
677961,2026-03-31,8,0,R
678394,2026-03-31,25,1,R
680755,2026-03-31,4,0,R
681217,2026-03-31,5,0,R
681911,2026-03-31,3,0,L
681982,2026-03-31,4,0,R
682227,2026-03-31,22,3,L
682274,2026-03-31,6,1,R
682842,2026-03-31,5,0,R
682995,2026-03-31,11,2,L
686610,2026-03-31,6,0,L
686613,2026-03-31,21,0,R
686993,2026-03-31,5,0,R
687396,2026-03-31,4,0,L
688158,2026-03-31,4,0,R
688642,2026-03-31,13,0,R
689254,2026-03-31,3,0,L
689296,2026-03-31,8,1,R
691725,2026-03-31,21,0,R
694297,2026-03-31,24,0,R
694851,2026-03-31,7,0,R
696149,2026-03-31,19,0,R
699134,2026-03-31,6,0,R
699151,2026-03-31,7,1,R
700669,2026-03-31,2,0,R
518585,2026-04-01,2,0,R
519242,2026-04-01,19,1,L
542888,2026-04-01,4,0,R
543056,2026-04-01,4,1,L
543135,2026-04-01,23,1,R
544150,2026-04-01,12,1,R
548384,2026-04-01,3,0,L
571510,2026-04-01,20,0,L
573204,2026-04-01,3,0,L
579328,2026-04-01,26,0,L
592332,2026-04-01,21,0,R
592773,2026-04-01,4,0,R
595014,2026-04-01,3,0,R
596133,2026-04-01,3,0,R
601713,2026-04-01,18,0,R
605288,2026-04-01,25,0,R
607455,2026-04-01,4,0,L
607536,2026-04-01,22,0,L
608371,2026-04-01,9,0,R
608718,2026-04-01,9,0,L
621237,2026-04-01,4,0,L
621366,2026-04-01,1,0,L
622608,2026-04-01,7,0,R
622663,2026-04-01,18,0,R
623211,2026-04-01,3,0,R
623474,2026-04-01,3,0,R
628452,2026-04-01,4,0,R
640448,2026-04-01,5,0,R
640451,2026-04-01,6,0,R
641302,2026-04-01,7,0,L
641745,2026-04-01,6,1,R
641941,2026-04-01,7,1,R
642207,2026-04-01,4,0,R
642397,2026-04-01,3,0,L
642528,2026-04-01,4,0,R
642547,2026-04-01,21,0,R
643377,2026-04-01,5,0,R
643511,2026-04-01,5,0,R
645261,2026-04-01,31,0,R
647315,2026-04-01,3,0,R
650556,2026-04-01,4,1,R
650911,2026-04-01,24,0,L
656546,2026-04-01,3,0,R
656638,2026-04-01,6,0,R
656641,2026-04-01,3,0,L
656876,2026-04-01,20,1,R
656945,2026-04-01,2,1,L
657514,2026-04-01,3,0,L
657746,2026-04-01,20,0,R
661395,2026-04-01,2,0,R
663158,2026-04-01,3,0,R
663559,2026-04-01,6,1,L
663574,2026-04-01,3,0,R
663687,2026-04-01,6,0,L
663738,2026-04-01,8,0,L
663893,2026-04-01,5,0,L
664199,2026-04-01,4,0,R
664875,2026-04-01,3,0,R
665622,2026-04-01,7,0,R
665660,2026-04-01,4,0,R
666171,2026-04-01,5,0,R
666661,2026-04-01,3,0,R
666808,2026-04-01,5,0,R
667297,2026-04-01,4,0,R
668674,2026-04-01,2,0,R
668678,2026-04-01,21,0,R
668873,2026-04-01,5,0,R
668909,2026-04-01,23,0,R
668933,2026-04-01,4,0,R
668941,2026-04-01,4,0,L
668964,2026-04-01,6,0,R
669084,2026-04-01,5,0,L
669093,2026-04-01,3,0,R
669276,2026-04-01,4,0,L
669371,2026-04-01,5,0,R
669373,2026-04-01,25,1,L
669432,2026-04-01,24,0,L
669438,2026-04-01,5,0,R
669461,2026-04-01,22,1,L
669684,2026-04-01,10,0,L
669711,2026-04-01,3,0,R
669923,2026-04-01,24,1,R
670280,2026-04-01,7,0,R
670970,2026-04-01,8,0,L
671096,2026-04-01,24,1,L
671922,2026-04-01,4,1,R
672335,2026-04-01,5,1,L
673929,2026-04-01,4,1,R
674444,2026-04-01,2,0,R
676130,2026-04-01,8,1,R
676477,2026-04-01,6,0,R
676571,2026-04-01,3,0,L
676617,2026-04-01,4,0,R
676755,2026-04-01,5,0,R
676879,2026-04-01,3,0,L
676917,2026-04-01,25,0,R
676979,2026-04-01,23,1,L
677865,2026-04-01,4,0,L
678606,2026-04-01,3,0,L
678906,2026-04-01,4,1,R
680742,2026-04-01,4,0,R
680767,2026-04-01,4,0,R
681343,2026-04-01,19,1,R
681347,2026-04-01,24,0,R
681867,2026-04-01,8,1,R
681870,2026-04-01,1,0,L
681982,2026-04-01,3,0,R
682254,2026-04-01,4,1,L
683175,2026-04-01,3,0,R
683232,2026-04-01,3,0,R
687849,2026-04-01,11,2,R
687911,2026-04-01,3,0,L
688297,2026-04-01,3,0,R
689254,2026-04-01,2,0,L
689520,2026-04-01,9,0,R
690925,2026-04-01,4,0,R
691945,2026-04-01,9,1,R
693645,2026-04-01,21,0,R
693855,2026-04-01,6,0,L
694037,2026-04-01,4,0,R
694361,2026-04-01,7,0,R
694819,2026-04-01,25,1,R
694973,2026-04-01,20,0,R
695243,2026-04-01,5,0,R
700669,2026-04-01,2,0,R
701552,2026-04-01,3,1,R
702070,2026-04-01,20,0,L
805123,2026-04-01,3,0,R
808967,2026-04-01,22,1,R
543510,2026-04-02,10,1,R
573124,2026-04-02,1,0,L
592662,2026-04-02,22,1,L
605452,2026-04-02,11,1,R
621381,2026-04-02,4,0,L
623437,2026-04-02,4,0,R
625643,2026-04-02,20,1,R
640455,2026-04-02,17,1,L
641755,2026-04-02,3,0,R
656464,2026-04-02,5,0,R
656849,2026-04-02,24,0,L
663485,2026-04-02,4,0,R
666142,2026-04-02,21,0,L
669194,2026-04-02,21,2,R
670167,2026-04-02,6,0,R
671737,2026-04-02,24,0,R
674370,2026-04-02,12,0,R
674444,2026-04-02,6,3,R
676254,2026-04-02,2,0,R
681892,2026-04-02,3,0,L
694851,2026-04-02,5,0,R
694918,2026-04-02,9,0,R
455119,2026-04-03,5,1,R
472610,2026-04-03,4,0,R
519141,2026-04-03,5,0,L
542888,2026-04-03,3,0,R
543243,2026-04-03,22,0,R
547179,2026-04-03,23,2,R
547184,2026-04-03,7,0,R
547973,2026-04-03,4,0,L
548384,2026-04-03,2,0,L
571945,2026-04-03,25,4,R
571948,2026-04-03,6,0,L
593958,2026-04-03,26,0,L
593974,2026-04-03,6,1,L
594580,2026-04-03,4,0,L
595014,2026-04-03,4,0,R
596001,2026-04-03,3,0,R
605400,2026-04-03,25,0,R
605447,2026-04-03,3,0,R
605488,2026-04-03,21,0,L
607067,2026-04-03,14,0,R
607455,2026-04-03,5,0,L
608650,2026-04-03,6,0,L
608718,2026-04-03,7,0,L
622554,2026-04-03,5,0,R
623149,2026-04-03,4,2,R
623211,2026-04-03,4,0,R
623437,2026-04-03,4,0,R
628452,2026-04-03,3,0,R
640448,2026-04-03,5,0,R
640451,2026-04-03,5,2,R
641401,2026-04-03,3,0,R
641816,2026-04-03,23,2,R
641835,2026-04-03,3,0,L
641927,2026-04-03,18,0,R
641941,2026-04-03,3,0,R
642100,2026-04-03,3,0,L
642232,2026-04-03,3,0,L
642397,2026-04-03,4,1,L
642701,2026-04-03,3,0,R
643511,2026-04-03,5,0,R
647315,2026-04-03,4,0,R
650633,2026-04-03,24,1,R
656234,2026-04-03,3,0,R
656302,2026-04-03,22,0,R
656546,2026-04-03,4,0,R
656550,2026-04-03,21,0,R
656605,2026-04-03,26,0,R
656794,2026-04-03,3,0,L
656848,2026-04-03,5,1,R
657044,2026-04-03,1,0,R
657097,2026-04-03,5,0,R
657424,2026-04-03,8,0,L
657612,2026-04-03,1,0,L
662253,2026-04-03,3,0,R
663158,2026-04-03,3,0,R
663574,2026-04-03,3,0,R
663893,2026-04-03,3,0,L
663903,2026-04-03,22,0,R
663947,2026-04-03,3,0,L
663969,2026-04-03,10,0,R
663992,2026-04-03,6,0,L
664141,2026-04-03,8,1,R
664285,2026-04-03,24,0,L
664299,2026-04-03,21,0,R
666277,2026-04-03,4,0,R
666374,2026-04-03,3,0,R
666661,2026-04-03,3,0,R
668390,2026-04-03,5,0,R
668873,2026-04-03,1,0,R
668933,2026-04-03,5,0,R
669022,2026-04-03,24,2,L
669062,2026-04-03,5,0,L
669199,2026-04-03,6,0,R
669276,2026-04-03,4,0,L
669330,2026-04-03,6,0,R
669372,2026-04-03,10,0,R
669711,2026-04-03,3,0,R
670036,2026-04-03,2,0,R
670329,2026-04-03,3,0,R
670990,2026-04-03,4,0,R
671212,2026-04-03,25,0,R
671922,2026-04-03,4,0,R
672282,2026-04-03,26,0,L
672782,2026-04-03,6,1,R
673929,2026-04-03,5,1,R
676263,2026-04-03,1,0,L
676282,2026-04-03,21,0,L
676508,2026-04-03,3,0,R
676684,2026-04-03,4,0,R
676760,2026-04-03,3,0,R
677865,2026-04-03,4,0,L
678368,2026-04-03,20,1,R
679358,2026-04-03,8,0,R
679775,2026-04-03,2,0,L
680694,2026-04-03,19,0,R
680732,2026-04-03,22,0,R
680755,2026-04-03,6,0,R
680802,2026-04-03,11,0,R
681217,2026-04-03,1,0,R
681402,2026-04-03,5,0,R
681892,2026-04-03,1,0,L
682254,2026-04-03,2,0,L
682610,2026-04-03,10,2,R
683618,2026-04-03,7,0,R
685801,2026-04-03,3,0,R
686218,2026-04-03,27,1,R
686580,2026-04-03,3,0,R
686610,2026-04-03,9,1,L
686973,2026-04-03,3,0,R
687330,2026-04-03,7,0,R
687396,2026-04-03,3,0,L
688297,2026-04-03,3,0,R
689520,2026-04-03,3,0,R
690990,2026-04-03,4,0,R
690997,2026-04-03,19,0,R
691587,2026-04-03,20,1,R
691799,2026-04-03,3,0,R
693433,2026-04-03,23,0,R
700241,2026-04-03,20,1,R
700669,2026-04-03,4,0,R
701542,2026-04-03,21,2,R
701552,2026-04-03,9,0,R
445276,2026-04-04,2,0,R
518585,2026-04-04,2,0,R
519141,2026-04-04,1,0,L
543056,2026-04-04,2,0,L
547184,2026-04-04,5,0,R
547973,2026-04-04,5,0,L
571927,2026-04-04,22,0,L
573124,2026-04-04,5,0,L
595345,2026-04-04,3,0,L
605280,2026-04-04,26,0,R
605447,2026-04-04,3,0,R
607192,2026-04-04,24,0,R
607455,2026-04-04,4,0,L
607625,2026-04-04,21,0,R
621112,2026-04-04,8,0,R
621237,2026-04-04,2,0,L
621366,2026-04-04,7,1,L
622554,2026-04-04,5,0,R
623149,2026-04-04,3,0,R
623454,2026-04-04,5,1,R
623474,2026-04-04,4,0,R
641302,2026-04-04,4,0,L
641743,2026-04-04,19,1,L
641745,2026-04-04,4,0,R
641755,2026-04-04,3,0,R
641941,2026-04-04,5,0,R
642121,2026-04-04,9,0,R
642528,2026-04-04,3,0,R
642701,2026-04-04,3,0,R
647336,2026-04-04,22,0,R
656222,2026-04-04,4,0,L
656427,2026-04-04,22,0,R
656638,2026-04-04,8,0,R
656641,2026-04-04,3,0,L
656730,2026-04-04,5,0,R
656794,2026-04-04,2,0,L
656848,2026-04-04,7,0,R
656945,2026-04-04,4,0,L
657514,2026-04-04,5,0,L
657612,2026-04-04,3,0,L
657649,2026-04-04,6,0,L
660825,2026-04-04,5,0,R
661395,2026-04-04,3,0,R
663574,2026-04-04,3,0,R
663623,2026-04-04,22,0,R
663687,2026-04-04,9,0,L
663738,2026-04-04,7,0,L
663855,2026-04-04,4,0,R
663893,2026-04-04,4,2,L
663947,2026-04-04,4,0,L
664192,2026-04-04,3,0,L
664199,2026-04-04,3,0,R
664854,2026-04-04,4,0,R
664991,2026-04-04,4,0,L
665622,2026-04-04,10,1,R
665660,2026-04-04,9,0,R
666200,2026-04-04,25,0,L
666661,2026-04-04,3,0,R
666808,2026-04-04,4,0,R
667297,2026-04-04,5,0,R
667463,2026-04-04,2,0,L
668873,2026-04-04,3,0,R
668933,2026-04-04,4,0,R
668964,2026-04-04,6,0,R
669084,2026-04-04,7,0,L
669093,2026-04-04,3,0,R
669160,2026-04-04,19,2,R
669212,2026-04-04,12,0,R
669358,2026-04-04,25,0,R
669371,2026-04-04,7,0,R
669387,2026-04-04,21,0,R
669438,2026-04-04,3,0,R
669622,2026-04-04,4,0,R
669684,2026-04-04,5,0,L
670167,2026-04-04,4,0,R
670245,2026-04-04,6,0,R
670280,2026-04-04,7,0,R
670329,2026-04-04,2,0,R
670970,2026-04-04,5,0,L
674444,2026-04-04,3,0,R
675848,2026-04-04,4,0,R
676106,2026-04-04,25,1,R
676428,2026-04-04,3,0,L
676508,2026-04-04,5,1,R
676534,2026-04-04,4,0,R
676684,2026-04-04,4,0,R
676755,2026-04-04,4,0,R
676775,2026-04-04,6,0,R
676879,2026-04-04,10,0,L
676974,2026-04-04,21,1,R
677053,2026-04-04,4,0,L
677161,2026-04-04,3,0,R
677865,2026-04-04,5,0,L
677955,2026-04-04,3,0,R
677958,2026-04-04,23,0,R
677960,2026-04-04,19,0,L
678906,2026-04-04,9,0,R
679883,2026-04-04,19,1,R
680755,2026-04-04,5,0,R
680767,2026-04-04,4,0,R
681190,2026-04-04,23,0,R
681217,2026-04-04,3,0,R
681402,2026-04-04,5,0,R
681751,2026-04-04,14,0,R
682842,2026-04-04,4,0,R
682995,2026-04-04,10,0,L
683232,2026-04-04,3,0,R
683618,2026-04-04,4,0,R
683766,2026-04-04,3,0,R
686580,2026-04-04,4,0,R
686799,2026-04-04,23,0,R
687075,2026-04-04,17,1,R
687396,2026-04-04,3,0,L
687849,2026-04-04,9,0,R
688297,2026-04-04,7,1,R
689254,2026-04-04,6,0,L
689296,2026-04-04,6,0,R
689520,2026-04-04,3,0,R
690953,2026-04-04,22,0,R
691799,2026-04-04,3,0,R
691945,2026-04-04,3,0,R
693821,2026-04-04,24,0,R
694335,2026-04-04,10,1,R
694477,2026-04-04,21,0,R
694738,2026-04-04,23,0,R
695076,2026-04-04,23,0,R
695243,2026-04-04,3,0,R
695418,2026-04-04,12,1,R
696147,2026-04-04,3,0,R
701656,2026-04-04,9,0,R
801403,2026-04-04,18,0,R
806960,2026-04-04,22,1,R
813349,2026-04-04,19,0,L
837227,2026-04-04,22,0,R
455119,2026-04-05,6,0,R
518585,2026-04-05,3,0,R
527048,2026-04-05,20,0,L
542888,2026-04-05,6,1,R
543056,2026-04-05,1,0,L
571948,2026-04-05,3,0,L
572955,2026-04-05,3,0,R
573009,2026-04-05,4,0,L
573124,2026-04-05,4,0,L
573204,2026-04-05,5,0,L
592773,2026-04-05,4,0,R
592836,2026-04-05,23,3,R
593974,2026-04-05,3,0,L
594580,2026-04-05,1,0,L
595345,2026-04-05,3,0,L
596133,2026-04-05,3,0,R
605130,2026-04-05,4,1,R
605135,2026-04-05,15,1,R
606303,2026-04-05,1,0,R
606996,2026-04-05,9,0,L
607259,2026-04-05,20,1,R
608331,2026-04-05,27,0,L
608372,2026-04-05,23,1,R
608718,2026-04-05,9,1,L
608723,2026-04-05,12,0,R
621111,2026-04-05,14,0,R
621121,2026-04-05,18,0,R
621242,2026-04-05,3,0,R
621381,2026-04-05,6,0,L
621383,2026-04-05,3,0,L
622491,2026-04-05,20,0,R
623211,2026-04-05,4,0,R
623437,2026-04-05,4,1,R
624133,2026-04-05,18,0,L
628452,2026-04-05,3,0,R
641312,2026-04-05,8,0,R
641329,2026-04-05,3,0,R
641401,2026-04-05,5,0,R
641755,2026-04-05,5,0,R
641778,2026-04-05,12,0,L
641835,2026-04-05,3,0,L
642100,2026-04-05,3,0,L
642207,2026-04-05,4,0,R
642232,2026-04-05,6,0,L
642528,2026-04-05,6,0,R
643377,2026-04-05,8,0,R
643410,2026-04-05,5,0,R
646241,2026-04-05,11,0,L
650556,2026-04-05,3,1,R
656222,2026-04-05,1,0,L
656234,2026-04-05,3,0,R
656271,2026-04-05,3,0,L
656464,2026-04-05,4,0,R
656492,2026-04-05,22,1,L
656641,2026-04-05,4,0,L
656730,2026-04-05,4,0,R
656945,2026-04-05,4,0,L
657044,2026-04-05,6,0,R
657097,2026-04-05,5,1,R
657277,2026-04-05,28,0,R
657514,2026-04-05,3,0,L
657756,2026-04-05,9,0,R
662253,2026-04-05,3,0,R
663158,2026-04-05,3,0,R
663436,2026-04-05,23,0,R
663460,2026-04-05,22,1,L
663485,2026-04-05,6,0,R
663542,2026-04-05,4,0,L
663687,2026-04-05,7,0,L
663978,2026-04-05,22,0,R
664126,2026-04-05,7,1,R
664141,2026-04-05,5,0,R
664199,2026-04-05,4,0,R
664353,2026-04-05,6,0,R
665660,2026-04-05,2,0,R
665795,2026-04-05,22,0,R
666171,2026-04-05,7,0,R
666277,2026-04-05,4,0,R
666374,2026-04-05,3,0,R
666974,2026-04-05,1,0,R
667463,2026-04-05,1,0,L
668390,2026-04-05,4,0,R
668674,2026-04-05,6,0,R
668941,2026-04-05,6,0,L
668984,2026-04-05,7,0,R
669062,2026-04-05,5,0,L
669093,2026-04-05,3,0,R
669276,2026-04-05,5,0,L
669372,2026-04-05,6,1,R
669622,2026-04-05,7,0,R
669684,2026-04-05,4,0,L
669711,2026-04-05,5,1,R
670036,2026-04-05,5,1,R
671922,2026-04-05,6,0,R
672335,2026-04-05,5,0,L
672456,2026-04-05,17,0,R
672582,2026-04-05,6,0,L
673540,2026-04-05,22,0,R
673929,2026-04-05,4,0,R
674444,2026-04-05,5,0,R
676263,2026-04-05,4,0,L
676395,2026-04-05,4,0,L
676534,2026-04-05,4,0,R
676571,2026-04-05,8,1,L
676617,2026-04-05,3,0,R
676775,2026-04-05,3,0,R
676962,2026-04-05,10,0,R
677053,2026-04-05,3,0,L
677161,2026-04-05,4,0,R
677944,2026-04-05,21,0,R
677952,2026-04-05,21,0,R
677955,2026-04-05,4,0,R
677961,2026-04-05,5,0,R
678606,2026-04-05,7,0,L
679775,2026-04-05,3,0,L
680573,2026-04-05,26,1,R
680767,2026-04-05,5,0,R
681517,2026-04-05,23,1,R
681799,2026-04-05,3,0,R
681870,2026-04-05,3,0,L
681892,2026-04-05,1,0,L
681911,2026-04-05,5,0,L
681982,2026-04-05,5,0,R
682052,2026-04-05,21,1,L
682120,2026-04-05,3,0,L
682254,2026-04-05,6,0,L
682842,2026-04-05,3,0,R
683004,2026-04-05,20,0,R
683175,2026-04-05,5,0,R
683232,2026-04-05,5,0,R
684007,2026-04-05,19,0,L
685005,2026-04-05,5,0,R
686993,2026-04-05,6,0,R
687330,2026-04-05,3,0,R
687911,2026-04-05,7,0,L
688497,2026-04-05,3,0,R
688883,2026-04-05,4,0,R
690925,2026-04-05,6,1,R
690986,2026-04-05,21,1,L
691946,2026-04-05,16,0,R
693686,2026-04-05,8,0,R
694037,2026-04-05,3,0,R
694297,2026-04-05,21,1,R
695243,2026-04-05,3,0,R
695505,2026-04-05,24,1,R
696147,2026-04-05,8,0,R
699134,2026-04-05,8,0,R
700249,2026-04-05,24,1,L
700413,2026-04-05,11,1,R
701552,2026-04-05,1,0,R
800048,2026-04-05,20,1,L
805123,2026-04-05,13,1,R
808963,2026-04-05,23,2,R
453286,2026-04-06,9,1,R
500743,2026-04-06,6,0,R
519242,2026-04-06,21,2,L
543056,2026-04-06,4,0,L
573009,2026-04-06,5,1,L
592773,2026-04-06,5,1,R
592791,2026-04-06,25,2,R
594798,2026-04-06,18,1,R
596001,2026-04-06,3,0,R
605288,2026-04-06,28,0,R
605447,2026-04-06,1,0,R
605540,2026-04-06,28,0,R
606303,2026-04-06,3,0,R
607200,2026-04-06,22,1,R
607455,2026-04-06,4,0,L
607481,2026-04-06,3,0,L
608371,2026-04-06,7,0,R
608379,2026-04-06,26,1,R
608566,2026-04-06,21,0,R
621237,2026-04-06,3,0,L
621366,2026-04-06,4,0,L
621381,2026-04-06,5,1,L
623168,2026-04-06,3,0,R
623454,2026-04-06,13,0,R
623474,2026-04-06,7,0,R
641302,2026-04-06,3,0,L
641329,2026-04-06,4,1,R
641745,2026-04-06,4,0,R
641793,2026-04-06,22,0,R
641835,2026-04-06,3,0,L
641941,2026-04-06,3,0,R
642397,2026-04-06,4,0,L
656222,2026-04-06,4,0,L
656271,2026-04-06,1,0,L
657424,2026-04-06,4,0,L
657746,2026-04-06,22,0,R
660853,2026-04-06,4,0,R
661395,2026-04-06,4,0,R
663372,2026-04-06,24,1,R
663465,2026-04-06,10,1,L
663554,2026-04-06,24,1,R
663556,2026-04-06,17,0,L
663558,2026-04-06,11,0,L
663574,2026-04-06,4,0,R
663969,2026-04-06,6,0,R
664208,2026-04-06,5,1,R
664854,2026-04-06,6,0,R
664875,2026-04-06,5,0,R
667297,2026-04-06,10,1,R
667755,2026-04-06,26,1,R
668390,2026-04-06,1,0,R
668674,2026-04-06,3,0,R
668873,2026-04-06,4,0,R
668941,2026-04-06,5,0,L
669302,2026-04-06,23,0,R
669330,2026-04-06,7,0,R
669467,2026-04-06,22,0,R
670245,2026-04-06,5,0,R
670329,2026-04-06,3,0,R
670990,2026-04-06,7,0,R
672335,2026-04-06,4,0,L
672582,2026-04-06,5,1,L
674370,2026-04-06,6,0,R
675848,2026-04-06,6,0,R
675989,2026-04-06,17,0,R
676083,2026-04-06,29,1,R
676395,2026-04-06,3,0,L
676428,2026-04-06,5,0,L
676440,2026-04-06,20,0,R
676477,2026-04-06,6,0,R
676596,2026-04-06,18,1,L
676755,2026-04-06,5,0,R
676760,2026-04-06,7,0,R
676879,2026-04-06,6,0,L
677865,2026-04-06,5,0,L
678394,2026-04-06,20,0,R
678606,2026-04-06,3,0,L
679358,2026-04-06,3,0,R
680736,2026-04-06,21,0,L
680742,2026-04-06,3,0,R
680802,2026-04-06,19,1,R
681217,2026-04-06,5,1,R
681867,2026-04-06,5,0,R
681892,2026-04-06,4,0,L
681982,2026-04-06,3,0,R
682120,2026-04-06,1,0,L
682227,2026-04-06,24,0,L
683618,2026-04-06,3,0,R
685801,2026-04-06,5,0,R
686610,2026-04-06,10,2,L
687064,2026-04-06,18,0,R
687330,2026-04-06,3,0,R
688158,2026-04-06,8,0,R
688642,2026-04-06,5,0,R
688883,2026-04-06,8,1,R
689520,2026-04-06,5,0,R
691725,2026-04-06,21,0,R
691799,2026-04-06,4,0,R
693686,2026-04-06,5,1,R
693855,2026-04-06,6,0,L
694335,2026-04-06,5,2,R
694361,2026-04-06,8,0,R
694918,2026-04-06,4,0,R
696149,2026-04-06,21,0,R
701552,2026-04-06,6,0,R
702303,2026-04-06,3,0,L
472610,2026-04-07,7,0,R
518585,2026-04-07,6,0,R
542888,2026-04-07,5,0,R
543135,2026-04-07,26,1,R
547973,2026-04-07,3,0,L
548384,2026-04-07,4,0,L
571948,2026-04-07,6,0,L
572955,2026-04-07,2,0,R
573124,2026-04-07,4,0,L
573204,2026-04-07,1,0,L
579328,2026-04-07,22,0,L
592332,2026-04-07,24,0,R
592662,2026-04-07,26,0,L
593974,2026-04-07,4,0,L
595014,2026-04-07,3,0,R
595345,2026-04-07,4,0,L
596001,2026-04-07,5,0,R
596133,2026-04-07,3,0,R
601713,2026-04-07,20,0,R
607481,2026-04-07,3,0,L
607536,2026-04-07,24,1,L
621242,2026-04-07,5,0,R
621383,2026-04-07,3,0,L
622608,2026-04-07,8,0,R
623149,2026-04-07,2,0,R
623211,2026-04-07,3,0,R
623437,2026-04-07,3,0,R
625643,2026-04-07,21,1,R
628452,2026-04-07,6,0,R
641312,2026-04-07,15,1,R
641755,2026-04-07,3,0,R
641941,2026-04-07,5,0,R
642121,2026-04-07,10,0,R
642207,2026-04-07,5,0,R
642397,2026-04-07,3,0,L
642528,2026-04-07,5,0,R
642547,2026-04-07,22,0,R
643410,2026-04-07,7,1,R
645261,2026-04-07,30,0,R
647315,2026-04-07,3,0,R
650644,2026-04-07,22,1,R
650911,2026-04-07,24,0,L
656234,2026-04-07,3,0,R
656464,2026-04-07,3,0,R
656546,2026-04-07,6,0,R
656641,2026-04-07,6,0,L
656794,2026-04-07,7,0,L
657044,2026-04-07,3,0,R
657097,2026-04-07,4,0,R
657756,2026-04-07,9,0,R
663158,2026-04-07,4,0,R
663485,2026-04-07,3,0,R
663542,2026-04-07,4,0,L
663738,2026-04-07,4,0,L
663765,2026-04-07,1,0,R
663855,2026-04-07,7,0,R
663947,2026-04-07,4,0,L
664208,2026-04-07,6,0,R
664854,2026-04-07,4,0,R
664991,2026-04-07,3,0,L
665871,2026-04-07,19,0,R
666277,2026-04-07,6,0,R
666661,2026-04-07,3,0,R
666974,2026-04-07,3,0,R
667463,2026-04-07,3,0,L
668678,2026-04-07,23,0,R
668909,2026-04-07,22,1,R
668933,2026-04-07,3,0,R
669084,2026-04-07,9,0,L
669270,2026-04-07,1,0,R
669276,2026-04-07,2,0,L
669371,2026-04-07,5,0,R
669373,2026-04-07,24,0,L
669432,2026-04-07,25,0,L
669438,2026-04-07,19,0,R
669461,2026-04-07,25,2,L
669622,2026-04-07,3,0,R
669684,2026-04-07,4,1,L
669923,2026-04-07,28,1,R
670167,2026-04-07,4,0,R
670280,2026-04-07,3,0,R
670970,2026-04-07,7,0,L
670990,2026-04-07,3,0,R
671096,2026-04-07,24,0,L
671737,2026-04-07,27,0,R
671922,2026-04-07,3,0,R
672782,2026-04-07,16,2,R
673929,2026-04-07,4,0,R
676254,2026-04-07,6,0,R
676477,2026-04-07,3,0,R
676534,2026-04-07,5,0,R
676571,2026-04-07,6,1,L
676617,2026-04-07,4,0,R
676755,2026-04-07,3,0,R
676760,2026-04-07,2,0,R
676775,2026-04-07,3,0,R
676917,2026-04-07,20,0,R
676979,2026-04-07,27,0,L
677161,2026-04-07,2,0,R
678906,2026-04-07,3,1,R
679358,2026-04-07,4,0,R
681343,2026-04-07,19,0,R
681347,2026-04-07,23,1,R
681402,2026-04-07,5,1,R
681870,2026-04-07,3,0,L
681911,2026-04-07,4,0,L
682120,2026-04-07,2,0,L
683232,2026-04-07,4,0,R
683742,2026-04-07,8,0,R
685005,2026-04-07,3,0,R
686973,2026-04-07,4,0,R
686993,2026-04-07,7,0,R
687396,2026-04-07,5,0,L
687606,2026-04-07,6,0,R
689147,2026-04-07,6,0,R
689254,2026-04-07,5,0,L
689296,2026-04-07,1,0,R
690925,2026-04-07,5,0,R
693645,2026-04-07,20,0,R
694819,2026-04-07,22,0,R
694973,2026-04-07,23,1,R
699134,2026-04-07,4,0,R
700669,2026-04-07,9,0,R
702070,2026-04-07,24,0,L
808967,2026-04-07,24,0,R
815083,2026-04-07,4,0,L
455119,2026-04-08,3,0,R
543243,2026-04-08,24,0,R
547179,2026-04-08,26,0,R
571945,2026-04-08,17,0,R
571948,2026-04-08,3,0,L
572955,2026-04-08,4,0,R
594580,2026-04-08,9,0,L
595014,2026-04-08,3,0,R
605130,2026-04-08,5,0,R
605400,2026-04-08,23,1,R
606303,2026-04-08,1,0,R
606996,2026-04-08,5,0,L
607067,2026-04-08,20,0,R
607455,2026-04-08,6,0,L
608371,2026-04-08,4,0,R
608718,2026-04-08,7,0,L
621237,2026-04-08,5,0,L
622663,2026-04-08,22,0,R
623437,2026-04-08,2,0,R
640448,2026-04-08,4,0,R
640451,2026-04-08,3,0,R
640455,2026-04-08,18,0,L
641401,2026-04-08,5,0,R
641816,2026-04-08,24,0,R
641927,2026-04-08,24,0,R
642100,2026-04-08,3,0,L
643511,2026-04-08,7,0,R
646241,2026-04-08,5,0,L
647315,2026-04-08,2,0,R
650556,2026-04-08,6,0,R
650633,2026-04-08,24,0,R
656302,2026-04-08,23,0,R
656546,2026-04-08,5,0,R
656550,2026-04-08,28,1,R
656605,2026-04-08,22,0,R
656638,2026-04-08,9,0,R
656794,2026-04-08,4,0,L
656848,2026-04-08,5,0,R
656849,2026-04-08,23,0,L
657044,2026-04-08,1,0,R
657424,2026-04-08,3,0,L
657612,2026-04-08,5,0,L
660271,2026-04-08,24,0,R
660761,2026-04-08,7,0,L
660825,2026-04-08,3,0,R
660853,2026-04-08,9,1,R
663485,2026-04-08,2,0,R
663542,2026-04-08,2,0,L
663687,2026-04-08,4,0,L
663765,2026-04-08,15,0,R
663855,2026-04-08,3,0,R
663903,2026-04-08,17,1,R
664199,2026-04-08,3,0,R
664285,2026-04-08,29,0,L
664299,2026-04-08,6,0,R
664353,2026-04-08,12,0,R
664875,2026-04-08,7,1,R
664991,2026-04-08,4,0,L
665660,2026-04-08,2,0,R
666142,2026-04-08,5,0,L
666171,2026-04-08,9,0,R
666808,2026-04-08,4,0,R
668390,2026-04-08,4,0,R
668873,2026-04-08,3,0,R
669022,2026-04-08,17,0,L
669062,2026-04-08,3,0,L
669093,2026-04-08,4,0,R
669194,2026-04-08,24,0,R
669199,2026-04-08,3,0,R
669270,2026-04-08,3,0,R
669330,2026-04-08,5,0,R
669371,2026-04-08,7,0,R
669711,2026-04-08,3,0,R
669947,2026-04-08,17,0,R
670036,2026-04-08,5,0,R
670245,2026-04-08,3,0,R
670280,2026-04-08,5,0,R
670329,2026-04-08,5,0,R
671212,2026-04-08,21,1,R
672282,2026-04-08,22,1,L
672335,2026-04-08,5,0,L
674444,2026-04-08,10,1,R
675660,2026-04-08,15,0,L
676263,2026-04-08,5,0,L
676282,2026-04-08,21,0,L
676508,2026-04-08,5,0,R
676571,2026-04-08,3,0,L
676617,2026-04-08,3,0,R
676684,2026-04-08,3,0,R
676879,2026-04-08,3,0,L
676962,2026-04-08,8,0,R
677053,2026-04-08,3,0,L
677865,2026-04-08,1,0,L
678606,2026-04-08,4,0,L
678906,2026-04-08,4,0,R
679883,2026-04-08,15,0,R
680694,2026-04-08,23,0,R
680732,2026-04-08,20,0,R
680742,2026-04-08,4,0,R
681168,2026-04-08,6,0,R
681870,2026-04-08,4,0,L
681892,2026-04-08,4,0,L
681982,2026-04-08,6,0,R
683175,2026-04-08,9,1,R
685005,2026-04-08,9,0,R
686475,2026-04-08,2,0,R
686973,2026-04-08,3,0,R
687396,2026-04-08,4,0,L
687473,2026-04-08,3,0,R
688642,2026-04-08,11,0,R
689254,2026-04-08,3,0,L
689296,2026-04-08,3,0,R
689520,2026-04-08,6,0,R
691587,2026-04-08,24,1,R
693433,2026-04-08,22,0,R
694335,2026-04-08,6,0,R
694851,2026-04-08,9,0,R
694918,2026-04-08,3,0,R
695243,2026-04-08,3,0,R
695418,2026-04-08,10,1,R
696147,2026-04-08,4,0,R
700241,2026-04-08,21,0,R
701542,2026-04-08,23,0,R
701719,2026-04-08,4,0,L
805123,2026-04-08,10,0,R
805326,2026-04-08,7,0,L
472610,2026-04-09,5,0,R
593958,2026-04-09,25,1,L
596133,2026-04-09,5,0,R
605488,2026-04-09,25,0,L
607625,2026-04-09,24,0,R
621112,2026-04-09,4,0,R
622554,2026-04-09,4,0,R
623474,2026-04-09,3,0,R
641743,2026-04-09,24,0,L
656271,2026-04-09,2,0,L
656427,2026-04-09,23,1,R
657514,2026-04-09,5,0,L
663687,2026-04-09,3,0,L
663947,2026-04-09,6,0,L
663969,2026-04-09,12,0,R
663992,2026-04-09,5,0,L
664199,2026-04-09,4,0,R
669093,2026-04-09,7,0,R
669212,2026-04-09,8,0,R
669622,2026-04-09,4,0,R
670167,2026-04-09,3,0,R
670183,2026-04-09,8,0,R
670970,2026-04-09,4,0,L
673929,2026-04-09,4,0,R
675848,2026-04-09,4,0,R
676428,2026-04-09,1,0,L
676684,2026-04-09,6,0,R
676974,2026-04-09,23,1,R
677955,2026-04-09,5,0,R
677960,2026-04-09,30,0,L
678368,2026-04-09,4,1,R
679358,2026-04-09,3,0,R
680767,2026-04-09,9,0,R
681190,2026-04-09,23,1,R
683742,2026-04-09,12,0,R
686993,2026-04-09,4,0,R
688158,2026-04-09,6,0,R
688497,2026-04-09,6,0,R
690953,2026-04-09,25,0,R
690997,2026-04-09,23,0,R
691799,2026-04-09,6,0,R
695076,2026-04-09,26,0,R
695243,2026-04-09,3,0,R
699134,2026-04-09,4,0,R
801403,2026-04-09,20,0,R
445276,2026-04-10,3,0,R
544150,2026-04-10,7,0,R
571578,2026-04-10,21,2,L
571927,2026-04-10,20,0,L
573009,2026-04-10,3,0,L
573124,2026-04-10,7,0,L
573204,2026-04-10,5,1,L
592094,2026-04-10,1,0,R
592773,2026-04-10,3,0,R
594580,2026-04-10,3,0,L
595345,2026-04-10,5,0,L
605130,2026-04-10,2,0,R
605280,2026-04-10,23,0,R
606303,2026-04-10,1,0,R
606996,2026-04-10,4,0,L
607192,2026-04-10,24,2,R
607455,2026-04-10,9,1,L
607481,2026-04-10,1,0,L
608372,2026-04-10,22,2,R
621111,2026-04-10,20,0,R
621242,2026-04-10,8,1,R
621381,2026-04-10,3,0,L
621383,2026-04-10,4,0,L
622608,2026-04-10,6,0,R
623149,2026-04-10,4,0,R
623437,2026-04-10,5,0,R
640448,2026-04-10,3,0,R
641329,2026-04-10,5,0,R
641585,2026-04-10,15,0,R
641745,2026-04-10,3,0,R
641755,2026-04-10,3,0,R
642100,2026-04-10,4,0,L
642232,2026-04-10,8,0,L
642397,2026-04-10,5,0,L
642528,2026-04-10,3,0,R
642701,2026-04-10,3,0,R
643377,2026-04-10,3,0,R
643410,2026-04-10,4,0,R
647336,2026-04-10,26,1,R
656222,2026-04-10,4,0,L
656234,2026-04-10,5,0,R
656641,2026-04-10,3,1,L
656730,2026-04-10,5,0,R
656945,2026-04-10,3,0,L
657424,2026-04-10,1,0,L
660761,2026-04-10,7,0,L
660825,2026-04-10,3,0,R
660853,2026-04-10,4,0,R
661563,2026-04-10,19,1,R
662253,2026-04-10,5,0,R
663436,2026-04-10,26,1,R
663460,2026-04-10,24,0,L
663465,2026-04-10,6,0,L
663558,2026-04-10,5,0,L
663623,2026-04-10,22,1,R
663978,2026-04-10,25,1,R
663992,2026-04-10,1,0,L
664141,2026-04-10,4,0,R
664731,2026-04-10,3,0,R
665660,2026-04-10,4,0,R
666200,2026-04-10,22,0,L
666374,2026-04-10,1,0,R
666661,2026-04-10,5,0,R
666808,2026-04-10,3,0,R
666974,2026-04-10,3,0,R
667297,2026-04-10,3,0,R
668674,2026-04-10,3,0,R
668834,2026-04-10,3,0,R
668941,2026-04-10,5,0,L
668964,2026-04-10,13,0,R
669160,2026-04-10,23,0,R
669199,2026-04-10,8,0,R
669276,2026-04-10,3,0,L
669358,2026-04-10,25,1,R
669372,2026-04-10,14,0,R
669387,2026-04-10,23,0,R
669711,2026-04-10,4,0,R
670036,2026-04-10,5,1,R
670970,2026-04-10,6,0,L
672335,2026-04-10,3,0,L
672456,2026-04-10,21,0,R
672582,2026-04-10,5,0,L
674370,2026-04-10,3,0,R
675848,2026-04-10,4,1,R
675919,2026-04-10,6,1,L
676106,2026-04-10,19,0,R
676395,2026-04-10,6,0,L
676428,2026-04-10,3,0,L
676571,2026-04-10,3,0,L
676617,2026-04-10,3,0,R
676755,2026-04-10,4,0,R
676775,2026-04-10,3,0,R
676879,2026-04-10,10,0,L
677161,2026-04-10,5,0,R
677944,2026-04-10,23,2,R
677955,2026-04-10,1,0,R
677958,2026-04-10,21,2,R
677961,2026-04-10,5,1,R
678022,2026-04-10,9,0,R
680573,2026-04-10,20,1,R
680742,2026-04-10,4,0,R
680755,2026-04-10,7,0,R
680802,2026-04-10,13,1,R
681168,2026-04-10,7,1,R
681799,2026-04-10,4,0,R
681911,2026-04-10,4,0,L
682254,2026-04-10,3,0,L
682842,2026-04-10,4,0,R
683175,2026-04-10,6,0,R
684007,2026-04-10,19,0,L
685801,2026-04-10,4,1,R
686799,2026-04-10,27,0,R
686973,2026-04-10,4,0,R
687396,2026-04-10,4,0,L
687606,2026-04-10,5,0,R
688883,2026-04-10,7,0,R
689147,2026-04-10,4,0,R
690925,2026-04-10,3,0,R
693312,2026-04-10,6,1,R
693821,2026-04-10,21,1,R
693855,2026-04-10,3,0,L
694477,2026-04-10,12,0,R
694738,2026-04-10,25,0,R
694918,2026-04-10,6,1,R
695243,2026-04-10,3,0,R
695505,2026-04-10,27,2,R
701474,2026-04-10,3,0,R
701719,2026-04-10,4,0,L
702303,2026-04-10,3,0,L
813349,2026-04-10,21,0,L
815083,2026-04-10,9,1,L
837227,2026-04-10,7,0,R
455119,2026-04-11,4,0,R
472610,2026-04-11,4,0,R
518585,2026-04-11,3,0,R
518886,2026-04-11,4,0,R
527048,2026-04-11,19,1,L
542888,2026-04-11,5,0,R
543056,2026-04-11,1,0,L
547179,2026-04-11,4,0,R
548384,2026-04-11,4,0,L
571948,2026-04-11,3,0,L
572955,2026-04-11,5,0,R
573204,2026-04-11,5,0,L
592094,2026-04-11,1,0,R
592836,2026-04-11,19,1,R
593974,2026-04-11,6,0,L
595014,2026-04-11,4,0,R
595345,2026-04-11,3,1,L
596133,2026-04-11,7,1,R
605135,2026-04-11,21,0,R
606303,2026-04-11,3,0,R
607200,2026-04-11,21,1,R
607259,2026-04-11,22,1,R
607481,2026-04-11,4,0,L
608331,2026-04-11,30,0,L
608379,2026-04-11,28,0,R
608566,2026-04-11,20,3,R
608718,2026-04-11,12,0,L
621121,2026-04-11,19,1,R
621237,2026-04-11,2,0,L
621366,2026-04-11,7,0,L
622491,2026-04-11,21,1,R
623211,2026-04-11,9,0,R
623454,2026-04-11,12,0,R
623474,2026-04-11,3,0,R
624133,2026-04-11,22,0,L
641302,2026-04-11,9,0,L
641329,2026-04-11,6,0,R
641401,2026-04-11,1,0,R
641745,2026-04-11,6,0,R
641755,2026-04-11,3,0,R
641778,2026-04-11,26,2,L
641835,2026-04-11,3,0,L
641941,2026-04-11,4,0,R
642121,2026-04-11,4,0,R
642397,2026-04-11,1,0,L
642701,2026-04-11,6,0,R
643377,2026-04-11,2,0,R
643410,2026-04-11,3,0,R
650556,2026-04-11,5,0,R
656464,2026-04-11,4,0,R
656492,2026-04-11,20,0,L
656794,2026-04-11,6,0,L
656848,2026-04-11,3,0,R
656945,2026-04-11,3,0,L
657044,2026-04-11,3,0,R
657097,2026-04-11,3,0,R
657277,2026-04-11,26,1,R
657514,2026-04-11,4,0,L
657612,2026-04-11,1,0,L
657746,2026-04-11,24,1,R
660825,2026-04-11,5,0,R
661395,2026-04-11,3,0,R
662253,2026-04-11,6,0,R
663372,2026-04-11,22,2,R
663485,2026-04-11,5,1,R
663554,2026-04-11,25,0,R
663574,2026-04-11,3,0,R
663855,2026-04-11,4,0,R
664854,2026-04-11,4,0,R
664875,2026-04-11,4,0,R
664991,2026-04-11,3,0,L
665622,2026-04-11,3,0,R
665795,2026-04-11,25,0,R
666171,2026-04-11,8,0,R
666374,2026-04-11,5,0,R
666974,2026-04-11,1,0,R
667463,2026-04-11,5,0,L
668674,2026-04-11,3,0,R
668873,2026-04-11,4,1,R
668933,2026-04-11,3,0,R
668984,2026-04-11,6,0,R
669084,2026-04-11,2,0,L
669270,2026-04-11,4,0,R
669622,2026-04-11,5,0,R
669711,2026-04-11,4,0,R
670245,2026-04-11,5,0,R
670280,2026-04-11,5,0,R
670329,2026-04-11,3,0,R
670990,2026-04-11,10,0,R
672335,2026-04-11,3,0,L
673540,2026-04-11,17,2,R
674370,2026-04-11,12,0,R
676083,2026-04-11,22,1,R
676263,2026-04-11,3,0,L
676395,2026-04-11,4,0,L
676477,2026-04-11,4,1,R
676755,2026-04-11,5,0,R
676760,2026-04-11,6,0,R
676962,2026-04-11,8,0,R
677865,2026-04-11,3,0,L
677952,2026-04-11,20,0,R
678606,2026-04-11,4,0,L
678906,2026-04-11,3,0,R
681217,2026-04-11,5,0,R
681517,2026-04-11,17,0,R
681870,2026-04-11,3,0,L
681892,2026-04-11,5,0,L
681911,2026-04-11,1,0,L
681982,2026-04-11,2,0,R
682052,2026-04-11,25,2,L
682227,2026-04-11,21,0,L
682254,2026-04-11,4,0,L
683004,2026-04-11,19,2,R
683175,2026-04-11,4,0,R
685801,2026-04-11,5,0,R
686218,2026-04-11,22,2,R
686993,2026-04-11,6,1,R
687075,2026-04-11,15,0,R
687330,2026-04-11,1,0,R
687911,2026-04-11,4,0,L
688642,2026-04-11,8,0,R
689147,2026-04-11,3,0,R
689296,2026-04-11,4,0,R
690925,2026-04-11,7,1,R
690986,2026-04-11,19,0,L
691946,2026-04-11,16,1,R
693686,2026-04-11,12,0,R
693855,2026-04-11,5,0,L
694037,2026-04-11,4,0,R
694297,2026-04-11,28,2,R
694335,2026-04-11,10,0,R
694363,2026-04-11,2,0,L
695418,2026-04-11,6,0,R
699134,2026-04-11,5,0,R
700669,2026-04-11,10,0,R
800048,2026-04-11,26,0,L
805123,2026-04-11,3,0,R
453286,2026-04-12,15,2,R
519141,2026-04-12,3,1,L
519242,2026-04-12,26,1,L
543056,2026-04-12,1,0,L
573009,2026-04-12,8,0,L
592791,2026-04-12,26,3,R
593974,2026-04-12,3,0,L
594580,2026-04-12,9,0,L
594798,2026-04-12,25,1,R
595978,2026-04-12,1,0,R
596001,2026-04-12,4,0,R
601713,2026-04-12,9,0,R
605130,2026-04-12,4,0,R
605288,2026-04-12,21,1,R
605540,2026-04-12,23,1,R
606996,2026-04-12,10,0,L
608371,2026-04-12,3,0,R
621237,2026-04-12,3,0,L
622554,2026-04-12,4,0,R
623149,2026-04-12,3,0,R
623437,2026-04-12,3,0,R
623474,2026-04-12,6,0,R
640448,2026-04-12,5,0,R
640455,2026-04-12,9,0,L
641793,2026-04-12,21,3,R
641835,2026-04-12,3,0,L
642121,2026-04-12,4,0,R
642232,2026-04-12,5,0,L
642528,2026-04-12,3,0,R
642547,2026-04-12,25,1,R
643511,2026-04-12,3,0,R
645261,2026-04-12,30,3,R
647315,2026-04-12,9,0,R
650556,2026-04-12,5,0,R
650644,2026-04-12,20,0,R
656271,2026-04-12,6,0,L
656464,2026-04-12,3,0,R
656546,2026-04-12,3,0,R
656638,2026-04-12,4,0,R
656641,2026-04-12,5,0,L
656794,2026-04-12,3,0,L
656876,2026-04-12,19,0,R
657044,2026-04-12,1,0,R
657424,2026-04-12,4,0,L
657514,2026-04-12,1,0,L
657756,2026-04-12,5,1,R
660853,2026-04-12,4,0,R
663465,2026-04-12,18,0,L
663542,2026-04-12,4,0,L
663687,2026-04-12,3,0,L
663738,2026-04-12,4,0,L
663765,2026-04-12,5,0,R
663855,2026-04-12,5,0,R
663969,2026-04-12,9,0,R
664141,2026-04-12,4,0,R
664199,2026-04-12,4,0,R
664353,2026-04-12,5,0,R
664875,2026-04-12,6,0,R
665660,2026-04-12,1,0,R
666277,2026-04-12,3,0,R
666808,2026-04-12,3,0,R
667297,2026-04-12,3,0,R
667755,2026-04-12,26,0,R
668390,2026-04-12,5,0,R
668678,2026-04-12,22,1,R
669062,2026-04-12,5,0,L
669270,2026-04-12,3,0,R
669302,2026-04-12,24,1,R
669330,2026-04-12,8,1,R
669371,2026-04-12,3,1,R
669373,2026-04-12,24,0,L
669438,2026-04-12,7,1,R
669467,2026-04-12,27,1,R
670167,2026-04-12,6,0,R
671096,2026-04-12,18,1,L
671737,2026-04-12,23,0,R
672582,2026-04-12,7,0,L
673929,2026-04-12,5,0,R
675989,2026-04-12,9,0,R
676254,2026-04-12,5,0,R
676263,2026-04-12,3,0,L
676440,2026-04-12,24,1,R
676508,2026-04-12,6,0,R
676571,2026-04-12,5,0,L
676879,2026-04-12,3,0,L
677161,2026-04-12,7,1,R
678368,2026-04-12,24,3,R
678394,2026-04-12,27,1,R
678606,2026-04-12,3,0,L
680704,2026-04-12,4,0,R
680742,2026-04-12,4,0,R
680767,2026-04-12,3,0,R
681151,2026-04-12,11,0,R
681402,2026-04-12,3,0,R
681799,2026-04-12,3,0,R
681867,2026-04-12,3,0,R
682842,2026-04-12,4,0,R
682995,2026-04-12,8,0,L
683175,2026-04-12,3,0,R
683232,2026-04-12,3,0,R
683618,2026-04-12,5,0,R
685005,2026-04-12,13,0,R
685126,2026-04-12,6,0,L
686563,2026-04-12,3,0,R
686610,2026-04-12,6,0,L
686973,2026-04-12,3,0,R
687330,2026-04-12,5,0,R
687396,2026-04-12,5,0,L
688158,2026-04-12,6,0,R
689254,2026-04-12,3,0,L
689266,2026-04-12,10,0,L
689296,2026-04-12,1,0,R
691725,2026-04-12,19,0,R
691799,2026-04-12,6,0,R
693312,2026-04-12,10,0,R
693645,2026-04-12,23,0,R
694037,2026-04-12,4,0,R
694361,2026-04-12,8,0,R
694363,2026-04-12,13,0,L
696147,2026-04-12,7,0,R
696149,2026-04-12,23,2,R
699134,2026-04-12,4,0,R
700249,2026-04-12,24,0,L
702070,2026-04-12,23,2,L
702193,2026-04-12,15,0,R
702303,2026-04-12,5,0,L
801403,2026-04-12,4,0,R
808963,2026-04-12,22,1,R
518585,2026-04-13,3,0,R
518886,2026-04-13,3,0,R
519141,2026-04-13,4,0,L
543135,2026-04-13,26,0,R
544150,2026-04-13,10,1,R
579328,2026-04-13,19,2,L
605447,2026-04-13,5,1,R
607481,2026-04-13,7,1,L
621112,2026-04-13,3,0,R
622663,2026-04-13,26,2,R
641312,2026-04-13,12,2,R
641585,2026-04-13,8,0,R
641927,2026-04-13,26,1,R
642528,2026-04-13,5,1,R
650911,2026-04-13,26,1,L
656212,2026-04-13,17,0,L
656234,2026-04-13,7,1,R
656550,2026-04-13,17,0,R
656849,2026-04-13,25,1,L
656945,2026-04-13,3,0,L
657097,2026-04-13,2,0,R
657612,2026-04-13,7,0,L
660761,2026-04-13,9,0,L
663558,2026-04-13,9,0,L
664353,2026-04-13,9,1,R
664854,2026-04-13,3,0,R
665152,2026-04-13,21,3,R
665622,2026-04-13,5,0,R
665871,2026-04-13,26,2,R
666374,2026-04-13,1,0,R
666808,2026-04-13,6,1,R
667463,2026-04-13,1,0,L
668909,2026-04-13,22,1,R
669194,2026-04-13,22,0,R
669199,2026-04-13,8,0,R
669461,2026-04-13,23,1,L
669622,2026-04-13,3,0,R
669923,2026-04-13,29,0,R
670183,2026-04-13,7,0,R
670245,2026-04-13,8,2,R
670329,2026-04-13,3,0,R
671131,2026-04-13,12,0,R
671922,2026-04-13,4,0,R
676534,2026-04-13,5,0,R
676917,2026-04-13,12,0,R
676979,2026-04-13,18,2,L
677053,2026-04-13,3,0,L
677865,2026-04-13,5,1,L
677961,2026-04-13,4,0,R
678022,2026-04-13,11,0,R
679358,2026-04-13,7,0,R
680702,2026-04-13,9,0,R
680736,2026-04-13,25,0,L
681168,2026-04-13,8,1,R
681347,2026-04-13,30,2,R
681676,2026-04-13,9,0,R
681870,2026-04-13,3,0,L
681895,2026-04-13,9,0,L
682120,2026-04-13,5,0,L
683769,2026-04-13,6,0,R
686751,2026-04-13,13,0,R
686894,2026-04-13,7,0,R
687377,2026-04-13,3,0,R
687606,2026-04-13,10,1,R
688497,2026-04-13,6,1,R
689147,2026-04-13,5,0,R
691548,2026-04-13,12,1,R
691587,2026-04-13,20,0,R
694851,2026-04-13,5,1,R
694973,2026-04-13,20,1,R
695418,2026-04-13,6,1,R
700669,2026-04-13,5,0,R
701542,2026-04-13,17,0,R
701719,2026-04-13,6,0,L
815083,2026-04-13,6,0,L
445276,2026-04-14,4,0,R
455119,2026-04-14,1,0,R
518876,2026-04-14,24,1,R
542888,2026-04-14,4,0,R
543243,2026-04-14,22,2,R
547179,2026-04-14,18,1,R
547973,2026-04-14,4,0,L
548384,2026-04-14,6,0,L
571945,2026-04-14,14,1,R
573124,2026-04-14,5,0,L
573204,2026-04-14,4,0,L
592094,2026-04-14,3,0,R
592332,2026-04-14,24,1,R
592662,2026-04-14,20,2,L
592773,2026-04-14,6,0,R
595014,2026-04-14,1,0,R
595345,2026-04-14,4,0,L
605400,2026-04-14,23,0,R
605488,2026-04-14,23,0,L
607067,2026-04-14,22,1,R
608371,2026-04-14,8,0,R
621112,2026-04-14,7,0,R
621381,2026-04-14,5,0,L
621383,2026-04-14,7,1,L
622608,2026-04-14,12,0,R
623149,2026-04-14,3,0,R
625643,2026-04-14,21,0,R
628452,2026-04-14,3,0,R
641302,2026-04-14,6,0,L
641329,2026-04-14,1,0,R
641745,2026-04-14,3,0,R
641755,2026-04-14,3,0,R
641835,2026-04-14,6,0,L
641941,2026-04-14,3,0,R
643410,2026-04-14,3,0,R
643511,2026-04-14,4,0,R
650633,2026-04-14,25,0,R
656546,2026-04-14,7,0,R
656605,2026-04-14,21,1,R
656730,2026-04-14,6,0,R
656848,2026-04-14,7,0,R
657044,2026-04-14,1,0,R
657097,2026-04-14,3,0,R
660787,2026-04-14,9,1,R
660853,2026-04-14,1,0,R
663158,2026-04-14,6,0,R
663485,2026-04-14,4,0,R
663542,2026-04-14,3,0,L
663556,2026-04-14,23,1,L
663574,2026-04-14,4,0,R
663687,2026-04-14,4,0,L
663767,2026-04-14,8,0,R
663855,2026-04-14,4,0,R
663903,2026-04-14,25,1,R
664126,2026-04-14,7,0,R
664199,2026-04-14,4,0,R
664285,2026-04-14,26,0,L
664991,2026-04-14,4,0,L
665660,2026-04-14,1,0,R
666142,2026-04-14,21,0,L
666171,2026-04-14,4,0,R
666277,2026-04-14,4,0,R
666661,2026-04-14,6,0,R
666974,2026-04-14,3,0,R
668873,2026-04-14,4,0,R
668933,2026-04-14,3,0,R
668941,2026-04-14,5,0,L
668984,2026-04-14,6,0,R
669020,2026-04-14,3,0,L
669022,2026-04-14,22,0,L
669084,2026-04-14,2,0,L
669276,2026-04-14,3,0,L
669432,2026-04-14,23,1,L
669438,2026-04-14,4,0,R
670329,2026-04-14,4,0,R
670970,2026-04-14,3,0,L
670990,2026-04-14,6,0,R
671922,2026-04-14,5,0,R
672282,2026-04-14,25,0,L
672335,2026-04-14,3,0,L
672582,2026-04-14,3,0,L
672782,2026-04-14,8,1,R
675848,2026-04-14,4,0,R
675919,2026-04-14,4,0,L
676254,2026-04-14,3,0,R
676282,2026-04-14,21,2,L
676395,2026-04-14,6,0,L
676467,2026-04-14,20,2,L
676571,2026-04-14,4,1,L
676617,2026-04-14,3,0,R
676684,2026-04-14,3,0,R
676755,2026-04-14,7,0,R
676775,2026-04-14,3,0,R
676974,2026-04-14,21,0,R
677960,2026-04-14,22,4,L
678906,2026-04-14,6,0,R
680730,2026-04-14,10,0,L
680755,2026-04-14,4,1,R
681217,2026-04-14,3,0,R
681252,2026-04-14,11,1,R
681402,2026-04-14,5,0,R
681870,2026-04-14,5,1,L
681911,2026-04-14,3,0,L
681982,2026-04-14,5,0,R
682120,2026-04-14,1,0,L
682254,2026-04-14,4,0,L
682842,2026-04-14,5,0,R
683232,2026-04-14,6,0,R
685126,2026-04-14,8,0,L
685801,2026-04-14,5,0,R
686973,2026-04-14,6,0,R
686993,2026-04-14,3,0,R
687396,2026-04-14,5,0,L
687911,2026-04-14,7,0,L
688642,2026-04-14,3,0,R
689254,2026-04-14,4,0,L
690925,2026-04-14,2,0,R
690953,2026-04-14,26,0,R
690997,2026-04-14,25,0,R
693433,2026-04-14,29,0,R
694335,2026-04-14,3,0,R
694819,2026-04-14,21,2,R
695243,2026-04-14,3,0,R
700241,2026-04-14,20,2,R
702273,2026-04-14,20,0,L
702303,2026-04-14,3,0,L
805123,2026-04-14,6,1,R
808967,2026-04-14,28,1,R
445276,2026-04-15,4,0,R
500779,2026-04-15,18,1,L
518585,2026-04-15,4,0,R
519141,2026-04-15,4,0,L
543056,2026-04-15,3,0,L
572955,2026-04-15,4,0,R
593958,2026-04-15,25,1,L
593974,2026-04-15,5,0,L
595014,2026-04-15,4,0,R
595345,2026-04-15,3,0,L
605130,2026-04-15,4,0,R
605280,2026-04-15,21,1,R
605447,2026-04-15,4,0,R
607455,2026-04-15,6,0,L
607625,2026-04-15,23,0,R
621237,2026-04-15,3,0,L
621366,2026-04-15,3,0,L
623437,2026-04-15,4,0,R
624512,2026-04-15,3,0,R
628452,2026-04-15,4,0,R
640448,2026-04-15,5,0,R
641401,2026-04-15,7,0,R
641755,2026-04-15,3,0,R
641816,2026-04-15,24,4,R
642100,2026-04-15,4,0,L
642121,2026-04-15,9,0,R
642207,2026-04-15,5,1,R
642397,2026-04-15,3,0,L
642701,2026-04-15,4,0,R
643410,2026-04-15,5,1,R
643511,2026-04-15,7,0,R
650556,2026-04-15,5,0,R
656222,2026-04-15,5,0,L
656271,2026-04-15,3,0,L
656302,2026-04-15,22,0,R
656427,2026-04-15,22,0,R
656457,2026-04-15,9,1,L
656464,2026-04-15,8,0,R
656641,2026-04-15,3,0,L
656945,2026-04-15,3,0,L
657044,2026-04-15,3,0,R
657612,2026-04-15,3,0,L
660271,2026-04-15,22,0,R
660825,2026-04-15,3,0,R
660853,2026-04-15,3,0,R
661563,2026-04-15,22,3,R
662253,2026-04-15,7,0,R
663158,2026-04-15,2,0,R
663542,2026-04-15,3,0,L
663623,2026-04-15,23,0,R
663687,2026-04-15,2,0,L
663738,2026-04-15,1,0,L
663947,2026-04-15,4,0,L
663978,2026-04-15,19,1,R
664141,2026-04-15,9,0,R
664199,2026-04-15,3,0,R
664238,2026-04-15,5,0,R
664854,2026-04-15,3,0,R
664991,2026-04-15,4,0,L
666200,2026-04-15,27,1,L
666661,2026-04-15,3,0,R
666974,2026-04-15,1,0,R
667463,2026-04-15,7,1,L
668390,2026-04-15,6,2,R
668933,2026-04-15,4,0,R
668941,2026-04-15,4,0,L
668964,2026-04-15,9,1,R
669084,2026-04-15,2,0,L
669160,2026-04-15,22,0,R
669165,2026-04-15,6,0,R
669212,2026-04-15,6,1,R
669270,2026-04-15,4,0,R
669276,2026-04-15,2,0,L
669330,2026-04-15,6,1,R
669372,2026-04-15,21,1,R
669387,2026-04-15,23,0,R
669438,2026-04-15,4,0,R
669947,2026-04-15,19,0,R
670036,2026-04-15,11,0,R
670245,2026-04-15,7,1,R
670280,2026-04-15,3,0,R
674370,2026-04-15,5,1,R
676106,2026-04-15,23,1,R
676477,2026-04-15,5,0,R
676534,2026-04-15,3,0,R
676617,2026-04-15,3,0,R
676760,2026-04-15,9,1,R
676879,2026-04-15,5,0,L
676962,2026-04-15,6,0,R
677053,2026-04-15,7,1,L
677865,2026-04-15,5,0,L
677944,2026-04-15,20,0,R
677955,2026-04-15,2,0,R
677958,2026-04-15,23,0,R
678606,2026-04-15,1,0,L
679358,2026-04-15,3,0,R
679775,2026-04-15,8,1,L
680573,2026-04-15,27,1,R
680694,2026-04-15,27,0,R
680732,2026-04-15,25,2,R
680755,2026-04-15,1,0,R
681190,2026-04-15,21,0,R
681293,2026-04-15,27,0,R
681432,2026-04-15,5,1,L
681810,2026-04-15,4,1,R
681892,2026-04-15,3,0,L
682120,2026-04-15,3,0,L
682254,2026-04-15,4,0,L
682842,2026-04-15,3,0,R
684007,2026-04-15,22,1,L
685299,2026-04-15,14,0,R
686560,2026-04-15,1,0,R
686799,2026-04-15,27,1,R
687396,2026-04-15,3,0,L
689254,2026-04-15,3,0,L
689296,2026-04-15,3,0,R
689690,2026-04-15,9,0,R
693821,2026-04-15,23,0,R
693855,2026-04-15,6,0,L
694477,2026-04-15,24,0,R
694918,2026-04-15,3,0,R
695076,2026-04-15,25,0,R
695418,2026-04-15,10,0,R
813349,2026-04-15,23,1,L
518585,2026-04-16,5,0,R
571578,2026-04-16,21,0,L
571927,2026-04-16,22,1,L
573009,2026-04-16,4,0,L
592094,2026-04-16,5,0,R
594580,2026-04-16,3,0,L
596001,2026-04-16,7,0,R
605130,2026-04-16,5,1,R
608331,2026-04-16,22,1,L
608371,2026-04-16,4,0,R
608718,2026-04-16,10,1,L
615698,2026-04-16,3,0,R
621111,2026-04-16,20,0,R
622491,2026-04-16,26,0,R
622554,2026-04-16,5,1,R
623454,2026-04-16,4,0,R
623474,2026-04-16,4,0,R
641302,2026-04-16,3,0,L
641329,2026-04-16,4,0,R
641743,2026-04-16,14,0,L
642232,2026-04-16,12,1,L
642701,2026-04-16,5,0,R
643377,2026-04-16,4,0,R
646241,2026-04-16,5,0,L
656271,2026-04-16,5,0,L
656492,2026-04-16,24,1,L
656638,2026-04-16,5,0,R
656641,2026-04-16,2,0,L
656730,2026-04-16,3,0,R
656794,2026-04-16,6,0,L
657756,2026-04-16,5,1,R
663460,2026-04-16,21,0,L
663738,2026-04-16,3,0,L
663855,2026-04-16,6,0,R
663947,2026-04-16,2,1,L
664875,2026-04-16,5,0,R
665622,2026-04-16,7,0,R
667297,2026-04-16,5,0,R
668674,2026-04-16,6,0,R
669062,2026-04-16,4,0,L
669330,2026-04-16,1,0,R
669358,2026-04-16,26,1,R
670167,2026-04-16,2,1,R
670970,2026-04-16,5,0,L
670990,2026-04-16,6,0,R
671382,2026-04-16,8,0,R
671922,2026-04-16,5,0,R
672335,2026-04-16,4,0,L
672456,2026-04-16,25,0,R
672582,2026-04-16,4,0,L
673929,2026-04-16,5,0,R
675848,2026-04-16,6,0,R
676254,2026-04-16,3,0,R
676395,2026-04-16,1,0,L
676571,2026-04-16,3,0,L
676755,2026-04-16,4,0,R
676775,2026-04-16,3,0,R
676879,2026-04-16,2,0,L
677952,2026-04-16,25,0,R
677955,2026-04-16,6,0,R
677961,2026-04-16,7,0,R
678022,2026-04-16,4,0,R
678906,2026-04-16,7,0,R
680704,2026-04-16,5,1,R
680767,2026-04-16,4,0,R
680802,2026-04-16,16,1,R
681217,2026-04-16,4,0,R
681402,2026-04-16,2,0,R
681867,2026-04-16,4,0,R
681895,2026-04-16,3,0,L
682052,2026-04-16,22,0,L
683004,2026-04-16,27,0,R
683175,2026-04-16,6,0,R
683232,2026-04-16,5,0,R
683409,2026-04-16,5,1,R
685005,2026-04-16,6,0,R
686973,2026-04-16,3,0,R
686993,2026-04-16,9,0,R
687075,2026-04-16,24,0,R
687330,2026-04-16,7,1,R
687377,2026-04-16,3,0,R
687606,2026-04-16,3,0,R
690925,2026-04-16,7,0,R
691799,2026-04-16,6,0,R
691951,2026-04-16,8,1,L
693312,2026-04-16,2,0,R
694738,2026-04-16,21,0,R
695243,2026-04-16,3,0,R
695505,2026-04-16,18,0,R
696147,2026-04-16,9,0,R
699134,2026-04-16,3,0,R
800048,2026-04-16,27,0,L
801403,2026-04-16,19,0,R
805123,2026-04-16,10,0,R
527048,2026-04-17,26,0,L
542888,2026-04-17,3,0,R
547973,2026-04-17,5,0,L
571948,2026-04-17,3,0,L
573009,2026-04-17,5,0,L
592773,2026-04-17,7,0,R
592836,2026-04-17,23,2,R
593974,2026-04-17,7,0,L
594798,2026-04-17,18,0,R
595345,2026-04-17,4,0,L
605135,2026-04-17,22,0,R
605447,2026-04-17,4,0,R
606996,2026-04-17,3,0,L
607192,2026-04-17,24,0,R
607259,2026-04-17,26,0,R
608372,2026-04-17,23,1,R
608379,2026-04-17,24,1,R
621383,2026-04-17,5,0,L
623149,2026-04-17,3,0,R
623211,2026-04-17,5,0,R
623437,2026-04-17,3,0,R
624133,2026-04-17,26,0,L
640448,2026-04-17,4,0,R
640455,2026-04-17,19,1,L
641302,2026-04-17,2,0,L
641312,2026-04-17,6,0,R
641401,2026-04-17,6,1,R
641585,2026-04-17,8,1,R
641778,2026-04-17,22,1,L
641793,2026-04-17,23,2,R
641835,2026-04-17,6,0,L
641941,2026-04-17,3,0,R
642397,2026-04-17,3,0,L
642528,2026-04-17,5,0,R
642701,2026-04-17,5,0,R
643377,2026-04-17,3,1,R
647336,2026-04-17,26,1,R
650556,2026-04-17,6,1,R
650644,2026-04-17,27,0,R
656222,2026-04-17,4,0,L
656638,2026-04-17,5,1,R
656641,2026-04-17,3,0,L
656730,2026-04-17,4,0,R
657097,2026-04-17,6,0,R
657277,2026-04-17,27,1,R
657424,2026-04-17,4,1,L
657514,2026-04-17,4,0,L
657746,2026-04-17,22,0,R
660761,2026-04-17,12,0,L
660825,2026-04-17,3,0,R
663362,2026-04-17,21,1,R
663436,2026-04-17,24,0,R
663485,2026-04-17,4,0,R
663554,2026-04-17,23,0,R
663567,2026-04-17,24,0,R
663574,2026-04-17,4,0,R
663767,2026-04-17,4,1,R
663969,2026-04-17,8,0,R
663992,2026-04-17,7,0,L
664126,2026-04-17,3,0,R
664854,2026-04-17,4,0,R
664991,2026-04-17,5,0,L
665660,2026-04-17,11,1,R
665795,2026-04-17,25,0,R
666277,2026-04-17,3,0,R
666808,2026-04-17,4,1,R
666974,2026-04-17,4,0,R
667463,2026-04-17,4,0,L
667755,2026-04-17,23,0,R
668390,2026-04-17,4,0,R
668873,2026-04-17,4,0,R
668933,2026-04-17,5,0,R
668941,2026-04-17,4,0,L
668984,2026-04-17,13,0,R
669084,2026-04-17,3,1,L
669212,2026-04-17,5,0,R
669302,2026-04-17,24,1,R
670280,2026-04-17,4,0,R
670329,2026-04-17,3,0,R
672582,2026-04-17,6,0,L
672782,2026-04-17,10,0,R
673540,2026-04-17,18,2,R
676083,2026-04-17,24,0,R
676263,2026-04-17,7,0,L
676428,2026-04-17,1,0,L
676440,2026-04-17,25,0,R
676477,2026-04-17,3,0,R
676534,2026-04-17,7,0,R
676571,2026-04-17,3,0,L
676684,2026-04-17,7,0,R
677865,2026-04-17,3,0,L
678606,2026-04-17,5,0,L
680755,2026-04-17,4,0,R
680951,2026-04-17,9,0,L
681217,2026-04-17,1,0,R
681517,2026-04-17,22,3,R
681870,2026-04-17,4,0,L
681892,2026-04-17,3,0,L
681982,2026-04-17,3,0,R
682227,2026-04-17,23,0,L
682254,2026-04-17,4,0,L
682842,2026-04-17,4,0,R
683175,2026-04-17,2,0,R
683769,2026-04-17,3,0,R
686560,2026-04-17,6,0,R
686993,2026-04-17,8,0,R
687396,2026-04-17,3,0,L
687606,2026-04-17,11,1,R
688158,2026-04-17,8,1,R
688642,2026-04-17,15,1,R
689147,2026-04-17,5,1,R
689296,2026-04-17,3,1,R
689441,2026-04-17,21,0,R
693645,2026-04-17,24,0,R
693686,2026-04-17,7,0,R
694918,2026-04-17,3,0,R
696149,2026-04-17,22,0,R
699134,2026-04-17,3,0,R
702303,2026-04-17,4,0,L
445276,2026-04-18,4,0,R
453286,2026-04-18,22,0,R
518886,2026-04-18,4,0,R
519242,2026-04-18,26,1,L
543135,2026-04-18,25,1,R
544150,2026-04-18,7,1,R
548384,2026-04-18,3,1,L
572955,2026-04-18,4,0,R
573204,2026-04-18,3,0,L
579328,2026-04-18,22,0,L
592094,2026-04-18,6,0,R
592791,2026-04-18,24,1,R
594580,2026-04-18,3,0,L
596133,2026-04-18,2,0,R
605288,2026-04-18,27,1,R
605540,2026-04-18,25,0,R
607200,2026-04-18,20,1,R
608371,2026-04-18,2,0,R
608566,2026-04-18,20,0,R
615698,2026-04-18,13,0,R
621112,2026-04-18,9,0,R
621121,2026-04-18,25,1,R
621237,2026-04-18,4,0,L
621366,2026-04-18,1,0,L
621383,2026-04-18,6,0,L
622554,2026-04-18,5,0,R
622663,2026-04-18,25,2,R
623437,2026-04-18,3,0,R
641312,2026-04-18,1,0,R
641329,2026-04-18,6,0,R
641745,2026-04-18,3,0,R
642100,2026-04-18,4,0,L
642121,2026-04-18,5,0,R
642397,2026-04-18,4,0,L
642547,2026-04-18,23,1,R
643377,2026-04-18,4,0,R
643410,2026-04-18,4,0,R
643511,2026-04-18,3,0,R
645261,2026-04-18,24,1,R
650911,2026-04-18,28,0,L
656271,2026-04-18,5,0,L
656464,2026-04-18,4,0,R
656546,2026-04-18,7,1,R
656794,2026-04-18,8,0,L
656876,2026-04-18,15,2,R
657044,2026-04-18,4,0,R
657424,2026-04-18,3,0,L
657514,2026-04-18,4,0,L
660825,2026-04-18,5,0,R
662253,2026-04-18,1,0,R
663158,2026-04-18,3,0,R
663372,2026-04-18,23,2,R
663485,2026-04-18,5,0,R
663542,2026-04-18,6,0,L
663558,2026-04-18,11,0,L
663574,2026-04-18,3,0,R
663687,2026-04-18,6,1,L
663765,2026-04-18,9,0,R
663855,2026-04-18,5,0,R
663947,2026-04-18,6,0,L
663992,2026-04-18,7,0,L
664875,2026-04-18,6,0,R
665152,2026-04-18,22,1,R
666171,2026-04-18,7,0,R
666277,2026-04-18,4,1,R
666374,2026-04-18,1,0,R
666661,2026-04-18,5,0,R
667463,2026-04-18,4,0,L
668678,2026-04-18,25,0,R
668873,2026-04-18,7,0,R
668909,2026-04-18,26,1,R
669062,2026-04-18,3,0,L
669199,2026-04-18,9,0,R
669270,2026-04-18,5,0,R
669276,2026-04-18,3,0,L
669373,2026-04-18,23,0,L
669438,2026-04-18,3,0,R
669467,2026-04-18,21,1,R
669622,2026-04-18,7,0,R
669711,2026-04-18,4,0,R
669923,2026-04-18,26,1,R
670970,2026-04-18,5,0,L
670990,2026-04-18,13,1,R
671096,2026-04-18,24,0,L
671737,2026-04-18,25,0,R
671922,2026-04-18,3,0,R
672335,2026-04-18,8,0,L
672782,2026-04-18,5,0,R
673929,2026-04-18,6,1,R
676254,2026-04-18,10,0,R
676467,2026-04-18,12,2,L
676617,2026-04-18,2,0,R
676742,2026-04-18,6,0,R
676755,2026-04-18,3,0,R
676917,2026-04-18,19,0,R
676962,2026-04-18,10,0,R
677161,2026-04-18,4,0,R
677955,2026-04-18,6,0,R
677961,2026-04-18,7,0,R
678022,2026-04-18,11,0,R
678394,2026-04-18,20,1,R
678606,2026-04-18,2,0,L
679358,2026-04-18,4,0,R
680704,2026-04-18,9,0,R
680730,2026-04-18,13,1,L
680767,2026-04-18,5,0,R
681402,2026-04-18,5,0,R
681892,2026-04-18,3,0,L
681895,2026-04-18,9,0,L
681911,2026-04-18,3,0,L
682842,2026-04-18,2,0,R
683618,2026-04-18,3,0,R
683769,2026-04-18,4,1,R
685801,2026-04-18,3,0,R
686218,2026-04-18,21,0,R
687330,2026-04-18,6,0,R
687765,2026-04-18,21,1,R
693312,2026-04-18,3,0,R
693855,2026-04-18,7,0,L
694335,2026-04-18,5,0,R
694361,2026-04-18,6,0,R
694973,2026-04-18,16,0,R
695243,2026-04-18,5,0,R
700669,2026-04-18,6,0,R
701542,2026-04-18,25,1,R
702070,2026-04-18,22,3,L
805123,2026-04-18,5,0,R
518886,2026-04-19,2,0,R
542888,2026-04-19,3,0,R
547179,2026-04-19,22,0,R
548384,2026-04-19,3,0,L
571945,2026-04-19,17,0,R
573124,2026-04-19,2,0,L
573204,2026-04-19,4,0,L
592332,2026-04-19,25,0,R
592662,2026-04-19,26,1,L
592773,2026-04-19,3,0,R
595014,2026-04-19,4,1,R
595345,2026-04-19,2,0,L
596001,2026-04-19,6,0,R
596133,2026-04-19,4,0,R
605130,2026-04-19,4,0,R
605488,2026-04-19,25,4,L
606996,2026-04-19,3,0,L
607481,2026-04-19,2,0,L
608718,2026-04-19,3,0,L
621242,2026-04-19,4,0,R
622554,2026-04-19,5,0,R
622608,2026-04-19,9,0,R
623211,2026-04-19,3,0,R
623474,2026-04-19,5,0,R
628452,2026-04-19,5,0,R
640448,2026-04-19,4,0,R
641302,2026-04-19,3,0,L
641755,2026-04-19,5,0,R
641835,2026-04-19,6,0,L
641927,2026-04-19,26,0,R
641941,2026-04-19,5,0,R
642100,2026-04-19,4,0,L
642207,2026-04-19,5,0,R
650633,2026-04-19,20,0,R
656222,2026-04-19,3,0,L
656550,2026-04-19,19,1,R
656605,2026-04-19,25,0,R
656686,2026-04-19,4,0,R
656848,2026-04-19,6,0,R
656849,2026-04-19,14,0,L
657097,2026-04-19,4,0,R
657756,2026-04-19,5,0,R
660853,2026-04-19,4,0,R
662253,2026-04-19,4,0,R
663158,2026-04-19,3,0,R
663542,2026-04-19,4,0,L
663556,2026-04-19,21,0,L
663767,2026-04-19,4,0,R
663903,2026-04-19,27,0,R
664126,2026-04-19,3,0,R
664141,2026-04-19,3,0,R
664285,2026-04-19,23,1,L
665622,2026-04-19,3,0,R
665871,2026-04-19,20,1,R
666142,2026-04-19,25,3,L
667297,2026-04-19,3,0,R
668933,2026-04-19,4,0,R
668941,2026-04-19,5,1,L
668964,2026-04-19,7,0,R
669022,2026-04-19,23,3,L
669084,2026-04-19,5,0,L
669165,2026-04-19,3,0,R
669194,2026-04-19,10,0,R
669212,2026-04-19,4,0,R
669276,2026-04-19,4,0,L
669330,2026-04-19,6,0,R
669432,2026-04-19,24,2,L
669438,2026-04-19,10,1,R
669461,2026-04-19,23,0,L
670036,2026-04-19,3,0,R
670167,2026-04-19,3,0,R
670183,2026-04-19,8,0,R
670245,2026-04-19,5,0,R
671382,2026-04-19,7,0,R
673929,2026-04-19,1,0,R
674841,2026-04-19,16,0,L
676263,2026-04-19,3,0,L
676282,2026-04-19,22,1,L
676534,2026-04-19,1,0,R
676571,2026-04-19,4,0,L
676617,2026-04-19,4,0,R
676684,2026-04-19,3,0,R
676755,2026-04-19,3,0,R
676760,2026-04-19,5,0,R
676775,2026-04-19,3,0,R
676979,2026-04-19,24,2,L
677053,2026-04-19,3,0,L
677865,2026-04-19,3,0,L
677960,2026-04-19,26,0,L
678906,2026-04-19,8,0,R
679775,2026-04-19,4,0,L
680755,2026-04-19,3,0,R
680767,2026-04-19,7,0,R
681252,2026-04-19,11,0,R
681347,2026-04-19,19,0,R
681870,2026-04-19,4,0,L
681911,2026-04-19,1,0,L
681982,2026-04-19,2,0,R
683175,2026-04-19,4,0,R
683409,2026-04-19,8,0,R
686560,2026-04-19,2,0,R
686751,2026-04-19,3,0,R
686930,2026-04-19,9,0,R
687911,2026-04-19,11,0,L
688883,2026-04-19,6,0,R
689147,2026-04-19,4,0,R
689254,2026-04-19,5,1,L
691587,2026-04-19,21,0,R
691725,2026-04-19,19,1,R
691799,2026-04-19,9,0,R
692230,2026-04-19,8,0,R
693312,2026-04-19,5,0,R
693433,2026-04-19,26,0,R
693855,2026-04-19,6,1,L
694297,2026-04-19,24,0,R
694361,2026-04-19,4,0,R
694819,2026-04-19,23,0,R
694851,2026-04-19,9,1,R
695243,2026-04-19,3,0,R
696062,2026-04-19,4,1,R
696131,2026-04-19,9,0,R
696147,2026-04-19,7,0,R
699134,2026-04-19,6,0,R
700669,2026-04-19,2,0,R
700712,2026-04-19,24,0,R
702193,2026-04-19,9,0,R
702273,2026-04-19,18,1,L
702303,2026-04-19,4,0,L
808963,2026-04-19,22,1,R
500779,2026-04-20,25,2,L
543056,2026-04-20,4,0,L
543243,2026-04-20,11,0,R
547973,2026-04-20,3,0,L
571948,2026-04-20,6,0,L
572955,2026-04-20,4,0,R
595345,2026-04-20,4,0,L
605400,2026-04-20,22,1,R
606303,2026-04-20,3,0,R
607067,2026-04-20,28,0,R
607481,2026-04-20,1,0,L
607625,2026-04-20,24,0,R
621381,2026-04-20,3,0,L
623454,2026-04-20,7,0,R
641312,2026-04-20,8,0,R
641401,2026-04-20,4,1,R
641755,2026-04-20,3,0,R
642121,2026-04-20,3,0,R
642759,2026-04-20,7,0,R
643410,2026-04-20,5,0,R
643511,2026-04-20,3,0,R
656271,2026-04-20,3,0,L
656302,2026-04-20,22,0,R
656427,2026-04-20,20,0,R
656546,2026-04-20,4,0,R
656638,2026-04-20,7,1,R
656686,2026-04-20,4,0,R
663558,2026-04-20,3,0,L
663623,2026-04-20,19,1,R
663687,2026-04-20,5,0,L
663738,2026-04-20,4,0,L
663767,2026-04-20,7,0,R
663947,2026-04-20,7,0,L
664126,2026-04-20,4,0,R
664854,2026-04-20,3,0,R
664991,2026-04-20,4,0,L
666374,2026-04-20,4,0,R
666974,2026-04-20,3,0,R
668674,2026-04-20,6,0,R
668984,2026-04-20,6,0,R
669270,2026-04-20,5,0,R
669372,2026-04-20,23,2,R
669622,2026-04-20,2,0,R
669711,2026-04-20,3,0,R
669947,2026-04-20,26,1,R
670036,2026-04-20,7,0,R
670167,2026-04-20,3,0,R
670245,2026-04-20,8,0,R
670329,2026-04-20,4,0,R
671109,2026-04-20,5,0,L
671382,2026-04-20,6,0,R
672282,2026-04-20,26,1,L
676106,2026-04-20,20,3,R
676428,2026-04-20,10,0,L
676477,2026-04-20,3,0,R
676534,2026-04-20,3,0,R
676571,2026-04-20,3,0,L
676974,2026-04-20,23,0,R
677053,2026-04-20,4,0,L
677161,2026-04-20,6,0,R
677944,2026-04-20,27,2,R
678606,2026-04-20,6,0,L
679775,2026-04-20,2,0,L
680694,2026-04-20,27,1,R
680736,2026-04-20,29,0,L
680755,2026-04-20,3,0,R
681151,2026-04-20,8,0,R
681217,2026-04-20,4,0,R
681293,2026-04-20,25,0,R
681676,2026-04-20,5,0,R
681867,2026-04-20,4,0,R
682120,2026-04-20,5,0,L
683175,2026-04-20,6,0,R
683618,2026-04-20,5,1,R
685299,2026-04-20,22,3,R
686751,2026-04-20,5,0,R
686973,2026-04-20,4,0,R
689296,2026-04-20,7,0,R
693821,2026-04-20,27,1,R
694335,2026-04-20,6,0,R
694680,2026-04-20,9,0,R
695076,2026-04-20,24,0,R
695418,2026-04-20,11,0,R
700241,2026-04-20,23,1,R
805123,2026-04-20,4,0,R
518876,2026-04-21,26,3,R
519141,2026-04-21,7,0,L
542888,2026-04-21,3,0,R
543510,2026-04-21,4,0,R
571578,2026-04-21,18,0,L
571927,2026-04-21,17,3,L
572955,2026-04-21,4,0,R
573204,2026-04-21,2,0,L
592094,2026-04-21,3,0,R
592773,2026-04-21,6,0,R
594580,2026-04-21,6,0,L
596001,2026-04-21,4,0,R
605130,2026-04-21,6,0,R
606303,2026-04-21,6,1,R
607455,2026-04-21,3,0,L
607481,2026-04-21,3,0,L
608371,2026-04-21,5,0,R
621237,2026-04-21,5,0,L
621366,2026-04-21,4,0,L
621381,2026-04-21,7,1,L
621383,2026-04-21,8,0,L
622491,2026-04-21,22,1,R
623211,2026-04-21,4,0,R
623437,2026-04-21,3,0,R
623474,2026-04-21,3,0,R
625643,2026-04-21,11,1,R
641401,2026-04-21,3,0,R
641656,2026-04-21,7,0,R
641745,2026-04-21,2,0,R
641835,2026-04-21,6,2,L
642100,2026-04-21,5,1,L
642207,2026-04-21,5,0,R
642528,2026-04-21,6,0,R
643377,2026-04-21,6,1,R
643511,2026-04-21,3,0,R
646241,2026-04-21,13,0,L
656464,2026-04-21,3,0,R
656492,2026-04-21,24,2,L
656546,2026-04-21,5,0,R
656641,2026-04-21,3,0,L
656730,2026-04-21,3,0,R
656945,2026-04-21,4,0,L
657044,2026-04-21,3,1,R
657097,2026-04-21,4,0,R
657424,2026-04-21,3,0,L
657514,2026-04-21,5,0,L
657612,2026-04-21,3,0,L
657756,2026-04-21,6,0,R
660761,2026-04-21,13,0,L
660825,2026-04-21,5,0,R
660853,2026-04-21,4,0,R
661563,2026-04-21,24,0,R
663460,2026-04-21,24,1,L
663485,2026-04-21,6,0,R
663687,2026-04-21,1,0,L
663765,2026-04-21,11,0,R
663969,2026-04-21,10,0,R
663978,2026-04-21,24,1,R
664199,2026-04-21,5,0,R
664854,2026-04-21,4,0,R
664875,2026-04-21,3,0,R
664991,2026-04-21,3,0,L
666200,2026-04-21,24,0,L
666277,2026-04-21,1,0,R
667463,2026-04-21,4,0,L
668390,2026-04-21,4,0,R
668670,2026-04-21,5,0,R
668674,2026-04-21,3,0,R
669062,2026-04-21,5,0,L
669160,2026-04-21,22,1,R
669358,2026-04-21,29,0,R
669387,2026-04-21,21,0,R
670280,2026-04-21,4,0,R
670329,2026-04-21,4,1,R
670970,2026-04-21,3,0,L
671922,2026-04-21,5,0,R
672335,2026-04-21,6,0,L
672456,2026-04-21,22,0,R
672782,2026-04-21,11,0,R
674370,2026-04-21,13,1,R
675848,2026-04-21,4,0,R
676254,2026-04-21,3,0,R
676467,2026-04-21,5,0,L
676617,2026-04-21,4,0,R
676775,2026-04-21,1,0,R
676879,2026-04-21,5,0,L
677865,2026-04-21,7,0,L
677958,2026-04-21,23,0,R
677961,2026-04-21,12,0,R
678022,2026-04-21,6,0,R
678906,2026-04-21,8,0,R
680573,2026-04-21,22,1,R
680704,2026-04-21,3,0,R
680732,2026-04-21,22,1,R
680802,2026-04-21,19,1,R
681190,2026-04-21,24,0,R
681252,2026-04-21,10,0,R
681402,2026-04-21,4,0,R
681810,2026-04-21,3,0,R
681895,2026-04-21,4,0,L
681982,2026-04-21,5,0,R
682052,2026-04-21,24,1,L
682120,2026-04-21,4,0,L
683232,2026-04-21,3,0,R
684007,2026-04-21,26,1,L
685801,2026-04-21,7,0,R
686799,2026-04-21,23,0,R
686973,2026-04-21,1,0,R
687396,2026-04-21,3,0,L
687911,2026-04-21,5,0,L
688883,2026-04-21,4,0,R
689147,2026-04-21,3,0,R
689254,2026-04-21,1,0,L
689266,2026-04-21,6,0,L
690925,2026-04-21,4,0,R
690986,2026-04-21,17,0,L
690997,2026-04-21,25,1,R
693312,2026-04-21,9,0,R
693686,2026-04-21,5,0,R
693855,2026-04-21,4,0,L
694738,2026-04-21,20,0,R
695505,2026-04-21,23,1,R
696062,2026-04-21,9,0,R
696147,2026-04-21,4,0,R
701719,2026-04-21,6,0,L
702303,2026-04-21,5,1,L
800048,2026-04-21,20,0,L
801403,2026-04-21,24,0,R
808967,2026-04-21,28,0,R
810938,2026-04-21,4,1,R
813349,2026-04-21,23,1,L
445276,2026-04-22,6,0,R
527048,2026-04-22,12,2,L
548384,2026-04-22,4,0,L
571510,2026-04-22,19,0,L
571948,2026-04-22,4,0,L
573009,2026-04-22,6,0,L
573124,2026-04-22,3,0,L
592836,2026-04-22,21,2,R
593958,2026-04-22,24,2,L
593974,2026-04-22,5,1,L
595345,2026-04-22,3,0,L
596133,2026-04-22,6,0,R
605135,2026-04-22,25,2,R
605280,2026-04-22,27,1,R
605447,2026-04-22,5,0,R
606996,2026-04-22,9,0,L
607259,2026-04-22,30,0,R
608331,2026-04-22,29,0,L
608371,2026-04-22,5,1,R
608372,2026-04-22,23,0,R
608379,2026-04-22,25,1,R
608718,2026-04-22,3,0,L
621111,2026-04-22,19,0,R
622608,2026-04-22,8,0,R
623149,2026-04-22,5,0,R
623437,2026-04-22,3,0,R
624133,2026-04-22,21,1,L
640448,2026-04-22,3,0,R
641302,2026-04-22,7,0,L
641743,2026-04-22,22,2,L
641755,2026-04-22,5,0,R
641778,2026-04-22,24,2,L
641793,2026-04-22,28,4,R
641816,2026-04-22,26,0,R
642397,2026-04-22,6,0,L
642701,2026-04-22,3,0,R
642759,2026-04-22,3,0,R
643410,2026-04-22,5,0,R
650644,2026-04-22,23,1,R
656222,2026-04-22,3,1,L
656271,2026-04-22,3,0,L
656638,2026-04-22,3,0,R
656686,2026-04-22,3,0,R
656794,2026-04-22,9,0,L
656848,2026-04-22,3,0,R
657044,2026-04-22,5,1,R
660271,2026-04-22,23,0,R
660604,2026-04-22,12,0,R
660853,2026-04-22,6,0,R
662253,2026-04-22,4,1,R
663158,2026-04-22,4,0,R
663542,2026-04-22,5,0,L
663554,2026-04-22,24,0,R
663567,2026-04-22,24,0,R
663574,2026-04-22,2,0,R
663855,2026-04-22,3,0,R
664126,2026-04-22,2,0,R
664199,2026-04-22,4,0,R
666171,2026-04-22,6,0,R
666374,2026-04-22,3,0,R
666661,2026-04-22,4,0,R
666974,2026-04-22,4,1,R
667297,2026-04-22,6,0,R
667755,2026-04-22,20,0,R
668390,2026-04-22,4,0,R
668873,2026-04-22,4,0,R
669084,2026-04-22,7,0,L
669165,2026-04-22,3,0,R
669199,2026-04-22,3,1,R
669212,2026-04-22,8,1,R
669270,2026-04-22,5,0,R
669276,2026-04-22,3,0,L
669302,2026-04-22,22,0,R
669330,2026-04-22,5,0,R
669620,2026-04-22,3,0,L
669622,2026-04-22,4,0,R
670036,2026-04-22,4,0,R
676083,2026-04-22,17,0,R
676254,2026-04-22,4,0,R
676263,2026-04-22,6,1,L
676440,2026-04-22,24,1,R
676684,2026-04-22,5,0,R
676962,2026-04-22,10,0,R
677053,2026-04-22,4,0,L
677161,2026-04-22,3,0,R
677952,2026-04-22,25,1,R
677955,2026-04-22,6,1,R
678606,2026-04-22,8,0,L
679358,2026-04-22,3,0,R
679775,2026-04-22,5,0,L
680730,2026-04-22,6,0,L
680755,2026-04-22,4,0,R
681217,2026-04-22,4,0,R
681517,2026-04-22,25,0,R
681676,2026-04-22,6,0,R
681867,2026-04-22,3,0,R
681870,2026-04-22,4,0,L
682227,2026-04-22,22,1,L
683004,2026-04-22,22,0,R
683175,2026-04-22,8,0,R
683769,2026-04-22,3,0,R
686560,2026-04-22,3,0,R
686993,2026-04-22,4,0,R
687330,2026-04-22,3,0,R
687396,2026-04-22,5,0,L
687570,2026-04-22,17,0,L
688158,2026-04-22,9,0,R
689296,2026-04-22,4,0,R
692230,2026-04-22,9,1,R
694335,2026-04-22,3,0,R
694477,2026-04-22,19,1,R
696070,2026-04-22,8,0,L
696131,2026-04-22,4,0,R
700669,2026-04-22,4,0,R
700842,2026-04-22,10,0,L
800311,2026-04-22,18,1,R
805123,2026-04-22,3,0,R
471911,2026-04-23,3,0,R
518886,2026-04-23,5,0,R
543056,2026-04-23,5,0,L
571948,2026-04-23,4,0,L
572143,2026-04-23,6,0,R
573204,2026-04-23,1,1,L
594798,2026-04-23,23,1,R
596001,2026-04-23,3,0,R
607192,2026-04-23,25,0,R
607455,2026-04-23,3,0,L
621237,2026-04-23,5,0,L
621383,2026-04-23,4,0,L
622554,2026-04-23,3,0,R
623149,2026-04-23,5,1,R
623211,2026-04-23,3,1,R
641745,2026-04-23,4,1,R
642207,2026-04-23,5,0,R
642528,2026-04-23,1,0,R
642759,2026-04-23,8,1,R
647336,2026-04-23,22,0,R
650911,2026-04-23,30,2,L
656222,2026-04-23,3,0,L
656464,2026-04-23,6,0,R
656730,2026-04-23,3,0,R
656849,2026-04-23,15,1,L
656945,2026-04-23,3,0,L
657097,2026-04-23,3,0,R
657277,2026-04-23,29,0,R
657514,2026-04-23,2,0,L
657746,2026-04-23,25,2,R
663362,2026-04-23,26,1,R
663372,2026-04-23,9,0,R
663436,2026-04-23,24,0,R
663767,2026-04-23,4,0,R
663947,2026-04-23,5,0,L
663992,2026-04-23,4,0,L
664875,2026-04-23,4,0,R
665795,2026-04-23,28,2,R
665871,2026-04-23,3,0,R
666661,2026-04-23,5,0,R
668964,2026-04-23,9,0,R
669276,2026-04-23,3,0,L
669373,2026-04-23,24,0,L
669711,2026-04-23,4,0,R
670245,2026-04-23,2,0,R
670280,2026-04-23,3,0,R
670970,2026-04-23,4,1,L
670990,2026-04-23,4,0,R
672335,2026-04-23,4,0,L
672582,2026-04-23,4,1,L
675848,2026-04-23,9,0,R
676428,2026-04-23,1,0,L
676760,2026-04-23,9,0,R
676879,2026-04-23,3,0,L
676917,2026-04-23,23,0,R
678020,2026-04-23,4,0,R
680767,2026-04-23,7,1,R
681035,2026-04-23,10,0,R
681402,2026-04-23,5,0,R
681895,2026-04-23,7,0,L
681982,2026-04-23,1,0,R
682608,2026-04-23,3,0,R
682842,2026-04-23,2,1,R
686560,2026-04-23,3,0,R
687075,2026-04-23,21,1,R
688642,2026-04-23,15,1,R
689147,2026-04-23,5,0,R
691799,2026-04-23,7,0,R
693645,2026-04-23,28,1,R
694918,2026-04-23,8,0,R
695243,2026-04-23,3,0,R
696149,2026-04-23,23,2,R
701719,2026-04-23,6,0,L
702193,2026-04-23,10,0,R
702275,2026-04-23,27,2,R
702303,2026-04-23,5,0,L
801139,2026-04-23,22,1,L
445276,2026-04-24,4,1,R
453286,2026-04-24,16,3,R
518585,2026-04-24,6,2,R
519141,2026-04-24,6,0,L
543135,2026-04-24,25,4,R
547179,2026-04-24,26,0,R
552640,2026-04-24,3,0,R
571945,2026-04-24,14,1,R
572955,2026-04-24,2,0,R
573009,2026-04-24,6,0,L
579328,2026-04-24,22,0,L
592791,2026-04-24,22,1,R
595014,2026-04-24,5,1,R
605288,2026-04-24,23,2,R
605540,2026-04-24,21,1,R
606303,2026-04-24,4,0,R
607200,2026-04-24,24,0,R
607455,2026-04-24,2,0,L
607481,2026-04-24,4,0,L
615698,2026-04-24,12,1,R
621121,2026-04-24,24,2,R
621366,2026-04-24,5,0,L
621381,2026-04-24,3,0,L
622554,2026-04-24,4,0,R
622608,2026-04-24,4,0,R
622663,2026-04-24,26,0,R
623454,2026-04-24,3,0,R
640448,2026-04-24,6,1,R
640455,2026-04-24,15,0,L
641312,2026-04-24,5,0,R
641329,2026-04-24,3,0,R
641835,2026-04-24,6,0,L
642100,2026-04-24,3,0,L
642121,2026-04-24,4,0,R
642232,2026-04-24,8,0,L
642547,2026-04-24,27,0,R
645261,2026-04-24,26,0,R
650556,2026-04-24,3,0,R
656271,2026-04-24,4,0,L
656550,2026-04-24,28,2,R
656686,2026-04-24,3,0,R
656794,2026-04-24,1,0,L
656876,2026-04-24,24,1,R
656945,2026-04-24,4,1,L
660825,2026-04-24,1,0,R
662253,2026-04-24,4,0,R
663158,2026-04-24,5,0,R
663542,2026-04-24,4,0,L
663558,2026-04-24,11,1,L
663574,2026-04-24,6,2,R
663687,2026-04-24,4,0,L
663738,2026-04-24,1,0,L
663767,2026-04-24,2,0,R
663992,2026-04-24,4,0,L
664141,2026-04-24,13,0,R
664285,2026-04-24,21,1,L
665622,2026-04-24,3,0,R
666171,2026-04-24,3,0,R
666277,2026-04-24,2,0,R
666374,2026-04-24,3,0,R
666974,2026-04-24,1,0,R
667297,2026-04-24,3,0,R
667463,2026-04-24,4,0,L
668674,2026-04-24,4,0,R
668873,2026-04-24,5,0,R
668909,2026-04-24,27,2,R
668933,2026-04-24,4,0,R
669020,2026-04-24,10,0,L
669199,2026-04-24,8,1,R
669467,2026-04-24,23,1,R
669923,2026-04-24,24,0,R
670245,2026-04-24,10,0,R
671096,2026-04-24,19,2,L
671382,2026-04-24,8,0,R
671737,2026-04-24,29,4,R
671922,2026-04-24,4,0,R
673929,2026-04-24,4,1,R
675660,2026-04-24,19,0,L
676428,2026-04-24,3,0,L
676467,2026-04-24,14,2,L
676571,2026-04-24,7,0,L
676684,2026-04-24,5,1,R
676755,2026-04-24,4,0,R
677865,2026-04-24,5,0,L
677955,2026-04-24,5,0,R
678394,2026-04-24,23,5,R
679358,2026-04-24,3,0,R
679775,2026-04-24,3,0,L
680755,2026-04-24,4,0,R
681151,2026-04-24,3,0,R
681870,2026-04-24,3,0,L
681911,2026-04-24,5,0,L
682254,2026-04-24,3,0,L
683000,2026-04-24,12,0,R
683232,2026-04-24,3,0,R
683618,2026-04-24,1,0,R
683769,2026-04-24,3,0,R
686218,2026-04-24,24,0,R
686993,2026-04-24,2,0,R
687064,2026-04-24,25,1,R
689254,2026-04-24,3,0,L
691725,2026-04-24,28,1,R
693312,2026-04-24,7,0,R
693686,2026-04-24,9,0,R
694680,2026-04-24,7,1,R
694973,2026-04-24,22,0,R
700669,2026-04-24,6,0,R
701542,2026-04-24,24,0,R
702070,2026-04-24,28,0,L
518585,2026-04-25,3,0,R
543056,2026-04-25,4,0,L
544150,2026-04-25,18,0,R
554430,2026-04-25,20,0,R
572143,2026-04-25,8,0,R
573124,2026-04-25,3,0,L
592094,2026-04-25,4,0,R
592332,2026-04-25,25,1,R
592662,2026-04-25,21,0,L
592773,2026-04-25,3,0,R
592826,2026-04-25,8,0,R
594580,2026-04-25,3,0,L
595345,2026-04-25,3,0,L
596001,2026-04-25,4,0,R
605130,2026-04-25,3,0,R
605447,2026-04-25,7,0,R
605488,2026-04-25,26,1,L
607067,2026-04-25,20,1,R
608566,2026-04-25,26,1,R
621237,2026-04-25,4,0,L
621383,2026-04-25,3,0,L
623454,2026-04-25,10,1,R
624428,2026-04-25,3,0,R
641312,2026-04-25,7,0,R
641401,2026-04-25,3,0,R
641745,2026-04-25,4,0,R
641755,2026-04-25,5,0,R
641927,2026-04-25,23,1,R
641941,2026-04-25,4,0,R
642215,2026-04-25,8,2,R
642397,2026-04-25,3,0,L
642528,2026-04-25,3,0,R
642701,2026-04-25,5,0,R
643410,2026-04-25,3,0,R
643511,2026-04-25,3,0,R
656222,2026-04-25,3,0,L
656234,2026-04-25,3,0,R
656427,2026-04-25,14,3,R
656605,2026-04-25,22,0,R
656641,2026-04-25,3,0,L
656986,2026-04-25,5,0,L
657424,2026-04-25,5,0,L
657612,2026-04-25,4,1,L
657756,2026-04-25,3,0,R
660761,2026-04-25,7,0,L
662253,2026-04-25,3,0,R
663556,2026-04-25,21,0,L
663623,2026-04-25,23,0,R
663738,2026-04-25,3,0,L
663855,2026-04-25,5,0,R
663903,2026-04-25,24,2,R
663947,2026-04-25,6,0,L
663969,2026-04-25,11,1,R
664199,2026-04-25,7,0,R
665871,2026-04-25,16,0,R
666142,2026-04-25,23,1,L
666277,2026-04-25,5,0,R
666374,2026-04-25,4,0,R
666808,2026-04-25,4,0,R
668390,2026-04-25,3,0,R
668678,2026-04-25,10,0,R
668933,2026-04-25,4,0,R
668941,2026-04-25,4,0,L
669022,2026-04-25,25,0,L
669062,2026-04-25,4,0,L
669165,2026-04-25,4,0,R
669211,2026-04-25,9,1,L
669276,2026-04-25,4,0,L
669330,2026-04-25,5,0,R
669432,2026-04-25,11,0,L
669461,2026-04-25,19,3,L
669622,2026-04-25,4,0,R
669711,2026-04-25,5,0,R
670036,2026-04-25,5,0,R
670167,2026-04-25,4,0,R
670183,2026-04-25,5,0,R
670970,2026-04-25,5,0,L
670990,2026-04-25,3,0,R
671109,2026-04-25,3,0,L
672335,2026-04-25,5,0,L
672582,2026-04-25,4,0,L
673929,2026-04-25,7,0,R
674370,2026-04-25,1,0,R
676254,2026-04-25,4,0,R
676263,2026-04-25,3,0,L
676282,2026-04-25,22,1,L
676617,2026-04-25,9,0,R
676755,2026-04-25,3,0,R
676775,2026-04-25,3,0,R
676879,2026-04-25,7,0,L
676979,2026-04-25,22,0,L
677865,2026-04-25,3,0,L
677960,2026-04-25,21,1,L
678606,2026-04-25,10,0,L
678906,2026-04-25,3,1,R
679358,2026-04-25,4,0,R
679775,2026-04-25,5,0,L
680704,2026-04-25,4,0,R
680730,2026-04-25,8,0,L
681151,2026-04-25,6,0,R
681217,2026-04-25,6,0,R
681347,2026-04-25,21,2,R
681402,2026-04-25,4,0,R
681867,2026-04-25,9,1,R
681982,2026-04-25,2,0,R
682254,2026-04-25,4,0,L
682842,2026-04-25,3,0,R
683175,2026-04-25,2,0,R
685801,2026-04-25,3,0,R
686973,2026-04-25,7,0,R
687330,2026-04-25,7,0,R
688883,2026-04-25,7,0,R
689147,2026-04-25,5,0,R
689254,2026-04-25,1,0,L
691587,2026-04-25,24,2,R
691799,2026-04-25,3,0,R
693433,2026-04-25,18,4,R
693821,2026-04-25,28,0,R
694297,2026-04-25,13,1,R
694335,2026-04-25,3,0,R
694361,2026-04-25,5,0,R
694680,2026-04-25,5,0,R
694819,2026-04-25,26,0,R
694851,2026-04-25,5,1,R
695243,2026-04-25,3,0,R
695418,2026-04-25,4,0,R
696131,2026-04-25,5,0,R
699823,2026-04-25,4,0,R
700669,2026-04-25,3,0,R
700712,2026-04-25,21,1,R
701719,2026-04-25,3,0,L
702273,2026-04-25,25,0,L
805123,2026-04-25,7,0,R
808963,2026-04-25,23,3,R
500779,2026-04-26,20,1,L
519141,2026-04-26,2,1,L
519242,2026-04-26,22,0,L
547973,2026-04-26,3,0,L
548384,2026-04-26,3,0,L
552640,2026-04-26,3,0,R
571578,2026-04-26,21,0,L
571948,2026-04-26,4,1,L
572955,2026-04-26,4,1,R
592773,2026-04-26,3,0,R
593974,2026-04-26,3,0,L
594580,2026-04-26,3,1,L
596133,2026-04-26,3,0,R
605218,2026-04-26,13,0,R
605400,2026-04-26,25,2,R
605441,2026-04-26,5,0,R
606303,2026-04-26,3,0,R
607455,2026-04-26,2,0,L
607481,2026-04-26,5,1,L
607625,2026-04-26,33,1,R
608718,2026-04-26,6,0,L
621112,2026-04-26,10,0,R
622554,2026-04-26,4,1,R
623211,2026-04-26,7,0,R
623437,2026-04-26,4,0,R
640448,2026-04-26,4,0,R
641302,2026-04-26,5,0,L
641329,2026-04-26,3,0,R
641835,2026-04-26,4,0,L
642100,2026-04-26,3,0,L
642121,2026-04-26,5,0,R
642207,2026-04-26,3,0,R
642232,2026-04-26,4,0,L
642528,2026-04-26,4,0,R
643377,2026-04-26,8,0,R
643511,2026-04-26,3,0,R
650633,2026-04-26,22,2,R
656271,2026-04-26,6,0,L
656464,2026-04-26,4,1,R
656492,2026-04-26,26,0,L
656546,2026-04-26,4,0,R
656638,2026-04-26,7,0,R
656730,2026-04-26,5,0,R
656794,2026-04-26,3,0,L
657044,2026-04-26,4,0,R
660825,2026-04-26,4,0,R
660853,2026-04-26,7,0,R
661563,2026-04-26,20,2,R
663158,2026-04-26,3,0,R
663485,2026-04-26,2,0,R
663542,2026-04-26,3,0,L
663687,2026-04-26,4,0,L
663767,2026-04-26,3,0,R
663992,2026-04-26,5,0,L
664192,2026-04-26,4,1,L
664875,2026-04-26,3,0,R
664991,2026-04-26,3,0,L
666171,2026-04-26,6,0,R
666661,2026-04-26,4,0,R
666974,2026-04-26,4,0,R
668674,2026-04-26,4,0,R
668941,2026-04-26,4,1,L
669062,2026-04-26,4,0,L
669165,2026-04-26,3,0,R
669194,2026-04-26,24,2,R
669212,2026-04-26,2,0,R
669270,2026-04-26,3,0,R
669372,2026-04-26,14,0,R
669387,2026-04-26,18,0,R
669622,2026-04-26,3,0,R
669724,2026-04-26,4,0,R
669947,2026-04-26,20,1,R
670059,2026-04-26,4,0,R
670329,2026-04-26,3,0,R
672282,2026-04-26,21,1,L
672456,2026-04-26,22,2,R
673540,2026-04-26,15,1,R
675848,2026-04-26,5,0,R
676106,2026-04-26,27,2,R
676263,2026-04-26,4,0,L
676428,2026-04-26,3,0,L
676477,2026-04-26,5,0,R
676510,2026-04-26,4,0,R
676534,2026-04-26,6,0,R
676684,2026-04-26,3,0,R
676742,2026-04-26,8,0,R
676760,2026-04-26,6,0,R
676879,2026-04-26,6,0,L
676974,2026-04-26,21,0,R
677053,2026-04-26,7,1,L
677161,2026-04-26,1,0,R
677944,2026-04-26,24,1,R
677955,2026-04-26,6,0,R
677958,2026-04-26,25,0,R
678020,2026-04-26,4,0,R
678022,2026-04-26,7,0,R
678606,2026-04-26,3,0,L
680573,2026-04-26,22,1,R
680694,2026-04-26,21,1,R
680732,2026-04-26,25,0,R
680736,2026-04-26,27,0,L
680755,2026-04-26,7,0,R
680767,2026-04-26,3,0,R
681293,2026-04-26,26,1,R
681402,2026-04-26,3,0,R
681810,2026-04-26,6,0,R
681892,2026-04-26,4,0,L
681895,2026-04-26,6,0,L
682052,2026-04-26,7,0,L
682120,2026-04-26,3,0,L
682608,2026-04-26,6,0,R
682842,2026-04-26,3,0,R
683232,2026-04-26,3,0,R
683618,2026-04-26,5,0,R
683742,2026-04-26,9,1,R
684007,2026-04-26,25,0,L
686560,2026-04-26,4,0,R
686973,2026-04-26,4,0,R
686993,2026-04-26,4,0,R
687606,2026-04-26,4,0,R
687911,2026-04-26,3,0,L
688158,2026-04-26,5,1,R
688642,2026-04-26,4,0,R
689296,2026-04-26,4,0,R
690986,2026-04-26,19,0,L
690997,2026-04-26,21,0,R
694335,2026-04-26,5,0,R
694738,2026-04-26,27,1,R
695076,2026-04-26,22,0,R
696147,2026-04-26,7,1,R
699134,2026-04-26,5,0,R
700241,2026-04-26,22,1,R
801403,2026-04-26,26,0,R
813349,2026-04-26,24,2,L
519141,2026-04-27,5,2,L
571510,2026-04-27,22,0,L
571927,2026-04-27,25,1,L
573009,2026-04-27,4,0,L
573124,2026-04-27,3,0,L
592094,2026-04-27,4,0,R
608331,2026-04-27,21,0,L
622491,2026-04-27,25,2,R
624133,2026-04-27,25,0,L
641329,2026-04-27,5,0,R
641743,2026-04-27,22,0,L
642397,2026-04-27,3,0,L
642701,2026-04-27,8,2,R
656302,2026-04-27,27,0,R
656848,2026-04-27,5,0,R
656945,2026-04-27,4,0,L
657097,2026-04-27,4,1,R
657612,2026-04-27,5,0,L
663542,2026-04-27,1,0,L
663855,2026-04-27,3,0,R
663969,2026-04-27,2,0,R
663978,2026-04-27,17,0,R
664126,2026-04-27,5,0,R
664208,2026-04-27,6,0,R
664875,2026-04-27,3,0,R
666277,2026-04-27,4,0,R
666808,2026-04-27,4,1,R
667297,2026-04-27,4,0,R
667463,2026-04-27,3,0,L
669160,2026-04-27,25,0,R
669711,2026-04-27,4,0,R
670036,2026-04-27,1,0,R
670059,2026-04-27,6,0,R
670280,2026-04-27,6,0,R
670970,2026-04-27,6,0,L
671109,2026-04-27,3,0,L
674370,2026-04-27,10,1,R
676534,2026-04-27,3,0,R
676742,2026-04-27,1,0,R
676755,2026-04-27,1,0,R
676962,2026-04-27,9,0,R
677053,2026-04-27,5,0,L
677961,2026-04-27,9,0,R
680704,2026-04-27,3,0,R
681190,2026-04-27,23,2,R
681676,2026-04-27,6,0,R
681870,2026-04-27,4,0,L
681895,2026-04-27,3,0,L
681911,2026-04-27,4,0,L
682254,2026-04-27,3,0,L
682608,2026-04-27,9,0,R
683004,2026-04-27,26,3,R
683618,2026-04-27,3,0,R
683769,2026-04-27,4,1,R
686560,2026-04-27,3,0,R
686799,2026-04-27,25,0,R
687570,2026-04-27,19,0,L
691799,2026-04-27,8,0,R
693855,2026-04-27,4,0,L
695243,2026-04-27,6,0,R
695380,2026-04-27,10,0,R
695445,2026-04-27,5,1,R
696062,2026-04-27,12,0,R
702193,2026-04-27,13,1,R
800048,2026-04-27,22,0,L
808967,2026-04-27,24,1,R
820862,2026-04-27,3,0,R
472610,2026-04-28,6,0,R
518585,2026-04-28,5,0,R
518876,2026-04-28,25,1,R
518886,2026-04-28,3,0,R
527048,2026-04-28,21,0,L
543510,2026-04-28,3,0,R
552640,2026-04-28,6,0,R
571948,2026-04-28,4,0,L
572143,2026-04-28,8,0,R
593974,2026-04-28,6,1,L
594798,2026-04-28,22,0,R
595014,2026-04-28,4,0,R
595345,2026-04-28,3,0,L
596001,2026-04-28,3,0,R
605130,2026-04-28,4,0,R
605280,2026-04-28,22,0,R
606996,2026-04-28,4,0,L
607259,2026-04-28,25,0,R
607481,2026-04-28,5,1,L
607536,2026-04-28,20,1,L
608718,2026-04-28,4,1,L
621111,2026-04-28,22,0,R
621381,2026-04-28,6,0,L
622554,2026-04-28,3,0,R
641401,2026-04-28,5,0,R
641755,2026-04-28,5,0,R
641793,2026-04-28,20,2,R
641816,2026-04-28,22,0,R
641835,2026-04-28,3,0,L
642100,2026-04-28,3,0,L
642121,2026-04-28,5,0,R
643410,2026-04-28,3,0,R
643511,2026-04-28,3,0,R
650644,2026-04-28,21,0,R
656222,2026-04-28,4,1,L
656271,2026-04-28,4,0,L
656546,2026-04-28,3,0,R
656794,2026-04-28,6,0,L
656848,2026-04-28,4,0,R
656945,2026-04-28,4,0,L
656986,2026-04-28,3,0,L
657044,2026-04-28,2,0,R
657424,2026-04-28,5,0,L
657746,2026-04-28,24,0,R
660271,2026-04-28,27,0,R
660825,2026-04-28,4,0,R
663436,2026-04-28,26,0,R
663460,2026-04-28,24,0,L
663485,2026-04-28,5,1,R
663554,2026-04-28,11,0,R
663574,2026-04-28,5,0,R
663687,2026-04-28,5,1,L
663738,2026-04-28,4,0,L
663765,2026-04-28,11,0,R
663947,2026-04-28,7,1,L
663969,2026-04-28,4,0,R
664192,2026-04-28,4,0,L
664199,2026-04-28,4,0,R
664854,2026-04-28,3,0,R
665795,2026-04-28,25,1,R
666200,2026-04-28,23,0,L
666374,2026-04-28,3,0,R
667463,2026-04-28,2,0,L
667755,2026-04-28,24,2,R
668390,2026-04-28,4,1,R
668674,2026-04-28,5,0,R
668933,2026-04-28,4,0,R
668964,2026-04-28,7,0,R
669020,2026-04-28,6,0,L
669302,2026-04-28,24,1,R
669358,2026-04-28,24,1,R
669622,2026-04-28,3,0,R
670167,2026-04-28,2,0,R
670245,2026-04-28,6,0,R
670280,2026-04-28,6,0,R
670329,2026-04-28,1,0,R
673929,2026-04-28,4,1,R
675660,2026-04-28,3,0,L
676083,2026-04-28,23,0,R
676263,2026-04-28,4,0,L
676428,2026-04-28,9,0,L
676440,2026-04-28,22,0,R
676760,2026-04-28,8,0,R
677161,2026-04-28,5,0,R
677865,2026-04-28,6,0,L
677952,2026-04-28,22,2,R
678022,2026-04-28,3,0,R
678906,2026-04-28,13,0,R
680802,2026-04-28,15,1,R
681517,2026-04-28,23,2,R
681867,2026-04-28,3,0,R
681892,2026-04-28,6,0,L
682120,2026-04-28,6,0,L
682995,2026-04-28,23,0,L
683232,2026-04-28,3,0,R
685299,2026-04-28,15,1,R
686973,2026-04-28,3,0,R
686993,2026-04-28,5,1,R
687330,2026-04-28,1,0,R
687396,2026-04-28,5,0,L
688158,2026-04-28,4,0,R
688883,2026-04-28,4,0,R
689147,2026-04-28,3,0,R
689254,2026-04-28,3,0,L
689296,2026-04-28,6,0,R
693645,2026-04-28,23,0,R
693855,2026-04-28,4,0,L
694335,2026-04-28,4,1,R
694477,2026-04-28,20,0,R
694851,2026-04-28,11,0,R
694918,2026-04-28,11,0,R
695418,2026-04-28,8,0,R
695505,2026-04-28,26,1,R
700669,2026-04-28,4,0,R
701552,2026-04-28,8,0,R
701719,2026-04-28,3,0,L
702056,2026-04-28,20,0,R
800311,2026-04-28,7,0,R
801139,2026-04-28,20,0,L
820862,2026-04-28,7,0,R
445276,2026-04-29,2,1,R
518585,2026-04-29,4,0,R
519141,2026-04-29,4,0,L
543135,2026-04-29,26,0,R
571948,2026-04-29,1,0,L
573009,2026-04-29,3,0,L
573124,2026-04-29,3,0,L
579328,2026-04-29,9,0,L
592094,2026-04-29,5,1,R
592773,2026-04-29,4,0,R
592791,2026-04-29,25,2,R
593958,2026-04-29,23,0,L
605218,2026-04-29,12,1,R
606965,2026-04-29,4,0,R
607192,2026-04-29,24,2,R
607200,2026-04-29,26,2,R
607455,2026-04-29,4,0,L
608372,2026-04-29,22,0,R
608379,2026-04-29,25,1,R
622554,2026-04-29,3,0,R
622663,2026-04-29,25,0,R
623149,2026-04-29,3,0,R
623474,2026-04-29,7,1,R
624431,2026-04-29,9,0,R
625643,2026-04-29,6,0,R
640448,2026-04-29,5,0,R
640455,2026-04-29,18,1,L
641778,2026-04-29,19,1,L
642100,2026-04-29,6,0,L
642701,2026-04-29,3,0,R
643410,2026-04-29,2,0,R
645261,2026-04-29,27,0,R
656234,2026-04-29,5,0,R
656464,2026-04-29,5,0,R
656638,2026-04-29,4,0,R
656641,2026-04-29,7,0,L
656686,2026-04-29,3,0,R
656849,2026-04-29,19,0,L
656876,2026-04-29,24,0,R
657514,2026-04-29,5,0,L
657612,2026-04-29,1,0,L
660825,2026-04-29,3,0,R
662253,2026-04-29,3,0,R
663362,2026-04-29,22,1,R
663542,2026-04-29,4,0,L
663558,2026-04-29,11,0,L
664199,2026-04-29,3,0,R
666171,2026-04-29,8,0,R
666277,2026-04-29,6,0,R
666661,2026-04-29,3,0,R
667297,2026-04-29,3,0,R
667463,2026-04-29,3,0,L
668909,2026-04-29,29,0,R
668941,2026-04-29,4,0,L
668984,2026-04-29,5,0,R
669084,2026-04-29,9,0,L
669165,2026-04-29,3,0,R
669270,2026-04-29,7,0,R
669276,2026-04-29,5,0,L
669373,2026-04-29,24,1,L
669467,2026-04-29,24,1,R
669711,2026-04-29,4,1,R
669923,2026-04-29,25,0,R
670970,2026-04-29,4,0,L
670990,2026-04-29,5,0,R
671737,2026-04-29,27,1,R
671922,2026-04-29,4,0,R
672335,2026-04-29,3,0,L
672782,2026-04-29,8,0,R
675848,2026-04-29,4,0,R
676477,2026-04-29,4,1,R
676534,2026-04-29,5,0,R
676571,2026-04-29,3,0,L
676617,2026-04-29,4,0,R
676917,2026-04-29,27,1,R
676962,2026-04-29,4,0,R
677053,2026-04-29,3,0,L
678394,2026-04-29,18,0,R
678606,2026-04-29,2,0,L
679358,2026-04-29,5,0,R
679883,2026-04-29,5,0,R
680755,2026-04-29,5,0,R
681217,2026-04-29,4,0,R
681867,2026-04-29,1,0,R
681870,2026-04-29,1,0,L
681895,2026-04-29,6,0,L
681911,2026-04-29,1,0,L
681982,2026-04-29,5,2,R
682227,2026-04-29,16,0,L
682825,2026-04-29,9,1,R
683742,2026-04-29,14,1,R
687075,2026-04-29,20,2,R
687396,2026-04-29,4,0,L
687606,2026-04-29,5,0,R
693686,2026-04-29,7,0,R
694361,2026-04-29,10,0,R
695243,2026-04-29,4,0,R
695684,2026-04-29,20,0,R
696131,2026-04-29,4,0,R
696147,2026-04-29,2,0,R
696149,2026-04-29,22,1,R
699134,2026-04-29,6,0,R
699823,2026-04-29,2,0,R
702153,2026-04-29,7,0,L
702275,2026-04-29,25,1,R
815083,2026-04-29,14,0,L
543510,2026-04-30,6,0,R
547179,2026-04-30,23,2,R
548384,2026-04-30,3,0,L
571945,2026-04-30,16,1,R
573009,2026-04-30,2,0,L
592332,2026-04-30,23,2,R
592773,2026-04-30,4,0,R
595345,2026-04-30,5,1,L
596133,2026-04-30,5,1,R
605130,2026-04-30,4,0,R
605135,2026-04-30,28,0,R
605288,2026-04-30,19,2,R
605488,2026-04-30,16,1,L
605540,2026-04-30,6,0,R
606303,2026-04-30,4,0,R
606965,2026-04-30,6,0,R
607455,2026-04-30,3,0,L
607481,2026-04-30,3,0,L
621121,2026-04-30,24,0,R
621237,2026-04-30,5,0,L
621366,2026-04-30,4,0,L
621383,2026-04-30,6,0,L
622608,2026-04-30,7,0,R
623437,2026-04-30,3,0,R
623454,2026-04-30,8,0,R
640448,2026-04-30,4,0,R
641745,2026-04-30,4,0,R
641755,2026-04-30,6,0,R
641835,2026-04-30,9,0,L
641927,2026-04-30,24,1,R
641941,2026-04-30,6,0,R
642207,2026-04-30,4,0,R
642528,2026-04-30,4,0,R
642547,2026-04-30,25,0,R
647336,2026-04-30,21,1,R
650556,2026-04-30,7,0,R
650911,2026-04-30,27,0,L
656638,2026-04-30,3,0,R
656730,2026-04-30,3,0,R
657277,2026-04-30,27,1,R
657424,2026-04-30,2,0,L
660761,2026-04-30,6,0,L
660853,2026-04-30,5,0,R
663567,2026-04-30,18,0,R
663574,2026-04-30,3,0,R
663765,2026-04-30,3,0,R
663767,2026-04-30,5,0,R
663992,2026-04-30,3,0,L
664285,2026-04-30,25,0,L
664744,2026-04-30,4,0,R
665622,2026-04-30,14,0,R
666974,2026-04-30,3,0,R
667297,2026-04-30,4,0,R
668873,2026-04-30,7,0,R
668941,2026-04-30,4,1,L
669062,2026-04-30,3,0,L
669211,2026-04-30,4,0,L
669330,2026-04-30,4,0,R
669620,2026-04-30,5,1,L
669920,2026-04-30,11,1,R
670167,2026-04-30,7,0,R
670329,2026-04-30,1,0,R
670950,2026-04-30,11,0,R
670990,2026-04-30,4,0,R
671096,2026-04-30,25,1,L
671382,2026-04-30,10,0,R
675660,2026-04-30,16,0,L
675989,2026-04-30,5,0,R
676254,2026-04-30,5,0,R
676510,2026-04-30,11,0,R
676755,2026-04-30,7,0,R
676775,2026-04-30,10,0,R
677865,2026-04-30,3,0,L
678022,2026-04-30,4,0,R
680730,2026-04-30,12,0,L
680742,2026-04-30,5,0,R
680767,2026-04-30,6,0,R
681402,2026-04-30,5,0,R
681982,2026-04-30,2,0,R
682254,2026-04-30,4,0,L
683175,2026-04-30,5,0,R
687064,2026-04-30,25,2,R
689147,2026-04-30,4,0,R
689254,2026-04-30,6,0,L
689296,2026-04-30,7,0,R
690928,2026-04-30,19,0,R
691769,2026-04-30,8,0,L
693821,2026-04-30,26,0,R
694297,2026-04-30,4,1,R
694335,2026-04-30,5,0,R
694973,2026-04-30,23,2,R
700669,2026-04-30,5,0,R
702070,2026-04-30,27,0,L
702153,2026-04-30,4,0,L
702193,2026-04-30,5,0,R
805123,2026-04-30,3,0,R
472610,2026-05-01,3,0,R
500779,2026-05-01,23,1,L
518585,2026-05-01,2,0,R
543056,2026-05-01,3,0,L
544150,2026-05-01,13,0,R
547973,2026-05-01,4,0,L
548384,2026-05-01,3,0,L
554430,2026-05-01,23,0,R
571578,2026-05-01,23,1,L
572143,2026-05-01,9,0,R
572955,2026-05-01,7,0,R
573124,2026-05-01,4,0,L
592662,2026-05-01,22,2,L
593974,2026-05-01,7,0,L
594580,2026-05-01,2,0,L
596001,2026-05-01,3,0,R
596133,2026-05-01,3,0,R
607067,2026-05-01,25,0,R
608566,2026-05-01,24,2,R
608718,2026-05-01,4,0,L
621237,2026-05-01,3,0,L
621381,2026-05-01,4,0,L
623211,2026-05-01,3,0,R
624431,2026-05-01,4,0,R
641302,2026-05-01,4,0,L
641329,2026-05-01,3,0,R
641401,2026-05-01,4,0,R
641745,2026-05-01,5,0,R
642121,2026-05-01,3,0,R
642207,2026-05-01,3,0,R
643511,2026-05-01,3,0,R
646241,2026-05-01,4,0,L
656222,2026-05-01,6,0,L
656234,2026-05-01,4,0,R
656427,2026-05-01,19,1,R
656464,2026-05-01,3,0,R
656546,2026-05-01,6,0,R
656550,2026-05-01,25,1,R
656605,2026-05-01,26,0,R
656641,2026-05-01,3,0,L
656986,2026-05-01,3,0,L
657044,2026-05-01,6,0,R
657097,2026-05-01,7,0,R
663158,2026-05-01,4,0,R
663556,2026-05-01,20,0,L
663623,2026-05-01,25,0,R
663687,2026-05-01,6,0,L
663738,2026-05-01,5,1,L
663855,2026-05-01,4,0,R
663903,2026-05-01,19,2,R
664141,2026-05-01,6,0,R
664208,2026-05-01,3,0,R
664875,2026-05-01,3,0,R
666142,2026-05-01,23,3,L
666277,2026-05-01,5,0,R
666808,2026-05-01,3,0,R
668390,2026-05-01,4,0,R
668674,2026-05-01,3,0,R
668678,2026-05-01,21,0,R
668834,2026-05-01,3,0,R
669020,2026-05-01,6,1,L
669022,2026-05-01,18,0,L
669165,2026-05-01,3,0,R
669199,2026-05-01,7,0,R
669270,2026-05-01,5,0,R
669330,2026-05-01,7,0,R
669372,2026-05-01,23,0,R
669461,2026-05-01,23,0,L
669620,2026-05-01,6,0,L
669724,2026-05-01,4,0,R
670036,2026-05-01,2,0,R
671922,2026-05-01,4,0,R
672335,2026-05-01,8,0,L
674370,2026-05-01,7,0,R
675848,2026-05-01,7,1,R
676263,2026-05-01,6,0,L
676282,2026-05-01,20,1,L
676428,2026-05-01,4,0,L
676477,2026-05-01,5,0,R
676760,2026-05-01,10,0,R
676879,2026-05-01,12,0,L
677161,2026-05-01,6,0,R
677955,2026-05-01,4,0,R
677961,2026-05-01,5,0,R
678606,2026-05-01,6,0,L
679358,2026-05-01,9,0,R
680573,2026-05-01,25,2,R
680704,2026-05-01,7,0,R
680742,2026-05-01,5,0,R
680755,2026-05-01,2,0,R
681035,2026-05-01,19,1,R
681217,2026-05-01,2,0,R
681347,2026-05-01,26,1,R
681870,2026-05-01,3,0,L
681895,2026-05-01,3,0,L
682120,2026-05-01,5,0,L
682825,2026-05-01,4,0,R
683232,2026-05-01,3,0,R
683618,2026-05-01,7,0,R
683627,2026-05-01,6,0,R
683769,2026-05-01,4,0,R
686218,2026-05-01,22,2,R
686973,2026-05-01,5,0,R
686993,2026-05-01,5,1,R
687209,2026-05-01,8,2,R
687562,2026-05-01,20,1,L
687606,2026-05-01,5,0,R
687911,2026-05-01,4,0,L
688642,2026-05-01,7,0,R
689147,2026-05-01,4,0,R
691587,2026-05-01,22,0,R
693433,2026-05-01,25,2,R
693855,2026-05-01,4,0,L
694335,2026-05-01,4,0,R
694819,2026-05-01,18,0,R
695380,2026-05-01,3,0,R
699823,2026-05-01,3,0,R
700249,2026-05-01,20,2,L
700669,2026-05-01,5,0,R
700712,2026-05-01,19,0,R
701542,2026-05-01,23,1,R
701552,2026-05-01,8,0,R
702273,2026-05-01,22,0,L
800311,2026-05-01,3,0,R
805299,2026-05-01,6,0,L
806188,2026-05-01,11,1,L
820862,2026-05-01,4,1,R
472610,2026-05-02,4,0,R
518886,2026-05-02,5,0,R
519242,2026-05-02,27,0,L
592773,2026-05-02,5,0,R
594580,2026-05-02,8,0,L
605130,2026-05-02,6,0,R
606965,2026-05-02,2,1,R
606996,2026-05-02,3,0,L
607455,2026-05-02,7,1,L
607625,2026-05-02,26,0,R
608650,2026-05-02,3,0,L
615698,2026-05-02,12,0,R
621112,2026-05-02,7,0,R
621366,2026-05-02,4,0,L
621381,2026-05-02,3,0,L
621383,2026-05-02,6,0,L
622554,2026-05-02,2,0,R
623211,2026-05-02,4,0,R
623437,2026-05-02,3,1,R
623454,2026-05-02,9,0,R
624431,2026-05-02,11,0,R
642397,2026-05-02,3,0,L
642528,2026-05-02,1,0,R
643377,2026-05-02,10,0,R
650633,2026-05-02,25,0,R
656234,2026-05-02,4,0,R
656271,2026-05-02,10,0,L
656302,2026-05-02,28,1,R
656464,2026-05-02,2,0,R
656492,2026-05-02,26,0,L
656730,2026-05-02,3,0,R
656986,2026-05-02,3,0,L
657424,2026-05-02,3,0,L
657514,2026-05-02,5,1,L
657612,2026-05-02,1,0,L
660825,2026-05-02,3,0,R
660853,2026-05-02,6,0,R
662253,2026-05-02,5,0,R
663542,2026-05-02,3,0,L
663687,2026-05-02,4,0,L
664076,2026-05-02,4,0,L
664199,2026-05-02,3,0,R
664991,2026-05-02,3,0,L
666171,2026-05-02,7,0,R
666619,2026-05-02,6,0,R
666661,2026-05-02,4,0,R
666808,2026-05-02,3,0,R
668674,2026-05-02,3,0,R
668933,2026-05-02,4,0,R
668941,2026-05-02,3,0,L
668964,2026-05-02,12,0,R
668984,2026-05-02,3,0,R
669084,2026-05-02,1,0,L
669093,2026-05-02,3,0,R
669194,2026-05-02,23,1,R
669211,2026-05-02,4,1,L
669276,2026-05-02,3,0,L
669387,2026-05-02,28,1,R
669622,2026-05-02,3,0,R
669947,2026-05-02,12,0,R
670036,2026-05-02,3,0,R
670059,2026-05-02,6,0,R
670245,2026-05-02,13,1,R
670950,2026-05-02,8,0,R
670990,2026-05-02,7,0,R
671109,2026-05-02,4,0,L
672282,2026-05-02,27,0,L
672456,2026-05-02,26,1,R
675919,2026-05-02,4,0,L
676106,2026-05-02,27,0,R
676617,2026-05-02,7,0,R
676702,2026-05-02,3,0,R
676962,2026-05-02,6,0,R
676974,2026-05-02,22,0,R
677053,2026-05-02,3,0,L
677944,2026-05-02,25,2,R
677958,2026-05-02,12,1,R
677960,2026-05-02,21,1,L
678906,2026-05-02,5,0,R
679883,2026-05-02,6,0,R
680694,2026-05-02,21,2,R
680732,2026-05-02,23,0,R
681293,2026-05-02,23,0,R
681810,2026-05-02,5,0,R
681867,2026-05-02,3,0,R
681892,2026-05-02,5,0,L
681911,2026-05-02,4,0,L
681982,2026-05-02,3,0,R
682052,2026-05-02,25,2,L
682120,2026-05-02,4,0,L
682608,2026-05-02,9,0,R
682842,2026-05-02,5,0,R
683175,2026-05-02,4,0,R
683742,2026-05-02,4,0,R
683769,2026-05-02,4,0,R
684007,2026-05-02,26,0,L
685299,2026-05-02,10,1,R
686560,2026-05-02,4,0,R
687330,2026-05-02,5,0,R
687377,2026-05-02,3,0,R
687570,2026-05-02,20,2,L
687911,2026-05-02,3,0,L
689254,2026-05-02,3,0,L
689296,2026-05-02,4,0,R
690986,2026-05-02,24,0,L
690997,2026-05-02,18,0,R
691725,2026-05-02,25,1,R
691799,2026-05-02,7,0,R
693686,2026-05-02,3,0,R
694738,2026-05-02,23,0,R
695076,2026-05-02,13,0,R
695418,2026-05-02,12,0,R
696147,2026-05-02,5,0,R
699134,2026-05-02,3,0,R
700241,2026-05-02,20,0,R
701719,2026-05-02,9,0,L
801403,2026-05-02,27,1,R
804619,2026-05-02,3,0,R
806960,2026-05-02,13,1,R
808963,2026-05-02,26,1,R
813349,2026-05-02,20,1,L
518585,2026-05-03,3,0,R
518876,2026-05-03,24,1,R
519141,2026-05-03,3,0,L
547973,2026-05-03,4,0,L
548384,2026-05-03,4,0,L
552640,2026-05-03,8,1,R
571510,2026-05-03,22,1,L
571927,2026-05-03,22,0,L
571948,2026-05-03,4,0,L
572143,2026-05-03,4,0,R
573009,2026-05-03,4,0,L
573124,2026-05-03,12,0,L
592094,2026-05-03,4,0,R
595014,2026-05-03,1,0,R
595345,2026-05-03,4,0,L
596133,2026-05-03,5,0,R
605280,2026-05-03,26,0,R
607481,2026-05-03,6,1,L
607536,2026-05-03,24,2,L
608331,2026-05-03,24,0,L
608650,2026-05-03,4,0,L
622491,2026-05-03,26,0,R
622608,2026-05-03,11,0,R
623149,2026-05-03,2,0,R
623437,2026-05-03,6,1,R
623474,2026-05-03,7,0,R
624133,2026-05-03,16,0,L
625643,2026-05-03,5,0,R
640448,2026-05-03,4,0,R
641302,2026-05-03,4,0,L
641329,2026-05-03,3,0,R
641743,2026-05-03,21,2,L
641755,2026-05-03,4,1,R
641793,2026-05-03,13,0,R
641816,2026-05-03,22,0,R
642048,2026-05-03,3,0,L
642397,2026-05-03,4,0,L
643410,2026-05-03,3,0,R
650556,2026-05-03,8,0,R
650644,2026-05-03,26,1,R
656288,2026-05-03,19,1,R
656546,2026-05-03,3,0,R
656686,2026-05-03,5,1,R
656945,2026-05-03,3,0,L
657044,2026-05-03,2,0,R
657424,2026-05-03,3,0,L
657746,2026-05-03,2,0,R
660853,2026-05-03,4,0,R
663158,2026-05-03,4,0,R
663460,2026-05-03,26,0,L
663542,2026-05-03,5,0,L
663558,2026-05-03,3,0,L
663574,2026-05-03,6,0,R
663738,2026-05-03,4,0,L
663765,2026-05-03,3,0,R
663767,2026-05-03,5,0,R
663947,2026-05-03,3,0,L
663969,2026-05-03,13,0,R
663978,2026-05-03,18,1,R
663992,2026-05-03,3,0,L
664208,2026-05-03,6,0,R
664991,2026-05-03,5,0,L
666200,2026-05-03,27,1,L
666974,2026-05-03,2,0,R
667297,2026-05-03,4,0,R
667463,2026-05-03,4,0,L
668873,2026-05-03,6,0,R
669160,2026-05-03,25,0,R
669270,2026-05-03,4,0,R
669276,2026-05-03,3,0,L
669711,2026-05-03,6,0,R
669724,2026-05-03,6,0,R
670059,2026-05-03,9,0,R
670167,2026-05-03,3,0,R
670280,2026-05-03,4,0,R
670329,2026-05-03,3,0,R
670970,2026-05-03,8,1,L
673929,2026-05-03,3,0,R
675911,2026-05-03,19,1,R
675989,2026-05-03,12,0,R
676254,2026-05-03,5,0,R
676428,2026-05-03,12,0,L
676477,2026-05-03,5,0,R
676534,2026-05-03,3,0,R
676568,2026-05-03,7,0,R
676571,2026-05-03,8,0,L
676775,2026-05-03,3,0,R
677161,2026-05-03,5,0,R
677865,2026-05-03,5,0,L
677952,2026-05-03,27,0,R
677961,2026-05-03,5,0,R
679358,2026-05-03,6,0,R
680704,2026-05-03,6,1,R
680730,2026-05-03,6,0,L
680736,2026-05-03,25,0,L
680755,2026-05-03,5,0,R
680767,2026-05-03,3,0,R
681402,2026-05-03,3,0,R
681892,2026-05-03,1,0,L
683004,2026-05-03,26,1,R
685801,2026-05-03,8,0,R
686560,2026-05-03,3,0,R
686799,2026-05-03,28,1,R
686993,2026-05-03,3,0,R
687396,2026-05-03,5,0,L
688883,2026-05-03,8,0,R
689147,2026-05-03,3,0,R
689546,2026-05-03,4,0,R
693855,2026-05-03,3,0,L
694297,2026-05-03,14,0,R
694346,2026-05-03,21,2,R
694361,2026-05-03,7,0,R
694363,2026-05-03,10,0,L
694795,2026-05-03,3,0,R
695243,2026-05-03,4,0,R
695380,2026-05-03,4,0,R
695505,2026-05-03,24,0,R
699823,2026-05-03,4,0,R
701656,2026-05-03,21,0,R
701719,2026-05-03,4,0,L
702056,2026-05-03,20,0,R
702153,2026-05-03,7,0,L
702193,2026-05-03,14,0,R
800048,2026-05-03,21,3,L
800311,2026-05-03,2,0,R
805123,2026-05-03,15,1,R
445276,2026-05-04,3,0,R
471911,2026-05-04,5,0,R
518886,2026-05-04,4,0,R
547973,2026-05-04,3,0,L
571948,2026-05-04,3,0,L
573009,2026-05-04,3,0,L
592773,2026-05-04,3,0,R
593974,2026-05-04,4,0,L
595014,2026-05-04,4,0,R
595345,2026-05-04,6,0,L
605400,2026-05-04,22,0,R
606996,2026-05-04,1,0,L
607259,2026-05-04,21,0,R
607481,2026-05-04,5,0,L
608372,2026-05-04,20,1,R
608379,2026-05-04,26,1,R
608718,2026-05-04,4,0,L
621112,2026-05-04,4,0,R
621237,2026-05-04,3,0,L
621381,2026-05-04,3,0,L
621383,2026-05-04,4,0,L
623211,2026-05-04,4,0,R
641329,2026-05-04,1,0,R
641401,2026-05-04,6,0,R
641745,2026-05-04,4,0,R
641755,2026-05-04,5,1,R
641778,2026-05-04,19,1,L
641941,2026-05-04,4,1,R
642121,2026-05-04,3,0,R
642152,2026-05-04,9,0,R
642207,2026-05-04,3,0,R
642215,2026-05-04,1,0,R
646241,2026-05-04,8,0,L
650556,2026-05-04,4,0,R
656234,2026-05-04,1,0,R
656271,2026-05-04,3,0,L
656638,2026-05-04,3,0,R
656794,2026-05-04,6,0,L
656849,2026-05-04,15,0,L
656986,2026-05-04,3,0,L
657514,2026-05-04,3,0,L
657612,2026-05-04,4,0,L
660825,2026-05-04,3,0,R
662253,2026-05-04,4,0,R
663436,2026-05-04,25,0,R
663765,2026-05-04,5,0,R
663947,2026-05-04,5,0,L
664208,2026-05-04,1,0,R
665795,2026-05-04,27,2,R
666277,2026-05-04,4,0,R
666808,2026-05-04,4,0,R
666974,2026-05-04,3,0,R
667297,2026-05-04,3,0,R
667463,2026-05-04,2,0,L
667755,2026-05-04,23,2,R
668873,2026-05-04,4,1,R
668933,2026-05-04,8,0,R
668941,2026-05-04,4,0,L
668984,2026-05-04,4,0,R
669020,2026-05-04,3,0,L
669084,2026-05-04,6,0,L
669165,2026-05-04,4,0,R
669199,2026-05-04,7,0,R
669211,2026-05-04,2,0,L
669302,2026-05-04,25,4,R
669358,2026-05-04,26,1,R
670036,2026-05-04,7,1,R
675660,2026-05-04,6,0,L
675848,2026-05-04,6,0,R
676083,2026-05-04,22,1,R
676263,2026-05-04,4,0,L
676440,2026-05-04,19,1,R
676477,2026-05-04,6,0,R
676534,2026-05-04,4,0,R
676568,2026-05-04,6,1,R
676617,2026-05-04,2,0,R
676775,2026-05-04,3,0,R
676962,2026-05-04,5,0,R
677955,2026-05-04,3,0,R
678606,2026-05-04,5,0,L
678906,2026-05-04,7,0,R
680744,2026-05-04,20,0,R
680802,2026-05-04,25,2,R
681190,2026-05-04,24,1,R
681517,2026-05-04,25,0,R
681810,2026-05-04,7,0,R
681982,2026-05-04,2,0,R
686790,2026-05-04,24,1,R
687330,2026-05-04,2,0,R
688883,2026-05-04,4,0,R
689254,2026-05-04,2,0,L
693645,2026-05-04,25,0,R
693686,2026-05-04,7,0,R
693855,2026-05-04,7,0,L
694477,2026-05-04,20,0,R
695534,2026-05-04,23,1,R
699134,2026-05-04,4,0,R
700669,2026-05-04,4,1,R
702275,2026-05-04,24,1,R
801139,2026-05-04,25,0,L
808967,2026-05-04,23,1,R
815083,2026-05-04,18,0,L
472610,2026-05-05,3,0,R
518585,2026-05-05,6,0,R
519141,2026-05-05,5,0,L
552640,2026-05-05,4,0,R
572143,2026-05-05,7,0,R
592094,2026-05-05,3,0,R
592332,2026-05-05,24,0,R
592791,2026-05-05,23,2,R
593958,2026-05-05,26,0,L
594580,2026-05-05,1,0,L
594798,2026-05-05,27,2,R
605130,2026-05-05,3,0,R
605135,2026-05-05,21,0,R
607200,2026-05-05,21,3,R
607455,2026-05-05,3,0,L
621053,2026-05-05,8,2,R
621111,2026-05-05,23,1,R
621366,2026-05-05,4,0,L
622663,2026-05-05,24,1,R
628452,2026-05-05,4,0,R
641302,2026-05-05,5,1,L
642121,2026-05-05,3,0,R
642528,2026-05-05,3,0,R
642701,2026-05-05,6,0,R
643410,2026-05-05,6,0,R
643511,2026-05-05,5,0,R
645261,2026-05-05,25,0,R
646241,2026-05-05,3,0,L
650911,2026-05-05,29,0,L
656222,2026-05-05,4,0,L
656546,2026-05-05,4,0,R
656848,2026-05-05,3,0,R
656876,2026-05-05,25,1,R
657097,2026-05-05,4,0,R
657277,2026-05-05,20,1,R
657612,2026-05-05,3,0,L
660271,2026-05-05,26,2,R
661395,2026-05-05,7,0,R
662253,2026-05-05,5,1,R
663158,2026-05-05,3,0,R
663542,2026-05-05,3,0,L
663558,2026-05-05,8,1,L
663567,2026-05-05,27,0,R
663568,2026-05-05,22,1,R
663574,2026-05-05,5,1,R
663738,2026-05-05,4,0,L
664141,2026-05-05,7,0,R
664285,2026-05-05,22,3,L
664991,2026-05-05,2,0,L
665871,2026-05-05,4,0,R
666171,2026-05-05,7,0,R
666619,2026-05-05,8,0,R
666711,2026-05-05,4,0,R
668674,2026-05-05,4,0,R
668909,2026-05-05,27,2,R
668984,2026-05-05,5,0,R
669020,2026-05-05,4,0,L
669093,2026-05-05,6,1,R
669211,2026-05-05,3,0,L
669276,2026-05-05,3,0,L
669622,2026-05-05,2,0,R
669724,2026-05-05,11,0,R
669923,2026-05-05,26,0,R
670059,2026-05-05,6,0,R
670280,2026-05-05,6,0,R
670329,2026-05-05,5,0,R
670990,2026-05-05,7,0,R
671096,2026-05-05,24,0,L
671737,2026-05-05,25,0,R
673929,2026-05-05,3,0,R
676760,2026-05-05,3,0,R
676917,2026-05-05,22,0,R
677053,2026-05-05,7,0,L
678394,2026-05-05,25,0,R
678606,2026-05-05,3,0,L
679358,2026-05-05,5,0,R
681895,2026-05-05,6,0,L
681911,2026-05-05,3,0,L
683175,2026-05-05,7,0,R
683232,2026-05-05,3,0,R
683742,2026-05-05,5,0,R
685801,2026-05-05,4,0,R
686973,2026-05-05,2,0,R
687377,2026-05-05,6,0,R
687396,2026-05-05,4,0,L
687531,2026-05-05,3,0,R
687606,2026-05-05,7,0,R
687911,2026-05-05,9,0,L
687941,2026-05-05,3,0,L
689296,2026-05-05,6,2,R
691951,2026-05-05,18,0,L
693821,2026-05-05,23,1,R
694037,2026-05-05,4,0,R
694795,2026-05-05,3,0,R
695684,2026-05-05,24,0,R
696147,2026-05-05,7,1,R
696149,2026-05-05,22,0,R
699823,2026-05-05,4,0,R
701552,2026-05-05,11,1,R
805299,2026-05-05,3,0,L
820862,2026-05-05,4,0,R
472610,2026-05-06,4,2,R
519141,2026-05-06,2,0,L
527048,2026-05-06,22,1,L
543135,2026-05-06,27,1,R
543243,2026-05-06,20,0,R
547179,2026-05-06,26,1,R
548384,2026-05-06,4,0,L
554430,2026-05-06,25,1,R
571578,2026-05-06,22,0,L
571945,2026-05-06,19,1,R
571948,2026-05-06,6,0,L
572143,2026-05-06,4,0,R
572955,2026-05-06,1,0,R
592779,2026-05-06,3,0,R
594580,2026-05-06,3,0,L
595014,2026-05-06,5,0,R
596133,2026-05-06,4,0,R
605288,2026-05-06,23,1,R
605488,2026-05-06,23,1,L
607067,2026-05-06,24,1,R
607192,2026-05-06,4,1,R
608718,2026-05-06,5,0,L
621121,2026-05-06,15,1,R
621237,2026-05-06,4,0,L
622088,2026-05-06,3,0,R
623437,2026-05-06,8,1,R
623454,2026-05-06,8,0,R
640448,2026-05-06,4,0,R
640455,2026-05-06,5,0,L
641329,2026-05-06,3,0,R
641745,2026-05-06,6,0,R
641755,2026-05-06,3,0,R
641835,2026-05-06,2,0,L
641927,2026-05-06,23,1,R
642207,2026-05-06,2,0,R
642232,2026-05-06,6,0,L
642397,2026-05-06,4,0,L
642547,2026-05-06,21,0,R
647336,2026-05-06,27,1,R
656271,2026-05-06,5,0,L
656427,2026-05-06,21,0,R
656464,2026-05-06,2,0,R
656638,2026-05-06,5,0,R
656641,2026-05-06,4,0,L
656686,2026-05-06,3,1,R
656730,2026-05-06,5,0,R
656945,2026-05-06,3,0,L
657097,2026-05-06,5,0,R
657424,2026-05-06,2,0,L
660787,2026-05-06,12,0,R
660825,2026-05-06,5,0,R
660853,2026-05-06,3,0,R
663362,2026-05-06,17,1,R
663423,2026-05-06,2,0,R
663556,2026-05-06,20,0,L
663687,2026-05-06,4,0,L
663855,2026-05-06,3,0,R
663903,2026-05-06,25,1,R
663967,2026-05-06,4,1,R
664076,2026-05-06,1,0,L
664199,2026-05-06,3,0,R
664208,2026-05-06,3,0,R
664991,2026-05-06,4,0,L
666142,2026-05-06,13,0,L
666661,2026-05-06,4,0,R
666711,2026-05-06,3,0,R
668933,2026-05-06,5,1,R
668964,2026-05-06,7,2,R
669084,2026-05-06,3,0,L
669165,2026-05-06,3,0,R
669467,2026-05-06,27,1,R
669711,2026-05-06,3,0,R
669920,2026-05-06,23,1,R
670036,2026-05-06,3,0,R
670167,2026-05-06,6,0,R
670329,2026-05-06,3,0,R
670970,2026-05-06,7,0,L
671922,2026-05-06,4,0,R
672021,2026-05-06,4,0,R
674370,2026-05-06,9,0,R
676254,2026-05-06,7,1,R
676263,2026-05-06,7,0,L
676282,2026-05-06,20,0,L
676428,2026-05-06,2,0,L
676775,2026-05-06,3,0,R
676879,2026-05-06,7,0,L
677161,2026-05-06,5,0,R
678022,2026-05-06,8,0,R
678606,2026-05-06,3,0,L
679883,2026-05-06,9,0,R
680730,2026-05-06,8,0,L
680755,2026-05-06,5,0,R
681217,2026-05-06,7,0,R
681867,2026-05-06,3,0,R
681870,2026-05-06,5,0,L
681892,2026-05-06,4,0,L
682842,2026-05-06,4,0,R
683618,2026-05-06,6,0,R
683769,2026-05-06,3,0,R
686973,2026-05-06,6,0,R
686993,2026-05-06,2,0,R
687064,2026-05-06,25,0,R
687075,2026-05-06,16,0,R
687330,2026-05-06,5,0,R
687849,2026-05-06,4,0,R
688642,2026-05-06,18,1,R
689147,2026-05-06,1,0,R
689254,2026-05-06,1,0,L
689296,2026-05-06,4,0,R
690978,2026-05-06,16,0,L
691587,2026-05-06,24,1,R
691799,2026-05-06,5,0,R
693433,2026-05-06,21,0,R
693855,2026-05-06,3,0,L
694335,2026-05-06,6,0,R
694363,2026-05-06,7,0,L
694973,2026-05-06,26,0,R
695243,2026-05-06,3,0,R
699134,2026-05-06,3,0,R
700712,2026-05-06,22,0,R
701542,2026-05-06,22,2,R
701719,2026-05-06,7,0,L
702193,2026-05-06,4,0,R
702273,2026-05-06,21,1,L
800311,2026-05-06,9,0,R
500779,2026-05-07,22,0,L
518886,2026-05-07,7,1,R
552640,2026-05-07,4,0,R
573124,2026-05-07,7,0,L
592094,2026-05-07,5,0,R
593974,2026-05-07,4,0,L
596117,2026-05-07,3,0,R
607455,2026-05-07,4,0,L
607625,2026-05-07,22,0,R
608650,2026-05-07,7,0,L
621112,2026-05-07,5,0,R
621139,2026-05-07,5,0,R
621383,2026-05-07,9,0,L
622608,2026-05-07,8,0,R
623149,2026-05-07,4,0,R
623211,2026-05-07,6,0,R
641302,2026-05-07,5,0,L
641401,2026-05-07,7,2,R
642121,2026-05-07,3,0,R
642397,2026-05-07,3,0,L
642701,2026-05-07,3,0,R
643377,2026-05-07,17,0,R
650633,2026-05-07,21,1,R
656222,2026-05-07,3,0,L
656234,2026-05-07,4,0,R
656605,2026-05-07,23,1,R
656638,2026-05-07,5,0,R
656848,2026-05-07,3,0,R
657044,2026-05-07,3,0,R
657514,2026-05-07,1,0,L
657612,2026-05-07,7,0,L
663423,2026-05-07,5,0,R
663623,2026-05-07,22,1,R
663738,2026-05-07,4,0,L
663767,2026-05-07,9,1,R
663992,2026-05-07,5,0,L
664076,2026-05-07,4,0,L
666277,2026-05-07,3,0,R
666808,2026-05-07,5,0,R
666974,2026-05-07,6,0,R
668390,2026-05-07,3,0,R
668678,2026-05-07,28,2,R
668941,2026-05-07,3,0,L
668970,2026-05-07,11,1,R
669022,2026-05-07,25,0,L
669211,2026-05-07,5,0,L
669372,2026-05-07,27,1,R
669461,2026-05-07,21,0,L
669711,2026-05-07,3,0,R
670245,2026-05-07,15,1,R
671922,2026-05-07,3,0,R
672021,2026-05-07,10,1,R
675848,2026-05-07,5,0,R
676534,2026-05-07,4,0,R
676571,2026-05-07,5,0,L
676617,2026-05-07,3,0,R
676755,2026-05-07,1,0,R
676974,2026-05-07,22,0,R
677053,2026-05-07,3,0,L
677944,2026-05-07,23,0,R
680573,2026-05-07,18,0,R
680742,2026-05-07,3,0,R
681035,2026-05-07,19,0,R
681402,2026-05-07,5,0,R
681810,2026-05-07,5,0,R
681870,2026-05-07,1,0,L
682120,2026-05-07,3,0,L
682254,2026-05-07,4,0,L
682608,2026-05-07,6,0,R
682825,2026-05-07,9,0,R
683175,2026-05-07,8,0,R
683232,2026-05-07,4,0,R
683742,2026-05-07,8,0,R
683769,2026-05-07,5,0,R
684007,2026-05-07,28,1,L
685801,2026-05-07,6,0,R
686560,2026-05-07,1,0,R
687330,2026-05-07,4,0,R
687377,2026-05-07,4,0,R
687396,2026-05-07,5,0,L
687562,2026-05-07,22,0,L
691725,2026-05-07,20,3,R
694037,2026-05-07,1,0,R
694341,2026-05-07,13,1,R
694795,2026-05-07,5,0,R
695076,2026-05-07,13,1,R
699134,2026-05-07,5,0,R
700249,2026-05-07,14,1,L
701719,2026-05-07,2,0,L
804619,2026-05-07,6,1,R
805299,2026-05-07,3,0,L
489446,2026-05-08,4,0,R
519242,2026-05-08,27,1,L
547973,2026-05-08,3,0,L
548384,2026-05-08,4,0,L
572955,2026-05-08,6,0,R
592662,2026-05-08,23,1,L
592773,2026-05-08,3,0,R
592779,2026-05-08,4,0,R
593974,2026-05-08,4,0,L
596001,2026-05-08,5,0,R
596133,2026-05-08,6,0,R
605130,2026-05-08,3,0,R
607455,2026-05-08,6,0,L
607481,2026-05-08,3,0,L
608331,2026-05-08,26,0,L
608718,2026-05-08,3,0,L
615698,2026-05-08,16,0,R
621237,2026-05-08,4,0,L
622088,2026-05-08,4,0,R
622554,2026-05-08,3,0,R
623474,2026-05-08,5,1,R
624431,2026-05-08,5,0,R
640448,2026-05-08,4,0,R
641302,2026-05-08,3,0,L
641745,2026-05-08,6,0,R
641835,2026-05-08,7,1,L
642207,2026-05-08,3,0,R
642528,2026-05-08,2,0,R
656288,2026-05-08,22,0,R
656302,2026-05-08,25,0,R
656464,2026-05-08,4,0,R
656492,2026-05-08,27,1,L
656546,2026-05-08,4,0,R
656794,2026-05-08,6,0,L
656945,2026-05-08,3,0,L
657424,2026-05-08,4,0,L
657514,2026-05-08,4,0,L
660825,2026-05-08,3,0,R
661395,2026-05-08,4,0,R
663460,2026-05-08,24,0,L
663574,2026-05-08,4,2,R
663687,2026-05-08,2,0,L
663947,2026-05-08,3,0,L
663969,2026-05-08,9,0,R
664875,2026-05-08,4,0,R
665645,2026-05-08,8,0,R
665871,2026-05-08,12,0,R
666157,2026-05-08,21,2,L
666200,2026-05-08,18,1,L
666201,2026-05-08,3,0,R
666661,2026-05-08,4,0,R
667463,2026-05-08,3,0,L
668674,2026-05-08,5,0,R
668873,2026-05-08,6,0,R
668964,2026-05-08,3,0,R
669020,2026-05-08,4,0,L
669165,2026-05-08,5,0,R
669194,2026-05-08,23,1,R
669270,2026-05-08,3,0,R
669387,2026-05-08,23,1,R
669438,2026-05-08,13,0,R
669622,2026-05-08,3,0,R
669947,2026-05-08,21,2,R
670036,2026-05-08,5,1,R
670059,2026-05-08,3,0,R
670167,2026-05-08,4,0,R
670950,2026-05-08,6,1,R
671922,2026-05-08,4,0,R
672282,2026-05-08,20,0,L
672456,2026-05-08,22,0,R
672782,2026-05-08,1,0,R
673513,2026-05-08,12,0,L
675660,2026-05-08,10,0,L
675848,2026-05-08,4,0,R
676106,2026-05-08,26,1,R
676428,2026-05-08,7,0,L
676477,2026-05-08,3,0,R
676571,2026-05-08,2,0,L
676742,2026-05-08,4,0,R
676760,2026-05-08,3,0,R
676775,2026-05-08,3,0,R
676962,2026-05-08,13,0,R
677955,2026-05-08,4,0,R
677958,2026-05-08,18,1,R
678022,2026-05-08,4,0,R
679358,2026-05-08,3,0,R
679883,2026-05-08,4,0,R
680694,2026-05-08,28,0,R
680732,2026-05-08,23,2,R
680742,2026-05-08,6,0,R
680767,2026-05-08,7,0,R
681006,2026-05-08,4,1,L
681347,2026-05-08,25,0,R
681799,2026-05-08,4,0,R
681892,2026-05-08,5,0,L
681895,2026-05-08,4,0,L
681911,2026-05-08,1,0,L
682052,2026-05-08,21,2,L
682120,2026-05-08,4,0,L
683232,2026-05-08,2,0,R
686218,2026-05-08,20,0,R
686973,2026-05-08,3,0,R
686993,2026-05-08,2,0,R
687570,2026-05-08,23,1,L
689147,2026-05-08,4,0,R
690997,2026-05-08,22,1,R
694346,2026-05-08,10,0,R
694361,2026-05-08,5,0,R
694819,2026-05-08,22,0,R
695380,2026-05-08,7,0,R
695418,2026-05-08,6,0,R
699823,2026-05-08,6,1,R
700241,2026-05-08,21,0,R
700669,2026-05-08,6,0,R
701121,2026-05-08,4,0,R
702281,2026-05-08,22,1,L
800048,2026-05-08,24,0,L
801403,2026-05-08,24,1,R
805123,2026-05-08,4,0,R
805299,2026-05-08,3,0,L
813349,2026-05-08,26,0,L
820862,2026-05-08,4,0,R
472610,2026-05-09,3,0,R
518585,2026-05-09,3,0,R
518876,2026-05-09,26,0,R
518886,2026-05-09,5,0,R
552640,2026-05-09,6,0,R
572143,2026-05-09,4,1,R
572955,2026-05-09,3,0,R
573009,2026-05-09,3,0,L
573124,2026-05-09,3,0,L
592094,2026-05-09,3,0,R
595345,2026-05-09,3,0,L
605130,2026-05-09,4,0,R
605280,2026-05-09,24,0,R
605400,2026-05-09,22,1,R
605483,2026-05-09,18,0,L
607536,2026-05-09,26,3,L
608379,2026-05-09,27,0,R
608650,2026-05-09,5,0,L
621366,2026-05-09,4,0,L
621381,2026-05-09,5,0,L
621383,2026-05-09,6,0,L
622491,2026-05-09,18,2,R
623149,2026-05-09,3,0,R
624428,2026-05-09,9,1,R
625643,2026-05-09,10,1,R
641743,2026-05-09,21,0,L
641793,2026-05-09,18,1,R
641835,2026-05-09,1,0,L
642152,2026-05-09,9,0,R
643410,2026-05-09,6,0,R
643511,2026-05-09,6,0,R
650556,2026-05-09,1,0,R
650644,2026-05-09,23,0,R
656222,2026-05-09,4,0,L
656271,2026-05-09,3,0,L
656848,2026-05-09,6,0,R
657097,2026-05-09,6,0,R
657424,2026-05-09,3,0,L
657612,2026-05-09,2,0,L
657746,2026-05-09,24,0,R
660761,2026-05-09,11,0,L
660853,2026-05-09,3,0,R
663542,2026-05-09,5,0,L
663687,2026-05-09,3,0,L
663767,2026-05-09,4,0,R
663947,2026-05-09,5,0,L
663992,2026-05-09,7,0,L
664141,2026-05-09,6,0,R
664199,2026-05-09,3,0,R
665795,2026-05-09,21,2,R
666619,2026-05-09,8,0,R
666808,2026-05-09,4,0,R
667297,2026-05-09,5,0,R
667463,2026-05-09,1,0,L
668390,2026-05-09,3,0,R
668933,2026-05-09,3,0,R
669084,2026-05-09,4,0,L
669093,2026-05-09,3,0,R
669160,2026-05-09,24,1,R
669199,2026-05-09,4,0,R
669270,2026-05-09,3,0,R
669276,2026-05-09,4,0,L
669358,2026-05-09,22,1,R
670059,2026-05-09,3,0,R
670280,2026-05-09,3,0,R
670970,2026-05-09,4,0,L
672782,2026-05-09,1,0,R
674444,2026-05-09,3,0,R
675911,2026-05-09,21,0,R
676083,2026-05-09,26,1,R
676254,2026-05-09,6,0,R
676263,2026-05-09,4,0,L
676440,2026-05-09,22,1,R
676742,2026-05-09,8,0,R
676879,2026-05-09,7,0,L
677053,2026-05-09,3,0,L
677865,2026-05-09,4,0,L
677952,2026-05-09,26,1,R
679358,2026-05-09,8,0,R
680730,2026-05-09,9,2,L
680744,2026-05-09,21,1,R
680755,2026-05-09,3,0,R
681006,2026-05-09,4,1,L
681190,2026-05-09,20,0,R
681293,2026-05-09,25,0,R
681799,2026-05-09,7,0,R
681810,2026-05-09,5,0,R
681870,2026-05-09,3,0,L
681892,2026-05-09,3,0,L
681895,2026-05-09,3,0,L
683004,2026-05-09,23,0,R
683618,2026-05-09,7,0,R
683766,2026-05-09,7,0,R
683769,2026-05-09,3,0,R
685299,2026-05-09,13,0,R
686560,2026-05-09,8,0,R
686799,2026-05-09,25,0,R
687396,2026-05-09,6,1,L
687849,2026-05-09,4,0,R
688883,2026-05-09,8,0,R
689147,2026-05-09,3,0,R
689254,2026-05-09,3,0,L
689546,2026-05-09,4,0,R
690986,2026-05-09,20,1,L
691799,2026-05-09,7,0,R
693645,2026-05-09,21,0,R
694335,2026-05-09,4,1,R
694477,2026-05-09,10,0,R
694738,2026-05-09,18,0,R
695243,2026-05-09,7,0,R
695505,2026-05-09,23,1,R
702056,2026-05-09,17,0,R
702193,2026-05-09,3,0,R
801434,2026-05-09,14,0,R
805326,2026-05-09,3,0,L
815083,2026-05-09,15,2,L
445276,2026-05-10,3,0,R
472610,2026-05-10,6,0,R
518585,2026-05-10,5,0,R
571948,2026-05-10,3,0,L
592773,2026-05-10,3,0,R
592791,2026-05-10,22,0,R
593958,2026-05-10,31,0,L
594580,2026-05-10,3,0,L
594798,2026-05-10,24,0,R
605135,2026-05-10,23,0,R
607074,2026-05-10,21,0,L
607259,2026-05-10,25,0,R
607455,2026-05-10,4,0,L
608372,2026-05-10,22,3,R
621111,2026-05-10,21,1,R
621112,2026-05-10,4,0,R
621366,2026-05-10,7,0,L
622088,2026-05-10,3,0,R
622554,2026-05-10,6,0,R
622663,2026-05-10,25,0,R
623211,2026-05-10,6,0,R
623454,2026-05-10,11,0,R
628452,2026-05-10,3,0,R
640448,2026-05-10,6,0,R
640455,2026-05-10,4,0,L
641329,2026-05-10,5,0,R
641755,2026-05-10,5,1,R
641778,2026-05-10,21,3,L
641816,2026-05-10,24,2,R
642397,2026-05-10,4,0,L
642701,2026-05-10,4,0,R
645261,2026-05-10,24,0,R
646241,2026-05-10,7,0,L
650911,2026-05-10,27,0,L
656234,2026-05-10,2,0,R
656529,2026-05-10,2,0,L
656638,2026-05-10,5,0,R
656641,2026-05-10,6,0,L
656730,2026-05-10,4,0,R
656794,2026-05-10,4,0,L
656849,2026-05-10,22,0,L
657612,2026-05-10,3,0,L
660825,2026-05-10,6,1,R
661395,2026-05-10,3,0,R
663158,2026-05-10,6,0,R
663436,2026-05-10,23,0,R
663542,2026-05-10,4,0,L
663558,2026-05-10,4,0,L
663738,2026-05-10,5,0,L
664076,2026-05-10,3,0,L
664208,2026-05-10,4,0,R
664875,2026-05-10,4,0,R
665622,2026-05-10,6,0,R
666171,2026-05-10,3,0,R
666277,2026-05-10,3,0,R
666661,2026-05-10,3,0,R
666711,2026-05-10,7,0,R
667297,2026-05-10,3,0,R
667755,2026-05-10,29,0,R
668873,2026-05-10,5,0,R
668909,2026-05-10,27,0,R
668933,2026-05-10,3,0,R
668941,2026-05-10,4,0,L
668964,2026-05-10,4,0,R
669084,2026-05-10,5,0,L
669093,2026-05-10,3,0,R
669211,2026-05-10,3,0,L
669302,2026-05-10,19,0,R
669711,2026-05-10,3,0,R
669724,2026-05-10,4,0,R
670090,2026-05-10,3,0,R
670167,2026-05-10,4,0,R
670280,2026-05-10,3,1,R
670329,2026-05-10,4,0,R
670970,2026-05-10,1,0,L
670990,2026-05-10,12,0,R
671096,2026-05-10,21,0,L
672782,2026-05-10,3,0,R
674444,2026-05-10,5,0,R
675989,2026-05-10,11,1,R
676428,2026-05-10,5,0,L
676534,2026-05-10,6,0,R
676571,2026-05-10,1,0,L
676617,2026-05-10,5,1,R
676755,2026-05-10,4,0,R
676760,2026-05-10,6,0,R
676775,2026-05-10,4,0,R
676879,2026-05-10,4,0,L
676917,2026-05-10,25,0,R
677053,2026-05-10,3,0,L
677161,2026-05-10,3,0,R
678020,2026-05-10,6,0,R
678606,2026-05-10,6,0,L
678906,2026-05-10,15,0,R
680736,2026-05-10,34,2,L
680742,2026-05-10,3,0,R
680916,2026-05-10,7,0,R
681151,2026-05-10,4,0,R
681402,2026-05-10,5,0,R
681517,2026-05-10,21,0,R
681916,2026-05-10,3,0,R
682120,2026-05-10,5,0,L
682254,2026-05-10,5,0,L
682842,2026-05-10,4,0,R
683232,2026-05-10,4,1,R
686580,2026-05-10,3,0,R
686993,2026-05-10,3,0,R
687330,2026-05-10,4,0,R
687377,2026-05-10,3,0,R
687606,2026-05-10,2,0,R
688642,2026-05-10,7,0,R
689296,2026-05-10,5,0,R
693686,2026-05-10,11,0,R
693821,2026-05-10,22,0,R
694037,2026-05-10,4,1,R
694795,2026-05-10,1,0,R
696070,2026-05-10,17,0,L
696147,2026-05-10,1,0,R
696149,2026-05-10,21,1,R
699134,2026-05-10,3,0,R
700669,2026-05-10,3,0,R
701121,2026-05-10,3,0,R
701519,2026-05-10,10,0,R
701656,2026-05-10,19,1,R
701719,2026-05-10,2,0,L
702070,2026-05-10,20,0,L
702193,2026-05-10,3,0,R
801139,2026-05-10,20,1,L
805123,2026-05-10,5,0,R
489446,2026-05-11,5,0,R
573009,2026-05-11,4,0,L
592332,2026-05-11,24,1,R
595014,2026-05-11,3,0,R
595345,2026-05-11,3,0,L
596001,2026-05-11,10,0,R
608650,2026-05-11,6,0,L
608718,2026-05-11,8,0,L
623149,2026-05-11,4,0,R
641302,2026-05-11,5,0,L
641329,2026-05-11,3,0,R
647336,2026-05-11,22,0,R
656222,2026-05-11,5,0,L
656876,2026-05-11,23,1,R
657424,2026-05-11,5,0,L
660825,2026-05-11,4,0,R
662253,2026-05-11,4,0,R
663567,2026-05-11,27,1,R
664141,2026-05-11,3,0,R
664199,2026-05-11,3,0,R
666201,2026-05-11,22,0,R
666808,2026-05-11,3,0,R
668390,2026-05-11,6,0,R
669923,2026-05-11,23,0,R
670036,2026-05-11,6,0,R
670059,2026-05-11,5,0,R
670090,2026-05-11,9,0,R
670329,2026-05-11,3,0,R
676263,2026-05-11,4,0,L
676282,2026-05-11,24,0,L
676775,2026-05-11,4,0,R
677960,2026-05-11,23,0,L
680755,2026-05-11,5,0,R
681867,2026-05-11,3,0,R
681911,2026-05-11,5,0,L
682608,2026-05-11,9,0,R
684320,2026-05-11,3,0,R
685801,2026-05-11,5,0,R
686790,2026-05-11,26,1,R
687064,2026-05-11,22,1,R
687396,2026-05-11,4,1,L
687911,2026-05-11,4,0,L
688883,2026-05-11,5,0,R
689254,2026-05-11,4,0,L
689296,2026-05-11,4,0,R
689546,2026-05-11,4,0,R
693855,2026-05-11,4,1,L
694361,2026-05-11,3,0,R
805299,2026-05-11,2,0,L
808963,2026-05-11,23,1,R
820862,2026-05-11,6,0,R
518585,2026-05-12,4,0,R
519141,2026-05-12,5,0,L
547179,2026-05-12,21,0,R
548384,2026-05-12,5,0,L
552640,2026-05-12,3,0,R
554430,2026-05-12,27,0,R
571578,2026-05-12,23,0,L
571945,2026-05-12,16,0,R
572143,2026-05-12,5,0,R
572955,2026-05-12,5,0,R
592773,2026-05-12,4,0,R
593974,2026-05-12,9,0,L
594580,2026-05-12,4,1,L
595014,2026-05-12,5,0,R
605130,2026-05-12,4,0,R
605288,2026-05-12,23,1,R
605488,2026-05-12,25,0,L
607067,2026-05-12,20,2,R
607200,2026-05-12,22,2,R
621139,2026-05-12,5,0,R
621237,2026-05-12,2,0,L
621381,2026-05-12,4,1,L
622554,2026-05-12,3,0,R
623474,2026-05-12,5,0,R
628452,2026-05-12,3,0,R
641927,2026-05-12,29,0,R
642121,2026-05-12,3,0,R
642397,2026-05-12,5,0,L
642547,2026-05-12,25,1,R
643410,2026-05-12,3,0,R
643511,2026-05-12,3,0,R
646241,2026-05-12,6,0,L
656234,2026-05-12,3,0,R
656427,2026-05-12,20,0,R
656529,2026-05-12,6,0,L
656546,2026-05-12,5,1,R
656550,2026-05-12,17,1,R
656641,2026-05-12,3,0,L
656730,2026-05-12,5,0,R
657044,2026-05-12,3,0,R
657097,2026-05-12,3,0,R
657424,2026-05-12,1,0,L
657612,2026-05-12,2,0,L
661395,2026-05-12,5,0,R
663362,2026-05-12,17,1,R
663423,2026-05-12,5,0,R
663542,2026-05-12,3,0,L
663556,2026-05-12,18,0,L
663558,2026-05-12,4,1,L
663568,2026-05-12,23,2,R
663574,2026-05-12,2,1,R
663738,2026-05-12,4,0,L
663903,2026-05-12,18,3,R
663947,2026-05-12,4,0,L
664076,2026-05-12,4,0,L
666277,2026-05-12,5,1,R
666711,2026-05-12,3,0,R
666974,2026-05-12,3,0,R
667297,2026-05-12,7,0,R
668670,2026-05-12,1,0,R
668678,2026-05-12,24,2,R
668873,2026-05-12,4,0,R
668941,2026-05-12,3,0,L
668984,2026-05-12,8,0,R
669020,2026-05-12,7,0,L
669022,2026-05-12,28,1,L
669199,2026-05-12,4,0,R
669270,2026-05-12,5,1,R
669276,2026-05-12,3,0,L
669330,2026-05-12,5,0,R
669432,2026-05-12,21,2,L
669467,2026-05-12,21,0,R
670280,2026-05-12,3,0,R
671922,2026-05-12,4,0,R
673513,2026-05-12,7,0,L
675660,2026-05-12,2,0,L
676263,2026-05-12,4,0,L
676568,2026-05-12,9,0,R
676617,2026-05-12,3,0,R
677020,2026-05-12,7,0,L
677161,2026-05-12,3,0,R
677944,2026-05-12,18,0,R
677955,2026-05-12,1,0,R
678020,2026-05-12,3,0,R
678394,2026-05-12,24,0,R
679883,2026-05-12,5,0,R
680755,2026-05-12,5,0,R
680767,2026-05-12,6,0,R
680916,2026-05-12,4,1,R
681151,2026-05-12,13,0,R
681217,2026-05-12,5,0,R
681810,2026-05-12,9,0,R
681870,2026-05-12,5,0,L
682120,2026-05-12,3,0,L
682445,2026-05-12,5,0,R
682825,2026-05-12,9,1,R
682842,2026-05-12,4,0,R
683175,2026-05-12,7,0,R
683618,2026-05-12,4,0,R
683769,2026-05-12,5,0,R
686560,2026-05-12,4,0,R
686973,2026-05-12,5,0,R
687075,2026-05-12,23,1,R
687330,2026-05-12,4,0,R
687606,2026-05-12,9,0,R
687849,2026-05-12,6,0,R
691587,2026-05-12,25,1,R
691799,2026-05-12,8,0,R
693433,2026-05-12,24,0,R
693855,2026-05-12,4,0,L
694297,2026-05-12,11,0,R
694477,2026-05-12,3,0,R
694795,2026-05-12,6,0,R
694973,2026-05-12,27,0,R
695380,2026-05-12,6,0,R
695418,2026-05-12,11,0,R
699134,2026-05-12,3,0,R
700712,2026-05-12,18,1,R
701542,2026-05-12,24,0,R
701719,2026-05-12,3,0,L
800311,2026-05-12,10,0,R
805123,2026-05-12,11,0,R
805326,2026-05-12,4,0,L
808967,2026-05-12,25,3,R
820862,2026-05-12,3,0,R
837227,2026-05-12,21,2,R
445276,2026-05-13,3,0,R
472610,2026-05-13,7,0,R
500779,2026-05-13,19,0,L
527048,2026-05-13,3,0,L
543243,2026-05-13,20,1,R
547973,2026-05-13,5,0,L
548384,2026-05-13,4,0,L
592094,2026-05-13,4,0,R
592662,2026-05-13,23,2,L
595345,2026-05-13,4,0,L
596133,2026-05-13,5,0,R
605156,2026-05-13,4,1,R
607625,2026-05-13,25,0,R
608331,2026-05-13,13,0,L
608650,2026-05-13,3,0,L
615698,2026-05-13,4,0,R
621112,2026-05-13,10,1,R
621121,2026-05-13,24,2,R
621383,2026-05-13,3,0,L
622088,2026-05-13,8,0,R
622554,2026-05-13,5,1,R
622608,2026-05-13,10,1,R
623149,2026-05-13,6,0,R
623211,2026-05-13,7,0,R
623437,2026-05-13,7,0,R
623454,2026-05-13,2,0,R
628452,2026-05-13,3,0,R
640448,2026-05-13,5,0,R
641302,2026-05-13,5,0,L
641329,2026-05-13,6,0,R
641745,2026-05-13,3,0,R
641755,2026-05-13,3,0,R
641835,2026-05-13,3,0,L
642121,2026-05-13,4,0,R
642207,2026-05-13,4,0,R
642232,2026-05-13,13,0,L
643377,2026-05-13,20,0,R
643511,2026-05-13,4,0,R
650556,2026-05-13,4,0,R
650633,2026-05-13,25,0,R
656222,2026-05-13,4,0,L
656271,2026-05-13,7,0,L
656302,2026-05-13,26,0,R
656464,2026-05-13,3,0,R
656546,2026-05-13,5,0,R
656605,2026-05-13,24,1,R
656638,2026-05-13,3,0,R
656641,2026-05-13,4,0,L
656794,2026-05-13,4,0,L
656945,2026-05-13,4,0,L
657514,2026-05-13,3,0,L
660271,2026-05-13,26,0,R
660825,2026-05-13,5,0,R
660853,2026-05-13,4,0,R
662253,2026-05-13,4,0,R
663158,2026-05-13,5,0,R
663574,2026-05-13,4,1,R
663623,2026-05-13,18,1,R
663687,2026-05-13,2,0,L
663855,2026-05-13,5,0,R
663941,2026-05-13,8,0,R
663969,2026-05-13,4,0,R
663992,2026-05-13,4,0,L
664076,2026-05-13,3,0,L
664208,2026-05-13,5,1,R
664285,2026-05-13,28,0,L
664875,2026-05-13,7,0,R
665622,2026-05-13,3,0,R
666157,2026-05-13,22,1,L
666171,2026-05-13,4,0,R
666661,2026-05-13,1,0,R
666711,2026-05-13,4,0,R
666974,2026-05-13,4,0,R
667463,2026-05-13,4,1,L
668390,2026-05-13,5,0,R
668933,2026-05-13,4,0,R
669093,2026-05-13,4,0,R
669165,2026-05-13,4,0,R
669194,2026-05-13,26,1,R
669211,2026-05-13,3,0,L
669276,2026-05-13,3,0,L
669372,2026-05-13,26,0,R
669461,2026-05-13,24,1,L
670036,2026-05-13,1,0,R
670167,2026-05-13,6,1,R
671922,2026-05-13,3,0,R
672282,2026-05-13,25,1,L
674444,2026-05-13,5,0,R
676477,2026-05-13,3,0,R
676571,2026-05-13,5,0,L
676879,2026-05-13,3,0,L
676974,2026-05-13,27,2,R
677865,2026-05-13,3,0,L
677955,2026-05-13,3,0,R
677958,2026-05-13,21,0,R
678022,2026-05-13,5,0,R
680573,2026-05-13,20,1,R
680694,2026-05-13,21,0,R
680730,2026-05-13,10,0,L
681006,2026-05-13,2,0,L
681035,2026-05-13,22,0,R
681402,2026-05-13,4,0,R
681867,2026-05-13,4,0,R
681870,2026-05-13,4,0,L
681895,2026-05-13,4,0,L
682243,2026-05-13,25,1,R
682608,2026-05-13,2,0,R
682842,2026-05-13,6,1,R
684007,2026-05-13,24,1,L
684049,2026-05-13,4,1,R
685801,2026-05-13,3,0,R
686580,2026-05-13,4,0,R
686973,2026-05-13,6,0,R
686993,2026-05-13,4,0,R
687330,2026-05-13,1,0,R
687377,2026-05-13,3,0,R
687911,2026-05-13,7,0,L
689147,2026-05-13,3,1,R
689254,2026-05-13,1,0,L
689546,2026-05-13,3,0,R
691725,2026-05-13,19,1,R
694335,2026-05-13,4,0,R
694795,2026-05-13,4,0,R
694819,2026-05-13,25,0,R
695243,2026-05-13,4,0,R
695380,2026-05-13,1,0,R
696147,2026-05-13,4,0,R
699823,2026-05-13,6,0,R
700669,2026-05-13,6,1,R
701519,2026-05-13,10,0,R
702273,2026-05-13,19,0,L
702275,2026-05-13,18,0,R
800048,2026-05-13,25,1,L
518886,2026-05-14,3,0,R
519242,2026-05-14,25,0,L
571948,2026-05-14,7,0,L
592773,2026-05-14,3,1,R
594580,2026-05-14,3,0,L
605130,2026-05-14,4,0,R
607481,2026-05-14,4,0,L
621237,2026-05-14,6,0,L
621366,2026-05-14,4,0,L
622491,2026-05-14,24,1,R
624133,2026-05-14,21,0,L
625643,2026-05-14,7,1,R
641743,2026-05-14,27,0,L
641745,2026-05-14,4,0,R
642701,2026-05-14,3,0,R
643410,2026-05-14,3,0,R
646241,2026-05-14,5,0,L
656288,2026-05-14,14,0,R
656492,2026-05-14,23,2,L
656638,2026-05-14,3,0,R
656794,2026-05-14,7,0,L
656945,2026-05-14,3,0,L
657097,2026-05-14,4,0,R
657424,2026-05-14,4,0,L
657514,2026-05-14,6,0,L
661395,2026-05-14,4,0,R
663362,2026-05-14,7,0,R
663460,2026-05-14,20,1,L
663947,2026-05-14,3,1,L
664141,2026-05-14,3,0,R
664208,2026-05-14,4,0,R
666129,2026-05-14,13,0,L
666200,2026-05-14,23,0,L
667463,2026-05-14,7,0,L
668674,2026-05-14,4,0,R
668941,2026-05-14,6,0,L
668964,2026-05-14,4,1,R
669084,2026-05-14,4,0,L
669199,2026-05-14,6,0,R
669270,2026-05-14,2,0,R
669387,2026-05-14,20,0,R
669622,2026-05-14,6,0,R
669724,2026-05-14,4,1,R
670245,2026-05-14,3,0,R
670990,2026-05-14,3,0,R
672456,2026-05-14,20,2,R
673513,2026-05-14,7,0,L
675848,2026-05-14,3,0,R
675989,2026-05-14,15,0,R
676477,2026-05-14,3,0,R
676534,2026-05-14,6,0,R
676568,2026-05-14,7,1,R
676617,2026-05-14,4,0,R
676760,2026-05-14,12,0,R
676962,2026-05-14,15,0,R
677161,2026-05-14,6,0,R
678022,2026-05-14,6,0,R
679883,2026-05-14,7,0,R
680767,2026-05-14,5,0,R
681347,2026-05-14,27,2,R
681895,2026-05-14,3,0,L
681911,2026-05-14,4,0,L
681982,2026-05-14,5,0,R
682052,2026-05-14,23,2,L
682254,2026-05-14,4,0,L
682445,2026-05-14,8,0,R
682825,2026-05-14,5,0,R
683175,2026-05-14,3,0,R
683618,2026-05-14,3,0,R
685299,2026-05-14,15,0,R
686218,2026-05-14,23,1,R
686580,2026-05-14,3,0,R
686894,2026-05-14,9,1,R
686993,2026-05-14,3,0,R
687849,2026-05-14,10,1,R
689546,2026-05-14,5,0,R
690986,2026-05-14,20,0,L
690997,2026-05-14,28,1,R
694037,2026-05-14,4,0,R
694335,2026-05-14,4,0,R
694738,2026-05-14,24,1,R
695505,2026-05-14,23,0,R
696070,2026-05-14,9,0,L
699823,2026-05-14,3,0,R
700241,2026-05-14,23,1,R
701719,2026-05-14,3,1,L
702153,2026-05-14,9,0,L
801403,2026-05-14,9,1,R
805673,2026-05-14,25,0,R
445276,2026-05-15,3,0,R
489446,2026-05-15,3,0,R
518585,2026-05-15,5,0,R
518876,2026-05-15,31,1,R
518886,2026-05-15,4,1,R
547973,2026-05-15,3,0,L
572143,2026-05-15,5,0,R
572955,2026-05-15,4,0,R
573009,2026-05-15,4,0,L
573124,2026-05-15,5,0,L
592094,2026-05-15,4,0,R
592773,2026-05-15,5,0,R
595014,2026-05-15,3,0,R
605280,2026-05-15,23,0,R
605400,2026-05-15,18,2,R
607455,2026-05-15,3,0,L
607536,2026-05-15,22,0,L
608379,2026-05-15,23,2,R
608718,2026-05-15,3,0,L
621237,2026-05-15,4,0,L
621366,2026-05-15,3,0,L
621381,2026-05-15,4,0,L
622088,2026-05-15,4,0,R
623454,2026-05-15,12,0,R
628452,2026-05-15,5,0,R
641755,2026-05-15,4,1,R
641793,2026-05-15,20,0,R
641816,2026-05-15,25,1,R
641835,2026-05-15,5,1,L
642397,2026-05-15,7,0,L
642701,2026-05-15,4,0,R
650644,2026-05-15,22,2,R
656212,2026-05-15,4,0,L
656271,2026-05-15,5,0,L
656529,2026-05-15,3,0,L
656546,2026-05-15,5,0,R
656730,2026-05-15,3,0,R
656848,2026-05-15,4,0,R
657746,2026-05-15,23,0,R
660761,2026-05-15,5,0,L
663158,2026-05-15,4,0,R
663423,2026-05-15,6,0,R
663542,2026-05-15,7,0,L
663558,2026-05-15,6,0,L
663574,2026-05-15,4,0,R
663687,2026-05-15,4,0,L
663738,2026-05-15,5,0,L
663767,2026-05-15,7,0,R
663855,2026-05-15,7,0,R
663941,2026-05-15,3,0,R
663992,2026-05-15,3,0,L
665622,2026-05-15,4,0,R
665795,2026-05-15,19,1,R
665871,2026-05-15,8,1,R
666277,2026-05-15,3,0,R
668390,2026-05-15,6,0,R
668674,2026-05-15,5,0,R
668933,2026-05-15,4,0,R
668941,2026-05-15,5,0,L
668964,2026-05-15,7,0,R
668984,2026-05-15,6,0,R
669020,2026-05-15,4,1,L
669160,2026-05-15,26,0,R
669165,2026-05-15,4,0,R
669270,2026-05-15,4,0,R
669276,2026-05-15,3,0,L
669358,2026-05-15,30,1,R
669711,2026-05-15,4,0,R
669724,2026-05-15,4,0,R
669947,2026-05-15,21,1,R
670036,2026-05-15,2,0,R
670090,2026-05-15,4,0,R
670167,2026-05-15,1,0,R
670280,2026-05-15,5,0,R
670950,2026-05-15,2,0,R
670970,2026-05-15,4,0,L
671096,2026-05-15,22,1,L
672782,2026-05-15,1,0,R
674444,2026-05-15,4,0,R
674841,2026-05-15,13,0,L
675911,2026-05-15,18,0,R
676083,2026-05-15,28,2,R
676106,2026-05-15,22,0,R
676263,2026-05-15,4,0,L
676428,2026-05-15,5,0,L
676440,2026-05-15,28,0,R
676617,2026-05-15,3,0,R
676879,2026-05-15,8,0,L
677020,2026-05-15,3,0,L
677053,2026-05-15,4,0,L
677952,2026-05-15,28,1,R
678020,2026-05-15,5,0,R
678606,2026-05-15,3,0,L
680732,2026-05-15,23,0,R
680742,2026-05-15,6,0,R
680744,2026-05-15,2,0,R
680755,2026-05-15,3,0,R
681190,2026-05-15,22,0,R
681293,2026-05-15,27,0,R
681402,2026-05-15,3,0,R
681810,2026-05-15,7,0,R
681867,2026-05-15,5,0,R
681911,2026-05-15,4,0,L
682120,2026-05-15,5,0,L
682254,2026-05-15,5,1,L
682842,2026-05-15,4,0,R
683004,2026-05-15,27,1,R
683232,2026-05-15,5,0,R
683618,2026-05-15,3,0,R
684049,2026-05-15,3,0,R
686799,2026-05-15,27,3,R
687911,2026-05-15,5,0,L
688642,2026-05-15,17,0,R
688883,2026-05-15,6,1,R
689147,2026-05-15,4,0,R
689441,2026-05-15,20,0,R
691799,2026-05-15,3,0,R
693645,2026-05-15,24,1,R
693855,2026-05-15,8,1,L
694361,2026-05-15,8,0,R
695243,2026-05-15,7,0,R
695380,2026-05-15,5,0,R
696270,2026-05-15,5,0,R
700669,2026-05-15,4,0,R
701719,2026-05-15,1,0,L
702056,2026-05-15,24,0,R
702193,2026-05-15,6,0,R
800311,2026-05-15,4,0,R
805326,2026-05-15,6,0,L
813349,2026-05-15,22,2,L
445276,2026-05-16,3,0,R
527048,2026-05-16,3,0,L
547973,2026-05-16,6,0,L
548384,2026-05-16,6,0,L
552640,2026-05-16,3,1,R
572955,2026-05-16,3,1,R
592094,2026-05-16,3,0,R
592791,2026-05-16,24,5,R
593958,2026-05-16,23,0,L
593974,2026-05-16,3,0,L
594580,2026-05-16,6,0,L
594798,2026-05-16,23,4,R
595014,2026-05-16,4,0,R
595345,2026-05-16,3,0,L
596133,2026-05-16,6,0,R
605130,2026-05-16,6,0,R
605135,2026-05-16,23,1,R
607074,2026-05-16,17,0,L
607259,2026-05-16,23,0,R
608372,2026-05-16,22,0,R
608650,2026-05-16,4,0,L
615698,2026-05-16,6,0,R
621111,2026-05-16,22,1,R
621112,2026-05-16,4,0,R
622608,2026-05-16,5,0,R
622663,2026-05-16,30,2,R
623211,2026-05-16,4,0,R
624428,2026-05-16,2,0,R
640448,2026-05-16,5,1,R
641329,2026-05-16,5,0,R
642207,2026-05-16,3,0,R
642528,2026-05-16,3,0,R
643410,2026-05-16,8,0,R
643511,2026-05-16,4,0,R
645261,2026-05-16,25,0,R
650556,2026-05-16,6,0,R
650911,2026-05-16,32,0,L
656212,2026-05-16,4,0,L
656234,2026-05-16,3,0,R
656464,2026-05-16,3,0,R
656849,2026-05-16,22,0,L
657424,2026-05-16,3,0,L
657612,2026-05-16,3,0,L
657756,2026-05-16,3,0,R
660853,2026-05-16,4,0,R
663436,2026-05-16,23,1,R
663554,2026-05-16,19,0,R
663559,2026-05-16,9,0,L
663947,2026-05-16,5,0,L
663978,2026-05-16,23,0,R
664076,2026-05-16,4,1,L
664126,2026-05-16,5,0,R
664199,2026-05-16,2,0,R
664875,2026-05-16,5,0,R
666201,2026-05-16,14,1,R
666277,2026-05-16,4,1,R
666808,2026-05-16,2,0,R
667297,2026-05-16,4,0,R
667755,2026-05-16,24,0,R
668873,2026-05-16,3,1,R
669020,2026-05-16,3,0,L
669062,2026-05-16,4,0,L
669093,2026-05-16,5,0,R
669199,2026-05-16,7,0,R
669211,2026-05-16,7,0,L
669302,2026-05-16,27,3,R
669622,2026-05-16,3,0,R
670059,2026-05-16,6,0,R
670090,2026-05-16,5,0,R
670950,2026-05-16,8,1,R
670970,2026-05-16,3,0,L
670990,2026-05-16,5,0,R
671922,2026-05-16,4,0,R
672782,2026-05-16,4,0,R
675848,2026-05-16,7,0,R
676282,2026-05-16,22,1,L
676571,2026-05-16,4,0,L
676755,2026-05-16,5,0,R
676917,2026-05-16,26,2,R
677020,2026-05-16,6,1,L
677053,2026-05-16,3,0,L
677865,2026-05-16,3,0,L
677955,2026-05-16,5,0,R
678906,2026-05-16,22,0,R
679358,2026-05-16,9,0,R
680736,2026-05-16,26,0,L
680755,2026-05-16,4,1,R
681217,2026-05-16,4,0,R
681517,2026-05-16,25,0,R
681799,2026-05-16,6,0,R
681870,2026-05-16,1,0,L
681895,2026-05-16,7,0,L
682445,2026-05-16,5,0,R
682825,2026-05-16,4,0,R
683175,2026-05-16,7,0,R
683769,2026-05-16,3,0,R
684049,2026-05-16,5,0,R
685126,2026-05-16,6,0,L
685801,2026-05-16,10,0,R
686790,2026-05-16,26,0,R
686973,2026-05-16,8,0,R
687330,2026-05-16,3,0,R
687377,2026-05-16,4,0,R
687396,2026-05-16,7,0,L
687570,2026-05-16,23,1,L
687606,2026-05-16,4,0,R
687911,2026-05-16,3,0,L
689254,2026-05-16,5,0,L
689546,2026-05-16,4,0,R
689690,2026-05-16,3,0,R
693686,2026-05-16,15,0,R
693821,2026-05-16,32,1,R
694477,2026-05-16,13,0,R
696149,2026-05-16,16,1,R
700669,2026-05-16,4,0,R
701656,2026-05-16,22,1,R
702070,2026-05-16,23,0,L
801139,2026-05-16,28,1,L
805123,2026-05-16,4,0,R
805299,2026-05-16,4,0,L
820862,2026-05-16,4,0,R
472610,2026-05-17,6,0,R
489446,2026-05-17,3,0,R
518585,2026-05-17,4,0,R
543135,2026-05-17,27,0,R
547179,2026-05-17,26,2,R
554430,2026-05-17,25,0,R
571945,2026-05-17,24,2,R
571948,2026-05-17,5,0,L
572143,2026-05-17,5,0,R
573009,2026-05-17,4,0,L
573124,2026-05-17,3,0,L
592332,2026-05-17,22,0,R
605288,2026-05-17,25,0,R
605488,2026-05-17,24,1,L
607067,2026-05-17,21,0,R
607200,2026-05-17,19,1,R
607455,2026-05-17,4,0,L
608337,2026-05-17,20,0,R
621383,2026-05-17,3,0,L
622088,2026-05-17,5,1,R
622554,2026-05-17,6,1,R
623149,2026-05-17,4,0,R
623437,2026-05-17,3,0,R
625643,2026-05-17,8,0,R
640455,2026-05-17,19,0,L
641329,2026-05-17,4,0,R
641755,2026-05-17,5,0,R
641927,2026-05-17,23,2,R
642207,2026-05-17,3,0,R
642232,2026-05-17,6,0,L
642547,2026-05-17,23,1,R
642701,2026-05-17,4,1,R
643511,2026-05-17,4,0,R
646241,2026-05-17,7,0,L
647336,2026-05-17,25,0,R
656234,2026-05-17,3,0,R
656271,2026-05-17,5,1,L
656427,2026-05-17,24,1,R
656529,2026-05-17,3,0,L
656550,2026-05-17,24,0,R
656794,2026-05-17,8,0,L
656876,2026-05-17,24,0,R
657044,2026-05-17,1,0,R
657097,2026-05-17,5,0,R
657612,2026-05-17,3,0,L
660761,2026-05-17,7,1,L
663542,2026-05-17,5,0,L
663567,2026-05-17,24,1,R
663568,2026-05-17,24,0,R
663738,2026-05-17,6,0,L
663765,2026-05-17,4,0,R
663903,2026-05-17,20,3,R
663969,2026-05-17,11,0,R
663992,2026-05-17,6,1,L
664076,2026-05-17,5,0,L
664199,2026-05-17,3,0,R
664208,2026-05-17,5,1,R
664875,2026-05-17,3,0,R
665622,2026-05-17,5,0,R
666126,2026-05-17,5,0,L
666661,2026-05-17,3,0,R
666711,2026-05-17,3,0,R
666808,2026-05-17,3,0,R
666974,2026-05-17,4,0,R
667463,2026-05-17,3,0,L
668674,2026-05-17,4,0,R
668909,2026-05-17,25,1,R
669020,2026-05-17,2,1,L
669084,2026-05-17,5,0,L
669330,2026-05-17,9,0,R
669467,2026-05-17,27,1,R
669923,2026-05-17,24,2,R
670245,2026-05-17,12,0,R
670280,2026-05-17,7,1,R
670329,2026-05-17,4,0,R
670990,2026-05-17,3,0,R
673513,2026-05-17,8,0,L
675989,2026-05-17,13,1,R
676051,2026-05-17,9,0,R
676755,2026-05-17,5,0,R
676775,2026-05-17,4,0,R
677865,2026-05-17,3,0,L
678020,2026-05-17,4,0,R
678394,2026-05-17,26,2,R
680570,2026-05-17,21,0,R
680604,2026-05-17,10,1,R
680742,2026-05-17,4,0,R
680767,2026-05-17,3,0,R
681867,2026-05-17,3,0,R
681911,2026-05-17,3,0,L
681982,2026-05-17,6,1,R
682120,2026-05-17,4,0,L
682445,2026-05-17,6,0,R
683175,2026-05-17,10,1,R
684320,2026-05-17,5,0,R
686560,2026-05-17,6,0,R
686993,2026-05-17,3,0,R
687064,2026-05-17,19,1,R
687330,2026-05-17,4,0,R
687606,2026-05-17,4,0,R
688107,2026-05-17,20,0,L
689296,2026-05-17,4,0,R
690155,2026-05-17,3,0,R
691587,2026-05-17,23,2,R
691799,2026-05-17,6,0,R
693855,2026-05-17,2,0,L
694037,2026-05-17,5,0,R
694297,2026-05-17,5,0,R
694335,2026-05-17,4,0,R
694646,2026-05-17,4,0,R
694973,2026-05-17,23,1,R
695380,2026-05-17,7,0,R
695418,2026-05-17,5,0,R
695684,2026-05-17,20,0,R
696270,2026-05-17,10,0,R
699134,2026-05-17,7,0,R
699823,2026-05-17,6,0,R
702193,2026-05-17,3,0,R
808963,2026-05-17,24,0,R
815083,2026-05-17,6,0,L
820862,2026-05-17,2,0,R
500779,2026-05-18,25,1,L
518585,2026-05-18,4,0,R
518886,2026-05-18,5,0,R
543243,2026-05-18,24,0,R
547973,2026-05-18,3,0,L
548384,2026-05-18,5,0,L
552640,2026-05-18,3,0,R
571578,2026-05-18,20,1,L
573124,2026-05-18,2,0,L
592094,2026-05-18,5,0,R
592662,2026-05-18,26,2,L
596001,2026-05-18,3,0,R
596133,2026-05-18,5,0,R
607481,2026-05-18,11,2,L
607625,2026-05-18,25,1,R
608650,2026-05-18,9,0,L
621112,2026-05-18,5,0,R
621237,2026-05-18,5,0,L
621366,2026-05-18,7,0,L
621389,2026-05-18,9,0,L
622088,2026-05-18,2,0,R
622761,2026-05-18,4,0,R
623211,2026-05-18,10,0,R
623437,2026-05-18,7,0,R
641745,2026-05-18,4,1,R
641755,2026-05-18,3,0,R
642215,2026-05-18,4,0,R
642528,2026-05-18,4,0,R
646241,2026-05-18,5,1,L
650633,2026-05-18,24,0,R
656222,2026-05-18,5,0,L
656271,2026-05-18,1,0,L
656546,2026-05-18,4,0,R
656638,2026-05-18,6,0,R
657044,2026-05-18,4,0,R
657514,2026-05-18,5,0,L
657756,2026-05-18,10,0,R
660825,2026-05-18,5,1,R
661395,2026-05-18,3,0,R
662253,2026-05-18,3,0,R
663556,2026-05-18,23,1,L
663623,2026-05-18,18,1,R
663855,2026-05-18,4,0,R
664141,2026-05-18,9,0,R
664285,2026-05-18,23,0,L
666157,2026-05-18,24,1,L
666171,2026-05-18,5,0,R
667463,2026-05-18,3,0,L
668390,2026-05-18,3,0,R
668678,2026-05-18,23,1,R
668933,2026-05-18,8,1,R
668964,2026-05-18,7,0,R
669022,2026-05-18,8,0,L
669165,2026-05-18,4,0,R
669199,2026-05-18,3,0,R
669372,2026-05-18,28,1,R
669432,2026-05-18,22,0,L
670036,2026-05-18,2,0,R
670167,2026-05-18,4,0,R
670280,2026-05-18,6,0,R
670950,2026-05-18,6,1,R
671382,2026-05-18,10,1,R
671936,2026-05-18,3,0,L
672782,2026-05-18,3,0,R
674444,2026-05-18,4,0,R
675660,2026-05-18,16,0,L
675848,2026-05-18,4,0,R
676428,2026-05-18,4,0,L
676477,2026-05-18,4,0,R
676534,2026-05-18,5,0,R
676571,2026-05-18,5,0,L
676974,2026-05-18,22,0,R
677944,2026-05-18,27,1,R
677955,2026-05-18,4,0,R
677960,2026-05-18,23,2,L
678391,2026-05-18,6,0,R
678606,2026-05-18,5,0,L
679358,2026-05-18,4,0,R
680573,2026-05-18,5,0,R
680730,2026-05-18,11,1,L
680755,2026-05-18,6,0,R
680767,2026-05-18,3,0,R
681035,2026-05-18,20,0,R
681151,2026-05-18,8,0,R
681217,2026-05-18,1,0,R
681402,2026-05-18,7,0,R
681799,2026-05-18,8,0,R
681810,2026-05-18,7,0,R
682608,2026-05-18,12,0,R
684007,2026-05-18,24,2,L
684320,2026-05-18,5,2,R
685126,2026-05-18,3,0,L
685801,2026-05-18,3,0,R
686560,2026-05-18,5,0,R
686580,2026-05-18,3,0,R
686678,2026-05-18,17,1,R
687075,2026-05-18,21,1,R
687377,2026-05-18,3,0,R
687606,2026-05-18,7,0,R
688883,2026-05-18,5,0,R
689147,2026-05-18,1,0,R
691725,2026-05-18,22,0,R
693433,2026-05-18,22,0,R
695243,2026-05-18,5,0,R
696070,2026-05-18,15,0,L
696147,2026-05-18,7,0,R
700712,2026-05-18,26,0,R
702193,2026-05-18,4,0,R
702273,2026-05-18,23,1,L
702275,2026-05-18,21,0,R
800311,2026-05-18,4,0,R
805123,2026-05-18,7,0,R
805299,2026-05-18,4,0,L
808967,2026-05-18,26,1,R
837227,2026-05-18,18,2,R
527048,2026-05-19,23,1,L
572143,2026-05-19,3,0,R
572955,2026-05-19,4,0,R
573204,2026-05-19,4,0,L
592773,2026-05-19,3,0,R
594580,2026-05-19,3,0,L
595014,2026-05-19,4,0,R
595345,2026-05-19,3,0,L
605130,2026-05-19,3,0,R
607455,2026-05-19,3,0,L
608718,2026-05-19,5,0,L
621383,2026-05-19,4,0,L
622491,2026-05-19,11,0,R
624133,2026-05-19,19,0,L
628452,2026-05-19,4,0,R
641302,2026-05-19,4,0,L
641329,2026-05-19,3,0,R
641743,2026-05-19,22,0,L
642397,2026-05-19,3,0,L
642528,2026-05-19,3,0,R
643377,2026-05-19,18,1,R
650556,2026-05-19,2,0,R
650960,2026-05-19,8,0,R
656222,2026-05-19,1,0,L
656234,2026-05-19,3,0,R
656288,2026-05-19,20,1,R
656302,2026-05-19,23,2,R
656464,2026-05-19,4,0,R
656492,2026-05-19,24,2,L
656605,2026-05-19,22,1,R
656730,2026-05-19,3,0,R
656848,2026-05-19,6,0,R
656945,2026-05-19,5,0,L
657097,2026-05-19,5,0,R
657424,2026-05-19,1,1,L
657612,2026-05-19,4,0,L
660853,2026-05-19,4,0,R
662253,2026-05-19,4,0,R
663158,2026-05-19,4,0,R
663423,2026-05-19,5,1,R
663542,2026-05-19,3,0,L
663558,2026-05-19,3,0,L
663559,2026-05-19,12,0,L
663574,2026-05-19,3,0,R
663687,2026-05-19,6,0,L
663767,2026-05-19,6,0,R
663947,2026-05-19,7,0,L
663992,2026-05-19,3,0,L
664208,2026-05-19,3,0,R
664954,2026-05-19,3,0,R
666129,2026-05-19,15,0,L
666200,2026-05-19,23,0,L
666277,2026-05-19,3,0,R
666808,2026-05-19,6,0,R
666974,2026-05-19,4,0,R
668873,2026-05-19,6,0,R
668941,2026-05-19,5,0,L
668984,2026-05-19,3,0,R
669062,2026-05-19,4,0,L
669093,2026-05-19,4,1,R
669194,2026-05-19,31,2,R
669199,2026-05-19,7,0,R
669211,2026-05-19,3,0,L
669212,2026-05-19,9,1,R
669270,2026-05-19,5,0,R
669276,2026-05-19,6,0,L
669461,2026-05-19,23,0,L
669622,2026-05-19,5,0,R
669920,2026-05-19,23,0,R
670059,2026-05-19,4,0,R
670167,2026-05-19,4,0,R
670329,2026-05-19,3,0,R
670970,2026-05-19,4,0,L
671111,2026-05-19,7,0,L
671922,2026-05-19,5,0,R
671936,2026-05-19,3,0,L
672282,2026-05-19,27,0,L
672456,2026-05-19,21,1,R
676477,2026-05-19,3,0,R
676534,2026-05-19,7,0,R
676617,2026-05-19,7,0,R
676684,2026-05-19,3,0,R
676760,2026-05-19,1,0,R
676775,2026-05-19,3,0,R
676879,2026-05-19,7,0,L
676962,2026-05-19,25,0,R
677053,2026-05-19,6,1,L
677161,2026-05-19,3,0,R
677958,2026-05-19,28,0,R
678020,2026-05-19,7,0,R
678022,2026-05-19,8,0,R
678606,2026-05-19,1,0,L
679883,2026-05-19,10,0,R
680694,2026-05-19,23,1,R
680742,2026-05-19,4,0,R
681870,2026-05-19,4,0,L
681895,2026-05-19,6,1,L
681911,2026-05-19,2,0,L
682052,2026-05-19,21,1,L
682120,2026-05-19,3,0,L
682243,2026-05-19,19,0,R
682254,2026-05-19,2,1,L
682842,2026-05-19,3,0,R
683232,2026-05-19,7,0,R
683618,2026-05-19,5,0,R
683769,2026-05-19,3,0,R
684049,2026-05-19,5,1,R
685299,2026-05-19,31,1,R
686218,2026-05-19,18,2,R
686580,2026-05-19,3,0,R
686973,2026-05-19,3,0,R
686993,2026-05-19,1,0,R
687330,2026-05-19,3,0,R
687396,2026-05-19,5,0,L
687911,2026-05-19,5,0,L
689254,2026-05-19,4,0,L
689296,2026-05-19,2,0,R
690997,2026-05-19,31,2,R
691799,2026-05-19,3,0,R
693855,2026-05-19,4,0,L
694361,2026-05-19,3,0,R
694477,2026-05-19,1,0,R
694738,2026-05-19,23,0,R
694819,2026-05-19,22,0,R
695243,2026-05-19,3,0,R
695418,2026-05-19,10,1,R
695445,2026-05-19,3,0,R
695505,2026-05-19,20,1,R
696270,2026-05-19,11,2,R
699134,2026-05-19,3,0,R
699823,2026-05-19,6,0,R
700669,2026-05-19,5,0,R
701519,2026-05-19,6,0,R
701542,2026-05-19,22,0,R
701719,2026-05-19,3,0,L
800048,2026-05-19,21,1,L
800311,2026-05-19,3,0,R
805673,2026-05-19,23,1,R
820862,2026-05-19,3,0,R
445276,2026-05-20,4,0,R
489446,2026-05-20,5,1,R
518876,2026-05-20,26,1,R
518886,2026-05-20,10,1,R
519242,2026-05-20,25,0,L
547973,2026-05-20,4,0,L
571927,2026-05-20,17,0,L
571948,2026-05-20,4,0,L
593974,2026-05-20,6,0,L
594580,2026-05-20,4,0,L
595014,2026-05-20,3,0,R
596001,2026-05-20,3,0,R
605130,2026-05-20,4,0,R
605400,2026-05-20,23,0,R
607536,2026-05-20,22,2,L
608379,2026-05-20,25,0,R
621237,2026-05-20,5,1,L
622608,2026-05-20,8,0,R
623149,2026-05-20,3,0,R
623454,2026-05-20,18,0,R
640448,2026-05-20,5,0,R
641302,2026-05-20,3,0,L
641745,2026-05-20,3,0,R
641793,2026-05-20,20,1,R
641816,2026-05-20,23,1,R
641835,2026-05-20,7,0,L
642048,2026-05-20,1,0,L
642701,2026-05-20,3,0,R
643410,2026-05-20,3,0,R
643511,2026-05-20,3,0,R
650644,2026-05-20,21,3,R
656234,2026-05-20,3,0,R
656271,2026-05-20,4,1,L
656529,2026-05-20,5,0,L
656546,2026-05-20,2,0,R
656638,2026-05-20,5,0,R
656641,2026-05-20,7,0,L
656794,2026-05-20,8,1,L
657514,2026-05-20,4,0,L
657746,2026-05-20,22,0,R
660271,2026-05-20,19,0,R
660825,2026-05-20,6,0,R
663423,2026-05-20,5,0,R
663558,2026-05-20,1,0,L
663687,2026-05-20,5,0,L
663738,2026-05-20,6,0,L
663855,2026-05-20,2,1,R
663878,2026-05-20,3,0,R
663947,2026-05-20,5,0,L
663969,2026-05-20,12,0,R
664199,2026-05-20,1,0,R
664208,2026-05-20,5,0,R
664875,2026-05-20,4,0,R
665622,2026-05-20,7,0,R
665795,2026-05-20,16,0,R
666171,2026-05-20,3,0,R
666374,2026-05-20,4,0,R
666711,2026-05-20,3,0,R
668933,2026-05-20,3,0,R
669020,2026-05-20,5,0,L
669084,2026-05-20,6,0,L
669165,2026-05-20,4,0,R
669330,2026-05-20,3,0,R
669358,2026-05-20,22,1,R
669387,2026-05-20,19,0,R
669711,2026-05-20,5,0,R
669947,2026-05-20,19,2,R
670059,2026-05-20,2,0,R
670329,2026-05-20,2,0,R
670990,2026-05-20,6,0,R
671096,2026-05-20,22,1,L
671922,2026-05-20,4,0,R
672442,2026-05-20,6,0,R
672782,2026-05-20,7,0,R
673513,2026-05-20,6,0,L
674444,2026-05-20,4,1,R
674841,2026-05-20,14,1,L
675848,2026-05-20,3,0,R
676083,2026-05-20,23,2,R
676106,2026-05-20,22,0,R
676428,2026-05-20,4,0,L
676440,2026-05-20,28,0,R
676684,2026-05-20,5,0,R
676760,2026-05-20,6,1,R
676775,2026-05-20,3,0,R
677865,2026-05-20,6,0,L
677955,2026-05-20,5,0,R
678606,2026-05-20,4,1,L
680732,2026-05-20,22,0,R
681190,2026-05-20,21,1,R
681217,2026-05-20,5,0,R
681347,2026-05-20,27,2,R
681810,2026-05-20,6,0,R
681867,2026-05-20,4,0,R
681870,2026-05-20,3,0,L
681895,2026-05-20,3,0,L
682989,2026-05-20,6,0,R
683004,2026-05-20,24,0,R
683175,2026-05-20,3,0,R
683618,2026-05-20,3,0,R
685126,2026-05-20,3,0,L
686799,2026-05-20,25,0,R
686973,2026-05-20,5,0,R
689147,2026-05-20,5,0,R
689254,2026-05-20,3,0,L
689296,2026-05-20,6,0,R
690155,2026-05-20,6,0,R
690986,2026-05-20,23,0,L
691594,2026-05-20,4,0,R
693645,2026-05-20,27,0,R
693855,2026-05-20,3,0,L
694037,2026-05-20,5,0,R
694297,2026-05-20,3,0,R
694335,2026-05-20,7,0,R
694361,2026-05-20,3,0,R
696147,2026-05-20,5,0,R
700241,2026-05-20,26,1,R
702056,2026-05-20,20,0,R
702193,2026-05-20,3,0,R
804267,2026-05-20,19,1,L
805123,2026-05-20,3,0,R
805299,2026-05-20,3,0,L
813349,2026-05-20,27,2,L
489446,2026-05-21,5,0,R
542888,2026-05-21,3,0,R
548384,2026-05-21,3,0,L
572143,2026-05-21,5,1,R
593958,2026-05-21,24,0,L
596133,2026-05-21,4,0,R
607074,2026-05-21,21,0,L
621112,2026-05-21,7,0,R
622663,2026-05-21,23,1,R
623149,2026-05-21,3,0,R
623211,2026-05-21,3,0,R
642207,2026-05-21,4,0,R
643410,2026-05-21,3,0,R
643511,2026-05-21,3,0,R
645261,2026-05-21,25,2,R
646241,2026-05-21,5,0,L
656464,2026-05-21,2,0,R
656546,2026-05-21,3,0,R
656849,2026-05-21,23,0,L
663158,2026-05-21,3,0,R
663554,2026-05-21,24,0,R
664126,2026-05-21,4,1,R
666171,2026-05-21,6,0,R
666661,2026-05-21,5,0,R
666808,2026-05-21,3,1,R
667755,2026-05-21,26,0,R
669160,2026-05-21,25,1,R
669270,2026-05-21,5,0,R
669276,2026-05-21,3,0,L
670036,2026-05-21,2,0,R
671936,2026-05-21,5,0,L
672442,2026-05-21,3,0,R
675848,2026-05-21,5,0,R
675911,2026-05-21,24,3,R
676051,2026-05-21,2,0,R
676282,2026-05-21,23,0,L
676917,2026-05-21,27,0,R
677865,2026-05-21,5,1,L
677952,2026-05-21,27,1,R
678020,2026-05-21,5,0,R
680604,2026-05-21,11,0,R
680755,2026-05-21,5,0,R
681217,2026-05-21,1,0,R
682120,2026-05-21,3,1,L
682254,2026-05-21,3,0,L
683769,2026-05-21,4,0,R
686993,2026-05-21,3,0,R
687377,2026-05-21,6,0,R
687396,2026-05-21,3,0,L
688642,2026-05-21,17,0,R
689266,2026-05-21,4,0,L
690155,2026-05-21,3,0,R
690925,2026-05-21,4,0,R
693686,2026-05-21,16,0,R
694335,2026-05-21,5,0,R
696062,2026-05-21,6,0,R
700669,2026-05-21,1,0,R
806188,2026-05-21,11,0,L
820862,2026-05-21,6,0,R
455119,2026-05-22,5,1,R
518585,2026-05-22,2,0,R
543037,2026-05-22,22,0,R
571945,2026-05-22,17,0,R
571948,2026-05-22,2,0,L
592094,2026-05-22,3,0,R
592332,2026-05-22,27,0,R
592791,2026-05-22,23,1,R
594027,2026-05-22,4,0,R
594798,2026-05-22,18,2,R
595345,2026-05-22,3,1,L
605135,2026-05-22,20,0,R
605488,2026-05-22,24,3,L
607259,2026-05-22,26,1,R
607455,2026-05-22,4,0,L
608372,2026-05-22,27,0,R
608718,2026-05-22,4,0,L
615698,2026-05-22,14,0,R
621111,2026-05-22,22,0,R
621366,2026-05-22,9,0,L
622608,2026-05-22,5,0,R
628452,2026-05-22,3,0,R
640448,2026-05-22,6,0,R
640455,2026-05-22,15,0,L
641329,2026-05-22,4,0,R
641755,2026-05-22,3,0,R
642048,2026-05-22,1,0,L
642546,2026-05-22,3,0,R
642701,2026-05-22,7,0,R
646241,2026-05-22,4,0,L
647336,2026-05-22,23,0,R
650556,2026-05-22,4,0,R
650911,2026-05-22,28,0,L
656222,2026-05-22,4,1,L
656427,2026-05-22,19,2,R
656638,2026-05-22,3,0,R
656848,2026-05-22,3,0,R
657044,2026-05-22,7,0,R
657097,2026-05-22,3,0,R
657514,2026-05-22,3,0,L
657612,2026-05-22,5,0,L
657756,2026-05-22,6,0,R
660761,2026-05-22,1,0,L
660825,2026-05-22,4,0,R
660853,2026-05-22,5,0,R
661395,2026-05-22,4,1,R
662253,2026-05-22,3,0,R
663158,2026-05-22,5,1,R
663436,2026-05-22,26,0,R
663992,2026-05-22,4,0,L
664126,2026-05-22,4,0,R
664141,2026-05-22,11,0,R
664199,2026-05-22,4,0,R
664208,2026-05-22,5,0,R
664875,2026-05-22,5,0,R
666374,2026-05-22,5,0,R
666661,2026-05-22,4,0,R
666808,2026-05-22,2,0,R
666974,2026-05-22,3,0,R
668909,2026-05-22,27,0,R
668964,2026-05-22,6,0,R
669062,2026-05-22,4,0,L
669093,2026-05-22,3,0,R
669211,2026-05-22,4,1,L
669212,2026-05-22,3,0,R
669276,2026-05-22,5,0,L
669302,2026-05-22,21,0,R
669330,2026-05-22,3,0,R
669711,2026-05-22,5,0,R
670280,2026-05-22,4,0,R
670329,2026-05-22,2,0,R
670950,2026-05-22,3,0,R
670970,2026-05-22,4,0,L
671922,2026-05-22,3,0,R
672782,2026-05-22,3,0,R
675660,2026-05-22,8,0,L
676428,2026-05-22,6,0,L
676879,2026-05-22,6,0,L
677053,2026-05-22,3,0,L
678022,2026-05-22,9,0,R
679358,2026-05-22,4,0,R
680570,2026-05-22,25,1,R
680730,2026-05-22,7,0,L
680736,2026-05-22,24,1,L
681293,2026-05-22,23,0,R
681402,2026-05-22,4,0,R
681799,2026-05-22,7,0,R
683232,2026-05-22,5,1,R
684049,2026-05-22,4,0,R
685126,2026-05-22,4,0,L
686580,2026-05-22,7,2,R
686790,2026-05-22,18,0,R
686973,2026-05-22,6,0,R
687330,2026-05-22,1,0,R
687377,2026-05-22,7,0,R
687396,2026-05-22,3,0,L
687570,2026-05-22,22,0,L
687606,2026-05-22,3,0,R
687911,2026-05-22,5,0,L
689254,2026-05-22,3,0,L
689296,2026-05-22,3,0,R
690925,2026-05-22,3,0,R
691587,2026-05-22,20,1,R
693821,2026-05-22,24,1,R
693855,2026-05-22,7,0,L
694477,2026-05-22,4,0,R
696147,2026-05-22,5,0,R
696149,2026-05-22,23,0,R
699134,2026-05-22,5,0,R
699823,2026-05-22,5,0,R
701519,2026-05-22,7,0,R
701656,2026-05-22,20,0,R
701719,2026-05-22,3,0,L
702070,2026-05-22,23,0,L
800311,2026-05-22,5,0,R
801139,2026-05-22,25,0,L
801434,2026-05-22,8,0,R
804636,2026-05-22,9,0,R
805299,2026-05-22,1,0,L
815083,2026-05-22,4,1,L
489446,2026-05-23,3,0,R
542888,2026-05-23,4,0,R
543135,2026-05-23,30,1,R
547179,2026-05-23,24,1,R
554430,2026-05-23,21,0,R
571578,2026-05-23,23,0,L
572955,2026-05-23,6,0,R
573124,2026-05-23,1,0,L
592094,2026-05-23,4,0,R
592773,2026-05-23,4,0,R
594580,2026-05-23,4,0,L
595345,2026-05-23,3,0,L
605130,2026-05-23,4,0,R
605288,2026-05-23,21,0,R
607067,2026-05-23,27,2,R
607200,2026-05-23,21,1,R
608337,2026-05-23,21,0,R
623149,2026-05-23,3,0,R
624522,2026-05-23,13,0,R
641302,2026-05-23,4,0,L
641745,2026-05-23,3,0,R
641755,2026-05-23,3,0,R
642048,2026-05-23,3,0,L
642546,2026-05-23,3,0,R
642547,2026-05-23,30,2,R
656271,2026-05-23,6,0,L
656464,2026-05-23,4,0,R
656529,2026-05-23,4,0,L
656546,2026-05-23,3,0,R
656550,2026-05-23,22,2,R
656945,2026-05-23,4,0,L
657424,2026-05-23,5,0,L
660761,2026-05-23,10,0,L
660853,2026-05-23,3,0,R
661395,2026-05-23,4,0,R
663423,2026-05-23,5,0,R
663542,2026-05-23,4,0,L
663558,2026-05-23,6,0,L
663568,2026-05-23,30,0,R
663574,2026-05-23,7,1,R
663623,2026-05-23,16,0,R
663765,2026-05-23,14,0,R
663978,2026-05-23,24,0,R
663992,2026-05-23,3,0,L
666171,2026-05-23,4,1,R
666277,2026-05-23,3,0,R
666711,2026-05-23,7,0,R
668390,2026-05-23,3,0,R
668678,2026-05-23,24,0,R
668933,2026-05-23,6,0,R
668941,2026-05-23,4,0,L
669020,2026-05-23,3,0,L
669084,2026-05-23,7,0,L
669093,2026-05-23,4,0,R
669165,2026-05-23,5,0,R
669270,2026-05-23,7,0,R
669372,2026-05-23,14,0,R
669467,2026-05-23,20,1,R
669622,2026-05-23,4,0,R
669923,2026-05-23,27,0,R
670036,2026-05-23,5,0,R
670245,2026-05-23,7,0,R
670950,2026-05-23,9,1,R
670970,2026-05-23,3,0,L
670990,2026-05-23,6,1,R
671737,2026-05-23,18,0,R
671936,2026-05-23,2,0,L
673929,2026-05-23,6,1,R
676617,2026-05-23,6,0,R
676974,2026-05-23,25,0,R
677053,2026-05-23,4,0,L
677865,2026-05-23,3,0,L
677944,2026-05-23,22,0,R
678020,2026-05-23,1,0,R
678394,2026-05-23,24,0,R
678906,2026-05-23,21,0,R
680755,2026-05-23,4,0,R
681217,2026-05-23,1,0,R
681517,2026-05-23,24,2,R
681676,2026-05-23,6,0,R
681895,2026-05-23,3,0,L
681911,2026-05-23,4,0,L
681982,2026-05-23,5,0,R
683175,2026-05-23,6,1,R
683742,2026-05-23,12,1,R
684320,2026-05-23,4,0,R
687911,2026-05-23,4,0,L
688107,2026-05-23,21,1,L
688883,2026-05-23,6,0,R
689147,2026-05-23,3,0,R
689266,2026-05-23,10,0,L
689546,2026-05-23,5,0,R
694297,2026-05-23,7,1,R
694335,2026-05-23,4,0,R
694973,2026-05-23,24,1,R
695243,2026-05-23,3,0,R
695380,2026-05-23,3,0,R
695418,2026-05-23,12,0,R
695534,2026-05-23,22,1,R
696070,2026-05-23,12,0,L
700669,2026-05-23,3,0,R
700712,2026-05-23,23,0,R
701719,2026-05-23,3,0,L
702193,2026-05-23,6,0,R
702752,2026-05-23,3,0,R
808963,2026-05-23,21,0,R
820862,2026-05-23,6,0,R
445276,2026-05-24,6,1,R
471911,2026-05-24,4,0,R
500779,2026-05-24,10,0,L
518585,2026-05-24,5,0,R
527048,2026-05-24,22,0,L
543056,2026-05-24,4,0,L
543243,2026-05-24,19,0,R
544150,2026-05-24,15,0,R
548384,2026-05-24,4,0,L
552640,2026-05-24,2,0,R
573124,2026-05-24,3,0,L
573204,2026-05-24,5,0,L
592662,2026-05-24,21,1,L
593974,2026-05-24,6,0,L
594027,2026-05-24,4,0,R
596001,2026-05-24,8,0,R
596133,2026-05-24,3,0,R
605130,2026-05-24,2,0,R
607455,2026-05-24,2,0,L
607625,2026-05-24,27,1,R
608650,2026-05-24,4,0,L
621383,2026-05-24,4,0,L
622554,2026-05-24,4,0,R
623211,2026-05-24,3,0,R
623454,2026-05-24,9,0,R
625643,2026-05-24,9,0,R
640448,2026-05-24,5,0,R
641835,2026-05-24,2,0,L
641927,2026-05-24,22,2,R
642207,2026-05-24,5,1,R
642397,2026-05-24,5,0,L
643410,2026-05-24,4,0,R
650556,2026-05-24,4,0,R
650633,2026-05-24,20,1,R
656302,2026-05-24,19,2,R
656492,2026-05-24,22,0,L
656605,2026-05-24,25,0,R
656848,2026-05-24,4,0,R
656876,2026-05-24,24,0,R
656945,2026-05-24,3,0,L
657424,2026-05-24,4,1,L
657514,2026-05-24,3,0,L
657612,2026-05-24,5,0,L
663558,2026-05-24,3,0,L
663567,2026-05-24,24,0,R
663687,2026-05-24,3,0,L
663738,2026-05-24,3,0,L
663878,2026-05-24,4,0,R
663947,2026-05-24,4,0,L
663969,2026-05-24,16,0,R
663992,2026-05-24,3,0,L
664126,2026-05-24,4,0,R
664199,2026-05-24,3,0,R
664208,2026-05-24,3,0,R
664285,2026-05-24,22,1,L
664954,2026-05-24,3,0,R
665622,2026-05-24,5,0,R
667463,2026-05-24,3,0,L
668674,2026-05-24,7,0,R
668873,2026-05-24,3,0,R
669022,2026-05-24,21,0,L
669062,2026-05-24,3,0,L
669194,2026-05-24,31,0,R
669211,2026-05-24,7,0,L
669432,2026-05-24,20,1,L
669622,2026-05-24,4,0,R
669711,2026-05-24,5,0,R
670059,2026-05-24,2,0,R
670167,2026-05-24,4,0,R
670245,2026-05-24,5,0,R
670990,2026-05-24,3,0,R
671922,2026-05-24,3,0,R
672282,2026-05-24,25,1,L
672782,2026-05-24,7,0,R
674841,2026-05-24,6,0,L
675512,2026-05-24,22,0,R
675660,2026-05-24,11,1,L
676477,2026-05-24,3,0,R
676534,2026-05-24,6,0,R
676684,2026-05-24,3,0,R
676760,2026-05-24,11,0,R
676775,2026-05-24,8,0,R
677960,2026-05-24,26,0,L
678020,2026-05-24,6,0,R
678606,2026-05-24,1,0,L
679358,2026-05-24,3,0,R
680604,2026-05-24,14,0,R
680742,2026-05-24,4,1,R
680755,2026-05-24,3,0,R
681035,2026-05-24,24,0,R
681402,2026-05-24,4,0,R
681799,2026-05-24,3,0,R
681867,2026-05-24,8,0,R
682052,2026-05-24,19,0,L
682120,2026-05-24,4,0,L
682254,2026-05-24,5,0,L
683769,2026-05-24,4,0,R
684007,2026-05-24,26,3,L
684320,2026-05-24,4,0,R
685126,2026-05-24,5,0,L
686560,2026-05-24,4,0,R
686993,2026-05-24,4,1,R
687064,2026-05-24,28,0,R
687075,2026-05-24,21,0,R
687330,2026-05-24,5,1,R
687377,2026-05-24,2,0,R
689254,2026-05-24,4,0,L
691725,2026-05-24,24,0,R
691799,2026-05-24,3,1,R
692230,2026-05-24,8,0,R
693433,2026-05-24,23,0,R
694361,2026-05-24,3,0,R
695380,2026-05-24,7,0,R
695445,2026-05-24,7,1,R
696147,2026-05-24,6,0,R
699134,2026-05-24,7,0,R
699823,2026-05-24,7,0,R
701519,2026-05-24,1,0,R
702273,2026-05-24,20,1,L
800048,2026-05-24,24,0,L
800311,2026-05-24,1,0,R
805123,2026-05-24,8,1,R
808967,2026-05-24,27,0,R
455119,2026-05-25,5,0,R
518876,2026-05-25,26,0,R
594580,2026-05-25,3,0,L
595014,2026-05-25,1,0,R
595345,2026-05-25,4,0,L
608379,2026-05-25,27,1,R
608650,2026-05-25,5,0,L
622088,2026-05-25,3,0,R
622491,2026-05-25,17,0,R
622554,2026-05-25,4,0,R
641329,2026-05-25,3,0,R
641743,2026-05-25,24,1,L
641745,2026-05-25,4,0,R
641793,2026-05-25,27,0,R
642397,2026-05-25,3,0,L
642528,2026-05-25,4,0,R
643511,2026-05-25,5,0,R
650644,2026-05-25,22,3,R
656234,2026-05-25,4,1,R
656271,2026-05-25,3,0,L
656288,2026-05-25,24,2,R
656529,2026-05-25,4,0,L
657097,2026-05-25,5,0,R
657514,2026-05-25,4,0,L
657612,2026-05-25,2,0,L
661395,2026-05-25,4,0,R
663423,2026-05-25,5,1,R
663542,2026-05-25,4,0,L
663556,2026-05-25,21,0,L
663738,2026-05-25,3,0,L
664059,2026-05-25,3,0,R
664141,2026-05-25,10,0,R
664991,2026-05-25,3,0,L
666157,2026-05-25,26,1,L
666200,2026-05-25,24,0,L
666711,2026-05-25,4,0,R
666974,2026-05-25,1,0,R
667463,2026-05-25,4,0,L
668674,2026-05-25,6,0,R
668933,2026-05-25,3,0,R
668964,2026-05-25,4,0,R
668984,2026-05-25,7,0,R
669093,2026-05-25,1,0,R
669165,2026-05-25,4,1,R
669199,2026-05-25,5,1,R
669270,2026-05-25,1,0,R
669330,2026-05-25,7,1,R
669387,2026-05-25,22,1,R
669461,2026-05-25,24,1,L
669947,2026-05-25,9,1,R
670036,2026-05-25,7,1,R
670280,2026-05-25,4,0,R
670329,2026-05-25,9,0,R
671106,2026-05-25,19,0,L
671936,2026-05-25,3,0,L
673513,2026-05-25,7,0,L
675848,2026-05-25,5,0,R
676083,2026-05-25,23,0,R
676440,2026-05-25,16,5,R
676571,2026-05-25,7,1,L
676879,2026-05-25,6,0,L
676962,2026-05-25,24,0,R
677053,2026-05-25,3,0,L
677955,2026-05-25,2,0,R
677958,2026-05-25,22,1,R
678022,2026-05-25,18,1,R
680573,2026-05-25,8,0,R
680694,2026-05-25,25,1,R
681084,2026-05-25,3,0,R
681810,2026-05-25,7,0,R
681911,2026-05-25,3,0,L
682243,2026-05-25,18,1,R
682608,2026-05-25,14,1,R
685299,2026-05-25,21,0,R
685801,2026-05-25,4,0,R
686218,2026-05-25,24,0,R
687396,2026-05-25,3,0,L
689147,2026-05-25,3,0,R
689254,2026-05-25,1,0,L
689296,2026-05-25,5,0,R
690997,2026-05-25,19,2,R
691799,2026-05-25,4,0,R
693855,2026-05-25,10,0,L
694361,2026-05-25,3,0,R
694738,2026-05-25,24,1,R
694819,2026-05-25,24,0,R
695001,2026-05-25,6,0,R
696062,2026-05-25,10,0,R
700327,2026-05-25,3,0,L
701542,2026-05-25,24,1,R
702056,2026-05-25,27,0,R
702752,2026-05-25,9,0,R
802408,2026-05-25,14,0,L
805299,2026-05-25,3,0,L
805673,2026-05-25,25,2,R
806188,2026-05-25,4,0,L
837227,2026-05-25,20,0,R
489446,2026-05-26,4,0,R
500743,2026-05-26,11,2,R
518886,2026-05-26,4,0,R
542888,2026-05-26,4,0,R
543056,2026-05-26,3,0,L
552640,2026-05-26,3,0,R
571948,2026-05-26,6,0,L
572955,2026-05-26,3,0,R
573124,2026-05-26,3,0,L
593958,2026-05-26,25,1,L
593974,2026-05-26,6,0,L
594027,2026-05-26,8,1,R
594580,2026-05-26,4,0,L
596001,2026-05-26,3,0,R
605400,2026-05-26,21,1,R
607455,2026-05-26,3,0,L
607536,2026-05-26,22,3,L
621345,2026-05-26,4,0,L
621366,2026-05-26,9,0,L
623149,2026-05-26,4,1,R
624133,2026-05-26,25,1,L
628452,2026-05-26,7,0,R
640455,2026-05-26,14,0,L
641745,2026-05-26,6,1,R
641778,2026-05-26,22,1,L
641816,2026-05-26,20,1,R
642100,2026-05-26,4,0,L
642232,2026-05-26,12,0,L
642546,2026-05-26,7,0,R
642701,2026-05-26,5,0,R
643377,2026-05-26,11,0,R
645261,2026-05-26,31,3,R
656222,2026-05-26,5,2,L
656271,2026-05-26,1,0,L
656464,2026-05-26,4,1,R
656641,2026-05-26,5,1,L
656730,2026-05-26,4,0,R
656794,2026-05-26,6,0,L
656849,2026-05-26,26,0,L
657746,2026-05-26,30,1,R
660761,2026-05-26,7,0,L
661395,2026-05-26,3,0,R
662253,2026-05-26,5,1,R
663158,2026-05-26,3,0,R
663542,2026-05-26,3,0,L
663559,2026-05-26,16,3,L
663574,2026-05-26,3,0,R
663687,2026-05-26,3,0,L
663947,2026-05-26,5,1,L
664076,2026-05-26,6,0,L
664954,2026-05-26,4,0,R
664991,2026-05-26,4,0,L
666661,2026-05-26,5,0,R
669020,2026-05-26,9,0,L
669062,2026-05-26,5,1,L
669212,2026-05-26,7,1,R
669276,2026-05-26,5,1,L
669358,2026-05-26,29,0,R
669711,2026-05-26,4,0,R
669724,2026-05-26,4,0,R
669920,2026-05-26,27,2,R
670059,2026-05-26,3,0,R
670970,2026-05-26,3,0,L
671936,2026-05-26,2,0,L
672456,2026-05-26,26,1,R
672782,2026-05-26,4,0,R
674444,2026-05-26,8,1,R
675911,2026-05-26,21,2,R
676051,2026-05-26,8,0,R
676106,2026-05-26,22,0,R
676282,2026-05-26,13,1,L
676684,2026-05-26,9,1,R
676775,2026-05-26,5,0,R
676917,2026-05-26,25,0,R
677865,2026-05-26,7,0,L
677952,2026-05-26,29,0,R
678606,2026-05-26,4,0,L
679883,2026-05-26,17,0,R
680730,2026-05-26,14,0,L
680732,2026-05-26,25,0,R
680755,2026-05-26,4,0,R
681084,2026-05-26,8,0,R
681190,2026-05-26,26,3,R
681217,2026-05-26,3,0,R
681676,2026-05-26,5,1,R
681982,2026-05-26,3,0,R
682842,2026-05-26,5,0,R
683004,2026-05-26,26,1,R
684049,2026-05-26,5,0,R
684320,2026-05-26,3,0,R
686475,2026-05-26,7,1,R
686799,2026-05-26,20,0,R
686993,2026-05-26,4,0,R
688642,2026-05-26,14,2,R
689147,2026-05-26,4,0,R
690155,2026-05-26,3,0,R
690986,2026-05-26,23,0,L
693645,2026-05-26,22,1,R
693686,2026-05-26,17,0,R
694037,2026-05-26,4,1,R
694680,2026-05-26,14,1,R
695505,2026-05-26,22,1,R
695611,2026-05-26,25,0,L
696136,2026-05-26,24,1,L
699134,2026-05-26,4,0,R
699823,2026-05-26,6,0,R
700241,2026-05-26,22,1,R
700327,2026-05-26,4,0,L
702021,2026-05-26,12,0,L
702193,2026-05-26,2,0,R
800311,2026-05-26,3,0,R
805123,2026-05-26,8,0,R
806188,2026-05-26,9,0,L
815083,2026-05-26,10,1,L
820862,2026-05-26,4,0,R
445276,2026-05-27,3,0,R
455119,2026-05-27,5,0,R
471911,2026-05-27,17,1,R
518585,2026-05-27,4,0,R
543037,2026-05-27,23,0,R
548384,2026-05-27,7,0,L
552640,2026-05-27,4,0,R
571927,2026-05-27,18,1,L
571945,2026-05-27,17,0,R
573204,2026-05-27,4,0,L
592094,2026-05-27,3,0,R
592332,2026-05-27,22,0,R
592791,2026-05-27,21,2,R
594798,2026-05-27,23,1,R
596133,2026-05-27,5,0,R
605488,2026-05-27,23,1,L
606115,2026-05-27,5,0,R
608372,2026-05-27,20,2,R
608718,2026-05-27,12,0,L
621111,2026-05-27,18,0,R
621237,2026-05-27,4,0,L
622608,2026-05-27,6,1,R
623149,2026-05-27,3,0,R
623211,2026-05-27,5,0,R
623454,2026-05-27,9,0,R
640448,2026-05-27,3,0,R
641302,2026-05-27,4,1,L
642207,2026-05-27,6,0,R
642701,2026-05-27,7,0,R
643511,2026-05-27,3,0,R
647336,2026-05-27,22,0,R
650911,2026-05-27,27,0,L
656464,2026-05-27,3,0,R
656546,2026-05-27,4,0,R
656638,2026-05-27,2,0,R
656730,2026-05-27,4,0,R
656848,2026-05-27,5,0,R
656945,2026-05-27,4,0,L
657044,2026-05-27,3,0,R
657097,2026-05-27,3,0,R
657424,2026-05-27,3,0,L
657514,2026-05-27,4,0,L
657571,2026-05-27,5,0,L
660271,2026-05-27,23,0,R
660761,2026-05-27,5,0,L
660825,2026-05-27,4,0,R
660853,2026-05-27,5,0,R
663554,2026-05-27,14,0,R
663992,2026-05-27,5,0,L
664126,2026-05-27,3,0,R
664208,2026-05-27,4,0,R
664875,2026-05-27,10,1,R
665622,2026-05-27,10,1,R
666808,2026-05-27,3,0,R
666974,2026-05-27,3,0,R
667463,2026-05-27,3,0,L
667755,2026-05-27,24,1,R
668873,2026-05-27,6,0,R
668909,2026-05-27,26,0,R
668941,2026-05-27,5,0,L
668964,2026-05-27,4,0,R
669093,2026-05-27,4,0,R
669160,2026-05-27,25,0,R
669165,2026-05-27,3,0,R
669169,2026-05-27,19,2,R
669211,2026-05-27,5,0,L
669270,2026-05-27,6,0,R
669302,2026-05-27,24,0,R
669724,2026-05-27,2,0,R
670167,2026-05-27,2,0,R
670245,2026-05-27,8,0,R
670950,2026-05-27,3,0,R
670970,2026-05-27,3,0,L
670990,2026-05-27,5,1,R
671096,2026-05-27,24,2,L
671922,2026-05-27,5,0,R
675660,2026-05-27,7,0,L
676571,2026-05-27,3,0,L
676760,2026-05-27,4,1,R
676879,2026-05-27,7,0,L
677053,2026-05-27,5,1,L
679358,2026-05-27,9,0,R
680604,2026-05-27,2,0,R
680742,2026-05-27,3,0,R
681347,2026-05-27,27,1,R
681402,2026-05-27,3,0,R
681799,2026-05-27,4,0,R
681867,2026-05-27,8,0,R
681895,2026-05-27,4,0,L
682120,2026-05-27,3,0,L
683232,2026-05-27,6,0,R
685126,2026-05-27,8,1,L
685801,2026-05-27,4,0,R
686560,2026-05-27,7,0,R
686790,2026-05-27,28,0,R
686973,2026-05-27,4,0,R
687209,2026-05-27,5,0,R
687377,2026-05-27,4,0,R
687570,2026-05-27,23,0,L
687911,2026-05-27,3,1,L
689254,2026-05-27,3,0,L
689266,2026-05-27,3,0,L
689296,2026-05-27,3,0,R
689818,2026-05-27,19,1,R
690925,2026-05-27,4,0,R
691587,2026-05-27,15,0,R
693821,2026-05-27,20,0,R
694346,2026-05-27,24,0,R
694361,2026-05-27,3,0,R
694477,2026-05-27,17,0,R
696131,2026-05-27,8,1,R
696149,2026-05-27,24,0,R
701519,2026-05-27,9,2,R
702070,2026-05-27,20,0,L
804636,2026-05-27,19,0,R
805299,2026-05-27,1,0,L
813349,2026-05-27,28,0,L
519141,2026-05-28,3,0,L
519242,2026-05-28,25,0,L
543056,2026-05-28,3,0,L
543135,2026-05-28,27,2,R
571578,2026-05-28,21,1,L
571948,2026-05-28,3,0,L
573124,2026-05-28,3,0,L
573204,2026-05-28,5,0,L
594027,2026-05-28,2,0,R
595345,2026-05-28,3,0,L
605135,2026-05-28,24,1,R
607067,2026-05-28,23,1,R
607455,2026-05-28,4,0,L
615698,2026-05-28,7,0,R
625643,2026-05-28,7,0,R
641755,2026-05-28,4,0,R
643511,2026-05-28,4,0,R
650556,2026-05-28,3,0,R
656427,2026-05-28,24,0,R
656546,2026-05-28,4,0,R
660853,2026-05-28,3,0,R
663423,2026-05-28,6,0,R
663436,2026-05-28,22,0,R
663558,2026-05-28,7,1,L
663878,2026-05-28,4,0,R
664991,2026-05-28,4,0,L
666171,2026-05-28,5,0,R
669711,2026-05-28,5,1,R
669724,2026-05-28,4,0,R
670245,2026-05-28,5,1,R
670990,2026-05-28,6,0,R
672782,2026-05-28,4,0,R
673929,2026-05-28,4,0,R
676568,2026-05-28,11,0,R
680570,2026-05-28,19,1,R
680573,2026-05-28,16,0,R
680755,2026-05-28,2,0,R
681293,2026-05-28,23,1,R
682254,2026-05-28,5,0,L
684049,2026-05-28,8,1,R
686973,2026-05-28,5,0,R
687721,2026-05-28,3,0,R
689266,2026-05-28,3,0,L
689296,2026-05-28,7,0,R
691799,2026-05-28,4,0,R
694973,2026-05-28,23,0,R
696147,2026-05-28,6,0,R
699823,2026-05-28,5,0,R
701519,2026-05-28,3,0,R
702193,2026-05-28,6,0,R
801139,2026-05-28,21,0,L
805427,2026-05-28,1,0,L
820862,2026-05-28,3,0,R
518585,2026-05-29,1,0,R
542888,2026-05-29,2,0,R
547179,2026-05-29,18,0,R
548384,2026-05-29,1,0,L
554430,2026-05-29,23,4,R
571948,2026-05-29,1,0,L
573124,2026-05-29,3,1,L
592094,2026-05-29,3,0,R
592773,2026-05-29,4,0,R
595345,2026-05-29,6,0,L
596133,2026-05-29,5,0,R
605130,2026-05-29,5,1,R
607074,2026-05-29,23,1,L
607200,2026-05-29,19,1,R
607259,2026-05-29,27,0,R
607455,2026-05-29,4,0,L
608337,2026-05-29,16,2,R
608718,2026-05-29,8,0,L
608723,2026-05-29,19,3,R
621112,2026-05-29,9,0,R
621345,2026-05-29,3,0,L
622554,2026-05-29,3,0,R
622663,2026-05-29,7,1,R
623211,2026-05-29,5,0,R
623454,2026-05-29,3,1,R
624522,2026-05-29,4,0,R
628708,2026-05-29,6,0,R
640448,2026-05-29,5,0,R
641302,2026-05-29,1,0,L
641329,2026-05-29,6,0,R
641755,2026-05-29,4,0,R
641835,2026-05-29,7,0,L
642100,2026-05-29,1,0,L
642397,2026-05-29,3,0,L
642528,2026-05-29,3,0,R
642547,2026-05-29,22,0,R
643410,2026-05-29,4,0,R
650556,2026-05-29,3,0,R
656222,2026-05-29,4,0,L
656550,2026-05-29,21,2,R
656730,2026-05-29,3,0,R
656794,2026-05-29,8,0,L
656848,2026-05-29,3,0,R
656945,2026-05-29,3,0,L
657277,2026-05-29,20,0,R
657424,2026-05-29,3,0,L
657571,2026-05-29,6,0,L
657756,2026-05-29,5,0,R
660761,2026-05-29,6,0,L
660825,2026-05-29,6,0,R
662253,2026-05-29,7,0,R
663158,2026-05-29,4,0,R
663542,2026-05-29,3,0,L
663568,2026-05-29,23,1,R
663687,2026-05-29,4,0,L
663978,2026-05-29,22,1,R
664126,2026-05-29,2,1,R
664199,2026-05-29,1,0,R
664208,2026-05-29,5,0,R
665622,2026-05-29,5,0,R
666171,2026-05-29,5,2,R
666277,2026-05-29,3,0,R
666374,2026-05-29,6,0,R
666661,2026-05-29,3,0,R
666711,2026-05-29,3,0,R
666974,2026-05-29,4,0,R
668678,2026-05-29,21,3,R
668873,2026-05-29,7,2,R
668941,2026-05-29,3,0,L
668964,2026-05-29,5,1,R
669022,2026-05-29,24,0,L
669062,2026-05-29,4,0,L
669084,2026-05-29,7,0,L
669093,2026-05-29,5,0,R
669211,2026-05-29,2,0,L
669212,2026-05-29,6,0,R
669270,2026-05-29,8,1,R
669276,2026-05-29,3,0,L
669330,2026-05-29,3,0,R
669371,2026-05-29,10,0,R
669432,2026-05-29,24,2,L
669467,2026-05-29,18,1,R
669622,2026-05-29,3,0,R
669923,2026-05-29,22,1,R
670059,2026-05-29,4,0,R
670329,2026-05-29,4,0,R
670970,2026-05-29,4,0,L
671737,2026-05-29,19,1,R
671922,2026-05-29,4,0,R
671936,2026-05-29,7,0,L
672021,2026-05-29,4,1,R
672782,2026-05-29,3,0,R
673513,2026-05-29,8,0,L
674444,2026-05-29,5,1,R
674841,2026-05-29,15,0,L
675512,2026-05-29,28,0,R
675848,2026-05-29,7,0,R
676534,2026-05-29,2,0,R
676617,2026-05-29,4,0,R
676684,2026-05-29,3,0,R
676775,2026-05-29,6,1,R
676879,2026-05-29,4,0,L
676974,2026-05-29,27,1,R
677865,2026-05-29,5,0,L
677944,2026-05-29,19,0,R
677955,2026-05-29,5,0,R
678020,2026-05-29,6,0,R
678394,2026-05-29,24,0,R
678606,2026-05-29,3,0,L
678906,2026-05-29,22,2,R
679358,2026-05-29,6,0,R
680730,2026-05-29,9,2,L
680736,2026-05-29,23,1,L
680755,2026-05-29,4,0,R
681799,2026-05-29,6,0,R
681810,2026-05-29,3,0,R
681867,2026-05-29,3,0,R
681895,2026-05-29,2,0,L
681911,2026-05-29,1,0,L
681982,2026-05-29,3,0,R
682120,2026-05-29,3,0,L
682842,2026-05-29,6,0,R
683003,2026-05-29,21,2,R
683618,2026-05-29,4,0,R
683769,2026-05-29,5,0,R
684007,2026-05-29,23,3,L
685126,2026-05-29,4,0,L
685801,2026-05-29,3,0,R
686560,2026-05-29,6,0,R
686993,2026-05-29,3,0,R
687209,2026-05-29,8,0,R
687330,2026-05-29,3,0,R
687377,2026-05-29,3,0,R
687396,2026-05-29,4,0,L
687606,2026-05-29,6,0,R
687911,2026-05-29,6,0,L
689254,2026-05-29,4,0,L
689441,2026-05-29,18,1,R
689520,2026-05-29,4,0,R
694297,2026-05-29,8,1,R
695001,2026-05-29,3,0,R
695243,2026-05-29,6,0,R
696062,2026-05-29,10,0,R
700327,2026-05-29,3,0,L
700669,2026-05-29,3,0,R
700712,2026-05-29,26,1,R
701719,2026-05-29,9,0,L
800311,2026-05-29,5,0,R
805299,2026-05-29,4,0,L
806188,2026-05-29,3,0,L
455119,2026-05-30,5,1,R
519141,2026-05-30,5,0,L
527048,2026-05-30,20,1,L
542888,2026-05-30,5,0,R
543056,2026-05-30,3,0,L
543243,2026-05-30,24,0,R
544150,2026-05-30,5,0,R
593974,2026-05-30,6,0,L
594027,2026-05-30,3,0,R
594580,2026-05-30,1,0,L
595014,2026-05-30,3,0,R
596001,2026-05-30,5,0,R
605130,2026-05-30,4,0,R
605288,2026-05-30,22,1,R
607625,2026-05-30,26,1,R
621237,2026-05-30,2,0,L
621366,2026-05-30,10,1,L
622088,2026-05-30,5,0,R
622554,2026-05-30,3,0,R
623211,2026-05-30,3,0,R
628452,2026-05-30,3,0,R
641302,2026-05-30,4,0,L
641743,2026-05-30,22,1,L
641745,2026-05-30,3,0,R
641755,2026-05-30,3,0,R
641927,2026-05-30,27,3,R
642121,2026-05-30,4,1,R
642207,2026-05-30,3,0,R
642397,2026-05-30,5,0,L
642701,2026-05-30,2,0,R
643511,2026-05-30,3,0,R
650633,2026-05-30,25,1,R
656234,2026-05-30,5,0,R
656271,2026-05-30,4,1,L
656492,2026-05-30,21,3,L
656529,2026-05-30,8,0,L
656546,2026-05-30,7,0,R
656605,2026-05-30,23,0,R
656638,2026-05-30,3,0,R
656876,2026-05-30,18,1,R
656945,2026-05-30,6,1,L
657044,2026-05-30,6,0,R
657097,2026-05-30,4,0,R
657514,2026-05-30,4,0,L
657756,2026-05-30,2,0,R
661395,2026-05-30,3,0,R
663158,2026-05-30,3,0,R
663372,2026-05-30,20,0,R
663567,2026-05-30,22,0,R
663574,2026-05-30,3,0,R
663687,2026-05-30,5,0,L
663738,2026-05-30,5,0,L
663765,2026-05-30,2,1,R
663903,2026-05-30,22,2,R
663969,2026-05-30,21,0,R
664076,2026-05-30,3,0,L
664141,2026-05-30,3,0,R
664199,2026-05-30,4,0,R
664285,2026-05-30,27,1,L
666200,2026-05-30,25,0,L
666808,2026-05-30,1,0,R
668674,2026-05-30,5,1,R
668984,2026-05-30,5,1,R
669165,2026-05-30,3,0,R
669194,2026-05-30,24,4,R
669199,2026-05-30,11,2,R
669211,2026-05-30,5,0,L
669276,2026-05-30,4,0,L
669372,2026-05-30,24,0,R
670036,2026-05-30,4,0,R
670167,2026-05-30,2,0,R
670950,2026-05-30,4,0,R
670990,2026-05-30,3,0,R
672282,2026-05-30,23,1,L
672335,2026-05-30,3,0,L
676051,2026-05-30,7,0,R
676962,2026-05-30,23,0,R
677865,2026-05-30,3,0,L
677958,2026-05-30,24,0,R
677960,2026-05-30,29,3,L
678022,2026-05-30,5,0,R
680604,2026-05-30,10,1,R
680689,2026-05-30,3,1,R
681035,2026-05-30,21,0,R
681217,2026-05-30,4,0,R
681402,2026-05-30,6,0,R
681517,2026-05-30,21,0,R
681676,2026-05-30,6,0,R
681806,2026-05-30,11,1,R
681810,2026-05-30,5,0,R
681867,2026-05-30,4,0,R
681892,2026-05-30,8,0,L
681895,2026-05-30,5,0,L
681911,2026-05-30,3,0,L
682254,2026-05-30,6,0,L
682608,2026-05-30,4,0,R
684320,2026-05-30,4,0,R
686580,2026-05-30,6,0,R
686973,2026-05-30,3,0,R
686993,2026-05-30,3,0,R
687064,2026-05-30,27,0,R
687075,2026-05-30,21,1,R
687531,2026-05-30,3,0,R
689147,2026-05-30,5,0,R
689225,2026-05-30,7,2,R
689296,2026-05-30,3,0,R
690155,2026-05-30,10,0,R
690925,2026-05-30,6,0,R
691799,2026-05-30,6,0,R
692230,2026-05-30,17,0,R
693433,2026-05-30,23,0,R
693855,2026-05-30,5,0,L
694037,2026-05-30,4,0,R
695380,2026-05-30,4,0,R
695418,2026-05-30,6,0,R
696147,2026-05-30,5,0,R
699134,2026-05-30,6,0,R
700669,2026-05-30,7,1,R
701121,2026-05-30,3,0,R
702021,2026-05-30,9,1,L
702056,2026-05-30,21,0,R
800048,2026-05-30,22,0,L
804619,2026-05-30,10,0,R
805123,2026-05-30,10,0,R
808963,2026-05-30,20,1,R
820862,2026-05-30,4,0,R
518585,2026-05-31,5,0,R
518876,2026-05-31,27,2,R
519141,2026-05-31,5,0,L
547184,2026-05-31,10,0,R
547973,2026-05-31,4,0,L
592094,2026-05-31,4,0,R
592662,2026-05-31,19,0,L
594027,2026-05-31,3,0,R
594580,2026-05-31,2,0,L
608379,2026-05-31,26,0,R
608718,2026-05-31,3,0,L
621383,2026-05-31,9,0,L
622491,2026-05-31,20,0,R
623454,2026-05-31,6,1,R
624133,2026-05-31,25,0,L
624522,2026-05-31,10,1,R
625643,2026-05-31,4,0,R
641329,2026-05-31,4,0,R
641793,2026-05-31,25,0,R
642528,2026-05-31,3,0,R
642546,2026-05-31,8,1,R
643410,2026-05-31,3,0,R
656222,2026-05-31,5,0,L
656271,2026-05-31,4,0,L
656288,2026-05-31,21,2,R
656464,2026-05-31,2,0,R
656641,2026-05-31,4,0,L
656730,2026-05-31,3,0,R
656849,2026-05-31,15,0,L
657514,2026-05-31,5,0,L
657612,2026-05-31,8,2,L
660761,2026-05-31,3,0,L
663423,2026-05-31,7,0,R
663542,2026-05-31,5,0,L
663556,2026-05-31,19,0,L
663558,2026-05-31,5,0,L
663574,2026-05-31,5,0,R
663767,2026-05-31,7,1,R
663878,2026-05-31,3,0,R
663941,2026-05-31,7,0,R
664141,2026-05-31,5,0,R
664208,2026-05-31,3,0,R
664954,2026-05-31,9,1,R
665622,2026-05-31,6,0,R
666157,2026-05-31,29,2,L
666661,2026-05-31,8,0,R
666711,2026-05-31,8,0,R
667463,2026-05-31,7,1,L
668873,2026-05-31,4,0,R
668984,2026-05-31,7,1,R
669020,2026-05-31,8,0,L
669093,2026-05-31,3,0,R
669212,2026-05-31,5,0,R
669330,2026-05-31,8,1,R
669461,2026-05-31,20,0,L
669622,2026-05-31,5,1,R
669684,2026-05-31,5,0,L
669711,2026-05-31,4,0,R
669724,2026-05-31,3,0,R
670059,2026-05-31,3,0,R
670280,2026-05-31,5,0,R
670329,2026-05-31,3,0,R
670970,2026-05-31,3,0,L
671936,2026-05-31,7,0,L
672456,2026-05-31,20,0,R
673513,2026-05-31,3,0,L
674444,2026-05-31,4,0,R
675848,2026-05-31,5,0,R
675911,2026-05-31,24,0,R
676051,2026-05-31,3,0,R
676440,2026-05-31,24,1,R
676510,2026-05-31,6,0,R
676534,2026-05-31,6,0,R
676742,2026-05-31,3,0,R
677952,2026-05-31,22,1,R
678022,2026-05-31,7,0,R
680694,2026-05-31,27,0,R
680732,2026-05-31,21,0,R
681799,2026-05-31,6,0,R
682052,2026-05-31,13,0,L
682120,2026-05-31,4,0,L
682243,2026-05-31,17,0,R
682608,2026-05-31,2,0,R
682842,2026-05-31,3,0,R
683004,2026-05-31,23,0,R
683618,2026-05-31,4,0,R
684049,2026-05-31,7,1,R
684320,2026-05-31,4,0,R
685126,2026-05-31,1,0,L
685299,2026-05-31,17,0,R
686560,2026-05-31,6,1,R
686799,2026-05-31,16,1,R
687330,2026-05-31,6,0,R
687377,2026-05-31,6,0,R
687531,2026-05-31,6,0,R
687985,2026-05-31,8,1,R
688642,2026-05-31,11,1,R
689254,2026-05-31,3,0,L
689266,2026-05-31,4,1,L
690925,2026-05-31,3,0,R
690928,2026-05-31,15,1,R
690997,2026-05-31,23,0,R
691594,2026-05-31,3,0,R
691725,2026-05-31,18,2,R
693686,2026-05-31,17,1,R
694361,2026-05-31,3,0,R
694819,2026-05-31,25,0,R
695001,2026-05-31,6,0,R
696131,2026-05-31,3,0,R
696136,2026-05-31,10,0,L
696522,2026-05-31,7,0,R
699823,2026-05-31,2,0,R
701542,2026-05-31,27,0,R
702021,2026-05-31,8,0,L
702474,2026-05-31,17,0,R
800311,2026-05-31,5,0,R
805299,2026-05-31,3,0,L
805673,2026-05-31,22,2,R
806188,2026-05-31,5,0,L
808967,2026-05-31,22,0,R
815083,2026-05-31,17,0,L
837227,2026-05-31,23,1,R
489446,2026-06-01,5,0,R
548384,2026-06-01,4,1,L
592773,2026-06-01,3,0,R
593958,2026-06-01,24,0,L
594798,2026-06-01,21,0,R
596001,2026-06-01,3,0,R
596133,2026-06-01,4,0,R
605335,2026-06-01,30,2,L
607536,2026-06-01,28,1,L
608718,2026-06-01,1,0,L
621345,2026-06-01,2,0,L
622608,2026-06-01,6,0,R
623149,2026-06-01,3,0,R
640448,2026-06-01,4,0,R
640455,2026-06-01,16,1,L
641302,2026-06-01,3,0,L
642100,2026-06-01,3,0,L
642121,2026-06-01,6,0,R
642207,2026-06-01,3,0,R
643377,2026-06-01,20,3,R
645261,2026-06-01,27,1,R
656638,2026-06-01,3,0,R
656641,2026-06-01,3,0,L
656848,2026-06-01,4,0,R
657424,2026-06-01,8,0,L
657571,2026-06-01,8,0,L
657746,2026-06-01,27,2,R
662253,2026-06-01,3,0,R
663765,2026-06-01,3,0,R
663947,2026-06-01,5,0,L
663992,2026-06-01,5,1,L
664076,2026-06-01,4,0,L
664126,2026-06-01,3,0,R
664199,2026-06-01,3,0,R
666171,2026-06-01,4,0,R
666277,2026-06-01,5,0,R
666374,2026-06-01,3,0,R
667755,2026-06-01,25,1,R
669084,2026-06-01,10,0,L
669212,2026-06-01,6,0,R
669371,2026-06-01,7,2,R
669724,2026-06-01,3,1,R
670167,2026-06-01,3,0,R
670950,2026-06-01,6,0,R
671083,2026-06-01,9,0,R
672782,2026-06-01,4,0,R
675660,2026-06-01,17,1,L
676106,2026-06-01,20,2,R
676263,2026-06-01,5,1,L
676684,2026-06-01,8,0,R
676917,2026-06-01,23,0,R
677865,2026-06-01,5,0,L
677955,2026-06-01,3,0,R
678020,2026-06-01,5,0,R
678576,2026-06-01,11,0,R
678606,2026-06-01,3,0,L
679883,2026-06-01,21,1,R
680689,2026-06-01,7,1,R
680744,2026-06-01,15,1,R
681217,2026-06-01,5,0,R
681810,2026-06-01,4,0,R
681892,2026-06-01,4,0,L
681911,2026-06-01,2,0,L
681982,2026-06-01,3,0,R
682608,2026-06-01,4,1,R
685126,2026-06-01,3,0,L
686218,2026-06-01,22,2,R
687606,2026-06-01,7,0,R
689225,2026-06-01,4,0,R
689818,2026-06-01,23,1,R
694477,2026-06-01,3,0,R
694680,2026-06-01,15,2,R
694738,2026-06-01,23,0,R
696131,2026-06-01,5,0,R
699823,2026-06-01,5,0,R
700241,2026-06-01,23,0,R
701519,2026-06-01,5,1,R
805299,2026-06-01,3,0,L
805427,2026-06-01,3,0,L
820862,2026-06-01,8,1,R
542888,2026-06-02,3,0,R
543135,2026-06-02,31,1,R
552640,2026-06-02,4,0,R
571927,2026-06-02,11,2,L
571945,2026-06-02,25,3,R
571948,2026-06-02,5,0,L
592094,2026-06-02,2,0,R
592155,2026-06-02,7,0,L
592332,2026-06-02,25,1,R
592791,2026-06-02,26,1,R
594580,2026-06-02,5,0,L
595014,2026-06-02,2,0,R
595345,2026-06-02,5,0,L
596001,2026-06-02,4,0,R
605130,2026-06-02,4,0,R
605400,2026-06-02,19,1,R
607455,2026-06-02,5,0,L
608372,2026-06-02,23,0,R
615698,2026-06-02,1,0,R
621237,2026-06-02,3,0,L
621345,2026-06-02,5,0,L
621381,2026-06-02,4,1,L
622088,2026-06-02,4,0,R
623211,2026-06-02,9,1,R
628452,2026-06-02,5,0,R
641329,2026-06-02,3,0,R
641745,2026-06-02,4,0,R
641778,2026-06-02,20,1,L
642232,2026-06-02,4,0,L
642397,2026-06-02,2,0,L
642528,2026-06-02,8,0,R
642701,2026-06-02,5,0,R
646241,2026-06-02,11,0,L
647336,2026-06-02,25,1,R
650556,2026-06-02,6,1,R
656222,2026-06-02,6,0,L
656271,2026-06-02,4,0,L
656427,2026-06-02,22,0,R
656464,2026-06-02,3,0,R
656529,2026-06-02,3,0,L
656730,2026-06-02,3,0,R
656794,2026-06-02,6,0,L
656848,2026-06-02,4,0,R
656945,2026-06-02,4,0,L
657612,2026-06-02,5,0,L
657756,2026-06-02,1,0,R
660825,2026-06-02,4,0,R
660853,2026-06-02,3,0,R
661395,2026-06-02,3,0,R
663158,2026-06-02,4,0,R
663436,2026-06-02,25,0,R
663687,2026-06-02,1,0,L
663941,2026-06-02,9,0,R
663992,2026-06-02,9,0,L
666277,2026-06-02,3,0,R
666661,2026-06-02,4,0,R
666808,2026-06-02,7,0,R
667463,2026-06-02,5,0,L
668674,2026-06-02,6,1,R
668873,2026-06-02,4,0,R
668941,2026-06-02,4,0,L
668984,2026-06-02,5,0,R
669062,2026-06-02,3,0,L
669093,2026-06-02,4,0,R
669160,2026-06-02,24,0,R
669165,2026-06-02,6,0,R
669199,2026-06-02,9,0,R
669298,2026-06-02,3,0,R
669302,2026-06-02,22,2,R
669358,2026-06-02,26,0,R
669622,2026-06-02,2,0,R
669711,2026-06-02,5,0,R
670036,2026-06-02,3,0,R
670059,2026-06-02,4,0,R
670167,2026-06-02,2,0,R
670329,2026-06-02,3,0,R
670950,2026-06-02,5,0,R
671096,2026-06-02,27,0,L
672335,2026-06-02,8,1,L
672782,2026-06-02,4,0,R
673513,2026-06-02,4,0,L
675848,2026-06-02,4,0,R
676282,2026-06-02,21,1,L
676534,2026-06-02,4,0,R
676617,2026-06-02,7,0,R
676879,2026-06-02,7,0,L
680570,2026-06-02,21,2,R
680604,2026-06-02,6,0,R
680730,2026-06-02,5,1,L
680755,2026-06-02,3,0,R
681190,2026-06-02,20,1,R
681347,2026-06-02,25,2,R
681867,2026-06-02,7,0,R
682120,2026-06-02,3,0,L
682842,2026-06-02,6,0,R
683618,2026-06-02,5,0,R
683769,2026-06-02,5,0,R
686790,2026-06-02,22,1,R
686993,2026-06-02,3,0,R
687209,2026-06-02,4,0,R
687396,2026-06-02,6,0,L
687473,2026-06-02,11,0,R
687570,2026-06-02,27,0,L
689147,2026-06-02,5,0,R
689254,2026-06-02,3,0,L
690986,2026-06-02,23,1,L
691951,2026-06-02,22,0,L
693645,2026-06-02,20,1,R
693821,2026-06-02,27,1,R
693855,2026-06-02,11,1,L
694037,2026-06-02,3,0,R
694361,2026-06-02,7,0,R
695611,2026-06-02,25,0,L
696062,2026-06-02,10,0,R
696149,2026-06-02,23,1,R
699134,2026-06-02,4,0,R
700669,2026-06-02,2,0,R
701719,2026-06-02,9,0,L
702070,2026-06-02,22,1,L
702193,2026-06-02,4,0,R
804636,2026-06-02,19,1,R
805123,2026-06-02,5,0,R
810938,2026-06-02,4,0,R
813349,2026-06-02,23,2,L
489446,2026-06-03,4,0,R
518585,2026-06-03,4,0,R
519141,2026-06-03,4,0,L
543037,2026-06-03,23,3,R
544150,2026-06-03,14,0,R
547179,2026-06-03,22,1,R
548384,2026-06-03,4,0,L
571578,2026-06-03,23,1,L
571948,2026-06-03,2,0,L
573124,2026-06-03,4,0,L
573204,2026-06-03,4,1,L
592094,2026-06-03,5,2,R
592773,2026-06-03,6,0,R
593974,2026-06-03,4,0,L
596133,2026-06-03,3,0,R
605135,2026-06-03,16,1,R
605488,2026-06-03,18,2,L
607067,2026-06-03,21,0,R
607200,2026-06-03,18,0,R
607259,2026-06-03,22,2,R
615698,2026-06-03,2,0,R
621111,2026-06-03,24,0,R
621112,2026-06-03,5,0,R
622088,2026-06-03,3,0,R
623352,2026-06-03,4,0,L
623454,2026-06-03,3,0,R
624522,2026-06-03,13,0,R
641745,2026-06-03,7,0,R
641755,2026-06-03,4,1,R
642397,2026-06-03,4,0,L
642528,2026-06-03,1,0,R
642546,2026-06-03,7,0,R
642547,2026-06-03,24,1,R
643410,2026-06-03,2,0,R
650911,2026-06-03,26,0,L
656550,2026-06-03,25,1,R
656638,2026-06-03,5,0,R
657044,2026-06-03,8,0,R
657097,2026-06-03,4,0,R
657277,2026-06-03,23,0,R
657571,2026-06-03,4,0,L
657612,2026-06-03,4,0,L
660271,2026-06-03,20,0,R
660761,2026-06-03,5,0,L
660825,2026-06-03,5,0,R
661395,2026-06-03,3,0,R
663158,2026-06-03,5,0,R
663568,2026-06-03,28,1,R
663574,2026-06-03,5,1,R
663687,2026-06-03,3,0,L
663738,2026-06-03,4,0,L
663878,2026-06-03,7,1,R
664126,2026-06-03,5,0,R
664199,2026-06-03,5,0,R
664208,2026-06-03,2,0,R
664875,2026-06-03,6,0,R
664991,2026-06-03,3,0,L
665622,2026-06-03,4,0,R
666171,2026-06-03,5,0,R
668678,2026-06-03,25,1,R
668909,2026-06-03,21,2,R
668941,2026-06-03,5,0,L
669020,2026-06-03,1,0,L
669022,2026-06-03,26,0,L
669062,2026-06-03,3,0,L
669270,2026-06-03,4,0,R
669276,2026-06-03,4,0,L
669298,2026-06-03,3,0,R
669438,2026-06-03,19,0,R
669467,2026-06-03,23,0,R
669684,2026-06-03,9,0,L
669923,2026-06-03,23,0,R
670059,2026-06-03,3,0,R
670245,2026-06-03,13,0,R
670990,2026-06-03,9,1,R
671737,2026-06-03,25,0,R
671922,2026-06-03,4,0,R
671936,2026-06-03,4,1,L
674841,2026-06-03,18,1,L
675512,2026-06-03,29,1,R
676263,2026-06-03,4,0,L
676534,2026-06-03,4,0,R
676617,2026-06-03,4,0,R
676775,2026-06-03,5,0,R
676974,2026-06-03,24,0,R
678020,2026-06-03,5,0,R
678606,2026-06-03,3,0,L
679358,2026-06-03,7,0,R
680702,2026-06-03,3,0,R
681168,2026-06-03,6,0,R
681293,2026-06-03,19,1,R
681402,2026-06-03,5,0,R
681799,2026-06-03,3,0,R
681867,2026-06-03,4,0,R
682120,2026-06-03,2,0,L
682254,2026-06-03,5,0,L
683769,2026-06-03,3,0,R
684049,2026-06-03,2,0,R
684320,2026-06-03,5,0,R
685112,2026-06-03,4,0,R
686993,2026-06-03,3,0,R
687377,2026-06-03,4,0,R
687606,2026-06-03,2,0,R
687911,2026-06-03,5,0,L
688107,2026-06-03,21,1,L
689296,2026-06-03,9,0,R
689520,2026-06-03,7,1,R
690925,2026-06-03,8,0,R
691799,2026-06-03,7,0,R
694037,2026-06-03,3,0,R
694297,2026-06-03,9,0,R
694477,2026-06-03,16,0,R
694973,2026-06-03,23,0,R
695001,2026-06-03,5,0,R
695239,2026-06-03,4,0,L
695380,2026-06-03,8,0,R
695418,2026-06-03,7,0,R
695505,2026-06-03,24,1,R
696522,2026-06-03,3,0,R
700712,2026-06-03,24,1,R
801139,2026-06-03,26,0,L
805123,2026-06-03,5,0,R
518585,2026-06-04,3,0,R
519242,2026-06-04,29,0,L
552640,2026-06-04,4,1,R
554430,2026-06-04,25,1,R
573124,2026-06-04,4,0,L
592454,2026-06-04,9,0,R
593974,2026-06-04,5,0,L
595345,2026-06-04,7,0,L
605130,2026-06-04,5,1,R
605288,2026-06-04,21,1,R
607074,2026-06-04,23,0,L
607455,2026-06-04,3,0,L
607625,2026-06-04,22,3,R
608337,2026-06-04,18,1,R
621237,2026-06-04,5,1,L
621381,2026-06-04,3,0,L
623149,2026-06-04,4,0,R
625643,2026-06-04,9,0,R
643410,2026-06-04,3,0,R
643511,2026-06-04,3,0,R
650556,2026-06-04,4,0,R
656529,2026-06-04,3,0,L
656546,2026-06-04,3,0,R
656638,2026-06-04,5,0,R
656945,2026-06-04,2,1,L
660853,2026-06-04,4,0,R
663423,2026-06-04,7,0,R
663558,2026-06-04,8,0,L
663738,2026-06-04,4,0,L
663765,2026-06-04,16,1,R
663941,2026-06-04,4,1,R
664141,2026-06-04,10,1,R
664875,2026-06-04,5,0,R
665622,2026-06-04,2,0,R
666974,2026-06-04,1,0,R
668873,2026-06-04,4,0,R
669020,2026-06-04,5,0,L
669084,2026-06-04,8,0,L
669165,2026-06-04,4,0,R
669194,2026-06-04,26,0,R
669211,2026-06-04,4,0,L
669270,2026-06-04,6,0,R
669330,2026-06-04,3,0,R
669372,2026-06-04,21,1,R
669387,2026-06-04,15,1,R
669432,2026-06-04,22,0,L
670036,2026-06-04,3,0,R
670167,2026-06-04,4,1,R
670280,2026-06-04,3,0,R
670970,2026-06-04,6,0,L
672782,2026-06-04,3,0,R
673513,2026-06-04,4,0,L
676051,2026-06-04,5,0,R
676760,2026-06-04,4,0,R
677944,2026-06-04,21,0,R
678394,2026-06-04,26,0,R
678576,2026-06-04,4,0,R
678906,2026-06-04,23,1,R
679358,2026-06-04,5,0,R
680736,2026-06-04,24,0,L
680755,2026-06-04,3,1,R
681911,2026-06-04,3,0,L
681982,2026-06-04,7,0,R
683003,2026-06-04,21,0,R
684007,2026-06-04,24,4,L
686973,2026-06-04,4,0,R
687396,2026-06-04,4,0,L
689147,2026-06-04,5,0,R
689149,2026-06-04,15,0,R
689254,2026-06-04,6,0,L
689266,2026-06-04,3,0,L
689441,2026-06-04,18,1,R
694361,2026-06-04,4,1,R
702193,2026-06-04,12,0,R
702474,2026-06-04,15,1,R
800311,2026-06-04,5,0,R
805299,2026-06-04,3,0,L
489446,2026-06-05,1,1,R
518876,2026-06-05,25,3,R
527048,2026-06-05,20,0,L
542888,2026-06-05,3,0,R
543056,2026-06-05,2,0,L
543243,2026-06-05,27,2,R
547973,2026-06-05,5,0,L
571948,2026-06-05,7,1,L
573204,2026-06-05,3,0,L
592155,2026-06-05,4,0,L
592662,2026-06-05,21,0,L
595014,2026-06-05,1,0,R
596133,2026-06-05,3,0,R
607455,2026-06-05,4,0,L
608348,2026-06-05,5,2,R
608379,2026-06-05,25,1,R
621112,2026-06-05,6,0,R
621345,2026-06-05,4,0,L
622554,2026-06-05,2,0,R
622608,2026-06-05,10,0,R
623168,2026-06-05,1,0,R
623211,2026-06-05,4,0,R
623352,2026-06-05,3,0,L
623454,2026-06-05,8,1,R
628452,2026-06-05,4,0,R
640448,2026-06-05,2,0,R
641743,2026-06-05,21,2,L
641745,2026-06-05,4,0,R
642121,2026-06-05,4,0,R
642701,2026-06-05,3,0,R
650633,2026-06-05,23,2,R
656222,2026-06-05,1,0,L
656271,2026-06-05,5,0,L
656492,2026-06-05,17,1,L
656605,2026-06-05,25,1,R
656641,2026-06-05,8,0,L
656730,2026-06-05,7,0,R
656876,2026-06-05,22,0,R
656945,2026-06-05,3,0,L
657514,2026-06-05,1,0,L
657756,2026-06-05,7,0,R
660825,2026-06-05,3,0,R
660853,2026-06-05,5,0,R
661395,2026-06-05,3,0,R
663158,2026-06-05,3,0,R
663372,2026-06-05,22,0,R
663542,2026-06-05,5,0,L
663567,2026-06-05,24,1,R
663903,2026-06-05,20,1,R
663947,2026-06-05,4,0,L
663969,2026-06-05,24,1,R
664208,2026-06-05,6,0,R
664285,2026-06-05,22,0,L
664991,2026-06-05,2,0,L
665795,2026-06-05,20,3,R
666200,2026-06-05,27,3,L
666808,2026-06-05,3,0,R
666974,2026-06-05,3,0,R
669276,2026-06-05,3,0,L
669371,2026-06-05,10,0,R
669704,2026-06-05,7,0,R
670036,2026-06-05,4,0,R
670950,2026-06-05,4,0,R
671936,2026-06-05,5,0,L
672282,2026-06-05,21,0,L
673513,2026-06-05,1,0,L
674444,2026-06-05,5,0,R
675848,2026-06-05,6,0,R
676604,2026-06-05,5,0,R
676684,2026-06-05,5,0,R
676879,2026-06-05,5,0,L
677955,2026-06-05,4,0,R
677958,2026-06-05,22,1,R
677960,2026-06-05,26,2,L
678020,2026-06-05,3,0,R
678022,2026-06-05,19,1,R
680728,2026-06-05,10,0,R
680742,2026-06-05,5,0,R
681035,2026-06-05,21,0,R
681217,2026-06-05,4,0,R
681517,2026-06-05,19,0,R
681799,2026-06-05,8,1,R
681895,2026-06-05,6,0,L
681916,2026-06-05,3,0,R
682608,2026-06-05,5,0,R
682825,2026-06-05,6,0,R
683618,2026-06-05,4,0,R
684049,2026-06-05,5,0,R
684320,2026-06-05,8,0,R
684974,2026-06-05,8,0,R
685112,2026-06-05,10,0,R
685126,2026-06-05,3,0,L
686580,2026-06-05,3,0,R
686930,2026-06-05,14,0,R
687064,2026-06-05,26,1,R
687075,2026-06-05,23,1,R
687209,2026-06-05,5,0,R
687473,2026-06-05,10,0,R
687531,2026-06-05,5,0,R
687606,2026-06-05,8,0,R
687911,2026-06-05,3,0,L
688158,2026-06-05,7,0,R
689296,2026-06-05,4,0,R
690928,2026-06-05,19,0,R
691769,2026-06-05,10,2,L
693313,2026-06-05,15,1,R
693433,2026-06-05,27,1,R
694360,2026-06-05,4,0,R
695243,2026-06-05,4,0,R
695380,2026-06-05,5,1,R
696147,2026-06-05,4,0,R
699823,2026-06-05,3,0,R
701519,2026-06-05,5,0,R
702056,2026-06-05,24,2,R
702153,2026-06-05,3,0,L
800048,2026-06-05,23,2,L
800311,2026-06-05,3,0,R
805673,2026-06-05,27,0,R
808963,2026-06-05,25,0,R
519141,2026-06-06,4,0,L
544150,2026-06-06,7,0,R
573124,2026-06-06,4,0,L
573204,2026-06-06,3,1,L
592094,2026-06-06,4,0,R
592773,2026-06-06,3,0,R
593958,2026-06-06,25,2,L
594580,2026-06-06,5,1,L
608718,2026-06-06,12,1,L
615698,2026-06-06,10,0,R
621381,2026-06-06,4,1,L
621383,2026-06-06,8,0,L
622088,2026-06-06,6,0,R
628452,2026-06-06,4,0,R
641755,2026-06-06,5,0,R
641793,2026-06-06,19,0,R
641835,2026-06-06,3,0,L
642100,2026-06-06,4,0,L
642528,2026-06-06,3,0,R
643511,2026-06-06,3,0,R
656288,2026-06-06,19,0,R
656529,2026-06-06,1,0,L
656546,2026-06-06,3,1,R
656638,2026-06-06,5,0,R
656794,2026-06-06,8,0,L
656848,2026-06-06,6,0,R
657097,2026-06-06,8,0,R
657514,2026-06-06,7,1,L
657746,2026-06-06,26,1,R
660761,2026-06-06,8,0,L
663556,2026-06-06,25,1,L
663574,2026-06-06,1,0,R
663738,2026-06-06,3,0,L
663767,2026-06-06,4,0,R
664126,2026-06-06,7,0,R
665660,2026-06-06,8,0,R
666126,2026-06-06,4,0,L
666157,2026-06-06,25,1,L
666171,2026-06-06,8,0,R
666277,2026-06-06,4,0,R
666374,2026-06-06,4,0,R
666661,2026-06-06,3,0,R
667463,2026-06-06,2,0,L
668674,2026-06-06,4,0,R
668873,2026-06-06,5,0,R
668984,2026-06-06,6,0,R
669020,2026-06-06,4,0,L
669062,2026-06-06,5,0,L
669199,2026-06-06,9,0,R
669211,2026-06-06,8,0,L
669276,2026-06-06,4,0,L
669298,2026-06-06,8,2,R
669461,2026-06-06,21,1,L
669622,2026-06-06,5,0,R
670970,2026-06-06,3,0,L
670990,2026-06-06,6,0,R
672456,2026-06-06,22,1,R
672782,2026-06-06,3,0,R
675848,2026-06-06,4,0,R
675911,2026-06-06,21,0,R
676263,2026-06-06,4,1,L
676440,2026-06-06,27,0,R
676534,2026-06-06,9,0,R
676604,2026-06-06,1,0,R
676617,2026-06-06,6,0,R
676775,2026-06-06,6,1,R
676962,2026-06-06,19,0,R
677952,2026-06-06,25,1,R
678606,2026-06-06,4,0,L
679358,2026-06-06,6,0,R
679883,2026-06-06,18,0,R
680604,2026-06-06,12,0,R
680694,2026-06-06,21,1,R
680723,2026-06-06,4,0,L
680730,2026-06-06,3,0,L
680732,2026-06-06,21,2,R
680744,2026-06-06,13,0,R
680755,2026-06-06,5,0,R
681168,2026-06-06,2,0,R
681810,2026-06-06,8,1,R
681982,2026-06-06,4,0,R
682120,2026-06-06,3,0,L
682243,2026-06-06,20,0,R
682254,2026-06-06,4,0,L
683004,2026-06-06,23,2,R
685126,2026-06-06,5,0,L
686753,2026-06-06,7,0,R
686799,2026-06-06,8,1,R
686973,2026-06-06,3,0,R
687330,2026-06-06,5,0,R
687377,2026-06-06,3,0,R
688642,2026-06-06,15,2,R
689254,2026-06-06,5,1,L
689266,2026-06-06,4,0,L
690997,2026-06-06,24,0,R
691725,2026-06-06,25,2,R
691799,2026-06-06,3,0,R
693686,2026-06-06,16,1,R
694037,2026-06-06,5,0,R
694738,2026-06-06,22,1,R
694819,2026-06-06,29,0,R
695001,2026-06-06,9,0,R
695034,2026-06-06,22,3,R
695239,2026-06-06,7,0,L
695243,2026-06-06,4,0,R
695418,2026-06-06,6,0,R
696519,2026-06-06,7,0,L
699134,2026-06-06,4,1,R
700669,2026-06-06,6,0,R
805123,2026-06-06,6,0,R
805427,2026-06-06,4,0,L
808967,2026-06-06,26,0,R
837227,2026-06-06,24,0,R
518585,2026-06-07,3,0,R
519141,2026-06-07,4,0,L
548384,2026-06-07,3,0,L
571927,2026-06-07,6,0,L
592332,2026-06-07,20,2,R
592773,2026-06-07,2,0,R
592791,2026-06-07,7,0,R
593974,2026-06-07,6,0,L
594027,2026-06-07,2,0,R
594580,2026-06-07,4,0,L
594798,2026-06-07,23,0,R
595014,2026-06-07,6,0,R
595345,2026-06-07,3,0,L
595978,2026-06-07,7,0,R
596133,2026-06-07,5,0,R
605400,2026-06-07,23,0,R
607536,2026-06-07,22,0,L
621237,2026-06-07,5,0,L
621345,2026-06-07,4,0,L
622491,2026-06-07,21,1,R
623211,2026-06-07,4,0,R
623454,2026-06-07,5,0,R
624133,2026-06-07,25,0,L
624522,2026-06-07,17,0,R
625643,2026-06-07,6,0,R
640448,2026-06-07,5,0,R
640455,2026-06-07,17,1,L
641302,2026-06-07,4,0,L
641755,2026-06-07,3,0,R
641835,2026-06-07,3,0,L
642100,2026-06-07,3,0,L
642121,2026-06-07,5,0,R
642207,2026-06-07,5,0,R
642546,2026-06-07,12,2,R
643377,2026-06-07,17,0,R
643410,2026-06-07,3,0,R
643511,2026-06-07,4,0,R
645261,2026-06-07,25,0,R
647336,2026-06-07,26,1,R
650556,2026-06-07,3,0,R
656271,2026-06-07,4,0,L
656427,2026-06-07,22,0,R
656457,2026-06-07,4,0,L
656464,2026-06-07,3,0,R
656848,2026-06-07,3,0,R
657097,2026-06-07,2,0,R
657571,2026-06-07,4,0,L
657612,2026-06-07,3,0,L
657756,2026-06-07,3,0,R
660825,2026-06-07,3,0,R
662253,2026-06-07,5,0,R
663423,2026-06-07,4,0,R
663542,2026-06-07,6,0,L
663574,2026-06-07,4,0,R
663687,2026-06-07,4,0,L
663878,2026-06-07,7,0,R
663947,2026-06-07,2,0,L
663978,2026-06-07,9,1,R
664076,2026-06-07,5,0,L
664141,2026-06-07,4,0,R
664199,2026-06-07,3,0,R
664875,2026-06-07,3,0,R
664991,2026-06-07,3,0,L
665871,2026-06-07,21,0,R
666277,2026-06-07,5,1,R
666974,2026-06-07,2,0,R
667755,2026-06-07,27,2,R
668674,2026-06-07,4,0,R
668873,2026-06-07,3,0,R
668941,2026-06-07,3,0,L
669062,2026-06-07,4,0,L
669165,2026-06-07,6,0,R
669330,2026-06-07,2,0,R
669358,2026-06-07,26,1,R
669622,2026-06-07,4,0,R
670167,2026-06-07,3,0,R
670280,2026-06-07,3,0,R
670329,2026-06-07,3,1,R
670950,2026-06-07,8,0,R
671936,2026-06-07,4,0,L
673513,2026-06-07,6,2,L
675660,2026-06-07,24,0,L
676263,2026-06-07,4,0,L
676282,2026-06-07,25,3,L
676617,2026-06-07,4,0,R
676684,2026-06-07,3,0,R
676760,2026-06-07,10,0,R
676775,2026-06-07,5,0,R
676917,2026-06-07,22,2,R
677955,2026-06-07,7,1,R
678606,2026-06-07,3,0,L
680742,2026-06-07,6,0,R
681168,2026-06-07,4,0,R
681190,2026-06-07,22,1,R
681217,2026-06-07,5,0,R
681347,2026-06-07,26,2,R
681402,2026-06-07,3,0,R
681867,2026-06-07,3,0,R
681895,2026-06-07,6,0,L
681911,2026-06-07,5,0,L
681916,2026-06-07,3,0,R
682254,2026-06-07,6,0,L
682608,2026-06-07,4,0,R
683000,2026-06-07,11,0,R
683618,2026-06-07,5,0,R
684974,2026-06-07,4,1,R
686218,2026-06-07,9,0,R
686580,2026-06-07,6,1,R
686747,2026-06-07,2,1,L
686790,2026-06-07,21,0,R
686973,2026-06-07,5,0,R
686993,2026-06-07,2,0,R
687396,2026-06-07,2,0,L
687570,2026-06-07,18,0,L
689147,2026-06-07,5,0,R
689520,2026-06-07,10,0,R
689818,2026-06-07,16,2,R
693645,2026-06-07,22,0,R
693821,2026-06-07,22,1,R
694037,2026-06-07,3,0,R
694360,2026-06-07,5,1,R
694477,2026-06-07,5,0,R
695076,2026-06-07,16,0,R
695611,2026-06-07,24,0,L
696131,2026-06-07,3,0,R
696147,2026-06-07,1,0,R
696149,2026-06-07,20,0,R
699823,2026-06-07,6,0,R
700241,2026-06-07,23,2,R
702021,2026-06-07,10,1,L
702070,2026-06-07,23,0,L
702193,2026-06-07,8,1,R
800311,2026-06-07,5,0,R
805427,2026-06-07,4,0,L
815083,2026-06-07,3,0,L
489446,2026-06-08,5,0,R
542888,2026-06-08,5,0,R
543056,2026-06-08,5,0,L
544150,2026-06-08,9,0,R
571578,2026-06-08,18,1,L
571945,2026-06-08,17,0,R
592094,2026-06-08,4,0,R
592155,2026-06-08,4,0,L
594027,2026-06-08,5,0,R
605130,2026-06-08,7,1,R
605488,2026-06-08,25,2,L
621111,2026-06-08,22,0,R
621112,2026-06-08,4,1,R
622088,2026-06-08,6,0,R
623352,2026-06-08,3,0,L
641329,2026-06-08,4,0,R
641745,2026-06-08,5,0,R
642232,2026-06-08,3,0,L
643410,2026-06-08,4,0,R
650556,2026-06-08,3,0,R
650911,2026-06-08,26,1,L
656234,2026-06-08,3,0,R
657277,2026-06-08,27,0,R
657612,2026-06-08,3,0,L
660761,2026-06-08,7,0,L
660825,2026-06-08,5,0,R
660853,2026-06-08,5,1,R
661395,2026-06-08,4,0,R
662253,2026-06-08,4,0,R
663687,2026-06-08,7,0,L
663992,2026-06-08,5,0,L
664076,2026-06-08,3,0,L
665622,2026-06-08,7,1,R
666171,2026-06-08,5,0,R
666374,2026-06-08,4,0,R
666808,2026-06-08,3,0,R
667297,2026-06-08,4,0,R
668909,2026-06-08,22,2,R
668984,2026-06-08,4,0,R
669270,2026-06-08,6,1,R
669711,2026-06-08,3,0,R
670059,2026-06-08,3,0,R
670280,2026-06-08,6,0,R
670970,2026-06-08,5,0,L
671096,2026-06-08,24,1,L
671922,2026-06-08,5,0,R
671936,2026-06-08,3,0,L
676106,2026-06-08,21,0,R
676775,2026-06-08,6,0,R
676879,2026-06-08,9,2,L
680570,2026-06-08,25,0,R
680573,2026-06-08,13,0,R
680723,2026-06-08,7,1,L
680730,2026-06-08,8,0,L
681293,2026-06-08,26,0,R
681402,2026-06-08,5,0,R
681867,2026-06-08,6,0,R
681916,2026-06-08,1,0,R
681982,2026-06-08,9,0,R
682120,2026-06-08,3,0,L
682842,2026-06-08,5,0,R
683769,2026-06-08,4,0,R
685112,2026-06-08,7,0,R
686993,2026-06-08,2,0,R
687330,2026-06-08,4,0,R
687396,2026-06-08,3,0,L
687911,2026-06-08,4,0,L
687941,2026-06-08,2,0,L
689296,2026-06-08,9,1,R
690925,2026-06-08,7,0,R
690986,2026-06-08,17,3,L
691951,2026-06-08,4,0,L
693855,2026-06-08,14,1,L
694346,2026-06-08,19,0,R
694477,2026-06-08,4,0,R
695243,2026-06-08,3,0,R
696147,2026-06-08,4,0,R
696519,2026-06-08,2,0,L
699134,2026-06-08,4,0,R
701542,2026-06-08,20,0,R
813349,2026-06-08,23,1,L
471911,2026-06-09,8,0,R
489446,2026-06-09,3,0,R
518585,2026-06-09,6,0,R
519141,2026-06-09,3,0,L
542888,2026-06-09,3,0,R
543037,2026-06-09,21,0,R
543135,2026-06-09,23,1,R
552640,2026-06-09,6,0,R
554430,2026-06-09,24,1,R
571948,2026-06-09,5,0,L
573124,2026-06-09,4,1,L
592094,2026-06-09,5,0,R
592454,2026-06-09,4,0,R
594580,2026-06-09,3,0,L
595014,2026-06-09,5,0,R
605288,2026-06-09,18,1,R
607067,2026-06-09,26,2,R
607200,2026-06-09,23,1,R
607259,2026-06-09,27,0,R
608337,2026-06-09,20,0,R
608372,2026-06-09,22,1,R
608718,2026-06-09,9,0,L
621112,2026-06-09,8,0,R
621237,2026-06-09,2,0,L
622088,2026-06-09,4,0,R
622554,2026-06-09,3,0,R
622608,2026-06-09,5,0,R
623454,2026-06-09,3,0,R
628452,2026-06-09,6,1,R
640448,2026-06-09,6,0,R
641329,2026-06-09,3,0,R
641778,2026-06-09,20,2,L
642100,2026-06-09,4,0,L
642547,2026-06-09,28,1,R
642701,2026-06-09,7,0,R
646241,2026-06-09,4,0,L
656222,2026-06-09,5,1,L
656234,2026-06-09,3,0,R
656271,2026-06-09,5,0,L
656302,2026-06-09,22,0,R
656457,2026-06-09,3,0,L
656464,2026-06-09,3,0,R
656529,2026-06-09,5,0,L
656546,2026-06-09,4,0,R
656550,2026-06-09,18,1,R
656638,2026-06-09,4,0,R
656848,2026-06-09,6,0,R
656945,2026-06-09,5,0,L
657044,2026-06-09,3,0,R
657514,2026-06-09,3,0,L
657571,2026-06-09,3,0,L
657612,2026-06-09,1,0,L
661395,2026-06-09,3,0,R
663158,2026-06-09,3,0,R
663568,2026-06-09,23,0,R
663574,2026-06-09,5,0,R
663738,2026-06-09,4,0,L
663941,2026-06-09,8,0,R
663947,2026-06-09,3,0,L
663992,2026-06-09,1,0,L
664126,2026-06-09,5,0,R
664141,2026-06-09,4,0,R
664199,2026-06-09,5,0,R
664875,2026-06-09,6,0,R
665660,2026-06-09,4,0,R
666808,2026-06-09,3,0,R
668390,2026-06-09,2,0,R
668678,2026-06-09,26,0,R
669020,2026-06-09,5,0,L
669062,2026-06-09,3,0,L
669160,2026-06-09,22,0,R
669211,2026-06-09,5,0,L
669270,2026-06-09,5,1,R
669302,2026-06-09,23,0,R
669330,2026-06-09,3,0,R
669372,2026-06-09,28,1,R
669432,2026-06-09,24,1,L
669622,2026-06-09,2,0,R
669724,2026-06-09,3,0,R
670036,2026-06-09,3,0,R
670059,2026-06-09,4,0,R
670167,2026-06-09,2,0,R
670329,2026-06-09,4,1,R
670970,2026-06-09,5,0,L
671737,2026-06-09,23,3,R
672335,2026-06-09,3,0,L
673513,2026-06-09,4,1,L
674444,2026-06-09,4,0,R
674841,2026-06-09,21,0,L
675512,2026-06-09,23,4,R
676477,2026-06-09,4,0,R
676534,2026-06-09,4,0,R
676604,2026-06-09,4,0,R
676974,2026-06-09,25,2,R
677865,2026-06-09,7,0,L
677944,2026-06-09,23,1,R
677955,2026-06-09,4,0,R
678020,2026-06-09,4,0,R
678606,2026-06-09,8,1,L
678906,2026-06-09,25,0,R
679358,2026-06-09,5,0,R
680702,2026-06-09,9,0,R
681799,2026-06-09,5,0,R
681916,2026-06-09,4,0,R
682120,2026-06-09,6,1,L
682997,2026-06-09,5,0,R
684049,2026-06-09,8,0,R
685126,2026-06-09,6,1,L
686930,2026-06-09,6,0,R
686973,2026-06-09,5,0,R
687209,2026-06-09,3,0,R
687330,2026-06-09,3,0,R
687377,2026-06-09,4,1,R
688107,2026-06-09,25,4,L
688158,2026-06-09,8,0,R
689147,2026-06-09,4,0,R
689254,2026-06-09,3,0,L
689266,2026-06-09,7,0,L
689441,2026-06-09,9,0,R
689520,2026-06-09,3,0,R
689546,2026-06-09,5,0,R
690925,2026-06-09,3,0,R
691799,2026-06-09,8,0,R
694335,2026-06-09,3,0,R
694361,2026-06-09,4,0,R
694973,2026-06-09,25,0,R
695001,2026-06-09,10,0,R
695239,2026-06-09,4,0,L
695243,2026-06-09,3,0,R
695380,2026-06-09,4,0,R
695418,2026-06-09,14,0,R
695505,2026-06-09,24,0,R
696062,2026-06-09,6,1,R
699134,2026-06-09,5,0,R
699823,2026-06-09,2,0,R
700712,2026-06-09,24,0,R
801139,2026-06-09,28,0,L
805123,2026-06-09,9,0,R
805299,2026-06-09,6,0,L
453286,2026-06-10,18,2,R
519242,2026-06-10,25,0,L
547179,2026-06-10,19,0,R
571927,2026-06-10,3,1,L
573124,2026-06-10,3,0,L
573204,2026-06-10,4,0,L
592662,2026-06-10,24,1,L
593974,2026-06-10,4,0,L
596001,2026-06-10,6,0,R
605130,2026-06-10,3,0,R
607074,2026-06-10,25,1,L
607455,2026-06-10,6,0,L
607625,2026-06-10,13,0,R
621237,2026-06-10,4,0,L
621381,2026-06-10,5,1,L
622554,2026-06-10,3,0,R
622608,2026-06-10,4,1,R
623352,2026-06-10,3,0,L
641302,2026-06-10,5,0,L
641745,2026-06-10,2,0,R
642121,2026-06-10,3,1,R
642232,2026-06-10,8,0,L
642397,2026-06-10,5,1,L
642528,2026-06-10,5,0,R
643511,2026-06-10,4,0,R
650556,2026-06-10,2,0,R
650633,2026-06-10,30,2,R
656492,2026-06-10,24,1,L
656546,2026-06-10,4,0,R
656638,2026-06-10,7,0,R
656641,2026-06-10,4,0,L
656730,2026-06-10,4,0,R
656794,2026-06-10,6,0,L
656849,2026-06-10,20,2,L
656876,2026-06-10,24,0,R
657097,2026-06-10,6,1,R
657514,2026-06-10,4,0,L
657571,2026-06-10,3,0,L
660271,2026-06-10,29,1,R
660761,2026-06-10,3,0,L
660853,2026-06-10,5,0,R
661395,2026-06-10,4,0,R
663436,2026-06-10,25,0,R
663542,2026-06-10,4,0,L
663567,2026-06-10,24,2,R
663574,2026-06-10,3,0,R
663687,2026-06-10,3,0,L
663738,2026-06-10,3,0,L
663767,2026-06-10,5,0,R
663903,2026-06-10,24,0,R
664076,2026-06-10,5,1,L
664208,2026-06-10,4,0,R
664285,2026-06-10,23,2,L
664991,2026-06-10,5,0,L
665622,2026-06-10,7,0,R
665660,2026-06-10,3,0,R
665665,2026-06-10,8,1,L
666171,2026-06-10,4,0,R
666200,2026-06-10,25,0,L
666661,2026-06-10,1,0,R
666974,2026-06-10,4,0,R
667297,2026-06-10,4,0,R
668674,2026-06-10,4,0,R
668941,2026-06-10,4,0,L
668984,2026-06-10,1,0,R
669022,2026-06-10,26,0,L
669165,2026-06-10,5,1,R
669194,2026-06-10,22,2,R
669199,2026-06-10,9,0,R
669276,2026-06-10,1,0,L
669387,2026-06-10,17,1,R
669467,2026-06-10,24,1,R
669711,2026-06-10,1,0,R
669724,2026-06-10,4,0,R
669923,2026-06-10,27,1,R
670036,2026-06-10,4,0,R
670167,2026-06-10,3,0,R
670245,2026-06-10,9,0,R
672282,2026-06-10,22,1,L
672335,2026-06-10,5,0,L
672782,2026-06-10,6,0,R
674444,2026-06-10,5,0,R
675848,2026-06-10,3,0,R
675916,2026-06-10,4,0,R
676051,2026-06-10,6,0,R
676105,2026-06-10,5,0,R
676263,2026-06-10,4,1,L
676760,2026-06-10,6,1,R
676879,2026-06-10,5,0,L
678022,2026-06-10,20,2,R
680730,2026-06-10,2,1,L
680742,2026-06-10,1,0,R
680744,2026-06-10,4,0,R
680755,2026-06-10,4,0,R
681217,2026-06-10,4,1,R
681402,2026-06-10,3,0,R
681810,2026-06-10,7,0,R
681895,2026-06-10,1,0,L
681911,2026-06-10,2,0,L
682445,2026-06-10,12,1,R
682608,2026-06-10,5,0,R
683003,2026-06-10,16,0,R
684007,2026-06-10,19,0,L
686580,2026-06-10,5,1,R
686753,2026-06-10,10,0,R
687064,2026-06-10,25,0,R
687075,2026-06-10,21,1,R
687209,2026-06-10,4,0,R
687377,2026-06-10,3,0,R
687396,2026-06-10,4,0,L
687473,2026-06-10,16,0,R
687531,2026-06-10,8,0,R
687562,2026-06-10,23,0,L
687606,2026-06-10,10,2,R
687911,2026-06-10,1,0,L
689225,2026-06-10,7,0,R
689254,2026-06-10,3,1,L
693313,2026-06-10,10,0,R
693686,2026-06-10,5,0,R
694037,2026-06-10,3,0,R
694335,2026-06-10,6,0,R
694477,2026-06-10,3,2,R
695534,2026-06-10,3,1,R
696131,2026-06-10,9,0,R
696147,2026-06-10,4,0,R
701519,2026-06-10,6,0,R
702021,2026-06-10,9,0,L
702193,2026-06-10,7,0,R
702474,2026-06-10,13,0,R
702752,2026-06-10,10,1,R
800048,2026-06-10,25,0,L
800311,2026-06-10,4,0,R
805427,2026-06-10,4,0,L
806188,2026-06-10,4,0,L
518876,2026-06-11,23,0,R
548384,2026-06-11,4,0,L
552640,2026-06-11,4,0,R
571948,2026-06-11,3,0,L
596133,2026-06-11,3,0,R
608379,2026-06-11,29,1,R
621053,2026-06-11,7,1,R
621345,2026-06-11,4,0,L
623149,2026-06-11,4,0,R
642207,2026-06-11,3,0,R
642701,2026-06-11,3,0,R
656577,2026-06-11,6,2,R
656605,2026-06-11,24,1,R
656641,2026-06-11,6,0,L
656848,2026-06-11,4,0,R
656945,2026-06-11,4,0,L
663372,2026-06-11,20,1,R
663947,2026-06-11,6,0,L
663969,2026-06-11,18,0,R
664126,2026-06-11,3,0,R
664208,2026-06-11,4,0,R
664991,2026-06-11,1,0,L
665795,2026-06-11,22,2,R
666277,2026-06-11,4,0,R
668390,2026-06-11,3,0,R
668941,2026-06-11,5,1,L
669020,2026-06-11,4,0,L
669330,2026-06-11,10,0,R
669622,2026-06-11,5,0,R
670329,2026-06-11,4,0,R
670990,2026-06-11,8,0,R
671111,2026-06-11,8,1,L
672456,2026-06-11,24,0,R
676263,2026-06-11,3,0,L
676534,2026-06-11,3,0,R
677865,2026-06-11,3,0,L
677958,2026-06-11,20,0,R
680604,2026-06-11,12,1,R
680694,2026-06-11,21,3,R
680736,2026-06-11,21,2,L
681035,2026-06-11,22,3,R
681895,2026-06-11,7,0,L
681911,2026-06-11,1,0,L
683618,2026-06-11,5,0,R
684049,2026-06-11,7,0,R
689225,2026-06-11,3,0,R
689520,2026-06-11,6,1,R
689546,2026-06-11,4,0,R
690928,2026-06-11,20,2,R
693433,2026-06-11,23,2,R
694360,2026-06-11,8,0,R
694361,2026-06-11,7,0,R
695239,2026-06-11,4,0,L
695380,2026-06-11,7,0,R
700669,2026-06-11,2,0,R
805299,2026-06-11,4,0,L
805673,2026-06-11,28,3,R
518585,2026-06-12,5,0,R
543056,2026-06-12,4,0,L
543243,2026-06-12,23,0,R
548384,2026-06-12,5,0,L
552640,2026-06-12,3,0,R
571948,2026-06-12,3,0,L
573124,2026-06-12,4,0,L
592454,2026-06-12,3,0,R
592773,2026-06-12,7,3,R
593958,2026-06-12,15,1,L
593974,2026-06-12,8,0,L
594027,2026-06-12,3,0,R
595014,2026-06-12,4,0,R
595345,2026-06-12,9,0,L
607455,2026-06-12,3,0,L
615698,2026-06-12,9,1,R
621074,2026-06-12,3,0,R
621097,2026-06-12,5,0,R
621381,2026-06-12,4,1,L
621383,2026-06-12,6,0,L
622088,2026-06-12,5,0,R
623149,2026-06-12,3,0,R
623211,2026-06-12,5,0,R
623352,2026-06-12,3,0,L
623454,2026-06-12,6,0,R
641743,2026-06-12,22,0,L
641793,2026-06-12,10,1,R
641835,2026-06-12,4,0,L
642207,2026-06-12,6,0,R
642528,2026-06-12,3,0,R
642546,2026-06-12,10,0,R
643511,2026-06-12,3,0,R
645261,2026-06-12,30,2,R
656234,2026-06-12,5,0,R
656271,2026-06-12,7,0,L
656288,2026-06-12,24,2,R
656427,2026-06-12,13,0,R
656464,2026-06-12,5,0,R
656529,2026-06-12,3,0,L
657044,2026-06-12,5,0,R
657514,2026-06-12,3,0,L
657746,2026-06-12,24,1,R
660853,2026-06-12,4,0,R
663423,2026-06-12,7,1,R
663542,2026-06-12,3,0,L
663556,2026-06-12,21,0,L
663687,2026-06-12,4,0,L
663767,2026-06-12,4,0,R
663878,2026-06-12,7,0,R
664141,2026-06-12,7,0,R
664199,2026-06-12,8,0,R
665871,2026-06-12,21,0,R
666157,2026-06-12,26,0,L
666171,2026-06-12,2,0,R
666277,2026-06-12,3,0,R
666808,2026-06-12,5,0,R
666974,2026-06-12,3,0,R
667463,2026-06-12,4,0,L
668674,2026-06-12,8,0,R
669062,2026-06-12,2,1,L
669211,2026-06-12,4,0,L
669212,2026-06-12,3,0,R
669358,2026-06-12,24,0,R
669438,2026-06-12,18,0,R
669684,2026-06-12,3,0,L
670950,2026-06-12,6,0,R
671922,2026-06-12,3,0,R
672335,2026-06-12,5,1,L
672782,2026-06-12,4,0,R
674444,2026-06-12,6,0,R
675911,2026-06-12,17,3,R
676105,2026-06-12,4,0,R
676254,2026-06-12,3,0,R
676440,2026-06-12,25,2,R
677952,2026-06-12,22,0,R
677960,2026-06-12,20,2,L
678020,2026-06-12,5,2,R
679358,2026-06-12,4,0,R
679883,2026-06-12,10,2,R
680744,2026-06-12,7,0,R
680755,2026-06-12,6,0,R
681168,2026-06-12,7,1,R
681217,2026-06-12,4,0,R
681402,2026-06-12,4,1,R
681517,2026-06-12,22,1,R
682243,2026-06-12,26,2,R
683000,2026-06-12,17,0,R
683004,2026-06-12,25,1,R
683618,2026-06-12,3,0,R
683769,2026-06-12,3,0,R
686930,2026-06-12,6,0,R
686973,2026-06-12,3,0,R
686993,2026-06-12,4,1,R
687209,2026-06-12,6,0,R
687396,2026-06-12,4,0,L
687606,2026-06-12,9,1,R
687911,2026-06-12,5,0,L
688158,2026-06-12,5,0,R
688642,2026-06-12,16,0,R
689254,2026-06-12,4,0,L
689296,2026-06-12,4,0,R
690997,2026-06-12,18,0,R
691725,2026-06-12,24,1,R
691951,2026-06-12,21,0,L
694738,2026-06-12,20,0,R
694819,2026-06-12,27,0,R
695611,2026-06-12,21,0,L
696062,2026-06-12,12,0,R
696131,2026-06-12,13,1,R
699008,2026-06-12,9,1,R
700669,2026-06-12,4,0,R
702056,2026-06-12,25,1,R
702193,2026-06-12,3,0,R
702275,2026-06-12,18,0,R
805123,2026-06-12,7,0,R
805427,2026-06-12,4,0,L
807743,2026-06-12,12,0,L
808963,2026-06-12,23,1,R
815083,2026-06-12,13,0,L
837227,2026-06-12,7,0,R
445276,2026-06-13,3,0,R
489446,2026-06-13,3,0,R
518585,2026-06-13,6,0,R
518886,2026-06-13,4,0,R
527048,2026-06-13,20,0,L
543056,2026-06-13,2,0,L
544150,2026-06-13,17,3,R
547973,2026-06-13,4,0,L
573204,2026-06-13,5,0,L
592094,2026-06-13,4,0,R
592155,2026-06-13,6,0,L
592332,2026-06-13,25,1,R
592773,2026-06-13,3,0,R
594027,2026-06-13,4,1,R
594798,2026-06-13,23,0,R
605130,2026-06-13,4,0,R
605400,2026-06-13,22,2,R
607536,2026-06-13,27,1,L
608718,2026-06-13,5,0,L
621237,2026-06-13,5,1,L
621381,2026-06-13,3,1,L
622491,2026-06-13,27,1,R
624133,2026-06-13,23,0,L
628452,2026-06-13,4,0,R
640448,2026-06-13,6,0,R
640455,2026-06-13,22,1,L
641745,2026-06-13,8,0,R
641835,2026-06-13,2,0,L
642100,2026-06-13,1,0,L
642121,2026-06-13,8,1,R
642397,2026-06-13,4,0,L
643377,2026-06-13,20,0,R
643410,2026-06-13,4,0,R
643511,2026-06-13,5,0,R
647336,2026-06-13,23,0,R
650556,2026-06-13,3,0,R
650960,2026-06-13,3,0,R
656529,2026-06-13,5,0,L
656638,2026-06-13,7,0,R
656730,2026-06-13,5,0,R
656848,2026-06-13,6,0,R
657571,2026-06-13,4,0,L
660761,2026-06-13,8,0,L
660825,2026-06-13,3,0,R
660853,2026-06-13,4,0,R
661395,2026-06-13,3,0,R
663158,2026-06-13,3,0,R
663574,2026-06-13,3,0,R
663738,2026-06-13,3,0,L
663947,2026-06-13,3,0,L
663992,2026-06-13,6,0,L
664076,2026-06-13,3,0,L
664208,2026-06-13,5,0,R
664875,2026-06-13,6,2,R
665660,2026-06-13,3,0,R
665665,2026-06-13,7,2,L
666661,2026-06-13,4,1,R
667463,2026-06-13,4,0,L
667755,2026-06-13,19,0,R
668390,2026-06-13,4,0,R
668873,2026-06-13,4,0,R
668941,2026-06-13,2,0,L
669199,2026-06-13,9,0,R
669211,2026-06-13,4,0,L
669270,2026-06-13,3,0,R
669276,2026-06-13,3,0,L
669373,2026-06-13,21,1,L
669461,2026-06-13,18,3,L
669622,2026-06-13,7,0,R
670059,2026-06-13,5,0,R
670167,2026-06-13,7,1,R
670280,2026-06-13,3,0,R
670970,2026-06-13,1,0,L
670990,2026-06-13,5,0,R
671922,2026-06-13,6,0,R
673513,2026-06-13,4,0,L
675660,2026-06-13,23,1,L
675848,2026-06-13,4,0,R
676254,2026-06-13,4,0,R
676282,2026-06-13,21,0,L
676477,2026-06-13,3,0,R
676534,2026-06-13,5,0,R
676571,2026-06-13,3,0,L
676617,2026-06-13,6,0,R
676760,2026-06-13,3,0,R
676917,2026-06-13,20,1,R
676962,2026-06-13,23,0,R
677955,2026-06-13,5,0,R
678020,2026-06-13,4,0,R
678606,2026-06-13,4,0,L
680723,2026-06-13,8,0,L
680732,2026-06-13,22,2,R
681190,2026-06-13,23,1,R
681347,2026-06-13,24,1,R
681799,2026-06-13,4,0,R
681810,2026-06-13,9,1,R
681911,2026-06-13,2,0,L
681916,2026-06-13,5,0,R
682120,2026-06-13,3,0,L
682254,2026-06-13,6,0,L
682608,2026-06-13,5,1,R
683155,2026-06-13,18,1,R
683769,2026-06-13,4,0,R
685126,2026-06-13,5,1,L
686580,2026-06-13,4,0,R
686790,2026-06-13,20,1,R
686973,2026-06-13,5,1,R
687377,2026-06-13,3,0,R
687570,2026-06-13,26,1,L
687911,2026-06-13,3,0,L
688297,2026-06-13,3,0,R
689147,2026-06-13,3,0,R
693645,2026-06-13,29,1,R
694335,2026-06-13,5,0,R
694346,2026-06-13,22,2,R
694477,2026-06-13,8,1,R
695001,2026-06-13,5,0,R
695076,2026-06-13,25,1,R
695239,2026-06-13,3,0,L
695380,2026-06-13,3,0,R
695418,2026-06-13,6,0,R
695534,2026-06-13,8,0,R
696149,2026-06-13,22,0,R
696519,2026-06-13,8,0,L
697812,2026-06-13,16,0,L
699134,2026-06-13,5,0,R
699823,2026-06-13,3,0,R
701519,2026-06-13,9,1,R
702070,2026-06-13,20,2,L
800311,2026-06-13,3,0,R
806188,2026-06-13,7,0,L
808967,2026-06-13,27,1,R
518886,2026-06-14,4,0,R
519141,2026-06-14,8,1,L
543135,2026-06-14,26,2,R
571578,2026-06-14,18,0,L
571945,2026-06-14,23,0,R
571948,2026-06-14,3,0,L
592094,2026-06-14,3,0,R
592454,2026-06-14,4,0,R
594580,2026-06-14,3,0,L
595014,2026-06-14,4,0,R
596001,2026-06-14,5,0,R
605130,2026-06-14,6,1,R
605488,2026-06-14,20,3,L
607067,2026-06-14,24,1,R
607200,2026-06-14,13,0,R
607455,2026-06-14,3,0,L
608372,2026-06-14,26,1,R
608718,2026-06-14,6,0,L
621074,2026-06-14,4,1,R
621111,2026-06-14,21,1,R
621345,2026-06-14,2,0,L
621383,2026-06-14,4,0,L
622088,2026-06-14,5,1,R
622554,2026-06-14,6,0,R
623149,2026-06-14,4,0,R
623211,2026-06-14,3,0,R
625643,2026-06-14,5,0,R
641329,2026-06-14,4,0,R
642546,2026-06-14,3,0,R
642547,2026-06-14,20,0,R
650911,2026-06-14,25,2,L
650960,2026-06-14,5,0,R
656234,2026-06-14,4,1,R
656464,2026-06-14,5,0,R
656546,2026-06-14,3,0,R
656641,2026-06-14,4,0,L
656794,2026-06-14,8,0,L
657097,2026-06-14,1,0,R
657277,2026-06-14,30,0,R
657612,2026-06-14,3,0,L
662253,2026-06-14,2,0,R
663542,2026-06-14,4,1,L
663568,2026-06-14,26,0,R
663738,2026-06-14,3,0,L
663767,2026-06-14,5,0,R
663878,2026-06-14,4,0,R
663978,2026-06-14,5,0,R
664076,2026-06-14,2,0,L
664126,2026-06-14,4,1,R
665622,2026-06-14,10,1,R
666126,2026-06-14,9,1,L
666171,2026-06-14,3,0,R
666277,2026-06-14,8,0,R
666661,2026-06-14,3,0,R
666808,2026-06-14,3,0,R
666974,2026-06-14,6,0,R
667297,2026-06-14,3,1,R
668678,2026-06-14,25,2,R
668873,2026-06-14,3,0,R
668941,2026-06-14,5,0,L
668984,2026-06-14,7,0,R
669020,2026-06-14,4,0,L
669432,2026-06-14,24,0,L
669620,2026-06-14,11,0,L
669711,2026-06-14,5,0,R
670245,2026-06-14,8,0,R
670280,2026-06-14,5,0,R
670329,2026-06-14,5,1,R
670970,2026-06-14,4,0,L
671096,2026-06-14,21,1,L
671737,2026-06-14,27,2,R
672335,2026-06-14,4,0,L
672782,2026-06-14,3,0,R
674444,2026-06-14,2,0,R
675916,2026-06-14,3,0,R
676106,2026-06-14,21,1,R
676263,2026-06-14,6,2,L
676534,2026-06-14,5,0,R
676571,2026-06-14,5,0,L
676604,2026-06-14,3,0,R
676755,2026-06-14,6,0,R
676879,2026-06-14,7,0,L
676974,2026-06-14,28,0,R
678606,2026-06-14,4,0,L
680570,2026-06-14,12,0,R
680604,2026-06-14,4,1,R
680755,2026-06-14,5,1,R
681217,2026-06-14,3,0,R
681293,2026-06-14,26,0,R
681799,2026-06-14,6,0,R
681895,2026-06-14,3,0,L
682769,2026-06-14,12,0,R
682842,2026-06-14,4,0,R
683627,2026-06-14,6,0,R
684049,2026-06-14,7,0,R
686218,2026-06-14,21,1,R
687209,2026-06-14,5,1,R
687330,2026-06-14,7,0,R
687396,2026-06-14,3,0,L
689254,2026-06-14,4,0,L
689266,2026-06-14,4,0,L
689296,2026-06-14,4,0,R
689546,2026-06-14,5,0,R
690925,2026-06-14,3,0,R
690986,2026-06-14,21,0,L
691799,2026-06-14,8,1,R
693686,2026-06-14,10,0,R
693821,2026-06-14,24,2,R
693855,2026-06-14,16,1,L
694973,2026-06-14,23,2,R
695001,2026-06-14,3,0,R
695243,2026-06-14,4,0,R
695380,2026-06-14,4,0,R
696147,2026-06-14,9,2,R
699134,2026-06-14,5,0,R
700241,2026-06-14,25,1,R
701542,2026-06-14,21,0,R
702193,2026-06-14,4,0,R
813349,2026-06-14,27,2,L
547179,2026-06-15,22,1,R
554430,2026-06-15,23,0,R
571927,2026-06-15,8,1,L
573124,2026-06-15,1,0,L
573204,2026-06-15,5,1,L
592155,2026-06-15,3,0,L
593974,2026-06-15,3,0,L
595345,2026-06-15,2,0,L
605452,2026-06-15,3,0,R
606996,2026-06-15,7,0,L
607259,2026-06-15,22,1,R
608337,2026-06-15,23,0,R
621097,2026-06-15,6,2,R
622608,2026-06-15,5,0,R
623149,2026-06-15,4,1,R
623454,2026-06-15,12,0,R
640448,2026-06-15,5,0,R
641778,2026-06-15,26,1,L
641835,2026-06-15,3,0,L
642528,2026-06-15,3,0,R
642701,2026-06-15,3,0,R
646241,2026-06-15,3,0,L
650556,2026-06-15,4,1,R
656271,2026-06-15,5,0,L
656849,2026-06-15,13,1,L
656945,2026-06-15,3,0,L
657097,2026-06-15,4,0,R
657514,2026-06-15,3,0,L
657571,2026-06-15,5,0,L
663767,2026-06-15,4,0,R
663947,2026-06-15,6,0,L
664208,2026-06-15,3,0,R
668964,2026-06-15,11,1,R
669022,2026-06-15,27,2,L
669160,2026-06-15,28,0,R
669165,2026-06-15,4,0,R
669194,2026-06-15,29,1,R
669372,2026-06-15,26,0,R
669387,2026-06-15,18,1,R
672782,2026-06-15,4,0,R
674841,2026-06-15,18,0,L
675848,2026-06-15,4,0,R
676684,2026-06-15,5,0,R
677955,2026-06-15,3,0,R
678020,2026-06-15,2,0,R
678906,2026-06-15,20,3,R
679358,2026-06-15,6,0,R
680742,2026-06-15,5,0,R
680767,2026-06-15,5,0,R
681151,2026-06-15,9,1,R
681402,2026-06-15,4,0,R
681911,2026-06-15,1,0,L
682608,2026-06-15,3,0,R
683003,2026-06-15,21,2,R
684007,2026-06-15,22,0,L
686930,2026-06-15,8,1,R
686993,2026-06-15,4,0,R
687473,2026-06-15,26,2,R
687531,2026-06-15,8,0,R
687765,2026-06-15,20,0,R
690925,2026-06-15,4,0,R
694037,2026-06-15,4,0,R
694360,2026-06-15,7,0,R
694361,2026-06-15,3,0,R
695418,2026-06-15,11,0,R
695505,2026-06-15,22,0,R
695534,2026-06-15,7,0,R
696131,2026-06-15,8,1,R
700712,2026-06-15,30,1,R
702193,2026-06-15,3,0,R
702474,2026-06-15,18,1,R
702752,2026-06-15,15,1,R
805123,2026-06-15,9,0,R
806188,2026-06-15,6,0,L
820862,2026-06-15,5,0,R
489446,2026-06-16,4,0,R
518876,2026-06-16,27,2,R
543037,2026-06-16,23,1,R
543309,2026-06-16,6,0,R
552640,2026-06-16,1,0,R
592155,2026-06-16,3,0,L
592454,2026-06-16,6,0,R
592662,2026-06-16,23,0,L
592773,2026-06-16,3,0,R
593974,2026-06-16,4,0,L
594580,2026-06-16,6,1,L
595345,2026-06-16,1,0,L
596133,2026-06-16,3,0,R
605288,2026-06-16,7,1,R
605452,2026-06-16,7,0,R
608379,2026-06-16,26,0,R
615698,2026-06-16,6,0,R
621383,2026-06-16,4,0,L
622088,2026-06-16,5,0,R
623211,2026-06-16,3,0,R
623352,2026-06-16,4,0,L
625643,2026-06-16,7,0,R
641302,2026-06-16,9,0,L
642232,2026-06-16,10,0,L
642397,2026-06-16,5,0,L
643410,2026-06-16,4,0,R
643511,2026-06-16,4,0,R
650633,2026-06-16,22,0,R
656271,2026-06-16,4,0,L
656302,2026-06-16,23,0,R
656492,2026-06-16,26,0,L
656546,2026-06-16,3,0,R
656550,2026-06-16,13,0,R
656605,2026-06-16,24,1,R
656730,2026-06-16,3,0,R
656876,2026-06-16,26,1,R
656945,2026-06-16,3,0,L
657044,2026-06-16,3,0,R
657514,2026-06-16,5,0,L
657756,2026-06-16,5,0,R
660825,2026-06-16,3,0,R
660853,2026-06-16,3,0,R
662253,2026-06-16,4,0,R
663372,2026-06-16,23,1,R
663423,2026-06-16,5,0,R
663436,2026-06-16,21,3,R
663574,2026-06-16,4,0,R
663687,2026-06-16,6,1,L
663738,2026-06-16,7,1,L
663903,2026-06-16,22,0,R
663969,2026-06-16,21,3,R
663992,2026-06-16,3,0,L
664208,2026-06-16,5,0,R
664285,2026-06-16,27,0,L
664991,2026-06-16,3,0,L
665660,2026-06-16,4,1,R
665795,2026-06-16,18,1,R
666200,2026-06-16,28,1,L
667297,2026-06-16,5,1,R
667463,2026-06-16,3,0,L
668873,2026-06-16,2,0,R
668970,2026-06-16,4,0,R
669020,2026-06-16,6,0,L
669165,2026-06-16,3,0,R
669199,2026-06-16,3,0,R
669211,2026-06-16,4,0,L
669270,2026-06-16,2,0,R
669302,2026-06-16,25,0,R
669467,2026-06-16,24,0,R
669684,2026-06-16,6,0,L
669711,2026-06-16,3,0,R
670036,2026-06-16,3,0,R
670059,2026-06-16,2,0,R
670245,2026-06-16,8,1,R
670990,2026-06-16,3,0,R
672282,2026-06-16,24,0,L
672335,2026-06-16,6,0,L
672456,2026-06-16,7,0,R
673513,2026-06-16,6,0,L
673540,2026-06-16,17,2,R
675916,2026-06-16,3,0,R
676617,2026-06-16,4,0,R
676661,2026-06-16,4,0,R
676684,2026-06-16,3,0,R
676760,2026-06-16,7,0,R
676879,2026-06-16,6,0,L
677944,2026-06-16,22,1,R
677955,2026-06-16,3,0,R
677958,2026-06-16,20,2,R
678022,2026-06-16,22,1,R
680604,2026-06-16,4,0,R
680736,2026-06-16,21,0,L
680767,2026-06-16,3,0,R
681217,2026-06-16,4,0,R
681402,2026-06-16,4,1,R
681810,2026-06-16,4,0,R
681895,2026-06-16,4,0,L
681916,2026-06-16,6,0,R
682254,2026-06-16,4,0,L
682668,2026-06-16,6,1,R
682842,2026-06-16,4,0,R
683627,2026-06-16,9,1,R
683769,2026-06-16,4,1,R
686613,2026-06-16,22,0,R
686753,2026-06-16,8,0,R
686973,2026-06-16,6,0,R
686993,2026-06-16,4,0,R
687064,2026-06-16,26,0,R
687377,2026-06-16,3,0,R
687606,2026-06-16,4,0,R
687911,2026-06-16,5,0,L
688107,2026-06-16,20,0,L
689266,2026-06-16,8,2,L
689520,2026-06-16,4,0,R
690978,2026-06-16,7,0,L
694361,2026-06-16,3,0,R
697812,2026-06-16,13,0,L
701519,2026-06-16,3,0,R
801139,2026-06-16,21,2,L
805299,2026-06-16,3,0,L
805427,2026-06-16,1,0,L
805673,2026-06-16,28,0,R
471911,2026-06-17,17,0,R
542888,2026-06-17,3,0,R
543056,2026-06-17,5,0,L
548384,2026-06-17,5,0,L
571948,2026-06-17,5,0,L
573204,2026-06-17,3,0,L
592094,2026-06-17,3,0,R
593958,2026-06-17,27,1,L
594027,2026-06-17,6,0,R
596117,2026-06-17,1,0,R
605130,2026-06-17,5,1,R
606996,2026-06-17,4,0,L
607074,2026-06-17,22,1,L
621074,2026-06-17,5,1,R
621097,2026-06-17,6,0,R
621112,2026-06-17,11,1,R
621381,2026-06-17,2,0,L
621383,2026-06-17,7,2,L
623352,2026-06-17,4,1,L
623474,2026-06-17,5,0,R
640448,2026-06-17,7,0,R
641743,2026-06-17,21,1,L
641793,2026-06-17,24,4,R
641835,2026-06-17,7,0,L
642121,2026-06-17,4,0,R
642701,2026-06-17,3,0,R
643511,2026-06-17,4,0,R
645261,2026-06-17,28,0,R
650644,2026-06-17,20,0,R
656234,2026-06-17,4,1,R
656288,2026-06-17,20,0,R
656529,2026-06-17,4,0,L
656546,2026-06-17,4,0,R
656638,2026-06-17,4,0,R
656794,2026-06-17,5,0,L
656848,2026-06-17,3,0,R
657097,2026-06-17,4,1,R
657424,2026-06-17,5,1,L
660271,2026-06-17,27,0,R
660761,2026-06-17,11,1,L
660853,2026-06-17,3,0,R
663554,2026-06-17,21,1,R
663556,2026-06-17,19,0,L
663567,2026-06-17,24,1,R
663767,2026-06-17,4,1,R
663941,2026-06-17,2,0,R
663978,2026-06-17,19,0,R
664076,2026-06-17,4,0,L
664141,2026-06-17,3,0,R
664199,2026-06-17,3,0,R
664854,2026-06-17,5,2,R
665622,2026-06-17,13,0,R
665871,2026-06-17,22,2,R
666157,2026-06-17,25,0,L
666661,2026-06-17,3,0,R
666974,2026-06-17,2,0,R
667463,2026-06-17,4,0,L
668674,2026-06-17,3,0,R
668909,2026-06-17,24,2,R
668984,2026-06-17,4,0,R
669711,2026-06-17,5,0,R
669923,2026-06-17,25,1,R
670167,2026-06-17,3,0,R
670950,2026-06-17,10,1,R
670970,2026-06-17,3,0,L
676254,2026-06-17,4,0,R
676263,2026-06-17,2,0,L
676571,2026-06-17,5,0,L
676604,2026-06-17,3,0,R
676661,2026-06-17,3,0,R
676755,2026-06-17,4,1,R
676879,2026-06-17,3,0,L
677865,2026-06-17,3,0,L
677952,2026-06-17,25,0,R
679883,2026-06-17,21,0,R
680573,2026-06-17,14,0,R
680694,2026-06-17,28,0,R
680730,2026-06-17,10,0,L
680742,2026-06-17,4,0,R
680755,2026-06-17,6,0,R
681517,2026-06-17,24,0,R
681799,2026-06-17,4,1,R
681810,2026-06-17,5,0,R
681895,2026-06-17,4,1,L
681911,2026-06-17,6,0,L
681982,2026-06-17,3,0,R
682982,2026-06-17,3,0,R
683618,2026-06-17,4,0,R
685126,2026-06-17,3,0,L
686973,2026-06-17,3,0,R
687075,2026-06-17,15,1,R
687330,2026-06-17,9,1,R
687396,2026-06-17,2,0,L
687562,2026-06-17,20,0,L
687606,2026-06-17,4,0,R
687931,2026-06-17,23,0,L
688297,2026-06-17,11,1,R
688642,2026-06-17,10,0,R
689147,2026-06-17,7,0,R
689254,2026-06-17,3,0,L
689546,2026-06-17,3,0,R
690997,2026-06-17,27,0,R
691725,2026-06-17,14,2,R
691951,2026-06-17,19,1,L
693686,2026-06-17,6,0,R
694335,2026-06-17,5,0,R
694477,2026-06-17,12,0,R
695049,2026-06-17,16,0,R
695380,2026-06-17,4,0,R
699134,2026-06-17,4,0,R
699823,2026-06-17,3,1,R
702021,2026-06-17,7,0,L
702275,2026-06-17,22,3,R
805427,2026-06-17,1,0,L
807743,2026-06-17,23,2,L
820862,2026-06-17,4,0,R
518585,2026-06-18,3,0,R
543243,2026-06-18,27,2,R
547973,2026-06-18,5,0,L
573124,2026-06-18,3,0,L
596133,2026-06-18,3,0,R
605400,2026-06-18,24,2,R
608718,2026-06-18,6,0,L
615698,2026-06-18,10,1,R
621237,2026-06-18,7,0,L
621345,2026-06-18,2,0,L
623211,2026-06-18,4,0,R
640455,2026-06-18,23,0,L
642207,2026-06-18,6,0,R
657612,2026-06-18,3,0,L
657746,2026-06-18,20,0,R
660825,2026-06-18,3,0,R
662253,2026-06-18,5,0,R
663542,2026-06-18,6,0,L
663687,2026-06-18,5,0,L
664875,2026-06-18,5,2,R
666171,2026-06-18,5,0,R
666808,2026-06-18,7,1,R
667297,2026-06-18,3,0,R
668390,2026-06-18,3,0,R
669060,2026-06-18,7,0,R
669270,2026-06-18,5,1,R
669358,2026-06-18,28,0,R
669461,2026-06-18,13,1,L
670059,2026-06-18,3,0,R
670329,2026-06-18,3,0,R
671922,2026-06-18,6,0,R
675660,2026-06-18,21,1,L
677865,2026-06-18,12,0,L
677960,2026-06-18,22,1,L
679358,2026-06-18,5,0,R
680723,2026-06-18,7,0,L
680732,2026-06-18,26,1,R
681982,2026-06-18,5,1,R
682120,2026-06-18,3,0,L
682608,2026-06-18,3,0,R
683004,2026-06-18,20,2,R
683769,2026-06-18,4,0,R
684974,2026-06-18,4,0,R
686580,2026-06-18,4,0,R
686751,2026-06-18,3,0,R
686930,2026-06-18,5,0,R
689254,2026-06-18,3,0,L
689520,2026-06-18,6,1,R
691008,2026-06-18,8,1,R
693433,2026-06-18,25,0,R
694360,2026-06-18,10,0,R
695239,2026-06-18,6,0,L
695611,2026-06-18,25,0,L
696131,2026-06-18,11,0,R
696270,2026-06-18,25,2,R
700669,2026-06-18,11,1,R
702056,2026-06-18,26,2,R
702070,2026-06-18,27,0,L
702193,2026-06-18,1,0,R
800048,2026-06-18,25,0,L
445276,2026-06-19,3,0,R
489446,2026-06-19,3,0,R
527048,2026-06-19,25,0,L
542888,2026-06-19,3,0,R
552640,2026-06-19,4,0,R
571927,2026-06-19,6,0,L
571945,2026-06-19,26,2,R
571948,2026-06-19,3,0,L
592094,2026-06-19,4,1,R
592332,2026-06-19,17,1,R
592454,2026-06-19,5,1,R
593974,2026-06-19,6,0,L
594798,2026-06-19,27,2,R
595014,2026-06-19,3,0,R
595345,2026-06-19,6,0,L
596001,2026-06-19,8,1,R
605130,2026-06-19,3,0,R
605488,2026-06-19,18,2,L
607200,2026-06-19,19,0,R
607536,2026-06-19,26,0,L
607625,2026-06-19,23,0,R
621381,2026-06-19,5,0,L
622491,2026-06-19,19,0,R
622554,2026-06-19,3,0,R
622608,2026-06-19,5,0,R
623149,2026-06-19,4,0,R
623454,2026-06-19,5,0,R
624133,2026-06-19,24,0,L
628452,2026-06-19,5,0,R
641329,2026-06-19,3,0,R
642528,2026-06-19,4,0,R
643377,2026-06-19,18,2,R
643511,2026-06-19,7,0,R
647336,2026-06-19,4,0,R
656234,2026-06-19,3,0,R
656464,2026-06-19,5,2,R
656529,2026-06-19,4,0,L
656638,2026-06-19,2,0,R
656641,2026-06-19,5,0,L
656848,2026-06-19,5,1,R
657044,2026-06-19,5,0,R
657571,2026-06-19,5,0,L
660761,2026-06-19,8,1,L
663158,2026-06-19,7,0,R
663738,2026-06-19,3,0,L
663893,2026-06-19,8,0,L
664076,2026-06-19,2,0,L
664126,2026-06-19,3,0,R
664199,2026-06-19,4,1,R
664702,2026-06-19,9,0,R
664854,2026-06-19,6,1,R
665660,2026-06-19,6,0,R
666277,2026-06-19,5,0,R
666974,2026-06-19,1,0,R
667297,2026-06-19,5,0,R
667463,2026-06-19,5,0,L
667755,2026-06-19,24,1,R
668970,2026-06-19,4,0,R
669062,2026-06-19,1,0,L
669165,2026-06-19,3,0,R
669199,2026-06-19,9,0,R
669276,2026-06-19,3,0,L
669330,2026-06-19,7,0,R
669373,2026-06-19,26,2,L
669622,2026-06-19,4,0,R
669684,2026-06-19,3,0,L
669711,2026-06-19,3,0,R
670036,2026-06-19,5,1,R
670167,2026-06-19,3,0,R
670280,2026-06-19,3,0,R
670990,2026-06-19,4,0,R
673513,2026-06-19,7,0,L
676254,2026-06-19,3,0,R
676263,2026-06-19,3,0,L
676440,2026-06-19,22,1,R
676534,2026-06-19,2,0,R
676571,2026-06-19,7,0,L
676604,2026-06-19,4,0,R
676684,2026-06-19,3,0,R
676962,2026-06-19,22,1,R
677955,2026-06-19,4,0,R
680755,2026-06-19,5,0,R
681190,2026-06-19,21,0,R
681217,2026-06-19,5,1,R
681347,2026-06-19,4,0,R
681799,2026-06-19,3,0,R
681870,2026-06-19,3,0,L
681916,2026-06-19,4,0,R
682243,2026-06-19,16,1,R
682254,2026-06-19,5,0,L
682842,2026-06-19,4,1,R
682982,2026-06-19,6,1,R
684974,2026-06-19,4,0,R
685126,2026-06-19,6,1,L
686580,2026-06-19,1,0,R
686753,2026-06-19,9,0,R
686993,2026-06-19,9,2,R
687209,2026-06-19,6,0,R
687330,2026-06-19,3,0,R
687396,2026-06-19,4,0,L
687570,2026-06-19,30,1,L
688158,2026-06-19,4,0,R
689520,2026-06-19,2,0,R
693645,2026-06-19,23,0,R
693686,2026-06-19,4,0,R
694335,2026-06-19,7,0,R
694346,2026-06-19,26,0,R
694361,2026-06-19,4,0,R
694738,2026-06-19,25,1,R
694819,2026-06-19,24,0,R
695076,2026-06-19,25,2,R
696147,2026-06-19,5,1,R
696149,2026-06-19,26,1,R
696519,2026-06-19,1,0,L
700241,2026-06-19,23,1,R
701519,2026-06-19,9,0,R
805299,2026-06-19,4,0,L
806188,2026-06-19,5,0,L
808963,2026-06-19,21,2,R
815083,2026-06-19,10,1,L
837227,2026-06-19,24,1,R
445276,2026-06-20,5,0,R
489446,2026-06-20,3,0,R
518886,2026-06-20,3,0,R
519242,2026-06-20,23,0,L
543056,2026-06-20,3,0,L
545121,2026-06-20,6,0,R
552640,2026-06-20,3,1,R
571578,2026-06-20,20,1,L
573204,2026-06-20,3,0,L
592094,2026-06-20,5,1,R
592155,2026-06-20,6,1,L
594027,2026-06-20,3,0,R
605130,2026-06-20,5,0,R
605452,2026-06-20,6,1,R
606996,2026-06-20,2,0,L
607067,2026-06-20,19,0,R
607455,2026-06-20,4,0,L
608372,2026-06-20,22,1,R
621074,2026-06-20,4,0,R
621111,2026-06-20,21,0,R
622088,2026-06-20,7,0,R
623474,2026-06-20,4,0,R
641302,2026-06-20,3,0,L
642121,2026-06-20,6,0,R
642232,2026-06-20,8,0,L
642546,2026-06-20,4,0,R
642547,2026-06-20,19,2,R
650556,2026-06-20,3,0,R
650911,2026-06-20,24,1,L
656234,2026-06-20,4,0,R
656271,2026-06-20,5,0,L
656546,2026-06-20,5,0,R
656641,2026-06-20,3,0,L
656730,2026-06-20,3,0,R
656794,2026-06-20,9,0,L
657097,2026-06-20,5,1,R
657424,2026-06-20,5,1,L
657514,2026-06-20,5,0,L
657612,2026-06-20,1,0,L
661395,2026-06-20,4,0,R
663423,2026-06-20,5,1,R
663878,2026-06-20,6,0,R
663941,2026-06-20,6,0,R
663947,2026-06-20,8,0,L
664126,2026-06-20,3,0,R
664129,2026-06-20,13,1,R
664141,2026-06-20,9,0,R
664875,2026-06-20,8,0,R
664991,2026-06-20,1,0,L
666171,2026-06-20,6,0,R
666974,2026-06-20,4,0,R
668390,2026-06-20,4,0,R
668678,2026-06-20,26,0,R
668964,2026-06-20,10,1,R
669020,2026-06-20,1,0,L
669022,2026-06-20,23,0,L
669276,2026-06-20,4,0,L
669372,2026-06-20,26,0,R
669387,2026-06-20,8,0,R
669432,2026-06-20,23,0,L
669622,2026-06-20,4,0,R
669684,2026-06-20,4,0,L
670036,2026-06-20,4,0,R
670097,2026-06-20,3,0,R
670329,2026-06-20,3,0,R
670950,2026-06-20,4,1,R
670970,2026-06-20,8,0,L
671096,2026-06-20,23,1,L
671737,2026-06-20,20,1,R
672335,2026-06-20,10,1,L
672782,2026-06-20,3,0,R
675512,2026-06-20,23,1,R
675916,2026-06-20,3,0,R
676106,2026-06-20,22,1,R
676282,2026-06-20,28,0,L
676477,2026-06-20,3,0,R
676604,2026-06-20,4,0,R
676661,2026-06-20,8,1,R
676879,2026-06-20,3,1,L
676917,2026-06-20,16,0,R
676974,2026-06-20,23,1,R
677955,2026-06-20,3,0,R
678606,2026-06-20,3,0,L
679358,2026-06-20,7,0,R
680474,2026-06-20,5,0,R
680730,2026-06-20,8,0,L
681293,2026-06-20,24,3,R
681751,2026-06-20,9,1,R
681799,2026-06-20,4,0,R
681911,2026-06-20,4,0,L
682608,2026-06-20,4,0,R
682842,2026-06-20,2,0,R
683618,2026-06-20,4,0,R
686790,2026-06-20,20,0,R
686973,2026-06-20,7,0,R
689254,2026-06-20,3,0,L
689546,2026-06-20,5,0,R
690925,2026-06-20,6,0,R
690986,2026-06-20,23,1,L
691769,2026-06-20,11,0,L
693855,2026-06-20,22,1,L
694973,2026-06-20,24,1,R
695243,2026-06-20,4,0,R
695380,2026-06-20,3,0,R
695418,2026-06-20,11,0,R
695534,2026-06-20,4,0,R
696519,2026-06-20,6,0,L
697812,2026-06-20,14,0,L
699823,2026-06-20,5,0,R
700270,2026-06-20,10,1,R
700712,2026-06-20,20,0,R
701542,2026-06-20,28,1,R
800311,2026-06-20,6,0,R
805123,2026-06-20,3,0,R
806188,2026-06-20,5,0,L
808967,2026-06-20,26,0,R
813349,2026-06-20,24,0,L
500743,2026-06-21,3,0,R
518585,2026-06-21,2,0,R
543056,2026-06-21,4,0,L
543135,2026-06-21,25,0,R
547179,2026-06-21,24,1,R
548384,2026-06-21,5,0,L
554430,2026-06-21,23,1,R
592773,2026-06-21,4,0,R
593974,2026-06-21,4,0,L
594580,2026-06-21,5,0,L
595345,2026-06-21,4,0,L
596001,2026-06-21,5,0,R
605154,2026-06-21,7,0,R
606996,2026-06-21,4,0,L
607259,2026-06-21,24,1,R
607455,2026-06-21,3,0,L
608337,2026-06-21,20,1,R
608718,2026-06-21,5,1,L
621112,2026-06-21,4,0,R
621237,2026-06-21,4,0,L
621345,2026-06-21,3,0,L
621381,2026-06-21,5,0,L
622554,2026-06-21,6,0,R
623352,2026-06-21,3,0,L
625643,2026-06-21,11,0,R
640448,2026-06-21,3,0,R
640454,2026-06-21,3,0,L
641329,2026-06-21,3,0,R
642100,2026-06-21,3,0,L
642397,2026-06-21,5,0,L
642546,2026-06-21,11,1,R
642701,2026-06-21,6,1,R
656464,2026-06-21,5,0,R
656848,2026-06-21,3,0,R
656849,2026-06-21,20,1,L
657044,2026-06-21,6,0,R
657277,2026-06-21,30,1,R
657571,2026-06-21,4,0,L
657612,2026-06-21,3,0,L
657756,2026-06-21,5,0,R
660825,2026-06-21,3,0,R
661395,2026-06-21,4,0,R
662253,2026-06-21,4,0,R
663436,2026-06-21,24,0,R
663542,2026-06-21,4,0,L
663568,2026-06-21,15,3,R
663574,2026-06-21,6,0,R
663687,2026-06-21,5,1,L
663855,2026-06-21,1,0,R
664076,2026-06-21,4,0,L
664991,2026-06-21,6,0,L
665622,2026-06-21,4,0,R
665660,2026-06-21,6,1,R
666277,2026-06-21,4,0,R
666661,2026-06-21,7,0,R
666808,2026-06-21,6,0,R
667463,2026-06-21,5,0,L
668674,2026-06-21,6,0,R
668941,2026-06-21,4,1,L
669160,2026-06-21,13,2,R
669199,2026-06-21,3,0,R
669211,2026-06-21,7,0,L
669302,2026-06-21,22,1,R
670059,2026-06-21,3,0,R
670245,2026-06-21,3,0,R
670990,2026-06-21,7,0,R
672282,2026-06-21,27,0,L
672456,2026-06-21,27,1,R
672782,2026-06-21,4,0,R
673513,2026-06-21,4,0,L
674444,2026-06-21,10,1,R
674841,2026-06-21,16,0,L
675848,2026-06-21,9,1,R
676263,2026-06-21,4,0,L
676534,2026-06-21,4,0,R
676617,2026-06-21,7,1,R
676684,2026-06-21,3,0,R
676760,2026-06-21,4,0,R
677944,2026-06-21,25,1,R
678022,2026-06-21,21,1,R
678906,2026-06-21,23,0,R
680742,2026-06-21,1,0,R
681217,2026-06-21,4,0,R
681402,2026-06-21,10,1,R
681810,2026-06-21,8,1,R
681895,2026-06-21,8,0,L
682608,2026-06-21,3,0,R
683003,2026-06-21,12,0,R
683618,2026-06-21,3,0,R
683769,2026-06-21,4,0,R
685126,2026-06-21,3,0,L
686218,2026-06-21,21,2,R
687064,2026-06-21,22,0,R
687330,2026-06-21,3,0,R
687377,2026-06-21,6,1,R
687396,2026-06-21,3,0,L
687473,2026-06-21,18,0,R
687606,2026-06-21,4,0,R
687911,2026-06-21,3,0,L
688107,2026-06-21,23,0,L
689147,2026-06-21,3,0,R
689520,2026-06-21,4,0,R
691008,2026-06-21,6,0,R
691799,2026-06-21,5,1,R
693821,2026-06-21,32,1,R
694335,2026-06-21,4,0,R
694360,2026-06-21,7,0,R
694477,2026-06-21,11,1,R
694646,2026-06-21,6,1,R
695239,2026-06-21,3,0,L
695505,2026-06-21,21,1,R
695684,2026-06-21,19,1,R
696147,2026-06-21,3,0,R
700669,2026-06-21,3,0,R
702193,2026-06-21,3,0,R
702474,2026-06-21,23,0,R
703615,2026-06-21,18,0,R
801139,2026-06-21,25,1,L
805299,2026-06-21,3,0,L
805427,2026-06-21,3,0,L
489446,2026-06-22,4,0,R
518876,2026-06-22,26,0,R
518886,2026-06-22,3,0,R
542888,2026-06-22,5,0,R
543037,2026-06-22,24,1,R
547973,2026-06-22,4,0,L
573124,2026-06-22,4,0,L
592155,2026-06-22,3,0,L
592773,2026-06-22,4,1,R
594027,2026-06-22,3,0,R
594580,2026-06-22,3,0,L
596001,2026-06-22,4,0,R
605540,2026-06-22,19,0,R
608379,2026-06-22,27,0,R
608718,2026-06-22,8,0,L
621112,2026-06-22,5,0,R
622088,2026-06-22,3,0,R
622554,2026-06-22,4,0,R
623454,2026-06-22,6,1,R
641302,2026-06-22,3,0,L
641743,2026-06-22,24,0,L
641778,2026-06-22,21,0,L
641835,2026-06-22,6,0,L
642121,2026-06-22,3,0,R
642232,2026-06-22,8,0,L
642528,2026-06-22,1,0,R
643511,2026-06-22,5,0,R
650633,2026-06-22,27,0,R
656271,2026-06-22,1,0,L
656302,2026-06-22,23,0,R
656492,2026-06-22,27,1,L
656550,2026-06-22,21,1,R
656638,2026-06-22,3,0,R
656641,2026-06-22,6,0,L
656730,2026-06-22,3,0,R
656848,2026-06-22,4,0,R
656876,2026-06-22,24,0,R
656945,2026-06-22,3,0,L
657514,2026-06-22,4,0,L
660604,2026-06-22,21,1,R
660853,2026-06-22,6,0,R
663372,2026-06-22,25,0,R
663542,2026-06-22,5,0,L
663574,2026-06-22,4,0,R
663767,2026-06-22,6,0,R
663903,2026-06-22,25,0,R
663969,2026-06-22,24,1,R
663992,2026-06-22,2,0,L
664199,2026-06-22,6,0,R
664285,2026-06-22,24,0,L
666277,2026-06-22,1,0,R
668909,2026-06-22,20,0,R
668941,2026-06-22,3,0,L
669165,2026-06-22,4,0,R
669270,2026-06-22,4,0,R
669467,2026-06-22,24,0,R
669622,2026-06-22,2,0,R
669684,2026-06-22,2,0,L
670167,2026-06-22,4,0,R
670329,2026-06-22,4,1,R
670970,2026-06-22,3,0,L
671922,2026-06-22,8,0,R
675916,2026-06-22,6,0,R
676477,2026-06-22,5,0,R
676534,2026-06-22,6,0,R
676617,2026-06-22,3,0,R
676684,2026-06-22,4,0,R
676879,2026-06-22,3,0,L
677958,2026-06-22,19,0,R
679358,2026-06-22,3,0,R
680694,2026-06-22,30,0,R
680755,2026-06-22,4,0,R
680767,2026-06-22,7,0,R
682120,2026-06-22,4,1,L
682842,2026-06-22,3,0,R
686613,2026-06-22,17,1,R
686751,2026-06-22,6,1,R
686973,2026-06-22,3,0,R
687562,2026-06-22,21,0,L
687911,2026-06-22,3,0,L
689266,2026-06-22,6,0,L
690925,2026-06-22,3,0,R
690978,2026-06-22,3,0,L
691799,2026-06-22,7,0,R
691951,2026-06-22,21,2,L
694361,2026-06-22,6,1,R
695239,2026-06-22,3,0,L
695243,2026-06-22,5,0,R
701121,2026-06-22,5,0,R
702193,2026-06-22,5,0,R
800311,2026-06-22,1,0,R
805123,2026-06-22,10,0,R
805427,2026-06-22,3,0,L
805673,2026-06-22,26,2,R
820862,2026-06-22,6,0,R
471911,2026-06-23,7,1,R
518585,2026-06-23,3,0,R
543243,2026-06-23,30,1,R
544150,2026-06-23,9,0,R
571927,2026-06-23,12,0,L
571948,2026-06-23,3,0,L
572955,2026-06-23,2,0,R
573124,2026-06-23,10,1,L
592662,2026-06-23,29,0,L
592779,2026-06-23,5,1,R
593958,2026-06-23,25,0,L
593974,2026-06-23,3,0,L
595345,2026-06-23,5,0,L
605452,2026-06-23,11,0,R
606996,2026-06-23,9,0,L
607074,2026-06-23,22,0,L
608723,2026-06-23,25,0,R
615698,2026-06-23,9,1,R
621345,2026-06-23,4,0,L
621381,2026-06-23,4,0,L
623149,2026-06-23,6,0,R
623352,2026-06-23,3,0,L
628452,2026-06-23,5,0,R
640448,2026-06-23,4,0,R
640454,2026-06-23,6,0,L
641793,2026-06-23,16,1,R
642701,2026-06-23,4,0,R
643511,2026-06-23,7,0,R
645261,2026-06-23,27,0,R
646241,2026-06-23,3,0,L
650644,2026-06-23,18,1,R
656288,2026-06-23,8,0,R
656464,2026-06-23,3,0,R
656546,2026-06-23,3,0,R
656605,2026-06-23,26,2,R
656730,2026-06-23,3,0,R
656794,2026-06-23,9,0,L
657571,2026-06-23,3,0,L
657756,2026-06-23,8,0,R
660761,2026-06-23,6,0,L
660825,2026-06-23,5,0,R
660853,2026-06-23,7,1,R
662253,2026-06-23,3,0,R
663554,2026-06-23,25,1,R
663556,2026-06-23,25,3,L
663567,2026-06-23,23,1,R
663767,2026-06-23,4,1,R
663878,2026-06-23,6,0,R
663947,2026-06-23,5,0,L
663992,2026-06-23,4,0,L
664126,2026-06-23,6,1,R
664208,2026-06-23,5,1,R
665795,2026-06-23,22,0,R
666157,2026-06-23,15,0,L
666171,2026-06-23,3,0,R
666200,2026-06-23,28,0,L
666661,2026-06-23,2,0,R
667297,2026-06-23,5,0,R
668873,2026-06-23,5,0,R
668964,2026-06-23,10,0,R
669020,2026-06-23,3,0,L
669199,2026-06-23,2,0,R
669276,2026-06-23,4,0,L
669358,2026-06-23,24,1,R
669456,2026-06-23,19,3,R
669923,2026-06-23,27,0,R
670059,2026-06-23,1,0,R
670062,2026-06-23,7,0,R
670280,2026-06-23,4,0,R
670970,2026-06-23,4,0,L
672335,2026-06-23,7,0,L
673513,2026-06-23,11,1,L
673540,2026-06-23,20,2,R
674444,2026-06-23,4,0,R
675848,2026-06-23,4,0,R
676477,2026-06-23,4,1,R
676571,2026-06-23,3,0,L
676604,2026-06-23,5,1,R
676755,2026-06-23,3,0,R
676879,2026-06-23,3,0,L
678606,2026-06-23,3,0,L
679883,2026-06-23,22,0,R
680730,2026-06-23,6,0,L
680732,2026-06-23,27,1,R
680736,2026-06-23,28,1,L
680742,2026-06-23,1,0,R
680755,2026-06-23,8,1,R
681151,2026-06-23,6,1,R
681217,2026-06-23,3,0,R
681517,2026-06-23,24,0,R
682254,2026-06-23,4,0,L
682842,2026-06-23,3,0,R
683618,2026-06-23,3,0,R
686580,2026-06-23,3,0,R
686930,2026-06-23,6,0,R
687075,2026-06-23,19,0,R
687377,2026-06-23,3,0,R
687396,2026-06-23,6,0,L
687606,2026-06-23,5,0,R
688158,2026-06-23,4,0,R
688642,2026-06-23,14,0,R
689147,2026-06-23,7,1,R
689254,2026-06-23,3,0,L
690925,2026-06-23,2,0,R
691008,2026-06-23,6,0,R
692030,2026-06-23,19,2,R
693686,2026-06-23,6,0,R
694335,2026-06-23,5,0,R
694360,2026-06-23,4,1,R
695243,2026-06-23,6,0,R
695418,2026-06-23,8,2,R
695534,2026-06-23,9,0,R
696070,2026-06-23,10,0,L
696147,2026-06-23,3,0,R
696270,2026-06-23,19,0,R
696519,2026-06-23,3,0,L
700669,2026-06-23,4,0,R
701121,2026-06-23,7,0,R
701519,2026-06-23,7,0,R
702275,2026-06-23,24,0,R
800048,2026-06-23,27,1,L
805299,2026-06-23,1,0,L
807743,2026-06-23,24,1,L
810938,2026-06-23,5,0,R
518585,2026-06-24,5,0,R
527048,2026-06-24,20,1,L
542888,2026-06-24,6,0,R
543056,2026-06-24,2,0,L
548384,2026-06-24,5,0,L
552640,2026-06-24,3,0,R
571945,2026-06-24,16,0,R
571948,2026-06-24,5,0,L
573204,2026-06-24,4,0,L
592094,2026-06-24,3,0,R
593974,2026-06-24,4,0,L
594027,2026-06-24,6,0,R
594580,2026-06-24,7,0,L
594798,2026-06-24,23,0,R
595345,2026-06-24,4,0,L
596133,2026-06-24,4,0,R
605400,2026-06-24,21,2,R
607200,2026-06-24,20,0,R
607455,2026-06-24,5,0,L
607536,2026-06-24,29,2,L
621053,2026-06-24,6,0,R
621074,2026-06-24,8,0,R
621097,2026-06-24,6,0,R
621237,2026-06-24,5,0,L
621345,2026-06-24,5,0,L
622088,2026-06-24,5,0,R
622608,2026-06-24,6,0,R
623211,2026-06-24,6,0,R
623352,2026-06-24,4,0,L
623474,2026-06-24,3,0,R
624133,2026-06-24,27,0,L
640455,2026-06-24,19,0,L
641302,2026-06-24,3,0,L
641329,2026-06-24,4,1,R
641656,2026-06-24,3,0,R
641755,2026-06-24,3,0,R
641816,2026-06-24,19,0,R
642121,2026-06-24,4,0,R
642207,2026-06-24,7,0,R
642528,2026-06-24,3,0,R
643377,2026-06-24,24,0,R
646241,2026-06-24,5,0,L
656271,2026-06-24,3,0,L
656529,2026-06-24,1,0,L
656546,2026-06-24,6,0,R
656848,2026-06-24,3,0,R
656945,2026-06-24,4,0,L
657044,2026-06-24,8,0,R
657097,2026-06-24,5,0,R
657746,2026-06-24,27,1,R
660271,2026-06-24,24,0,R
661395,2026-06-24,3,0,R
663423,2026-06-24,4,0,R
663687,2026-06-24,4,0,L
663738,2026-06-24,3,0,L
663992,2026-06-24,2,1,L
664076,2026-06-24,3,0,L
664126,2026-06-24,4,1,R
664199,2026-06-24,4,0,R
664854,2026-06-24,3,0,R
664991,2026-06-24,3,0,L
665622,2026-06-24,5,0,R
665660,2026-06-24,4,2,R
665871,2026-06-24,21,2,R
666808,2026-06-24,3,0,R
666974,2026-06-24,4,0,R
667297,2026-06-24,3,0,R
667463,2026-06-24,4,0,L
667755,2026-06-24,17,2,R
668390,2026-06-24,5,1,R
668674,2026-06-24,3,0,R
668970,2026-06-24,4,1,R
669020,2026-06-24,4,0,L
669062,2026-06-24,4,0,L
669165,2026-06-24,5,0,R
669211,2026-06-24,4,0,L
669270,2026-06-24,7,0,R
669330,2026-06-24,6,0,R
669373,2026-06-24,22,3,L
669387,2026-06-24,11,0,R
669461,2026-06-24,26,2,L
669622,2026-06-24,5,0,R
669684,2026-06-24,4,0,L
670059,2026-06-24,1,0,R
670280,2026-06-24,4,0,R
670329,2026-06-24,6,0,R
671922,2026-06-24,6,2,R
672782,2026-06-24,3,0,R
675660,2026-06-24,20,0,L
675916,2026-06-24,4,0,R
676254,2026-06-24,3,0,R
676440,2026-06-24,21,0,R
676571,2026-06-24,4,0,L
676664,2026-06-24,25,1,L
677865,2026-06-24,10,0,L
677952,2026-06-24,23,0,R
677960,2026-06-24,26,0,L
679775,2026-06-24,3,0,L
680742,2026-06-24,3,1,R
681217,2026-06-24,5,0,R
681347,2026-06-24,21,1,R
681810,2026-06-24,3,0,R
681870,2026-06-24,4,0,L
681911,2026-06-24,5,0,L
681916,2026-06-24,5,1,R
681982,2026-06-24,6,0,R
682120,2026-06-24,1,0,L
683352,2026-06-24,13,0,L
683769,2026-06-24,4,0,R
684007,2026-06-24,20,3,L
684974,2026-06-24,6,1,R
685126,2026-06-24,5,0,L
686580,2026-06-24,7,0,R
686751,2026-06-24,3,0,R
686753,2026-06-24,9,1,R
686993,2026-06-24,3,0,R
687223,2026-06-24,12,0,L
687330,2026-06-24,3,0,R
687377,2026-06-24,3,0,R
687911,2026-06-24,3,0,L
688158,2026-06-24,4,0,R
689254,2026-06-24,6,0,L
689266,2026-06-24,3,0,L
689546,2026-06-24,8,0,R
690997,2026-06-24,28,2,R
691587,2026-06-24,17,1,R
691799,2026-06-24,5,0,R
693433,2026-06-24,20,0,R
694346,2026-06-24,18,1,R
694360,2026-06-24,5,0,R
694477,2026-06-24,9,0,R
695076,2026-06-24,27,2,R
695239,2026-06-24,1,0,L
695380,2026-06-24,6,0,R
695611,2026-06-24,18,0,L
696147,2026-06-24,3,0,R
696519,2026-06-24,5,0,L
697812,2026-06-24,10,0,L
700669,2026-06-24,9,0,R
702056,2026-06-24,25,0,R
702070,2026-06-24,27,0,L
702193,2026-06-24,3,0,R
702752,2026-06-24,11,1,R
800311,2026-06-24,4,0,R
815083,2026-06-24,7,0,L
820862,2026-06-24,4,0,R
445276,2026-06-25,5,0,R
518886,2026-06-25,5,1,R
543056,2026-06-25,1,0,L
547973,2026-06-25,6,0,L
548384,2026-06-25,4,0,L
571510,2026-06-25,21,0,L
571948,2026-06-25,3,1,L
573204,2026-06-25,3,0,L
592332,2026-06-25,28,3,R
596001,2026-06-25,3,0,R
596133,2026-06-25,3,0,R
605488,2026-06-25,21,1,L
607625,2026-06-25,24,3,R
621112,2026-06-25,4,0,R
621237,2026-06-25,3,0,L
621381,2026-06-25,3,0,L
640448,2026-06-25,3,0,R
640454,2026-06-25,3,0,L
641835,2026-06-25,3,0,L
642100,2026-06-25,1,0,L
642207,2026-06-25,3,0,R
642232,2026-06-25,3,0,L
642397,2026-06-25,3,0,L
642547,2026-06-25,24,0,R
650911,2026-06-25,25,1,L
656641,2026-06-25,5,1,L
657097,2026-06-25,5,0,R
657424,2026-06-25,1,0,L
657612,2026-06-25,3,0,L
657756,2026-06-25,5,0,R
660787,2026-06-25,4,0,R
660825,2026-06-25,3,0,R
660853,2026-06-25,4,1,R
663423,2026-06-25,3,0,R
663767,2026-06-25,3,0,R
663947,2026-06-25,4,0,L
664129,2026-06-25,7,0,R
664208,2026-06-25,7,1,R
668873,2026-06-25,7,0,R
668984,2026-06-25,4,0,R
669022,2026-06-25,25,0,L
669062,2026-06-25,3,0,L
669711,2026-06-25,4,0,R
670990,2026-06-25,3,0,R
675512,2026-06-25,20,1,R
676254,2026-06-25,4,0,R
676477,2026-06-25,3,0,R
676917,2026-06-25,25,1,R
680573,2026-06-25,11,0,R
680730,2026-06-25,5,0,L
681402,2026-06-25,11,2,R
681799,2026-06-25,4,0,R
681810,2026-06-25,5,0,R
681895,2026-06-25,6,0,L
681916,2026-06-25,5,0,R
682243,2026-06-25,22,2,R
682254,2026-06-25,4,0,L
686475,2026-06-25,9,1,R
686930,2026-06-25,3,0,R
686993,2026-06-25,2,1,R
689147,2026-06-25,4,0,R
690925,2026-06-25,4,0,R
693645,2026-06-25,25,1,R
693855,2026-06-25,21,0,L
694738,2026-06-25,24,0,R
695380,2026-06-25,7,0,R
696149,2026-06-25,23,0,R
805123,2026-06-25,7,0,R
813349,2026-06-25,24,1,L
837227,2026-06-25,21,0,R
489446,2026-06-26,3,0,R
518886,2026-06-26,4,0,R
543135,2026-06-26,26,0,R
554430,2026-06-26,25,0,R
571578,2026-06-26,21,1,L
572955,2026-06-26,3,0,R
592094,2026-06-26,3,0,R
592155,2026-06-26,1,0,L
592454,2026-06-26,4,0,R
592779,2026-06-26,4,0,R
593974,2026-06-26,3,0,L
596001,2026-06-26,5,1,R
605154,2026-06-26,4,0,R
605288,2026-06-26,8,0,R
607067,2026-06-26,23,0,R
607259,2026-06-26,23,1,R
607455,2026-06-26,5,1,L
608372,2026-06-26,23,2,R
608718,2026-06-26,11,0,L
621111,2026-06-26,20,1,R
622088,2026-06-26,4,0,R
622491,2026-06-26,22,0,R
622608,2026-06-26,6,0,R
623211,2026-06-26,6,0,R
623474,2026-06-26,2,0,R
625643,2026-06-26,12,0,R
628452,2026-06-26,3,0,R
642100,2026-06-26,3,0,L
642232,2026-06-26,5,0,L
642546,2026-06-26,8,0,R
642701,2026-06-26,4,0,R
646241,2026-06-26,7,0,L
650556,2026-06-26,3,0,R
656271,2026-06-26,4,0,L
656529,2026-06-26,3,0,L
656638,2026-06-26,7,0,R
656641,2026-06-26,4,0,L
656730,2026-06-26,4,0,R
656848,2026-06-26,4,0,R
657424,2026-06-26,3,0,L
657571,2026-06-26,4,0,L
660787,2026-06-26,4,0,R
661395,2026-06-26,4,0,R
662253,2026-06-26,3,0,R
663687,2026-06-26,3,0,L
663738,2026-06-26,3,0,L
663855,2026-06-26,3,0,R
663878,2026-06-26,10,0,R
664076,2026-06-26,3,0,L
664854,2026-06-26,3,0,R
664991,2026-06-26,3,0,L
665622,2026-06-26,7,0,R
665660,2026-06-26,3,0,R
666277,2026-06-26,7,0,R
668674,2026-06-26,5,1,R
668678,2026-06-26,27,2,R
668941,2026-06-26,3,0,L
669276,2026-06-26,6,0,L
669330,2026-06-26,2,0,R
669372,2026-06-26,26,1,R
669432,2026-06-26,24,0,L
670036,2026-06-26,5,0,R
670167,2026-06-26,8,1,R
670245,2026-06-26,4,0,R
670950,2026-06-26,3,0,R
670970,2026-06-26,4,0,L
671096,2026-06-26,24,3,L
671737,2026-06-26,27,0,R
671936,2026-06-26,5,0,L
672335,2026-06-26,7,0,L
672456,2026-06-26,26,0,R
673513,2026-06-26,4,0,L
674444,2026-06-26,5,0,R
674841,2026-06-26,21,0,L
675848,2026-06-26,3,0,R
676263,2026-06-26,3,0,L
676282,2026-06-26,20,1,L
676534,2026-06-26,3,0,R
676694,2026-06-26,3,0,L
676755,2026-06-26,3,0,R
676879,2026-06-26,5,0,L
676974,2026-06-26,25,0,R
677865,2026-06-26,1,0,L
678020,2026-06-26,4,0,R
678606,2026-06-26,3,0,L
679358,2026-06-26,4,1,R
681151,2026-06-26,11,1,R
681293,2026-06-26,19,3,R
681799,2026-06-26,5,1,R
681892,2026-06-26,6,0,L
682120,2026-06-26,5,0,L
682254,2026-06-26,4,1,L
682842,2026-06-26,4,0,R
682982,2026-06-26,4,0,R
683618,2026-06-26,3,0,R
683769,2026-06-26,2,0,R
684049,2026-06-26,3,0,R
685126,2026-06-26,4,0,L
686228,2026-06-26,6,0,R
686475,2026-06-26,4,0,R
686790,2026-06-26,24,0,R
686973,2026-06-26,4,0,R
687330,2026-06-26,4,0,R
687765,2026-06-26,15,2,R
687849,2026-06-26,5,0,R
689147,2026-06-26,3,0,R
689266,2026-06-26,3,0,L
689818,2026-06-26,22,0,R
691008,2026-06-26,5,0,R
693686,2026-06-26,9,0,R
694360,2026-06-26,6,1,R
694462,2026-06-26,12,0,R
694819,2026-06-26,23,1,R
694973,2026-06-26,23,0,R
695239,2026-06-26,3,0,L
695418,2026-06-26,13,0,R
700241,2026-06-26,22,0,R
700712,2026-06-26,21,0,R
701542,2026-06-26,27,1,R
702193,2026-06-26,3,0,R
800311,2026-06-26,1,0,R
801139,2026-06-26,24,0,L
804267,2026-06-26,23,0,L
808963,2026-06-26,20,1,R
820862,2026-06-26,4,0,R
489446,2026-06-27,3,0,R
500743,2026-06-27,3,0,R
542888,2026-06-27,4,1,R
543037,2026-06-27,24,2,R
547179,2026-06-27,25,0,R
547973,2026-06-27,4,0,L
552640,2026-06-27,4,0,R
573124,2026-06-27,3,0,L
592826,2026-06-27,3,0,R
594580,2026-06-27,5,0,L
595345,2026-06-27,6,1,L
596133,2026-06-27,3,0,R
605452,2026-06-27,8,1,R
606996,2026-06-27,9,0,L
608379,2026-06-27,29,0,R
615698,2026-06-27,15,0,R
621053,2026-06-27,1,0,R
621097,2026-06-27,5,0,R
621112,2026-06-27,3,0,R
621345,2026-06-27,5,0,L
622088,2026-06-27,1,0,R
623211,2026-06-27,4,0,R
623352,2026-06-27,3,0,L
623454,2026-06-27,5,0,R
623474,2026-06-27,2,0,R
640454,2026-06-27,5,0,L
641302,2026-06-27,3,0,L
641329,2026-06-27,3,0,R
641835,2026-06-27,5,0,L
642121,2026-06-27,7,0,R
642207,2026-06-27,4,0,R
642397,2026-06-27,7,1,L
643511,2026-06-27,4,0,R
656302,2026-06-27,23,0,R
656464,2026-06-27,3,0,R
656492,2026-06-27,26,0,L
656529,2026-06-27,3,0,L
656546,2026-06-27,4,0,R
656550,2026-06-27,13,0,R
656794,2026-06-27,8,0,L
656849,2026-06-27,20,1,L
657097,2026-06-27,3,0,R
657277,2026-06-27,24,0,R
657514,2026-06-27,3,0,L
657571,2026-06-27,4,1,L
657649,2026-06-27,4,0,L
660604,2026-06-27,18,0,R
660710,2026-06-27,5,0,R
663423,2026-06-27,4,0,R
663436,2026-06-27,20,0,R
663738,2026-06-27,4,0,L
664129,2026-06-27,4,0,R
664199,2026-06-27,3,0,R
664285,2026-06-27,26,1,L
664854,2026-06-27,5,0,R
664875,2026-06-27,5,0,R
666171,2026-06-27,3,0,R
666661,2026-06-27,4,0,R
666808,2026-06-27,2,0,R
667297,2026-06-27,5,0,R
667463,2026-06-27,4,0,L
668984,2026-06-27,7,0,R
669165,2026-06-27,5,0,R
669199,2026-06-27,9,0,R
669211,2026-06-27,8,0,L
669270,2026-06-27,4,1,R
669302,2026-06-27,28,0,R
669467,2026-06-27,28,0,R
669622,2026-06-27,5,0,R
670059,2026-06-27,3,0,R
670167,2026-06-27,2,0,R
670329,2026-06-27,5,0,R
670990,2026-06-27,9,0,R
671922,2026-06-27,5,0,R
672282,2026-06-27,24,1,L
675627,2026-06-27,10,0,R
676254,2026-06-27,4,0,R
676263,2026-06-27,5,0,L
676477,2026-06-27,3,0,R
676571,2026-06-27,3,0,L
676604,2026-06-27,3,0,R
676684,2026-06-27,7,0,R
676755,2026-06-27,3,0,R
676760,2026-06-27,11,1,R
677865,2026-06-27,7,0,L
677944,2026-06-27,24,0,R
678022,2026-06-27,21,0,R
678606,2026-06-27,3,0,L
678906,2026-06-27,22,1,R
679775,2026-06-27,6,0,L
680742,2026-06-27,4,0,R
680755,2026-06-27,4,1,R
680767,2026-06-27,4,0,R
681035,2026-06-27,18,1,R
681190,2026-06-27,19,2,R
681217,2026-06-27,1,0,R
681870,2026-06-27,1,0,L
681892,2026-06-27,6,1,L
681895,2026-06-27,3,0,L
681911,2026-06-27,2,0,L
681982,2026-06-27,7,0,R
682608,2026-06-27,8,0,R
683003,2026-06-27,20,1,R
683769,2026-06-27,4,0,R
686580,2026-06-27,2,0,R
686751,2026-06-27,4,0,R
686930,2026-06-27,2,0,R
686993,2026-06-27,4,0,R
687064,2026-06-27,24,1,R
687330,2026-06-27,5,1,R
687377,2026-06-27,3,0,R
687396,2026-06-27,4,0,L
687473,2026-06-27,15,0,R
687562,2026-06-27,23,1,L
687911,2026-06-27,3,0,L
688158,2026-06-27,5,0,R
688642,2026-06-27,5,0,R
689254,2026-06-27,4,0,L
690925,2026-06-27,3,0,R
690986,2026-06-27,19,1,L
691799,2026-06-27,6,0,R
693821,2026-06-27,17,2,R
694335,2026-06-27,3,0,R
694397,2026-06-27,9,1,R
694477,2026-06-27,6,1,R
695239,2026-06-27,4,1,L
695505,2026-06-27,27,1,R
695534,2026-06-27,4,0,R
696147,2026-06-27,6,0,R
702474,2026-06-27,24,2,R
703615,2026-06-27,23,2,R
805123,2026-06-27,8,0,R
805427,2026-06-27,1,0,L
808967,2026-06-27,24,1,R
445276,2026-06-28,7,1,R
518585,2026-06-28,4,0,R
518876,2026-06-28,27,3,R
518886,2026-06-28,3,0,R
519242,2026-06-28,26,0,L
542888,2026-06-28,4,0,R
543243,2026-06-28,24,0,R
544150,2026-06-28,11,1,R
547973,2026-06-28,6,0,L
572955,2026-06-28,6,2,R
573204,2026-06-28,4,0,L
592094,2026-06-28,4,0,R
592662,2026-06-28,30,0,L
592773,2026-06-28,2,0,R
593974,2026-06-28,6,0,L
594027,2026-06-28,2,0,R
595345,2026-06-28,1,0,L
605540,2026-06-28,20,0,R
607074,2026-06-28,21,0,L
607455,2026-06-28,5,0,L
621053,2026-06-28,3,0,R
621074,2026-06-28,5,0,R
621097,2026-06-28,2,0,R
621112,2026-06-28,6,0,R
621237,2026-06-28,5,0,L
621381,2026-06-28,3,0,L
622554,2026-06-28,4,0,R
623352,2026-06-28,6,0,L
640448,2026-06-28,7,1,R
641302,2026-06-28,3,0,L
641743,2026-06-28,21,0,L
641755,2026-06-28,3,0,R
641793,2026-06-28,20,1,R
642100,2026-06-28,5,0,L
642528,2026-06-28,4,0,R
642701,2026-06-28,5,0,R
650556,2026-06-28,4,0,R
650633,2026-06-28,22,0,R
650644,2026-06-28,22,1,R
656271,2026-06-28,3,0,L
656427,2026-06-28,20,0,R
656546,2026-06-28,5,0,R
656605,2026-06-28,23,0,R
656638,2026-06-28,3,0,R
656730,2026-06-28,4,0,R
656876,2026-06-28,24,0,R
656945,2026-06-28,5,0,L
657097,2026-06-28,5,0,R
657514,2026-06-28,1,0,L
660761,2026-06-28,6,0,L
660825,2026-06-28,2,0,R
660853,2026-06-28,6,1,R
661395,2026-06-28,4,0,R
663372,2026-06-28,22,1,R
663542,2026-06-28,5,0,L
663767,2026-06-28,5,1,R
663855,2026-06-28,4,0,R
663903,2026-06-28,24,2,R
663947,2026-06-28,7,1,L
663969,2026-06-28,27,1,R
663992,2026-06-28,1,0,L
664076,2026-06-28,4,1,L
664991,2026-06-28,3,0,L
665660,2026-06-28,3,0,R
666171,2026-06-28,4,0,R
666200,2026-06-28,22,0,L
666277,2026-06-28,3,0,R
668390,2026-06-28,8,1,R
668674,2026-06-28,3,0,R
668873,2026-06-28,5,0,R
668909,2026-06-28,25,0,R
668941,2026-06-28,5,0,L
668964,2026-06-28,15,0,R
669020,2026-06-28,7,1,L
669060,2026-06-28,17,0,R
669270,2026-06-28,7,0,R
669276,2026-06-28,2,0,L
669330,2026-06-28,5,1,R
669387,2026-06-28,10,0,R
669456,2026-06-28,24,1,R
669684,2026-06-28,3,0,L
670036,2026-06-28,6,0,R
670062,2026-06-28,7,0,R
670280,2026-06-28,6,0,R
670950,2026-06-28,4,0,R
671922,2026-06-28,6,0,R
671936,2026-06-28,7,0,L
672335,2026-06-28,3,0,L
672782,2026-06-28,3,0,R
673513,2026-06-28,6,0,L
673540,2026-06-28,20,1,R
674444,2026-06-28,3,0,R
675848,2026-06-28,3,0,R
676106,2026-06-28,25,0,R
676571,2026-06-28,6,0,L
676617,2026-06-28,3,0,R
676879,2026-06-28,5,0,L
677958,2026-06-28,23,0,R
678020,2026-06-28,5,1,R
679775,2026-06-28,3,0,L
679883,2026-06-28,20,1,R
680694,2026-06-28,19,0,R
680730,2026-06-28,8,1,L
681006,2026-06-28,5,0,L
681517,2026-06-28,20,0,R
681799,2026-06-28,3,0,R
681911,2026-06-28,3,0,L
682120,2026-06-28,5,0,L
682842,2026-06-28,5,0,R
683618,2026-06-28,3,0,R
685112,2026-06-28,4,0,R
686218,2026-06-28,20,1,R
686580,2026-06-28,5,0,R
686613,2026-06-28,26,1,R
686753,2026-06-28,3,0,R
686973,2026-06-28,4,0,R
687570,2026-06-28,26,0,L
687911,2026-06-28,3,0,L
689147,2026-06-28,6,0,R
691951,2026-06-28,21,0,L
694360,2026-06-28,5,0,R
694361,2026-06-28,6,0,R
694680,2026-06-28,4,0,R
696136,2026-06-28,3,0,L
696519,2026-06-28,5,0,L
702193,2026-06-28,4,0,R
800311,2026-06-28,4,0,R
806188,2026-06-28,1,0,L
820862,2026-06-28,6,0,R
543056,2026-06-29,3,0,L
571945,2026-06-29,30,2,R
573204,2026-06-29,3,0,L
592094,2026-06-29,5,0,R
593958,2026-06-29,27,0,L
594027,2026-06-29,4,0,R
594580,2026-06-29,4,0,L
596001,2026-06-29,5,0,R
605400,2026-06-29,23,2,R
606996,2026-06-29,3,0,L
622088,2026-06-29,2,1,R
622608,2026-06-29,7,0,R
623149,2026-06-29,6,1,R
623454,2026-06-29,3,0,R
624133,2026-06-29,24,1,L
640454,2026-06-29,4,1,L
640455,2026-06-29,23,0,L
641302,2026-06-29,4,0,L
641778,2026-06-29,28,1,L
641816,2026-06-29,19,1,R
641835,2026-06-29,8,0,L
642232,2026-06-29,4,0,L
642397,2026-06-29,4,1,L
642546,2026-06-29,7,0,R
643511,2026-06-29,5,0,R
645261,2026-06-29,27,0,R
656234,2026-06-29,5,0,R
656288,2026-06-29,20,0,R
656464,2026-06-29,4,0,R
656529,2026-06-29,3,0,L
656641,2026-06-29,6,0,L
656730,2026-06-29,3,0,R
656848,2026-06-29,5,1,R
657612,2026-06-29,4,0,L
660787,2026-06-29,9,0,R
663423,2026-06-29,3,0,R
663554,2026-06-29,22,0,R
663567,2026-06-29,25,3,R
663767,2026-06-29,6,1,R
663878,2026-06-29,6,0,R
663978,2026-06-29,19,1,R
664126,2026-06-29,5,0,R
664141,2026-06-29,11,1,R
664991,2026-06-29,4,0,L
666157,2026-06-29,20,0,L
666808,2026-06-29,3,0,R
666974,2026-06-29,5,0,R
668970,2026-06-29,5,0,R
669165,2026-06-29,3,0,R
669358,2026-06-29,27,0,R
669684,2026-06-29,3,0,L
669923,2026-06-29,30,1,R
670036,2026-06-29,1,0,R
670059,2026-06-29,4,0,R
670329,2026-06-29,2,0,R
670970,2026-06-29,5,0,L
670990,2026-06-29,3,0,R
672782,2026-06-29,2,1,R
676263,2026-06-29,3,0,L
676477,2026-06-29,4,0,R
676534,2026-06-29,3,0,R
676879,2026-06-29,4,0,L
677020,2026-06-29,3,0,L
677952,2026-06-29,24,3,R
677960,2026-06-29,14,0,L
678606,2026-06-29,4,0,L
680702,2026-06-29,3,0,R
680732,2026-06-29,23,0,R
680767,2026-06-29,6,1,R
681810,2026-06-29,7,0,R
681870,2026-06-29,5,0,L
681895,2026-06-29,5,0,L
682254,2026-06-29,4,0,L
684007,2026-06-29,27,0,L
685126,2026-06-29,3,0,L
686751,2026-06-29,6,0,R
686973,2026-06-29,5,0,R
686993,2026-06-29,4,0,R
687396,2026-06-29,4,0,L
687849,2026-06-29,3,0,R
688107,2026-06-29,24,1,L
688642,2026-06-29,8,0,R
689254,2026-06-29,1,0,L
691799,2026-06-29,6,0,R
694477,2026-06-29,6,0,R
695034,2026-06-29,13,0,R
695239,2026-06-29,4,0,L
695243,2026-06-29,3,0,R
695534,2026-06-29,11,1,R
695611,2026-06-29,24,2,L
696270,2026-06-29,20,1,R
699044,2026-06-29,8,0,R
699134,2026-06-29,4,0,R
701519,2026-06-29,7,1,R
702056,2026-06-29,25,1,R
800048,2026-06-29,28,0,L
805299,2026-06-29,1,0,L
805427,2026-06-29,6,1,L
805673,2026-06-29,25,1,R
807743,2026-06-29,23,1,L
815083,2026-06-29,13,2,L
518886,2026-06-30,3,0,R
527048,2026-06-30,23,2,L
542888,2026-06-30,4,1,R
543056,2026-06-30,4,0,L
544150,2026-06-30,10,0,R
548384,2026-06-30,3,0,L
552640,2026-06-30,4,0,R
571510,2026-06-30,24,2,L
592155,2026-06-30,4,0,L
592332,2026-06-30,25,1,R
592454,2026-06-30,8,1,R
592779,2026-06-30,4,0,R
593974,2026-06-30,7,0,L
594798,2026-06-30,25,1,R
595345,2026-06-30,3,0,L
596133,2026-06-30,3,0,R
605154,2026-06-30,10,2,R
605288,2026-06-30,22,1,R
605488,2026-06-30,28,2,L
607200,2026-06-30,23,0,R
608718,2026-06-30,8,0,L
621053,2026-06-30,3,0,R
621074,2026-06-30,3,0,R
621097,2026-06-30,7,0,R
623352,2026-06-30,3,0,L
628452,2026-06-30,3,0,R
641656,2026-06-30,5,0,R
642121,2026-06-30,4,1,R
642152,2026-06-30,4,0,R
642207,2026-06-30,4,0,R
642232,2026-06-30,9,1,L
643377,2026-06-30,22,2,R
650911,2026-06-30,26,0,L
656234,2026-06-30,4,0,R
656641,2026-06-30,3,0,L
657044,2026-06-30,2,0,R
657571,2026-06-30,4,0,L
657649,2026-06-30,3,0,L
657746,2026-06-30,21,1,R
657756,2026-06-30,4,0,R
660825,2026-06-30,5,0,R
660853,2026-06-30,3,0,R
662253,2026-06-30,3,0,R
663947,2026-06-30,6,0,L
664129,2026-06-30,15,0,R
664199,2026-06-30,4,1,R
664954,2026-06-30,8,0,R
665660,2026-06-30,2,0,R
665871,2026-06-30,14,2,R
666171,2026-06-30,3,0,R
666277,2026-06-30,6,0,R
666661,2026-06-30,3,0,R
667297,2026-06-30,7,0,R
667755,2026-06-30,22,0,R
668674,2026-06-30,3,0,R
668941,2026-06-30,6,0,L
669020,2026-06-30,1,0,L
669199,2026-06-30,2,0,R
669373,2026-06-30,20,1,L
669461,2026-06-30,21,0,L
669711,2026-06-30,7,0,R
670062,2026-06-30,9,1,R
670090,2026-06-30,3,0,R
670245,2026-06-30,3,0,R
670329,2026-06-30,3,0,R
671936,2026-06-30,1,0,L
672021,2026-06-30,10,0,R
672442,2026-06-30,6,0,R
674444,2026-06-30,3,0,R
675916,2026-06-30,4,0,R
676440,2026-06-30,26,1,R
676617,2026-06-30,4,0,R
676664,2026-06-30,25,3,L
676755,2026-06-30,3,0,R
676760,2026-06-30,11,2,R
676917,2026-06-30,23,0,R
677020,2026-06-30,6,0,L
678020,2026-06-30,8,0,R
679358,2026-06-30,7,0,R
680736,2026-06-30,27,1,L
680742,2026-06-30,5,0,R
681217,2026-06-30,6,0,R
681347,2026-06-30,23,0,R
681676,2026-06-30,4,0,R
681982,2026-06-30,4,0,R
682608,2026-06-30,4,0,R
682982,2026-06-30,3,0,R
682997,2026-06-30,1,0,R
684049,2026-06-30,7,1,R
685299,2026-06-30,24,1,R
686580,2026-06-30,4,0,R
686753,2026-06-30,4,0,R
687075,2026-06-30,22,1,R
687377,2026-06-30,4,0,R
687849,2026-06-30,4,0,R
687911,2026-06-30,3,0,L
689254,2026-06-30,4,1,L
689266,2026-06-30,3,0,L
690997,2026-06-30,25,0,R
691587,2026-06-30,22,1,R
693433,2026-06-30,25,0,R
693645,2026-06-30,20,4,R
694297,2026-06-30,19,1,R
694346,2026-06-30,21,2,R
694350,2026-06-30,9,0,R
694360,2026-06-30,4,0,R
694397,2026-06-30,8,0,R
694477,2026-06-30,5,0,R
694738,2026-06-30,19,1,R
695076,2026-06-30,26,1,R
696149,2026-06-30,29,0,R
702070,2026-06-30,21,2,L
805326,2026-06-30,15,0,L
806188,2026-06-30,5,0,L
813349,2026-06-30,15,0,L
518585,2026-07-01,5,0,R
552640,2026-07-01,3,0,R
554430,2026-07-01,24,1,R
571578,2026-07-01,18,2,L
572955,2026-07-01,4,0,R
573124,2026-07-01,3,0,L
606996,2026-07-01,12,3,L
607067,2026-07-01,25,1,R
607536,2026-07-01,21,0,L
607625,2026-07-01,26,2,R
621016,2026-07-01,8,0,R
621111,2026-07-01,23,3,R
621112,2026-07-01,6,0,R
621345,2026-07-01,4,0,L
621381,2026-07-01,3,0,L
622088,2026-07-01,4,0,R
623454,2026-07-01,10,1,R
623474,2026-07-01,3,0,R
625643,2026-07-01,18,0,R
628452,2026-07-01,3,0,R
641941,2026-07-01,2,0,R
642121,2026-07-01,4,0,R
642528,2026-07-01,5,0,R
642547,2026-07-01,22,1,R
642701,2026-07-01,5,1,R
650556,2026-07-01,7,1,R
656212,2026-07-01,34,3,L
656271,2026-07-01,5,0,L
656730,2026-07-01,4,0,R
657044,2026-07-01,3,0,R
657514,2026-07-01,3,0,L
660710,2026-07-01,14,2,R
661395,2026-07-01,4,0,R
663423,2026-07-01,3,0,R
663542,2026-07-01,3,0,L
663556,2026-07-01,20,0,L
663558,2026-07-01,7,0,L
663687,2026-07-01,5,0,L
663855,2026-07-01,5,0,R
663878,2026-07-01,6,0,R
664076,2026-07-01,4,0,L
664199,2026-07-01,3,0,R
665152,2026-07-01,22,1,R
665622,2026-07-01,7,0,R
666808,2026-07-01,7,0,R
667463,2026-07-01,3,0,L
668390,2026-07-01,5,0,R
668678,2026-07-01,24,2,R
668873,2026-07-01,3,0,R
669022,2026-07-01,24,1,L
669062,2026-07-01,5,0,L
669276,2026-07-01,3,0,L
669330,2026-07-01,6,0,R
669372,2026-07-01,25,1,R
670036,2026-07-01,3,0,R
670059,2026-07-01,6,0,R
670245,2026-07-01,8,0,R
670950,2026-07-01,7,0,R
670990,2026-07-01,7,0,R
671096,2026-07-01,25,0,L
671737,2026-07-01,21,0,R
672335,2026-07-01,8,1,L
672456,2026-07-01,7,0,R
672782,2026-07-01,5,0,R
674841,2026-07-01,17,0,L
675512,2026-07-01,22,0,R
675660,2026-07-01,23,1,L
675848,2026-07-01,8,1,R
676254,2026-07-01,4,0,R
676263,2026-07-01,3,0,L
676282,2026-07-01,23,0,L
676604,2026-07-01,4,1,R
676742,2026-07-01,8,0,R
676879,2026-07-01,5,0,L
676974,2026-07-01,25,2,R
677865,2026-07-01,4,0,L
679775,2026-07-01,5,0,L
680702,2026-07-01,4,0,R
680755,2026-07-01,4,0,R
681870,2026-07-01,4,1,L
681916,2026-07-01,4,0,R
682120,2026-07-01,1,0,L
682842,2026-07-01,2,0,R
683000,2026-07-01,7,0,R
683769,2026-07-01,3,0,R
685126,2026-07-01,4,1,L
686751,2026-07-01,6,0,R
686790,2026-07-01,19,0,R
687223,2026-07-01,5,0,L
687330,2026-07-01,5,0,R
687396,2026-07-01,4,0,L
687941,2026-07-01,13,1,L
689147,2026-07-01,5,0,R
689266,2026-07-01,3,0,L
689520,2026-07-01,6,0,R
691008,2026-07-01,5,0,R
692437,2026-07-01,9,1,R
693686,2026-07-01,11,0,R
694973,2026-07-01,22,2,R
695418,2026-07-01,11,0,R
696136,2026-07-01,13,0,L
699044,2026-07-01,6,0,R
700241,2026-07-01,22,1,R
700669,2026-07-01,4,0,R
701542,2026-07-01,22,1,R
702193,2026-07-01,5,0,R
702273,2026-07-01,18,1,L
800311,2026-07-01,3,0,R
801139,2026-07-01,20,2,L
805123,2026-07-01,10,0,R
805299,2026-07-01,4,0,L
805427,2026-07-01,2,0,L
837227,2026-07-01,13,2,R
445276,2026-07-02,2,0,R
542888,2026-07-02,4,0,R
543135,2026-07-02,22,2,R
547179,2026-07-02,23,0,R
592155,2026-07-02,4,1,L
592779,2026-07-02,3,0,R
593974,2026-07-02,9,0,L
594580,2026-07-02,5,0,L
608566,2026-07-02,13,0,R
621237,2026-07-02,6,0,L
622088,2026-07-02,2,0,R
640448,2026-07-02,6,1,R
641302,2026-07-02,4,0,L
641329,2026-07-02,3,0,R
641656,2026-07-02,8,0,R
641755,2026-07-02,4,1,R
641835,2026-07-02,5,0,L
642152,2026-07-02,7,1,R
642397,2026-07-02,3,0,L
656271,2026-07-02,3,0,L
656794,2026-07-02,6,0,L
656945,2026-07-02,2,0,L
657514,2026-07-02,5,0,L
657649,2026-07-02,4,0,L
660604,2026-07-02,18,0,R
660825,2026-07-02,3,0,R
662253,2026-07-02,5,0,R
663436,2026-07-02,19,0,R
663568,2026-07-02,11,0,R
663738,2026-07-02,3,0,L
664076,2026-07-02,4,0,L
664285,2026-07-02,26,1,L
666277,2026-07-02,4,0,R
667463,2026-07-02,7,1,L
668390,2026-07-02,5,0,R
668831,2026-07-02,5,0,R
668941,2026-07-02,4,0,L
669160,2026-07-02,9,0,R
669270,2026-07-02,6,0,R
669276,2026-07-02,4,0,L
669387,2026-07-02,11,0,R
669684,2026-07-02,5,0,L
670167,2026-07-02,3,0,R
673513,2026-07-02,7,0,L
674444,2026-07-02,4,0,R
675916,2026-07-02,6,1,R
676534,2026-07-02,5,0,R
677865,2026-07-02,10,0,L
677944,2026-07-02,25,1,R
677976,2026-07-02,18,1,R
679775,2026-07-02,4,1,L
680742,2026-07-02,5,0,R
680767,2026-07-02,4,0,R
681190,2026-07-02,16,1,R
681676,2026-07-02,5,0,R
681911,2026-07-02,4,0,L
681982,2026-07-02,6,1,R
682120,2026-07-02,3,0,L
682243,2026-07-02,24,0,R
682254,2026-07-02,3,0,L
682608,2026-07-02,4,0,R
682982,2026-07-02,7,0,R
683003,2026-07-02,16,0,R
683618,2026-07-02,3,0,R
685126,2026-07-02,4,1,L
686560,2026-07-02,4,0,R
687473,2026-07-02,16,1,R
688642,2026-07-02,7,0,R
689225,2026-07-02,6,1,R
691594,2026-07-02,7,0,R
691799,2026-07-02,7,1,R
693855,2026-07-02,23,1,L
694335,2026-07-02,3,0,R
694361,2026-07-02,7,0,R
694462,2026-07-02,22,1,R
694819,2026-07-02,21,2,R
695239,2026-07-02,2,0,L
695505,2026-07-02,23,1,R
696147,2026-07-02,4,0,R
696519,2026-07-02,4,0,L
700669,2026-07-02,3,0,R
700712,2026-07-02,24,0,R
801434,2026-07-02,4,0,R
805427,2026-07-02,5,0,L
806188,2026-07-02,10,0,L
808963,2026-07-02,18,3,R
489446,2026-07-03,3,0,R
518585,2026-07-03,6,0,R
519141,2026-07-03,3,0,L
543037,2026-07-03,20,1,R
547973,2026-07-03,4,0,L
592773,2026-07-03,3,0,R
595345,2026-07-03,4,1,L
607259,2026-07-03,21,1,R
621074,2026-07-03,4,0,R
621112,2026-07-03,3,0,R
621345,2026-07-03,4,1,L
622491,2026-07-03,26,0,R
622554,2026-07-03,3,0,R
623149,2026-07-03,4,0,R
628452,2026-07-03,6,0,R
641329,2026-07-03,3,0,R
641743,2026-07-03,14,0,L
642528,2026-07-03,5,0,R
643410,2026-07-03,4,0,R
650633,2026-07-03,23,0,R
656302,2026-07-03,24,0,R
656464,2026-07-03,4,0,R
656492,2026-07-03,20,1,L
656546,2026-07-03,4,0,R
656550,2026-07-03,22,1,R
656605,2026-07-03,26,3,R
656730,2026-07-03,4,0,R
656794,2026-07-03,2,0,L
656848,2026-07-03,4,0,R
656849,2026-07-03,23,1,L
656945,2026-07-03,3,0,L
657044,2026-07-03,7,0,R
657277,2026-07-03,21,2,R
657424,2026-07-03,10,1,L
657571,2026-07-03,4,0,L
660271,2026-07-03,27,1,R
660761,2026-07-03,5,0,L
660853,2026-07-03,8,0,R
663372,2026-07-03,24,1,R
663542,2026-07-03,4,0,L
663855,2026-07-03,4,0,R
663903,2026-07-03,21,1,R
663969,2026-07-03,18,1,R
664141,2026-07-03,5,0,R
664199,2026-07-03,3,0,R
664849,2026-07-03,3,0,L
664875,2026-07-03,5,0,R
666661,2026-07-03,3,0,R
666974,2026-07-03,4,0,R
668909,2026-07-03,20,1,R
668970,2026-07-03,4,0,R
668984,2026-07-03,3,0,R
669060,2026-07-03,21,2,R
669165,2026-07-03,4,0,R
669199,2026-07-03,6,0,R
669330,2026-07-03,3,0,R
669432,2026-07-03,22,0,L
669467,2026-07-03,24,0,R
669684,2026-07-03,3,0,L
670059,2026-07-03,3,0,R
670062,2026-07-03,3,0,R
670280,2026-07-03,3,0,R
670329,2026-07-03,8,0,R
670950,2026-07-03,8,0,R
670970,2026-07-03,7,1,L
671922,2026-07-03,3,0,R
672282,2026-07-03,26,1,L
673540,2026-07-03,10,1,R
676254,2026-07-03,12,0,R
676477,2026-07-03,1,0,R
676534,2026-07-03,3,0,R
676604,2026-07-03,5,0,R
676755,2026-07-03,8,2,R
676879,2026-07-03,4,0,L
678022,2026-07-03,23,2,R
678606,2026-07-03,4,0,L
679358,2026-07-03,9,0,R
680702,2026-07-03,1,0,R
680916,2026-07-03,4,0,R
681035,2026-07-03,18,2,R
681293,2026-07-03,19,1,R
681870,2026-07-03,3,0,L
681892,2026-07-03,6,0,L
681982,2026-07-03,7,0,R
682842,2026-07-03,4,0,R
682997,2026-07-03,5,0,R
683618,2026-07-03,3,0,R
683769,2026-07-03,4,0,R
686930,2026-07-03,11,2,R
686973,2026-07-03,4,0,R
686993,2026-07-03,4,1,R
687312,2026-07-03,11,0,R
687330,2026-07-03,5,0,R
687377,2026-07-03,4,0,R
687396,2026-07-03,3,0,L
687531,2026-07-03,3,0,R
687562,2026-07-03,28,1,L
687849,2026-07-03,13,0,R
689266,2026-07-03,4,0,L
689546,2026-07-03,3,0,R
690925,2026-07-03,1,0,R
690986,2026-07-03,15,0,L
691008,2026-07-03,9,0,R
694477,2026-07-03,11,0,R
695534,2026-07-03,5,0,R
699134,2026-07-03,4,0,R
702474,2026-07-03,18,2,R
703615,2026-07-03,19,1,R
800311,2026-07-03,5,0,R
805299,2026-07-03,5,0,L
815083,2026-07-03,7,0,L
820862,2026-07-03,4,0,R
455119,2026-07-04,4,0,R
518876,2026-07-04,25,1,R
518886,2026-07-04,5,0,R
519242,2026-07-04,24,2,L
542888,2026-07-04,4,0,R
543243,2026-07-04,22,1,R
552640,2026-07-04,3,0,R
573124,2026-07-04,3,0,L
573204,2026-07-04,4,0,L
592662,2026-07-04,25,1,L
592773,2026-07-04,4,0,R
592779,2026-07-04,3,0,R
593974,2026-07-04,4,0,L
594580,2026-07-04,3,0,L
605447,2026-07-04,4,0,R
605540,2026-07-04,14,1,R
606996,2026-07-04,7,1,L
608379,2026-07-04,26,3,R
608718,2026-07-04,9,0,L
615698,2026-07-04,21,1,R
620443,2026-07-04,3,1,R
621016,2026-07-04,5,0,R
621053,2026-07-04,5,0,R
622608,2026-07-04,4,0,R
623149,2026-07-04,4,1,R
623352,2026-07-04,4,0,L
640455,2026-07-04,24,2,L
641302,2026-07-04,3,0,L
641793,2026-07-04,22,0,R
641835,2026-07-04,3,0,L
642121,2026-07-04,6,0,R
642232,2026-07-04,7,1,L
642528,2026-07-04,4,0,R
642701,2026-07-04,3,0,R
645261,2026-07-04,31,0,R
650644,2026-07-04,21,2,R
656234,2026-07-04,5,0,R
656288,2026-07-04,16,0,R
656427,2026-07-04,21,0,R
656529,2026-07-04,3,0,L
656876,2026-07-04,22,2,R
657612,2026-07-04,4,1,L
657649,2026-07-04,8,0,L
660761,2026-07-04,3,0,L
663423,2026-07-04,5,0,R
663558,2026-07-04,3,0,L
663878,2026-07-04,5,0,R
663947,2026-07-04,1,0,L
664076,2026-07-04,3,0,L
664299,2026-07-04,9,1,R
664702,2026-07-04,3,0,R
664991,2026-07-04,3,0,L
665660,2026-07-04,2,0,R
666171,2026-07-04,6,0,R
666200,2026-07-04,23,0,L
666277,2026-07-04,3,0,R
666661,2026-07-04,3,0,R
666808,2026-07-04,7,1,R
666974,2026-07-04,5,0,R
667297,2026-07-04,3,1,R
668674,2026-07-04,5,0,R
668873,2026-07-04,5,0,R
668881,2026-07-04,20,1,R
668941,2026-07-04,5,0,L
668984,2026-07-04,2,1,R
669020,2026-07-04,4,0,L
669276,2026-07-04,3,0,L
669302,2026-07-04,23,0,R
669330,2026-07-04,5,0,R
669456,2026-07-04,21,2,R
669711,2026-07-04,3,0,R
670036,2026-07-04,6,0,R
670062,2026-07-04,6,0,R
670990,2026-07-04,5,0,R
671936,2026-07-04,9,0,L
672456,2026-07-04,10,0,R
675848,2026-07-04,5,0,R
676604,2026-07-04,5,0,R
676617,2026-07-04,3,0,R
676742,2026-07-04,3,0,R
677952,2026-07-04,23,1,R
677961,2026-07-04,5,0,R
680702,2026-07-04,5,1,R
680732,2026-07-04,25,1,R
680742,2026-07-04,4,0,R
680755,2026-07-04,3,0,R
681217,2026-07-04,3,0,R
681517,2026-07-04,20,0,R
681810,2026-07-04,12,1,R
681911,2026-07-04,1,0,L
681916,2026-07-04,4,0,R
682120,2026-07-04,4,1,L
682254,2026-07-04,1,0,L
683000,2026-07-04,11,0,R
683769,2026-07-04,3,0,R
684007,2026-07-04,19,1,L
684974,2026-07-04,8,0,R
685126,2026-07-04,6,0,L
686613,2026-07-04,22,2,R
687064,2026-07-04,25,0,R
687223,2026-07-04,8,0,L
687239,2026-07-04,8,0,R
687396,2026-07-04,4,0,L
687911,2026-07-04,4,0,L
687941,2026-07-04,3,0,L
689147,2026-07-04,3,0,R
691799,2026-07-04,4,0,R
691951,2026-07-04,18,1,L
694341,2026-07-04,18,3,R
694360,2026-07-04,5,0,R
694361,2026-07-04,3,0,R
694397,2026-07-04,8,0,R
695034,2026-07-04,18,1,R
695076,2026-07-04,14,0,R
695243,2026-07-04,4,0,R
696519,2026-07-04,7,1,L
701519,2026-07-04,7,0,R
702193,2026-07-04,2,0,R
702275,2026-07-04,14,0,R
800048,2026-07-04,23,0,L
805299,2026-07-04,4,0,L
805673,2026-07-04,20,2,R
807743,2026-07-04,32,1,L
808967,2026-07-04,25,0,R
445276,2026-07-05,3,0,R
471911,2026-07-05,12,1,R
489446,2026-07-05,3,0,R
518886,2026-07-05,3,0,R
519141,2026-07-05,4,0,L
527048,2026-07-05,20,1,L
542888,2026-07-05,5,0,R
547973,2026-07-05,4,1,L
548384,2026-07-05,3,0,L
592155,2026-07-05,4,0,L
593958,2026-07-05,23,1,L
594027,2026-07-05,7,0,R
595345,2026-07-05,4,0,L
596133,2026-07-05,3,0,R
605288,2026-07-05,3,0,R
605400,2026-07-05,28,0,R
605447,2026-07-05,4,0,R
607200,2026-07-05,24,1,R
621053,2026-07-05,3,1,R
621112,2026-07-05,5,0,R
621381,2026-07-05,5,0,L
622088,2026-07-05,3,0,R
623211,2026-07-05,6,1,R
623352,2026-07-05,4,0,L
623454,2026-07-05,4,1,R
623474,2026-07-05,5,0,R
624133,2026-07-05,15,0,L
641755,2026-07-05,2,0,R
641816,2026-07-05,21,0,R
641941,2026-07-05,6,0,R
642048,2026-07-05,2,0,L
642100,2026-07-05,3,0,L
642207,2026-07-05,5,0,R
642397,2026-07-05,8,1,L
642701,2026-07-05,4,0,R
643511,2026-07-05,3,0,R
656234,2026-07-05,7,0,R
656271,2026-07-05,3,0,L
656464,2026-07-05,5,0,R
656529,2026-07-05,1,0,L
656638,2026-07-05,3,0,R
656730,2026-07-05,4,0,R
656794,2026-07-05,6,0,L
656848,2026-07-05,2,0,R
657097,2026-07-05,8,0,R
657514,2026-07-05,5,0,L
657746,2026-07-05,25,0,R
662253,2026-07-05,4,0,R
663554,2026-07-05,27,1,R
663567,2026-07-05,21,0,R
663687,2026-07-05,5,0,L
663738,2026-07-05,3,0,L
664126,2026-07-05,7,0,R
664199,2026-07-05,3,0,R
664849,2026-07-05,4,0,L
664875,2026-07-05,7,0,R
665622,2026-07-05,6,0,R
665660,2026-07-05,6,0,R
665871,2026-07-05,17,0,R
666157,2026-07-05,26,0,L
666808,2026-07-05,7,0,R
668390,2026-07-05,7,0,R
669020,2026-07-05,4,0,L
669062,2026-07-05,4,0,L
669165,2026-07-05,7,1,R
669199,2026-07-05,6,1,R
669438,2026-07-05,24,2,R
669461,2026-07-05,23,0,L
669684,2026-07-05,6,1,L
669711,2026-07-05,4,0,R
670059,2026-07-05,3,0,R
670167,2026-07-05,5,0,R
670329,2026-07-05,1,0,R
670950,2026-07-05,5,0,R
670970,2026-07-05,9,0,L
671922,2026-07-05,3,0,R
672782,2026-07-05,4,0,R
673513,2026-07-05,4,0,L
676106,2026-07-05,24,0,R
676263,2026-07-05,6,0,L
676440,2026-07-05,19,3,R
676477,2026-07-05,3,0,R
676571,2026-07-05,4,0,L
676664,2026-07-05,17,0,L
676755,2026-07-05,4,0,R
676879,2026-07-05,4,0,L
676917,2026-07-05,15,1,R
677958,2026-07-05,18,1,R
677960,2026-07-05,19,0,L
678868,2026-07-05,7,0,R
679775,2026-07-05,3,0,L
679883,2026-07-05,18,0,R
680694,2026-07-05,29,1,R
680723,2026-07-05,1,0,L
680767,2026-07-05,5,0,R
680916,2026-07-05,4,0,R
681217,2026-07-05,6,0,R
681676,2026-07-05,4,0,R
681870,2026-07-05,4,0,L
681916,2026-07-05,6,1,R
681982,2026-07-05,5,0,R
682120,2026-07-05,1,0,L
682254,2026-07-05,3,0,L
682608,2026-07-05,5,0,R
682842,2026-07-05,5,0,R
683409,2026-07-05,5,0,R
683769,2026-07-05,3,0,R
685299,2026-07-05,23,4,R
686218,2026-07-05,19,0,R
686560,2026-07-05,6,0,R
686580,2026-07-05,5,0,R
686751,2026-07-05,3,0,R
686753,2026-07-05,3,0,R
686930,2026-07-05,8,2,R
686993,2026-07-05,4,0,R
687075,2026-07-05,20,0,R
687377,2026-07-05,3,0,R
687911,2026-07-05,4,0,L
689254,2026-07-05,6,0,L
689266,2026-07-05,3,0,L
690997,2026-07-05,25,0,R
691587,2026-07-05,21,0,R
694335,2026-07-05,10,0,R
695239,2026-07-05,5,0,L
695243,2026-07-05,3,0,R
695418,2026-07-05,9,1,R
695611,2026-07-05,21,2,L
696149,2026-07-05,21,1,R
696270,2026-07-05,20,2,R
699134,2026-07-05,3,0,R
702056,2026-07-05,24,1,R
702193,2026-07-05,3,0,R
801434,2026-07-05,9,0,R
805427,2026-07-05,1,0,L
815083,2026-07-05,3,0,L
820862,2026-07-05,7,0,R
548384,2026-07-06,1,0,L
571945,2026-07-06,27,2,R
592332,2026-07-06,26,0,R
592773,2026-07-06,4,0,R
592779,2026-07-06,3,0,R
596117,2026-07-06,8,0,R
596133,2026-07-06,6,0,R
607536,2026-07-06,23,1,L
621016,2026-07-06,7,0,R
621111,2026-07-06,24,2,R
621345,2026-07-06,5,0,L
621383,2026-07-06,4,1,L
622608,2026-07-06,5,0,R
623474,2026-07-06,4,0,R
625643,2026-07-06,20,1,R
628452,2026-07-06,6,1,R
641755,2026-07-06,3,0,R
641778,2026-07-06,26,1,L
642121,2026-07-06,3,0,R
642152,2026-07-06,7,0,R
642207,2026-07-06,6,1,R
642547,2026-07-06,23,1,R
643377,2026-07-06,18,1,R
650911,2026-07-06,21,3,L
656730,2026-07-06,4,0,R
656945,2026-07-06,7,0,L
657044,2026-07-06,8,0,R
657514,2026-07-06,3,0,L
660853,2026-07-06,4,0,R
663878,2026-07-06,3,0,R
667297,2026-07-06,7,1,R
668984,2026-07-06,3,0,R
669160,2026-07-06,18,0,R
669276,2026-07-06,4,0,L
669371,2026-07-06,9,1,R
670280,2026-07-06,3,0,R
670871,2026-07-06,4,0,R
671936,2026-07-06,5,1,L
672335,2026-07-06,5,0,L
674444,2026-07-06,5,0,R
675660,2026-07-06,26,0,L
676760,2026-07-06,5,0,R
677865,2026-07-06,6,0,L
679775,2026-07-06,7,0,L
681347,2026-07-06,25,2,R
681676,2026-07-06,3,0,R
681911,2026-07-06,5,0,L
683618,2026-07-06,7,0,R
686751,2026-07-06,3,0,R
686753,2026-07-06,8,0,R
688297,2026-07-06,8,2,R
688642,2026-07-06,10,0,R
689690,2026-07-06,11,1,R
690925,2026-07-06,4,0,R
693645,2026-07-06,28,0,R
694297,2026-07-06,19,0,R
694360,2026-07-06,5,0,R
694477,2026-07-06,6,0,R
694738,2026-07-06,30,1,R
700669,2026-07-06,7,0,R
702070,2026-07-06,26,0,L
702352,2026-07-06,3,0,R
702566,2026-07-06,5,0,R
800311,2026-07-06,6,0,R
805123,2026-07-06,8,1,R
455119,2026-07-07,4,0,R
543056,2026-07-07,4,0,L
547179,2026-07-07,27,1,R
554430,2026-07-07,25,1,R
571510,2026-07-07,23,0,L
571578,2026-07-07,9,0,L
572955,2026-07-07,4,0,R
573124,2026-07-07,3,0,L
592155,2026-07-07,2,0,L
592773,2026-07-07,2,0,R
594580,2026-07-07,4,0,L
594798,2026-07-07,21,0,R
595345,2026-07-07,5,0,L
605288,2026-07-07,18,0,R
605447,2026-07-07,5,0,R
607625,2026-07-07,24,2,R
608566,2026-07-07,20,0,R
608718,2026-07-07,2,0,L
621053,2026-07-07,3,0,R
621074,2026-07-07,3,0,R
621097,2026-07-07,6,0,R
621112,2026-07-07,5,0,R
621345,2026-07-07,3,0,L
621381,2026-07-07,6,0,L
622554,2026-07-07,5,0,R
622761,2026-07-07,6,0,R
623211,2026-07-07,10,0,R
623352,2026-07-07,3,0,L
623454,2026-07-07,7,0,R
623465,2026-07-07,4,0,R
640448,2026-07-07,3,0,R
640454,2026-07-07,5,0,L
641302,2026-07-07,4,0,L
641329,2026-07-07,4,0,R
642048,2026-07-07,5,1,L
642100,2026-07-07,6,1,L
642528,2026-07-07,3,0,R
650556,2026-07-07,4,0,R
656464,2026-07-07,3,0,R
656546,2026-07-07,2,0,R
656848,2026-07-07,3,0,R
657097,2026-07-07,2,0,R
657571,2026-07-07,3,0,L
657612,2026-07-07,6,0,L
660825,2026-07-07,3,0,R
660853,2026-07-07,4,0,R
661395,2026-07-07,4,0,R
662253,2026-07-07,3,0,R
663423,2026-07-07,3,0,R
663494,2026-07-07,8,0,R
663738,2026-07-07,5,0,L
663855,2026-07-07,3,0,R
664076,2026-07-07,4,0,L
664126,2026-07-07,4,0,R
664875,2026-07-07,1,0,R
665660,2026-07-07,5,0,R
666745,2026-07-07,4,0,R
667463,2026-07-07,5,0,L
667755,2026-07-07,23,0,R
668390,2026-07-07,3,0,R
668674,2026-07-07,3,0,R
668678,2026-07-07,26,1,R
668941,2026-07-07,5,0,L
669020,2026-07-07,5,0,L
669145,2026-07-07,21,0,L
669358,2026-07-07,26,0,R
669372,2026-07-07,18,1,R
669373,2026-07-07,22,1,L
669387,2026-07-07,6,0,R
670036,2026-07-07,4,0,R
670062,2026-07-07,3,0,R
670167,2026-07-07,5,0,R
670245,2026-07-07,3,0,R
670950,2026-07-07,3,0,R
671096,2026-07-07,23,1,L
671162,2026-07-07,17,1,L
671737,2026-07-07,24,1,R
672335,2026-07-07,5,0,L
672782,2026-07-07,1,0,R
673513,2026-07-07,3,0,L
673540,2026-07-07,17,1,R
674841,2026-07-07,27,0,L
675848,2026-07-07,7,0,R
675919,2026-07-07,3,0,L
676254,2026-07-07,4,0,R
676263,2026-07-07,2,0,L
676282,2026-07-07,25,0,L
676477,2026-07-07,3,0,R
676534,2026-07-07,7,0,R
676702,2026-07-07,6,0,R
676879,2026-07-07,5,0,L
676910,2026-07-07,15,1,R
676974,2026-07-07,21,1,R
677865,2026-07-07,8,0,L
678606,2026-07-07,3,0,L
680736,2026-07-07,28,0,L
680742,2026-07-07,1,0,R
680916,2026-07-07,4,0,R
681810,2026-07-07,6,0,R
681870,2026-07-07,5,0,L
682052,2026-07-07,14,0,L
682608,2026-07-07,4,0,R
682842,2026-07-07,4,0,R
683000,2026-07-07,5,1,R
684974,2026-07-07,4,0,R
685126,2026-07-07,9,0,L
686580,2026-07-07,2,0,R
686790,2026-07-07,18,1,R
686973,2026-07-07,3,0,R
687223,2026-07-07,3,0,L
687330,2026-07-07,6,0,R
687396,2026-07-07,3,0,L
687911,2026-07-07,4,0,L
688107,2026-07-07,29,1,L
689147,2026-07-07,5,0,R
689254,2026-07-07,3,0,L
689296,2026-07-07,10,0,R
690928,2026-07-07,22,0,R
693433,2026-07-07,25,1,R
693686,2026-07-07,18,0,R
693855,2026-07-07,21,1,L
694335,2026-07-07,4,0,R
694360,2026-07-07,2,0,R
694361,2026-07-07,4,0,R
694363,2026-07-07,12,1,L
694462,2026-07-07,22,2,R
694819,2026-07-07,25,2,R
694973,2026-07-07,25,0,R
695001,2026-07-07,4,1,R
695243,2026-07-07,3,0,R
696147,2026-07-07,8,1,R
699134,2026-07-07,3,0,R
700669,2026-07-07,3,0,R
701542,2026-07-07,21,3,R
702193,2026-07-07,3,0,R
702273,2026-07-07,25,2,L
801139,2026-07-07,21,0,L
806188,2026-07-07,3,0,L
837227,2026-07-07,18,1,R
518585,2026-07-08,3,0,R
519141,2026-07-08,7,1,L
542888,2026-07-08,4,0,R
543037,2026-07-08,27,0,R
543309,2026-07-08,5,0,R
544150,2026-07-08,4,0,R
548384,2026-07-08,4,0,L
573124,2026-07-08,5,0,L
573204,2026-07-08,6,2,L
605488,2026-07-08,23,2,L
606996,2026-07-08,9,0,L
607067,2026-07-08,22,1,R
621016,2026-07-08,4,0,R
621237,2026-07-08,8,0,L
621381,2026-07-08,1,0,L
621383,2026-07-08,5,3,L
622554,2026-07-08,3,0,R
622608,2026-07-08,6,0,R
628452,2026-07-08,4,0,R
641329,2026-07-08,4,0,R
641745,2026-07-08,4,0,R
641835,2026-07-08,4,0,L
642121,2026-07-08,6,0,R
642701,2026-07-08,5,1,R
643511,2026-07-08,3,0,R
650633,2026-07-08,23,0,R
656271,2026-07-08,6,1,L
656302,2026-07-08,28,0,R
656492,2026-07-08,25,0,L
656550,2026-07-08,20,0,R
656638,2026-07-08,7,0,R
656848,2026-07-08,3,0,R
656945,2026-07-08,3,0,L
657044,2026-07-08,5,0,R
657097,2026-07-08,3,0,R
657277,2026-07-08,30,1,R
657514,2026-07-08,3,0,L
657571,2026-07-08,3,0,L
657649,2026-07-08,4,1,L
660604,2026-07-08,16,2,R
660761,2026-07-08,7,0,L
663423,2026-07-08,2,0,R
663436,2026-07-08,20,0,R
663542,2026-07-08,4,0,L
663556,2026-07-08,22,0,L
663558,2026-07-08,3,0,L
663878,2026-07-08,4,0,R
663947,2026-07-08,3,0,L
663969,2026-07-08,21,0,R
664126,2026-07-08,4,0,R
664199,2026-07-08,7,1,R
664299,2026-07-08,6,0,R
664875,2026-07-08,4,0,R
664991,2026-07-08,5,1,L
665152,2026-07-08,22,4,R
666171,2026-07-08,4,0,R
666661,2026-07-08,6,0,R
668831,2026-07-08,6,0,R
668941,2026-07-08,4,0,L
668964,2026-07-08,10,0,R
669022,2026-07-08,25,2,L
669276,2026-07-08,3,0,L
669330,2026-07-08,3,0,R
669684,2026-07-08,5,0,L
669711,2026-07-08,3,0,R
669923,2026-07-08,24,1,R
670036,2026-07-08,6,0,R
670059,2026-07-08,4,0,R
670329,2026-07-08,6,0,R
670950,2026-07-08,9,0,R
671922,2026-07-08,4,0,R
672456,2026-07-08,8,0,R
672782,2026-07-08,4,0,R
674444,2026-07-08,4,1,R
675512,2026-07-08,22,0,R
675540,2026-07-08,5,0,R
676254,2026-07-08,7,2,R
676263,2026-07-08,3,0,L
676617,2026-07-08,4,0,R
676661,2026-07-08,5,0,R
676755,2026-07-08,5,0,R
676760,2026-07-08,5,1,R
677944,2026-07-08,17,0,R
677976,2026-07-08,23,0,R
679358,2026-07-08,3,0,R
681035,2026-07-08,19,0,R
681293,2026-07-08,25,2,R
681870,2026-07-08,3,0,L
681892,2026-07-08,5,0,L
681911,2026-07-08,5,0,L
681982,2026-07-08,5,0,R
682120,2026-07-08,2,0,L
682254,2026-07-08,4,0,L
683003,2026-07-08,18,0,R
683409,2026-07-08,3,0,R
683618,2026-07-08,1,0,R
683769,2026-07-08,4,0,R
686560,2026-07-08,6,0,R
686930,2026-07-08,5,0,R
686993,2026-07-08,2,0,R
687239,2026-07-08,3,0,R
687312,2026-07-08,24,0,R
687377,2026-07-08,5,0,R
687562,2026-07-08,25,0,L
687570,2026-07-08,21,2,L
689225,2026-07-08,4,0,R
689266,2026-07-08,3,0,L
689546,2026-07-08,6,0,R
690986,2026-07-08,17,1,L
695001,2026-07-08,8,0,R
695076,2026-07-08,10,1,R
695239,2026-07-08,5,1,L
695505,2026-07-08,23,0,R
696519,2026-07-08,6,0,L
700241,2026-07-08,24,0,R
700712,2026-07-08,17,0,R
701519,2026-07-08,4,0,R
702352,2026-07-08,7,0,R
703615,2026-07-08,21,0,R
703725,2026-07-08,3,0,R
800311,2026-07-08,4,0,R
805299,2026-07-08,2,0,L
806188,2026-07-08,6,0,L
808963,2026-07-08,23,2,R
815083,2026-07-08,3,0,L
820862,2026-07-08,4,1,R
445276,2026-07-09,5,0,R
489446,2026-07-09,3,0,R
518876,2026-07-09,25,1,R
518886,2026-07-09,5,0,R
543135,2026-07-09,27,0,R
547973,2026-07-09,3,0,L
552640,2026-07-09,4,0,R
573204,2026-07-09,2,0,L
592155,2026-07-09,6,1,L
593974,2026-07-09,3,0,L
594027,2026-07-09,7,0,R
594580,2026-07-09,2,0,L
608379,2026-07-09,23,1,R
608718,2026-07-09,6,0,L
621016,2026-07-09,5,0,R
621053,2026-07-09,3,0,R
621074,2026-07-09,9,0,R
621112,2026-07-09,8,1,R
622088,2026-07-09,4,0,R
623149,2026-07-09,3,0,R
623211,2026-07-09,3,0,R
640448,2026-07-09,3,0,R
640455,2026-07-09,27,2,L
641302,2026-07-09,2,0,L
641743,2026-07-09,22,1,L
641927,2026-07-09,19,1,R
642207,2026-07-09,4,0,R
642232,2026-07-09,5,0,L
642397,2026-07-09,3,0,L
642701,2026-07-09,8,1,R
643410,2026-07-09,5,0,R
656234,2026-07-09,4,0,R
656288,2026-07-09,20,0,R
656464,2026-07-09,3,0,R
656605,2026-07-09,15,1,R
656641,2026-07-09,7,0,L
656849,2026-07-09,20,1,L
656876,2026-07-09,14,1,R
657612,2026-07-09,4,0,L
660761,2026-07-09,4,0,L
661395,2026-07-09,5,0,R
663372,2026-07-09,23,2,R
663687,2026-07-09,6,1,L
663776,2026-07-09,19,0,L
663855,2026-07-09,5,0,R
663903,2026-07-09,28,0,R
664141,2026-07-09,4,0,R
664285,2026-07-09,26,0,L
664849,2026-07-09,1,0,L
665622,2026-07-09,6,0,R
666171,2026-07-09,3,0,R
666200,2026-07-09,26,0,L
666808,2026-07-09,4,0,R
666974,2026-07-09,4,0,R
668390,2026-07-09,1,0,R
668674,2026-07-09,5,0,R
668873,2026-07-09,5,0,R
668909,2026-07-09,26,1,R
668970,2026-07-09,6,0,R
668984,2026-07-09,12,1,R
669020,2026-07-09,4,0,L
669062,2026-07-09,3,0,L
669199,2026-07-09,7,0,R
669298,2026-07-09,13,1,R
669330,2026-07-09,5,0,R
669432,2026-07-09,23,1,L
669467,2026-07-09,25,1,R
670970,2026-07-09,3,0,L
670990,2026-07-09,7,0,R
671922,2026-07-09,3,0,R
672282,2026-07-09,20,3,L
673513,2026-07-09,6,1,L
675916,2026-07-09,4,0,R
676083,2026-07-09,21,1,R
676477,2026-07-09,3,0,R
676534,2026-07-09,2,0,R
676604,2026-07-09,4,0,R
676702,2026-07-09,6,0,R
676742,2026-07-09,7,1,R
676879,2026-07-09,5,0,L
677961,2026-07-09,3,0,R
678022,2026-07-09,13,2,R
680742,2026-07-09,3,0,R
680767,2026-07-09,7,0,R
681217,2026-07-09,3,0,R
681892,2026-07-09,3,0,L
682243,2026-07-09,28,1,R
682608,2026-07-09,5,0,R
682842,2026-07-09,4,0,R
682989,2026-07-09,4,0,R
683409,2026-07-09,6,0,R
683769,2026-07-09,3,0,R
686580,2026-07-09,3,0,R
687396,2026-07-09,8,0,L
687531,2026-07-09,5,1,R
687931,2026-07-09,23,1,L
688297,2026-07-09,5,0,R
689266,2026-07-09,3,0,L
691799,2026-07-09,4,0,R
693821,2026-07-09,20,3,R
694335,2026-07-09,4,0,R
694360,2026-07-09,4,1,R
694477,2026-07-09,6,1,R
696070,2026-07-09,11,1,L
696147,2026-07-09,3,0,R
699134,2026-07-09,4,0,R
699823,2026-07-09,4,0,R
700669,2026-07-09,7,0,R
701656,2026-07-09,21,0,R
702275,2026-07-09,8,0,R
703725,2026-07-09,5,1,R
808970,2026-07-09,4,1,R
810938,2026-07-09,3,0,R
455119,2026-07-10,4,1,R
489446,2026-07-10,4,0,R
518585,2026-07-10,2,0,R
519242,2026-07-10,11,0,L
543243,2026-07-10,23,0,R
552640,2026-07-10,4,0,R
592662,2026-07-10,23,0,L
592773,2026-07-10,4,0,R
592779,2026-07-10,6,1,R
593958,2026-07-10,25,2,L
593974,2026-07-10,3,0,L
594027,2026-07-10,4,0,R
595345,2026-07-10,3,0,L
596117,2026-07-10,3,0,R
605400,2026-07-10,20,1,R
605447,2026-07-10,6,0,R
607259,2026-07-10,20,1,R
615698,2026-07-10,23,1,R
621097,2026-07-10,4,0,R
621345,2026-07-10,7,1,L
621381,2026-07-10,5,1,L
622491,2026-07-10,25,3,R
622608,2026-07-10,3,0,R
623465,2026-07-10,5,0,R
623474,2026-07-10,6,0,R
640454,2026-07-10,3,1,L
641302,2026-07-10,3,0,L
641755,2026-07-10,3,0,R
641793,2026-07-10,15,1,R
641835,2026-07-10,8,0,L
641941,2026-07-10,3,0,R
642121,2026-07-10,2,0,R
642528,2026-07-10,3,0,R
643511,2026-07-10,3,0,R
645261,2026-07-10,26,1,R
650644,2026-07-10,14,0,R
656234,2026-07-10,2,0,R
656271,2026-07-10,4,0,L
656427,2026-07-10,24,1,R
656529,2026-07-10,5,0,L
656546,2026-07-10,3,0,R
657514,2026-07-10,3,0,L
657612,2026-07-10,3,2,L
660825,2026-07-10,3,0,R
663423,2026-07-10,3,0,R
663738,2026-07-10,3,0,L
663765,2026-07-10,11,1,R
664076,2026-07-10,4,0,L
664849,2026-07-10,4,1,L
664875,2026-07-10,6,1,R
665660,2026-07-10,6,0,R
666126,2026-07-10,6,1,L
666277,2026-07-10,6,0,R
666745,2026-07-10,12,1,R
668390,2026-07-10,4,0,R
668873,2026-07-10,4,0,R
668881,2026-07-10,25,0,R
668941,2026-07-10,3,0,L
669062,2026-07-10,4,0,L
669165,2026-07-10,9,0,R
669456,2026-07-10,22,1,R
669711,2026-07-10,4,1,R
670059,2026-07-10,3,0,R
670280,2026-07-10,7,0,R
670329,2026-07-10,3,0,R
671922,2026-07-10,3,0,R
672335,2026-07-10,7,1,L
673540,2026-07-10,3,0,R
674444,2026-07-10,3,0,R
675540,2026-07-10,1,0,R
675848,2026-07-10,1,0,R
676263,2026-07-10,4,0,L
676477,2026-07-10,5,0,R
676617,2026-07-10,3,0,R
676661,2026-07-10,7,2,R
676664,2026-07-10,19,0,L
676680,2026-07-10,3,0,L
676760,2026-07-10,3,0,R
676775,2026-07-10,3,0,R
677865,2026-07-10,6,0,L
677960,2026-07-10,23,0,L
677961,2026-07-10,4,0,R
678606,2026-07-10,5,1,L
679883,2026-07-10,24,1,R
680570,2026-07-10,23,0,R
680732,2026-07-10,24,1,R
681517,2026-07-10,10,0,R
681870,2026-07-10,3,1,L
681911,2026-07-10,4,0,L
681916,2026-07-10,3,0,R
682052,2026-07-10,5,0,L
682989,2026-07-10,6,0,R
683618,2026-07-10,8,0,R
683769,2026-07-10,4,0,R
684007,2026-07-10,23,1,L
685299,2026-07-10,23,1,R
686613,2026-07-10,25,1,R
686753,2026-07-10,5,0,R
686930,2026-07-10,7,0,R
686973,2026-07-10,6,0,R
686993,2026-07-10,5,1,R
687064,2026-07-10,27,2,R
687223,2026-07-10,12,1,L
687330,2026-07-10,6,0,R
687473,2026-07-10,6,0,R
687911,2026-07-10,8,2,L
689149,2026-07-10,4,0,R
689225,2026-07-10,7,0,R
689254,2026-07-10,1,0,L
689546,2026-07-10,2,0,R
690925,2026-07-10,1,0,R
690997,2026-07-10,26,0,R
694361,2026-07-10,7,0,R
696147,2026-07-10,4,0,R
696519,2026-07-10,8,0,L
699823,2026-07-10,7,0,R
701519,2026-07-10,3,0,R
702193,2026-07-10,7,0,R
800048,2026-07-10,22,1,L
800311,2026-07-10,6,0,R
805299,2026-07-10,3,0,L
805427,2026-07-10,1,0,L
805673,2026-07-10,26,1,R
445276,2026-07-11,4,0,R
455119,2026-07-11,5,0,R
518585,2026-07-11,3,0,R
519141,2026-07-11,5,1,L
542888,2026-07-11,2,0,R
543056,2026-07-11,8,0,L
548384,2026-07-11,3,0,L
571945,2026-07-11,15,0,R
572955,2026-07-11,4,0,R
573204,2026-07-11,4,0,L
592155,2026-07-11,7,0,L
607200,2026-07-11,15,0,R
607536,2026-07-11,24,1,L
621074,2026-07-11,5,0,R
621111,2026-07-11,13,1,R
621345,2026-07-11,4,0,L
622088,2026-07-11,3,0,R
623211,2026-07-11,2,0,R
623454,2026-07-11,4,0,R
625643,2026-07-11,21,1,R
640454,2026-07-11,6,0,L
641816,2026-07-11,29,0,R
642100,2026-07-11,2,1,L
642397,2026-07-11,5,0,L
642547,2026-07-11,21,1,R
642701,2026-07-11,3,0,R
643377,2026-07-11,21,0,R
650911,2026-07-11,29,1,L
656271,2026-07-11,2,0,L
656464,2026-07-11,3,0,R
656794,2026-07-11,6,0,L
657097,2026-07-11,4,0,R
657571,2026-07-11,4,0,L
657746,2026-07-11,26,0,R
660853,2026-07-11,3,0,R
661395,2026-07-11,3,0,R
663362,2026-07-11,12,0,R
663423,2026-07-11,1,0,R
663542,2026-07-11,3,0,L
663554,2026-07-11,24,0,R
663558,2026-07-11,6,0,L
663567,2026-07-11,23,1,R
663687,2026-07-11,3,0,L
663947,2026-07-11,3,0,L
664076,2026-07-11,5,0,L
664141,2026-07-11,7,1,R
664991,2026-07-11,3,0,L
665622,2026-07-11,5,0,R
665871,2026-07-11,20,2,R
666157,2026-07-11,22,1,L
666277,2026-07-11,3,0,R
666661,2026-07-11,3,0,R
666974,2026-07-11,1,0,R
667297,2026-07-11,5,0,R
668964,2026-07-11,8,1,R
668984,2026-07-11,3,0,R
669020,2026-07-11,4,0,L
669060,2026-07-11,3,0,R
669212,2026-07-11,4,1,R
669302,2026-07-11,30,0,R
669330,2026-07-11,3,0,R
669387,2026-07-11,14,0,R
669461,2026-07-11,22,0,L
669684,2026-07-11,5,0,L
669711,2026-07-11,4,0,R
670059,2026-07-11,3,0,R
670062,2026-07-11,5,1,R
670280,2026-07-11,4,0,R
670970,2026-07-11,3,0,L
670990,2026-07-11,5,0,R
671936,2026-07-11,8,0,L
672782,2026-07-11,5,0,R
673513,2026-07-11,4,0,L
675660,2026-07-11,25,1,L
676440,2026-07-11,27,0,R
676571,2026-07-11,7,0,L
676617,2026-07-11,5,0,R
676680,2026-07-11,4,0,L
676755,2026-07-11,4,0,R
676879,2026-07-11,6,1,L
677952,2026-07-11,22,2,R
677958,2026-07-11,28,3,R
680694,2026-07-11,25,0,R
680742,2026-07-11,4,0,R
680755,2026-07-11,6,0,R
680916,2026-07-11,4,0,R
681982,2026-07-11,3,0,R
682254,2026-07-11,4,0,L
682842,2026-07-11,4,0,R
684974,2026-07-11,7,0,R
685126,2026-07-11,3,0,L
686560,2026-07-11,5,0,R
686580,2026-07-11,4,0,R
687075,2026-07-11,17,1,R
687377,2026-07-11,3,1,R
687396,2026-07-11,4,0,L
687531,2026-07-11,9,0,R
688642,2026-07-11,8,0,R
689017,2026-07-11,16,2,R
689254,2026-07-11,8,1,L
690925,2026-07-11,3,2,R
691587,2026-07-11,26,0,R
691769,2026-07-11,3,0,L
691799,2026-07-11,6,0,R
693645,2026-07-11,27,2,R
693686,2026-07-11,8,0,R
694297,2026-07-11,22,0,R
694477,2026-07-11,4,0,R
695239,2026-07-11,4,0,L
695243,2026-07-11,4,0,R
695611,2026-07-11,23,0,L
696149,2026-07-11,21,0,R
696270,2026-07-11,19,1,R
699134,2026-07-11,5,1,R
700842,2026-07-11,14,0,L
702056,2026-07-11,13,0,R
702070,2026-07-11,27,3,L
702566,2026-07-11,9,0,R
703725,2026-07-11,5,1,R
805123,2026-07-11,10,1,R
805299,2026-07-11,2,0,L
806188,2026-07-11,4,0,L
808967,2026-07-11,27,1,R
808970,2026-07-11,5,0,R
815083,2026-07-11,11,0,L
820862,2026-07-11,4,0,R
518886,2026-07-12,8,0,R
542888,2026-07-12,3,0,R
547179,2026-07-12,22,0,R
547973,2026-07-12,4,0,L
548384,2026-07-12,3,0,L
552640,2026-07-12,3,0,R
554430,2026-07-12,22,0,R
571510,2026-07-12,28,1,L
572955,2026-07-12,3,1,R
573204,2026-07-12,3,0,L
592332,2026-07-12,25,0,R
592773,2026-07-12,4,0,R
592779,2026-07-12,4,0,R
594580,2026-07-12,3,0,L
595345,2026-07-12,3,0,L
596133,2026-07-12,3,0,R
606996,2026-07-12,3,0,L
607625,2026-07-12,19,1,R
608566,2026-07-12,20,2,R
621074,2026-07-12,4,0,R
621112,2026-07-12,6,0,R
621237,2026-07-12,3,0,L
621381,2026-07-12,6,0,L
622554,2026-07-12,3,0,R
622608,2026-07-12,6,0,R
623149,2026-07-12,3,0,R
623352,2026-07-12,3,0,L
623465,2026-07-12,4,1,R
623474,2026-07-12,4,0,R
628452,2026-07-12,3,0,R
641302,2026-07-12,5,0,L
641755,2026-07-12,1,0,R
642100,2026-07-12,4,0,L
642121,2026-07-12,3,1,R
642207,2026-07-12,7,0,R
642232,2026-07-12,2,0,L
642528,2026-07-12,4,0,R
643410,2026-07-12,3,0,R
643511,2026-07-12,4,0,R
650556,2026-07-12,5,0,R
656464,2026-07-12,2,0,R
656546,2026-07-12,6,0,R
656641,2026-07-12,4,0,L
656848,2026-07-12,5,1,R
656945,2026-07-12,3,0,L
657044,2026-07-12,3,0,R
657097,2026-07-12,2,0,R
657514,2026-07-12,4,0,L
657612,2026-07-12,3,1,L
657649,2026-07-12,5,0,L
660761,2026-07-12,7,0,L
660825,2026-07-12,5,1,R
660853,2026-07-12,3,0,R
662253,2026-07-12,4,0,R
663855,2026-07-12,3,0,R
663969,2026-07-12,6,0,R
664126,2026-07-12,4,1,R
664199,2026-07-12,4,0,R
664299,2026-07-12,16,0,R
664849,2026-07-12,5,0,L
664875,2026-07-12,4,0,R
664991,2026-07-12,3,0,L
666171,2026-07-12,5,1,R
666661,2026-07-12,3,0,R
666974,2026-07-12,3,0,R
667755,2026-07-12,20,0,R
668390,2026-07-12,3,0,R
668674,2026-07-12,5,1,R
668941,2026-07-12,7,0,L
668970,2026-07-12,6,0,R
669022,2026-07-12,15,1,L
669060,2026-07-12,10,0,R
669062,2026-07-12,5,0,L
669160,2026-07-12,20,0,R
669199,2026-07-12,6,0,R
669276,2026-07-12,5,0,L
669358,2026-07-12,22,0,R
669372,2026-07-12,23,2,R
669373,2026-07-12,21,0,L
670167,2026-07-12,3,0,R
670329,2026-07-12,4,0,R
670970,2026-07-12,9,0,L
671096,2026-07-12,19,0,L
671737,2026-07-12,28,2,R
671922,2026-07-12,5,1,R
672456,2026-07-12,14,0,R
674444,2026-07-12,3,0,R
674841,2026-07-12,11,0,L
676106,2026-07-12,6,0,R
676282,2026-07-12,22,0,L
676477,2026-07-12,3,0,R
676534,2026-07-12,8,0,R
676604,2026-07-12,4,0,R
676755,2026-07-12,4,0,R
676760,2026-07-12,4,0,R
676775,2026-07-12,3,0,R
676917,2026-07-12,21,0,R
677865,2026-07-12,8,0,L
678394,2026-07-12,14,1,R
678606,2026-07-12,6,0,L
680742,2026-07-12,3,0,R
680916,2026-07-12,3,0,R
681217,2026-07-12,6,0,R
681982,2026-07-12,6,0,R
682608,2026-07-12,5,0,R
683352,2026-07-12,15,1,L
683409,2026-07-12,5,0,R
683618,2026-07-12,4,0,R
683769,2026-07-12,4,0,R
684974,2026-07-12,5,0,R
685126,2026-07-12,3,0,L
686218,2026-07-12,21,0,R
686790,2026-07-12,25,1,R
686993,2026-07-12,4,0,R
687239,2026-07-12,4,1,R
687330,2026-07-12,2,0,R
687911,2026-07-12,10,1,L
688107,2026-07-12,18,2,L
688297,2026-07-12,9,0,R
689147,2026-07-12,3,0,R
689225,2026-07-12,1,0,R
689266,2026-07-12,3,0,L
689296,2026-07-12,3,0,R
689546,2026-07-12,7,0,R
693855,2026-07-12,19,1,L
694360,2026-07-12,5,0,R
694973,2026-07-12,20,0,R
695076,2026-07-12,8,0,R
695239,2026-07-12,3,0,L
695243,2026-07-12,3,0,R
695534,2026-07-12,7,0,R
699008,2026-07-12,11,1,R
700669,2026-07-12,4,0,R
701542,2026-07-12,19,1,R
702193,2026-07-12,8,0,R
702273,2026-07-12,21,1,L
702275,2026-07-12,16,0,R
800311,2026-07-12,3,0,R
801139,2026-07-12,15,0,L
804267,2026-07-12,25,0,L
805326,2026-07-12,7,0,L
805427,2026-07-12,4,0,L
806188,2026-07-12,8,0,L
548384,2026-07-16,2,0,L
596133,2026-07-16,4,1,R
605400,2026-07-16,27,3,R
623211,2026-07-16,3,0,R
642207,2026-07-16,3,0,R
680742,2026-07-16,3,0,R
681035,2026-07-16,20,0,R
686751,2026-07-16,8,0,R
489446,2026-07-17,5,0,R
518585,2026-07-17,4,0,R
518876,2026-07-17,21,1,R
518886,2026-07-17,4,0,R
519141,2026-07-17,4,0,L
519242,2026-07-17,23,0,L
543037,2026-07-17,23,1,R
543309,2026-07-17,7,1,R
547973,2026-07-17,3,0,L
552640,2026-07-17,4,0,R
571578,2026-07-17,8,0,L
573124,2026-07-17,1,0,L
592155,2026-07-17,3,0,L
594027,2026-07-17,4,0,R
595345,2026-07-17,3,0,L
606996,2026-07-17,5,0,L
607067,2026-07-17,24,1,R
607625,2026-07-17,23,0,R
615698,2026-07-17,23,2,R
621053,2026-07-17,3,0,R
621074,2026-07-17,4,0,R
621112,2026-07-17,3,0,R
622088,2026-07-17,4,0,R
622554,2026-07-17,1,0,R
623149,2026-07-17,4,0,R
623474,2026-07-17,4,2,R
641743,2026-07-17,19,1,L
641927,2026-07-17,21,0,R
642121,2026-07-17,4,0,R
643377,2026-07-17,25,1,R
645261,2026-07-17,25,1,R
650633,2026-07-17,21,1,R
656271,2026-07-17,5,0,L
656464,2026-07-17,3,0,R
656638,2026-07-17,4,1,R
656730,2026-07-17,4,0,R
656848,2026-07-17,5,0,R
656945,2026-07-17,3,0,L
660761,2026-07-17,5,1,L
660853,2026-07-17,3,0,R
663558,2026-07-17,6,0,L
663567,2026-07-17,25,0,R
663903,2026-07-17,26,1,R
664126,2026-07-17,5,0,R
664199,2026-07-17,5,0,R
664991,2026-07-17,4,0,L
665152,2026-07-17,17,0,R
666126,2026-07-17,8,1,L
666171,2026-07-17,3,0,R
666277,2026-07-17,2,0,R
666661,2026-07-17,5,0,R
667297,2026-07-17,6,0,R
668674,2026-07-17,6,0,R
668873,2026-07-17,4,0,R
668970,2026-07-17,2,0,R
669020,2026-07-17,4,0,L
669199,2026-07-17,4,0,R
669310,2026-07-17,8,0,R
669330,2026-07-17,5,0,R
669438,2026-07-17,24,3,R
669620,2026-07-17,3,0,L
669711,2026-07-17,4,0,R
670167,2026-07-17,3,0,R
670950,2026-07-17,9,2,R
670970,2026-07-17,9,0,L
671345,2026-07-17,3,0,R
671936,2026-07-17,7,0,L
672282,2026-07-17,22,0,L
672456,2026-07-17,12,0,R
672782,2026-07-17,4,0,R
674444,2026-07-17,4,0,R
675512,2026-07-17,23,0,R
676105,2026-07-17,9,2,R
676263,2026-07-17,4,0,L
676477,2026-07-17,3,0,R
676534,2026-07-17,3,0,R
676617,2026-07-17,4,0,R
676742,2026-07-17,2,0,R
676879,2026-07-17,4,0,L
676917,2026-07-17,21,1,R
677961,2026-07-17,3,0,R
678391,2026-07-17,6,1,R
678606,2026-07-17,3,0,L
680755,2026-07-17,3,0,R
680767,2026-07-17,5,0,R
681911,2026-07-17,5,0,L
682243,2026-07-17,26,1,R
682842,2026-07-17,3,0,R
682989,2026-07-17,9,0,R
683000,2026-07-17,9,0,R
684974,2026-07-17,3,0,R
686560,2026-07-17,8,0,R
686580,2026-07-17,3,0,R
686993,2026-07-17,7,1,R
687239,2026-07-17,1,0,R
687312,2026-07-17,21,0,R
687396,2026-07-17,3,0,L
687562,2026-07-17,21,0,L
687911,2026-07-17,5,1,L
687941,2026-07-17,11,0,L
688297,2026-07-17,11,1,R
689296,2026-07-17,8,0,R
689546,2026-07-17,8,1,R
693686,2026-07-17,18,1,R
693713,2026-07-17,10,0,R
694477,2026-07-17,4,0,R
694738,2026-07-17,24,0,R
695243,2026-07-17,6,0,R
695611,2026-07-17,17,0,L
696147,2026-07-17,4,0,R
696519,2026-07-17,1,0,L
699134,2026-07-17,5,0,R
700241,2026-07-17,26,1,R
700842,2026-07-17,12,1,L
701656,2026-07-17,17,1,R
702193,2026-07-17,3,0,R
703725,2026-07-17,5,1,R
805299,2026-07-17,2,0,L
805326,2026-07-17,11,0,L
808963,2026-07-17,22,0,R
810938,2026-07-17,5,0,R
814305,2026-07-17,14,1,R
542888,2026-07-18,3,0,R
547973,2026-07-18,5,0,L
552640,2026-07-18,5,0,R
571510,2026-07-18,21,1,L
572955,2026-07-18,3,0,R
573204,2026-07-18,4,1,L
592155,2026-07-18,3,0,L
594580,2026-07-18,5,0,L
595345,2026-07-18,4,0,L
596001,2026-07-18,3,0,R
608372,2026-07-18,24,2,R
608718,2026-07-18,10,1,L
621097,2026-07-18,5,0,R
621237,2026-07-18,4,0,L
623149,2026-07-18,4,1,R
623352,2026-07-18,3,0,L
628452,2026-07-18,3,0,R
640448,2026-07-18,1,0,R
640455,2026-07-18,24,2,L
641302,2026-07-18,5,0,L
641755,2026-07-18,4,1,R
641793,2026-07-18,30,2,R
642100,2026-07-18,3,0,L
642121,2026-07-18,4,0,R
642397,2026-07-18,4,0,L
642528,2026-07-18,4,0,R
642701,2026-07-18,3,1,R
643410,2026-07-18,6,0,R
643511,2026-07-18,3,0,R
650556,2026-07-18,3,0,R
656288,2026-07-18,18,1,R
656464,2026-07-18,4,0,R
656529,2026-07-18,5,0,L
656546,2026-07-18,4,0,R
656641,2026-07-18,4,0,L
656730,2026-07-18,3,0,R
656794,2026-07-18,6,0,L
657044,2026-07-18,2,0,R
657097,2026-07-18,4,0,R
657277,2026-07-18,26,1,R
657514,2026-07-18,4,0,L
657571,2026-07-18,5,1,L
660825,2026-07-18,4,0,R
660853,2026-07-18,6,0,R
662253,2026-07-18,3,0,R
663362,2026-07-18,9,1,R
663423,2026-07-18,4,0,R
663436,2026-07-18,23,0,R
663687,2026-07-18,2,0,L
663738,2026-07-18,7,0,L
663767,2026-07-18,6,0,R
663776,2026-07-18,23,1,L
663855,2026-07-18,3,0,R
664076,2026-07-18,3,1,L
664849,2026-07-18,5,0,L
665622,2026-07-18,5,0,R
666200,2026-07-18,20,1,L
666745,2026-07-18,4,0,R
666974,2026-07-18,3,0,R
668820,2026-07-18,7,1,R
668909,2026-07-18,25,3,R
668984,2026-07-18,5,0,R
669022,2026-07-18,27,2,L
669062,2026-07-18,3,0,L
669160,2026-07-18,25,0,R
669212,2026-07-18,3,0,R
669276,2026-07-18,5,0,L
669330,2026-07-18,3,0,R
669372,2026-07-18,23,0,R
669373,2026-07-18,24,0,L
669387,2026-07-18,11,0,R
669432,2026-07-18,27,0,L
669456,2026-07-18,22,0,R
669724,2026-07-18,4,0,R
670036,2026-07-18,6,0,R
670059,2026-07-18,4,0,R
670062,2026-07-18,9,0,R
670245,2026-07-18,7,1,R
670329,2026-07-18,3,0,R
670990,2026-07-18,4,0,R
671106,2026-07-18,19,0,L
671737,2026-07-18,25,1,R
671922,2026-07-18,3,0,R
673540,2026-07-18,10,0,R
674444,2026-07-18,1,0,R
675540,2026-07-18,8,0,R
675660,2026-07-18,25,0,L
675848,2026-07-18,4,0,R
676051,2026-07-18,6,0,R
676477,2026-07-18,3,0,R
676534,2026-07-18,7,0,R
676604,2026-07-18,4,0,R
676742,2026-07-18,3,0,R
676755,2026-07-18,4,0,R
676760,2026-07-18,4,0,R
676775,2026-07-18,2,0,R
676974,2026-07-18,16,0,R
677865,2026-07-18,4,0,L
677976,2026-07-18,21,1,R
678391,2026-07-18,6,0,R
678606,2026-07-18,4,0,L
680570,2026-07-18,23,1,R
680916,2026-07-18,4,0,R
681293,2026-07-18,21,0,R
681870,2026-07-18,2,0,L
681916,2026-07-18,3,0,R
682254,2026-07-18,4,0,L
682842,2026-07-18,4,0,R
683003,2026-07-18,19,0,R
684974,2026-07-18,6,1,R
685126,2026-07-18,5,0,L
686973,2026-07-18,3,0,R
687223,2026-07-18,3,0,L
687330,2026-07-18,7,0,R
687473,2026-07-18,11,0,R
688642,2026-07-18,4,0,R
689147,2026-07-18,3,0,R
689266,2026-07-18,4,0,L
693433,2026-07-18,26,2,R
693855,2026-07-18,13,2,L
694297,2026-07-18,23,0,R
694335,2026-07-18,3,0,R
694360,2026-07-18,3,0,R
694753,2026-07-18,17,0,R
695076,2026-07-18,18,0,R
695239,2026-07-18,1,0,L
696070,2026-07-18,4,0,L
700669,2026-07-18,3,0,R
702021,2026-07-18,3,0,L
702275,2026-07-18,4,0,R
702474,2026-07-18,10,0,R
702566,2026-07-18,15,1,R
800311,2026-07-18,4,0,R
805123,2026-07-18,7,0,R
805299,2026-07-18,1,0,L
806188,2026-07-18,5,0,L
820862,2026-07-18,8,0,R
445276,2026-07-19,4,0,R
518585,2026-07-19,4,1,R
518886,2026-07-19,3,0,R
519141,2026-07-19,4,0,L
543135,2026-07-19,20,3,R
543243,2026-07-19,26,1,R
592662,2026-07-19,22,0,L
592773,2026-07-19,4,0,R
592779,2026-07-19,6,0,R
593958,2026-07-19,16,0,L
593974,2026-07-19,3,0,L
594580,2026-07-19,5,1,L
605288,2026-07-19,14,2,R
605447,2026-07-19,3,0,R
608566,2026-07-19,18,1,R
621112,2026-07-19,7,0,R
621345,2026-07-19,5,1,L
621381,2026-07-19,4,1,L
623211,2026-07-19,4,0,R
623454,2026-07-19,8,0,R
623465,2026-07-19,6,1,R
628452,2026-07-19,4,1,R
641302,2026-07-19,3,0,L
641835,2026-07-19,6,0,L
641941,2026-07-19,5,1,R
642100,2026-07-19,4,0,L
642232,2026-07-19,10,0,L
656234,2026-07-19,7,0,R
656271,2026-07-19,3,0,L
656492,2026-07-19,28,0,L
656529,2026-07-19,2,0,L
656550,2026-07-19,24,0,R
656848,2026-07-19,4,0,R
657044,2026-07-19,4,0,R
657612,2026-07-19,6,0,L
660604,2026-07-19,23,1,R
660825,2026-07-19,4,0,R
661395,2026-07-19,4,0,R
662253,2026-07-19,3,0,R
663372,2026-07-19,18,3,R
663542,2026-07-19,4,0,L
663554,2026-07-19,16,0,R
663556,2026-07-19,24,1,L
663558,2026-07-19,4,0,L
663947,2026-07-19,6,0,L
664126,2026-07-19,4,1,R
664129,2026-07-19,7,0,R
664199,2026-07-19,6,0,R
664208,2026-07-19,6,0,R
664299,2026-07-19,4,0,R
664991,2026-07-19,3,0,L
665660,2026-07-19,6,2,R
666171,2026-07-19,4,1,R
666277,2026-07-19,4,1,R
666661,2026-07-19,4,0,R
666808,2026-07-19,9,0,R
668390,2026-07-19,5,0,R
668674,2026-07-19,5,1,R
668881,2026-07-19,23,2,R
669165,2026-07-19,8,0,R
669276,2026-07-19,5,0,L
669302,2026-07-19,23,1,R
669467,2026-07-19,22,0,R
669620,2026-07-19,9,0,L
669711,2026-07-19,4,0,R
669724,2026-07-19,5,0,R
670245,2026-07-19,5,0,R
670280,2026-07-19,6,0,R
670329,2026-07-19,5,1,R
672335,2026-07-19,4,0,L
673513,2026-07-19,5,0,L
676263,2026-07-19,4,0,L
676282,2026-07-19,25,0,L
676661,2026-07-19,8,0,R
676680,2026-07-19,4,0,L
676755,2026-07-19,3,0,R
676879,2026-07-19,5,0,L
678906,2026-07-19,10,0,R
680732,2026-07-19,23,0,R
680755,2026-07-19,3,0,R
680916,2026-07-19,6,0,R
681190,2026-07-19,11,0,R
681217,2026-07-19,4,0,R
681751,2026-07-19,3,0,R
681892,2026-07-19,4,0,L
681911,2026-07-19,3,0,L
681982,2026-07-19,3,0,R
682052,2026-07-19,19,0,L
682254,2026-07-19,3,0,L
682608,2026-07-19,4,0,R
683409,2026-07-19,4,0,R
683618,2026-07-19,4,0,R
683769,2026-07-19,3,0,R
684007,2026-07-19,26,0,L
685299,2026-07-19,20,1,R
686475,2026-07-19,11,2,R
686613,2026-07-19,24,0,R
686751,2026-07-19,7,0,R
686753,2026-07-19,10,0,R
687064,2026-07-19,27,0,R
687239,2026-07-19,5,1,R
687396,2026-07-19,6,0,L
687911,2026-07-19,4,1,L
688107,2026-07-19,18,1,L
688297,2026-07-19,8,0,R
689254,2026-07-19,4,0,L
689266,2026-07-19,4,0,L
690925,2026-07-19,6,0,R
690997,2026-07-19,21,0,R
691587,2026-07-19,22,0,R
691769,2026-07-19,9,0,L
691799,2026-07-19,4,0,R
693645,2026-07-19,20,0,R
694360,2026-07-19,9,0,R
694361,2026-07-19,6,0,R
694477,2026-07-19,8,0,R
694973,2026-07-19,26,0,R
695239,2026-07-19,4,0,L
696147,2026-07-19,3,0,R
696270,2026-07-19,20,1,R
696519,2026-07-19,3,0,L
700669,2026-07-19,6,1,R
701519,2026-07-19,10,0,R
702021,2026-07-19,8,1,L
702056,2026-07-19,24,1,R
702070,2026-07-19,26,1,L
703725,2026-07-19,5,0,R
800311,2026-07-19,4,0,R
805673,2026-07-19,22,1,R
806188,2026-07-19,3,0,L
808967,2026-07-19,30,1,R
808970,2026-07-19,6,0,R
445276,2026-07-20,6,0,R
518585,2026-07-20,4,0,R
542888,2026-07-20,5,0,R
547973,2026-07-20,5,0,L
572955,2026-07-20,5,0,R
573204,2026-07-20,1,0,L
592155,2026-07-20,3,0,L
592773,2026-07-20,4,0,R
592791,2026-07-20,20,2,R
593974,2026-07-20,5,1,L
594027,2026-07-20,6,0,R
594798,2026-07-20,23,0,R
595345,2026-07-20,5,0,L
605488,2026-07-20,20,1,L
606996,2026-07-20,3,0,L
607200,2026-07-20,15,1,R
607259,2026-07-20,24,0,R
607536,2026-07-20,27,2,L
608379,2026-07-20,23,1,R
621053,2026-07-20,4,1,R
621074,2026-07-20,3,0,R
621097,2026-07-20,5,0,R
621121,2026-07-20,12,0,R
621237,2026-07-20,3,0,L
622554,2026-07-20,4,1,R
622608,2026-07-20,5,1,R
623352,2026-07-20,6,0,L
640448,2026-07-20,6,1,R
640454,2026-07-20,3,0,L
641329,2026-07-20,4,0,R
642528,2026-07-20,4,0,R
642547,2026-07-20,26,2,R
642701,2026-07-20,3,0,R
650556,2026-07-20,5,0,R
650911,2026-07-20,25,0,L
656302,2026-07-20,26,2,R
656427,2026-07-20,18,2,R
656464,2026-07-20,7,0,R
656577,2026-07-20,4,0,R
656638,2026-07-20,5,1,R
656794,2026-07-20,5,0,L
657097,2026-07-20,4,0,R
657571,2026-07-20,6,1,L
657612,2026-07-20,3,0,L
657746,2026-07-20,22,6,R
660761,2026-07-20,3,0,L
660853,2026-07-20,5,0,R
661395,2026-07-20,1,0,R
663423,2026-07-20,1,0,R
663687,2026-07-20,5,0,L
663738,2026-07-20,4,0,L
663767,2026-07-20,5,1,R
663855,2026-07-20,3,0,R
663893,2026-07-20,9,1,L
663947,2026-07-20,5,0,L
664141,2026-07-20,10,0,R
664849,2026-07-20,3,0,L
665622,2026-07-20,7,0,R
665871,2026-07-20,7,0,R
666277,2026-07-20,4,0,R
666974,2026-07-20,4,0,R
667297,2026-07-20,7,0,R
667755,2026-07-20,25,0,R
668873,2026-07-20,4,0,R
668970,2026-07-20,4,0,R
668984,2026-07-20,4,0,R
669020,2026-07-20,6,0,L
669199,2026-07-20,4,1,R
669330,2026-07-20,5,1,R
669358,2026-07-20,25,0,R
669684,2026-07-20,4,0,L
669854,2026-07-20,19,2,R
669923,2026-07-20,21,0,R
670036,2026-07-20,5,0,R
670059,2026-07-20,4,0,R
670950,2026-07-20,4,0,R
671096,2026-07-20,24,0,L
671345,2026-07-20,3,0,R
674444,2026-07-20,3,0,R
674841,2026-07-20,21,0,L
675540,2026-07-20,11,1,R
675848,2026-07-20,3,0,R
676083,2026-07-20,19,2,R
676440,2026-07-20,25,0,R
676477,2026-07-20,3,0,R
676617,2026-07-20,6,0,R
676664,2026-07-20,18,1,L
676680,2026-07-20,6,0,L
677952,2026-07-20,20,2,R
677960,2026-07-20,23,1,L
677961,2026-07-20,4,0,R
680742,2026-07-20,4,1,R
680755,2026-07-20,5,0,R
680767,2026-07-20,5,0,R
681517,2026-07-20,20,1,R
681892,2026-07-20,5,0,L
681911,2026-07-20,4,1,L
681916,2026-07-20,2,0,R
681982,2026-07-20,4,0,R
682608,2026-07-20,5,0,R
682989,2026-07-20,9,0,R
683000,2026-07-20,6,0,R
683352,2026-07-20,23,2,L
683409,2026-07-20,5,0,R
684974,2026-07-20,4,0,R
685126,2026-07-20,3,0,L
686218,2026-07-20,25,2,R
686228,2026-07-20,6,0,R
686790,2026-07-20,19,1,R
687239,2026-07-20,3,0,R
687396,2026-07-20,3,0,L
689017,2026-07-20,8,2,R
689147,2026-07-20,5,0,R
689546,2026-07-20,3,0,R
690978,2026-07-20,13,0,L
692030,2026-07-20,9,0,R
693821,2026-07-20,22,2,R
694819,2026-07-20,17,0,R
695239,2026-07-20,4,0,L
695534,2026-07-20,6,0,R
696062,2026-07-20,10,0,R
696519,2026-07-20,3,0,L
699134,2026-07-20,3,0,R
801139,2026-07-20,27,1,L
805299,2026-07-20,3,0,L
805427,2026-07-20,6,0,L
808970,2026-07-20,7,1,R
820862,2026-07-20,4,0,R
518886,2026-07-21,3,0,R
542888,2026-07-21,4,0,R
547179,2026-07-21,19,2,R
548384,2026-07-21,3,0,L
554430,2026-07-21,25,1,R
571578,2026-07-21,14,1,L
571945,2026-07-21,18,1,R
573124,2026-07-21,7,0,L
592332,2026-07-21,21,0,R
594580,2026-07-21,3,0,L
594835,2026-07-21,13,0,L
596133,2026-07-21,3,0,R
605447,2026-07-21,3,0,R
621074,2026-07-21,4,1,R
621111,2026-07-21,24,0,R
621237,2026-07-21,3,0,L
621381,2026-07-21,2,0,L
622088,2026-07-21,6,1,R
622491,2026-07-21,27,2,R
623149,2026-07-21,5,1,R
623352,2026-07-21,4,0,L
623465,2026-07-21,3,0,R
623474,2026-07-21,6,0,R
625643,2026-07-21,23,2,R
640454,2026-07-21,5,0,L
641755,2026-07-21,3,0,R
641816,2026-07-21,22,1,R
641941,2026-07-21,3,0,R
642121,2026-07-21,5,0,R
642207,2026-07-21,4,0,R
650644,2026-07-21,13,1,R
656240,2026-07-21,9,0,R
656271,2026-07-21,3,0,L
656464,2026-07-21,3,0,R
656529,2026-07-21,3,0,L
656638,2026-07-21,4,0,R
656716,2026-07-21,8,0,R
656849,2026-07-21,24,0,L
656876,2026-07-21,23,0,R
656945,2026-07-21,6,0,L
656986,2026-07-21,3,0,L
657044,2026-07-21,5,1,R
657514,2026-07-21,4,0,L
660761,2026-07-21,2,0,L
663687,2026-07-21,4,0,L
663969,2026-07-21,19,1,R
664076,2026-07-21,3,0,L
664129,2026-07-21,3,0,R
664199,2026-07-21,3,0,R
664285,2026-07-21,10,0,L
664702,2026-07-21,3,0,R
665622,2026-07-21,5,0,R
665660,2026-07-21,5,0,R
666171,2026-07-21,5,0,R
666661,2026-07-21,4,0,R
668670,2026-07-21,6,0,R
668873,2026-07-21,3,0,R
669060,2026-07-21,18,1,R
669461,2026-07-21,25,1,L
669620,2026-07-21,4,0,L
669724,2026-07-21,8,1,R
670059,2026-07-21,2,0,R
670062,2026-07-21,4,1,R
670167,2026-07-21,4,0,R
670950,2026-07-21,4,0,R
670970,2026-07-21,3,0,L
671922,2026-07-21,3,0,R
673513,2026-07-21,4,0,L
675848,2026-07-21,3,0,R
676604,2026-07-21,4,1,R
676775,2026-07-21,3,0,R
677958,2026-07-21,21,0,R
678022,2026-07-21,21,1,R
678606,2026-07-21,4,0,L
679883,2026-07-21,25,0,R
680736,2026-07-21,25,0,L
680742,2026-07-21,3,0,R
680744,2026-07-21,15,0,R
680767,2026-07-21,3,0,R
681217,2026-07-21,2,0,R
681252,2026-07-21,4,0,R
681751,2026-07-21,10,1,R
681916,2026-07-21,5,0,R
682668,2026-07-21,3,0,R
683769,2026-07-21,4,0,R
684442,2026-07-21,21,0,L
687075,2026-07-21,21,1,R
687223,2026-07-21,11,0,L
687377,2026-07-21,2,0,R
687473,2026-07-21,6,0,R
689254,2026-07-21,3,0,L
690925,2026-07-21,4,1,R
694335,2026-07-21,2,0,R
694350,2026-07-21,3,0,R
694477,2026-07-21,3,0,R
695243,2026-07-21,5,0,R
695505,2026-07-21,20,0,R
696070,2026-07-21,10,0,L
699134,2026-07-21,3,0,R
700712,2026-07-21,24,0,R
702273,2026-07-21,22,1,L
702275,2026-07-21,16,2,R
702474,2026-07-21,16,0,R
800048,2026-07-21,22,1,L
804267,2026-07-21,20,0,L
805123,2026-07-21,6,1,R
805326,2026-07-21,14,1,L
815083,2026-07-21,4,0,L
837227,2026-07-21,25,0,R
445276,2026-07-22,4,0,R
489446,2026-07-22,4,0,R
518585,2026-07-22,5,0,R
518876,2026-07-22,19,1,R
527048,2026-07-22,16,0,L
543037,2026-07-22,25,2,R
545121,2026-07-22,7,0,R
547973,2026-07-22,4,0,L
552640,2026-07-22,4,0,R
573204,2026-07-22,4,0,L
592155,2026-07-22,3,1,L
592779,2026-07-22,2,0,R
593974,2026-07-22,5,0,L
595345,2026-07-22,3,0,L
596001,2026-07-22,6,0,R
605400,2026-07-22,23,2,R
607067,2026-07-22,21,2,R
607625,2026-07-22,26,0,R
608331,2026-07-22,16,0,L
615698,2026-07-22,14,0,R
621053,2026-07-22,5,0,R
621112,2026-07-22,7,0,R
621345,2026-07-22,5,0,L
623211,2026-07-22,4,0,R
623454,2026-07-22,4,0,R
623474,2026-07-22,6,1,R
628452,2026-07-22,3,1,R
640448,2026-07-22,4,0,R
641302,2026-07-22,7,0,L
641329,2026-07-22,3,0,R
641743,2026-07-22,22,1,L
641778,2026-07-22,21,2,L
641835,2026-07-22,5,0,L
641927,2026-07-22,21,0,R
641941,2026-07-22,3,0,R
642397,2026-07-22,3,0,L
642528,2026-07-22,3,0,R
643377,2026-07-22,22,0,R
643511,2026-07-22,4,0,R
645261,2026-07-22,31,3,R
650556,2026-07-22,3,0,R
650633,2026-07-22,27,0,R
650960,2026-07-22,5,0,R
656271,2026-07-22,5,0,L
656529,2026-07-22,3,0,L
656546,2026-07-22,6,0,R
656605,2026-07-22,21,0,R
656641,2026-07-22,3,0,L
656730,2026-07-22,5,0,R
657514,2026-07-22,2,0,L
657612,2026-07-22,1,0,L
660825,2026-07-22,6,1,R
660853,2026-07-22,4,0,R
663542,2026-07-22,3,0,L
663558,2026-07-22,5,0,L
663567,2026-07-22,26,0,R
663738,2026-07-22,3,0,L
663855,2026-07-22,4,0,R
663893,2026-07-22,3,0,L
663903,2026-07-22,26,0,R
665152,2026-07-22,27,1,R
665645,2026-07-22,2,0,R
666126,2026-07-22,1,0,L
666277,2026-07-22,3,0,R
666974,2026-07-22,3,0,R
668820,2026-07-22,5,0,R
668970,2026-07-22,3,0,R
669020,2026-07-22,3,0,L
669062,2026-07-22,4,0,L
669276,2026-07-22,3,0,L
669330,2026-07-22,4,0,R
669387,2026-07-22,13,1,R
670036,2026-07-22,6,0,R
670245,2026-07-22,4,0,R
670280,2026-07-22,5,0,R
670970,2026-07-22,5,0,L
670990,2026-07-22,3,0,R
672282,2026-07-22,19,1,L
672335,2026-07-22,5,0,L
672456,2026-07-22,20,1,R
672629,2026-07-22,9,0,R
672782,2026-07-22,5,0,R
674444,2026-07-22,4,1,R
676106,2026-07-22,24,1,R
676263,2026-07-22,3,0,L
676477,2026-07-22,3,0,R
676534,2026-07-22,3,0,R
676617,2026-07-22,5,0,R
676775,2026-07-22,5,0,R
676879,2026-07-22,7,0,L
676917,2026-07-22,24,0,R
677944,2026-07-22,26,2,R
677961,2026-07-22,7,0,R
678394,2026-07-22,21,0,R
678868,2026-07-22,8,0,R
680694,2026-07-22,23,0,R
680755,2026-07-22,5,0,R
680916,2026-07-22,3,0,R
681035,2026-07-22,18,0,R
681190,2026-07-22,6,0,R
681870,2026-07-22,4,0,L
681892,2026-07-22,4,0,L
682254,2026-07-22,5,0,L
682608,2026-07-22,4,0,R
682842,2026-07-22,5,0,R
682989,2026-07-22,5,0,R
683409,2026-07-22,4,0,R
683618,2026-07-22,5,0,R
685126,2026-07-22,5,0,L
686580,2026-07-22,5,0,R
686751,2026-07-22,3,0,R
686934,2026-07-22,4,0,R
686973,2026-07-22,3,0,R
687312,2026-07-22,21,0,R
687330,2026-07-22,4,0,R
687396,2026-07-22,3,0,L
687562,2026-07-22,26,1,L
687941,2026-07-22,3,0,L
688642,2026-07-22,14,0,R
689147,2026-07-22,5,0,R
689254,2026-07-22,3,0,L
689266,2026-07-22,3,0,L
689296,2026-07-22,7,0,R
690928,2026-07-22,24,0,R
691799,2026-07-22,6,0,R
693686,2026-07-22,13,0,R
694361,2026-07-22,6,0,R
694738,2026-07-22,22,1,R
695239,2026-07-22,3,0,L
695611,2026-07-22,24,3,L
696149,2026-07-22,21,0,R
696519,2026-07-22,4,0,L
696522,2026-07-22,12,0,R
700842,2026-07-22,8,0,L
701519,2026-07-22,7,0,R
701542,2026-07-22,4,0,R
701656,2026-07-22,20,2,R
702021,2026-07-22,6,0,L
702193,2026-07-22,6,1,R
703725,2026-07-22,3,0,R
800311,2026-07-22,10,1,R
805427,2026-07-22,1,0,L
814305,2026-07-22,10,2,R
815083,2026-07-22,3,0,L
820862,2026-07-22,2,0,R
519242,2026-07-23,25,0,L
573124,2026-07-23,4,0,L
606996,2026-07-23,3,0,L
621097,2026-07-23,1,0,R
621381,2026-07-23,4,0,L
623454,2026-07-23,5,0,R
628452,2026-07-23,5,0,R
640448,2026-07-23,1,0,R
641755,2026-07-23,4,1,R
643511,2026-07-23,3,0,R
656288,2026-07-23,14,3,R
657044,2026-07-23,8,0,R
663362,2026-07-23,9,1,R
663947,2026-07-23,6,0,L
664199,2026-07-23,3,0,R
664849,2026-07-23,1,0,L
667297,2026-07-23,3,0,R
668909,2026-07-23,23,0,R
668984,2026-07-23,9,0,R
669456,2026-07-23,24,0,R
670059,2026-07-23,7,0,R
670167,2026-07-23,6,1,R
671737,2026-07-23,25,1,R
671922,2026-07-23,6,0,R
672782,2026-07-23,5,0,R
673513,2026-07-23,5,0,L
674444,2026-07-23,6,0,R
675512,2026-07-23,24,1,R
677865,2026-07-23,5,0,L
677976,2026-07-23,19,0,R
681252,2026-07-23,4,0,R
681870,2026-07-23,6,0,L
683769,2026-07-23,3,0,R
686973,2026-07-23,3,0,R
689266,2026-07-23,3,0,L
693855,2026-07-23,24,0,L
694297,2026-07-23,26,0,R
694335,2026-07-23,8,0,R
699134,2026-07-23,3,0,R
700241,2026-07-23,27,1,R
700669,2026-07-23,6,0,R
702193,2026-07-23,4,0,R
805299,2026-07-23,4,0,L
805427,2026-07-23,3,0,L
445276,2026-07-24,3,0,R
489446,2026-07-24,4,0,R
542888,2026-07-24,5,0,R
547973,2026-07-24,4,0,L
548384,2026-07-24,6,0,L
552640,2026-07-24,5,1,R
571510,2026-07-24,29,0,L
573204,2026-07-24,3,0,L
592773,2026-07-24,3,0,R
593958,2026-07-24,27,1,L
593974,2026-07-24,7,1,L
594027,2026-07-24,4,0,R
595345,2026-07-24,4,0,L
596001,2026-07-24,3,0,R
605447,2026-07-24,5,0,R
606996,2026-07-24,8,0,L
608372,2026-07-24,23,2,R
608566,2026-07-24,12,1,R
608718,2026-07-24,4,0,L
621074,2026-07-24,8,0,R
621237,2026-07-24,3,0,L
621345,2026-07-24,5,1,L
622088,2026-07-24,4,0,R
622554,2026-07-24,4,0,R
622608,2026-07-24,4,0,R
622694,2026-07-24,13,0,R
623149,2026-07-24,3,0,R
623352,2026-07-24,3,0,L
623465,2026-07-24,4,1,R
640455,2026-07-24,24,0,L
641302,2026-07-24,3,0,L
641755,2026-07-24,1,0,R
641793,2026-07-24,20,0,R
641941,2026-07-24,3,0,R
642121,2026-07-24,4,0,R
642397,2026-07-24,3,0,L
650556,2026-07-24,4,0,R
656271,2026-07-24,3,0,L
656464,2026-07-24,3,0,R
656546,2026-07-24,6,0,R
656550,2026-07-24,22,0,R
656641,2026-07-24,4,0,L
656848,2026-07-24,4,0,R
656945,2026-07-24,3,0,L
656986,2026-07-24,4,0,L
657097,2026-07-24,4,0,R
657277,2026-07-24,25,0,R
657571,2026-07-24,3,0,L
660761,2026-07-24,4,0,L
660825,2026-07-24,5,0,R
663436,2026-07-24,23,0,R
663542,2026-07-24,6,1,L
663556,2026-07-24,19,0,L
663687,2026-07-24,3,0,L
663776,2026-07-24,22,0,L
664129,2026-07-24,4,0,R
664849,2026-07-24,4,0,L
664991,2026-07-24,2,0,L
665660,2026-07-24,3,0,R
666171,2026-07-24,4,0,R
666200,2026-07-24,27,1,L
666277,2026-07-24,6,1,R
666661,2026-07-24,3,0,R
667463,2026-07-24,4,0,L
668390,2026-07-24,1,0,R
668820,2026-07-24,3,0,R
668873,2026-07-24,3,0,R
668970,2026-07-24,3,0,R
669022,2026-07-24,23,0,L
669062,2026-07-24,5,0,L
669160,2026-07-24,27,0,R
669199,2026-07-24,7,0,R
669276,2026-07-24,5,1,L
669310,2026-07-24,5,0,R
669330,2026-07-24,4,0,R
669373,2026-07-24,28,0,L
669432,2026-07-24,26,0,L
669684,2026-07-24,6,0,L
669711,2026-07-24,6,1,R
669724,2026-07-24,2,0,R
670036,2026-07-24,7,0,R
670062,2026-07-24,1,0,R
670280,2026-07-24,3,0,R
670329,2026-07-24,4,1,R
670950,2026-07-24,7,0,R
670970,2026-07-24,5,0,L
670990,2026-07-24,7,0,R
671345,2026-07-24,5,1,R
671936,2026-07-24,3,0,L
672335,2026-07-24,4,0,L
675660,2026-07-24,25,0,L
676282,2026-07-24,20,1,L
676477,2026-07-24,5,0,R
676534,2026-07-24,3,0,R
676604,2026-07-24,4,1,R
676680,2026-07-24,3,0,L
678906,2026-07-24,11,0,R
680570,2026-07-24,18,2,R
680742,2026-07-24,3,0,R
680755,2026-07-24,6,0,R
680767,2026-07-24,5,0,R
680916,2026-07-24,5,0,R
681217,2026-07-24,4,0,R
681252,2026-07-24,4,0,R
681293,2026-07-24,9,0,R
681892,2026-07-24,4,0,L
681916,2026-07-24,4,0,R
681982,2026-07-24,4,0,R
682052,2026-07-24,21,0,L
682120,2026-07-24,5,0,L
682243,2026-07-24,23,2,R
682254,2026-07-24,3,0,L
682608,2026-07-24,4,0,R
683003,2026-07-24,21,1,R
683769,2026-07-24,2,1,R
684974,2026-07-24,9,0,R
687223,2026-07-24,8,0,L
687377,2026-07-24,6,0,R
687396,2026-07-24,3,0,L
687473,2026-07-24,13,0,R
688297,2026-07-24,13,1,R
689254,2026-07-24,3,0,L
693645,2026-07-24,26,0,R
694360,2026-07-24,7,0,R
695076,2026-07-24,18,0,R
695243,2026-07-24,3,0,R
696062,2026-07-24,5,0,R
696519,2026-07-24,3,0,L
699134,2026-07-24,4,0,R
701519,2026-07-24,3,0,R
702056,2026-07-24,18,2,R
702070,2026-07-24,24,0,L
703725,2026-07-24,5,0,R
805123,2026-07-24,8,0,R
805673,2026-07-24,23,0,R
806188,2026-07-24,5,0,L
808963,2026-07-24,25,1,R
820862,2026-07-24,3,0,R
489446,2026-07-25,6,0,R
543135,2026-07-25,24,0,R
543243,2026-07-25,23,1,R
573124,2026-07-25,8,0,L
592662,2026-07-25,25,0,L
592779,2026-07-25,3,0,R
594580,2026-07-25,2,0,L
607259,2026-07-25,21,0,R
608379,2026-07-25,28,1,R
608718,2026-07-25,10,1,L
621097,2026-07-25,7,1,R
621112,2026-07-25,7,0,R
621121,2026-07-25,11,0,R
621237,2026-07-25,5,1,L
623168,2026-07-25,3,0,R
623211,2026-07-25,3,0,R
623352,2026-07-25,2,0,L
640448,2026-07-25,3,1,R
641329,2026-07-25,4,0,R
641835,2026-07-25,6,0,L
642121,2026-07-25,3,0,R
650556,2026-07-25,4,0,R
650960,2026-07-25,7,0,R
656302,2026-07-25,31,0,R
656492,2026-07-25,26,0,L
656638,2026-07-25,4,0,R
656730,2026-07-25,2,0,R
656945,2026-07-25,3,0,L
656986,2026-07-25,4,0,L
660761,2026-07-25,1,0,L
661395,2026-07-25,3,0,R
662144,2026-07-25,11,1,R
663362,2026-07-25,8,0,R
663372,2026-07-25,23,1,R
663554,2026-07-25,21,0,R
663738,2026-07-25,4,0,L
663941,2026-07-25,8,0,R
663947,2026-07-25,4,0,L
664076,2026-07-25,4,0,L
664199,2026-07-25,3,0,R
664991,2026-07-25,3,0,L
665622,2026-07-25,3,0,R
665871,2026-07-25,11,0,R
666974,2026-07-25,3,0,R
667297,2026-07-25,4,0,R
668881,2026-07-25,26,0,R
669467,2026-07-25,24,0,R
669620,2026-07-25,10,0,L
670280,2026-07-25,3,0,R
670329,2026-07-25,4,1,R
670950,2026-07-25,8,0,R
672629,2026-07-25,10,0,R
672782,2026-07-25,3,0,R
673513,2026-07-25,3,0,L
675848,2026-07-25,6,0,R
676440,2026-07-25,28,0,R
676664,2026-07-25,12,0,L
676755,2026-07-25,6,0,R
676760,2026-07-25,9,1,R
676775,2026-07-25,7,0,R
677960,2026-07-25,24,0,L
677961,2026-07-25,7,0,R
678868,2026-07-25,4,0,R
679775,2026-07-25,3,0,L
680732,2026-07-25,24,0,R
680742,2026-07-25,4,0,R
681190,2026-07-25,10,0,R
681911,2026-07-25,4,0,L
682989,2026-07-25,8,0,R
682997,2026-07-25,4,0,R
683352,2026-07-25,26,1,L
683409,2026-07-25,2,0,R
683618,2026-07-25,4,0,R
684007,2026-07-25,23,0,L
685126,2026-07-25,5,0,L
685299,2026-07-25,9,0,R
686613,2026-07-25,23,0,R
686751,2026-07-25,3,0,R
686930,2026-07-25,15,0,R
687064,2026-07-25,25,0,R
687239,2026-07-25,4,0,R
687941,2026-07-25,17,0,L
688107,2026-07-25,23,0,L
689546,2026-07-25,6,0,R
690925,2026-07-25,3,0,R
690978,2026-07-25,11,0,L
690997,2026-07-25,27,1,R
691587,2026-07-25,28,0,R
693433,2026-07-25,25,0,R
693821,2026-07-25,22,1,R
694477,2026-07-25,3,0,R
694973,2026-07-25,25,0,R
695239,2026-07-25,4,0,L
695534,2026-07-25,8,0,R
696070,2026-07-25,14,0,L
696270,2026-07-25,20,1,R
696522,2026-07-25,3,0,R
700669,2026-07-25,9,0,R
702021,2026-07-25,6,0,L
702193,2026-07-25,5,0,R
800311,2026-07-25,7,0,R
805326,2026-07-25,4,0,L
808967,2026-07-25,26,0,R
544150,2026-07-26,8,0,R
548384,2026-07-26,3,0,L
552640,2026-07-26,6,0,R
571945,2026-07-26,18,2,R
572955,2026-07-26,4,0,R
592332,2026-07-26,24,0,R
592773,2026-07-26,3,0,R
592791,2026-07-26,19,3,R
593974,2026-07-26,4,0,L
594027,2026-07-26,5,0,R
594798,2026-07-26,22,0,R
596133,2026-07-26,6,0,R
605288,2026-07-26,14,0,R
605488,2026-07-26,9,0,L
607200,2026-07-26,18,3,R
607536,2026-07-26,23,1,L
621111,2026-07-26,22,1,R
621381,2026-07-26,4,0,L
622088,2026-07-26,5,0,R
622554,2026-07-26,4,0,R
623465,2026-07-26,3,1,R
623474,2026-07-26,7,0,R
624133,2026-07-26,15,0,L
625643,2026-07-26,23,0,R
628452,2026-07-26,5,0,R
640454,2026-07-26,3,0,L
641302,2026-07-26,3,0,L
641329,2026-07-26,4,0,R
641755,2026-07-26,6,0,R
641835,2026-07-26,4,1,L
642100,2026-07-26,4,0,L
642207,2026-07-26,4,0,R
642232,2026-07-26,16,0,L
642528,2026-07-26,5,1,R
642547,2026-07-26,20,0,R
650644,2026-07-26,7,0,R
650911,2026-07-26,28,0,L
656212,2026-07-26,4,0,L
656271,2026-07-26,4,0,L
656464,2026-07-26,6,1,R
656794,2026-07-26,5,0,L
656848,2026-07-26,1,0,R
656876,2026-07-26,24,0,R
657044,2026-07-26,4,0,R
657612,2026-07-26,5,0,L
660825,2026-07-26,4,1,R
660853,2026-07-26,5,1,R
662253,2026-07-26,3,0,R
663423,2026-07-26,4,0,R
663485,2026-07-26,6,1,R
663767,2026-07-26,8,0,R
663855,2026-07-26,4,0,R
663878,2026-07-26,3,0,R
663893,2026-07-26,4,0,L
664076,2026-07-26,3,0,L
664126,2026-07-26,3,0,R
664129,2026-07-26,11,0,R
664285,2026-07-26,24,1,L
664849,2026-07-26,3,0,L
664954,2026-07-26,4,0,R
666171,2026-07-26,4,0,R
666277,2026-07-26,4,0,R
666808,2026-07-26,3,0,R
667297,2026-07-26,4,0,R
667755,2026-07-26,20,0,R
668390,2026-07-26,4,2,R
668674,2026-07-26,3,0,R
668820,2026-07-26,4,0,R
669020,2026-07-26,6,0,L
669060,2026-07-26,4,0,R
669199,2026-07-26,8,2,R
669276,2026-07-26,4,1,L
669302,2026-07-26,24,0,R
669330,2026-07-26,4,0,R
669358,2026-07-26,19,0,R
669387,2026-07-26,9,0,R
669684,2026-07-26,3,0,L
669711,2026-07-26,4,0,R
669724,2026-07-26,4,0,R
669854,2026-07-26,22,2,R
670059,2026-07-26,1,0,R
670062,2026-07-26,5,0,R
670167,2026-07-26,4,0,R
670245,2026-07-26,9,0,R
670970,2026-07-26,4,0,L
671096,2026-07-26,24,1,L
671936,2026-07-26,4,0,L
672335,2026-07-26,6,0,L
673513,2026-07-26,3,0,L
674444,2026-07-26,5,0,R
676083,2026-07-26,21,0,R
676263,2026-07-26,3,0,L
676604,2026-07-26,3,0,R
676680,2026-07-26,5,0,L
676879,2026-07-26,1,0,L
677020,2026-07-26,6,0,L
677865,2026-07-26,4,0,L
677952,2026-07-26,26,0,R
679883,2026-07-26,21,0,R
680744,2026-07-26,6,0,R
680755,2026-07-26,3,0,R
680767,2026-07-26,6,0,R
681217,2026-07-26,4,0,R
681517,2026-07-26,24,2,R
681892,2026-07-26,3,0,L
681982,2026-07-26,4,1,R
682254,2026-07-26,5,1,L
682608,2026-07-26,5,0,R
683000,2026-07-26,9,0,R
684442,2026-07-26,19,2,L
684974,2026-07-26,3,0,R
686218,2026-07-26,21,0,R
686580,2026-07-26,3,0,R
687239,2026-07-26,4,0,R
687570,2026-07-26,18,0,L
687911,2026-07-26,6,0,L
687931,2026-07-26,21,2,L
689266,2026-07-26,4,0,L
689296,2026-07-26,5,0,R
690925,2026-07-26,5,0,R
691799,2026-07-26,4,0,R
694335,2026-07-26,3,0,R
694361,2026-07-26,7,1,R
694477,2026-07-26,4,0,R
694819,2026-07-26,17,1,R
695239,2026-07-26,3,0,L
695243,2026-07-26,3,0,R
696147,2026-07-26,3,0,R
696519,2026-07-26,4,0,L
699044,2026-07-26,6,2,R
701519,2026-07-26,6,0,R
701542,2026-07-26,17,1,R
703725,2026-07-26,4,0,R
800048,2026-07-26,29,0,L
805299,2026-07-26,7,0,L
805427,2026-07-26,6,1,L
806188,2026-07-26,3,0,L
806960,2026-07-26,21,0,R
815083,2026-07-26,3,0,L
453286,2026-07-27,15,0,R
518585,2026-07-27,5,0,R
518876,2026-07-27,22,0,R
527048,2026-07-27,24,1,L
547973,2026-07-27,5,0,L
552640,2026-07-27,4,0,R
554430,2026-07-27,16,2,R
596001,2026-07-27,5,0,R
608331,2026-07-27,15,0,L
621074,2026-07-27,4,0,R
621097,2026-07-27,7,0,R
621112,2026-07-27,3,0,R
621237,2026-07-27,3,0,L
622554,2026-07-27,3,0,R
622761,2026-07-27,2,0,R
623211,2026-07-27,2,0,R
623352,2026-07-27,5,0,L
623454,2026-07-27,5,0,R
641816,2026-07-27,20,0,R
642397,2026-07-27,4,0,L
642528,2026-07-27,5,0,R
643511,2026-07-27,3,0,R
650960,2026-07-27,6,0,R
656529,2026-07-27,3,0,L
656546,2026-07-27,4,0,R
656605,2026-07-27,23,0,R
656641,2026-07-27,5,0,L
656794,2026-07-27,7,1,L
656849,2026-07-27,22,1,L
657097,2026-07-27,4,0,R
657612,2026-07-27,3,0,L
660761,2026-07-27,4,1,L
661395,2026-07-27,7,0,R
663423,2026-07-27,4,0,R
663542,2026-07-27,5,0,L
663558,2026-07-27,3,0,L
663687,2026-07-27,3,0,L
663947,2026-07-27,3,1,L
663969,2026-07-27,20,1,R
664199,2026-07-27,7,0,R
664299,2026-07-27,18,0,R
664991,2026-07-27,4,0,L
665660,2026-07-27,4,0,R
666171,2026-07-27,5,0,R
666661,2026-07-27,4,0,R
666808,2026-07-27,5,0,R
666974,2026-07-27,3,0,R
667463,2026-07-27,8,0,L
668831,2026-07-27,7,0,R
668970,2026-07-27,3,0,R
669020,2026-07-27,3,0,L
669062,2026-07-27,3,0,L
669461,2026-07-27,19,1,L
669684,2026-07-27,4,0,L
669724,2026-07-27,3,1,R
669923,2026-07-27,20,4,R
670280,2026-07-27,1,0,R
670329,2026-07-27,3,0,R
670950,2026-07-27,7,0,R
670990,2026-07-27,6,0,R
671162,2026-07-27,23,3,L
671936,2026-07-27,3,1,L
672456,2026-07-27,24,1,R
674841,2026-07-27,19,0,L
676477,2026-07-27,3,0,R
676534,2026-07-27,4,0,R
676604,2026-07-27,4,0,R
676760,2026-07-27,3,0,R
677958,2026-07-27,25,1,R
677961,2026-07-27,3,0,R
678022,2026-07-27,21,0,R
678606,2026-07-27,4,0,L
678868,2026-07-27,10,1,R
679775,2026-07-27,9,0,L
680694,2026-07-27,24,0,R
680742,2026-07-27,3,0,R
681217,2026-07-27,4,0,R
681916,2026-07-27,3,0,R
682254,2026-07-27,5,0,L
683409,2026-07-27,4,0,R
686580,2026-07-27,2,0,R
686973,2026-07-27,5,0,R
687075,2026-07-27,25,1,R
687223,2026-07-27,4,0,L
687396,2026-07-27,5,0,L
687606,2026-07-27,4,0,R
689147,2026-07-27,4,0,R
689254,2026-07-27,4,0,L
690928,2026-07-27,24,1,R
693686,2026-07-27,4,0,R
695239,2026-07-27,1,0,L
695380,2026-07-27,5,0,R
696147,2026-07-27,6,0,R
696522,2026-07-27,4,0,R
700712,2026-07-27,23,1,R
702273,2026-07-27,14,0,L
801139,2026-07-27,22,2,L
804267,2026-07-27,23,1,L
805123,2026-07-27,11,1,R
806188,2026-07-27,4,0,L
820862,2026-07-27,4,0,R
837227,2026-07-27,7,0,R
489446,2026-07-28,3,0,R
518886,2026-07-28,6,0,R
543037,2026-07-28,24,0,R
544150,2026-07-28,9,0,R
547179,2026-07-28,20,0,R
571927,2026-07-28,5,1,L
572955,2026-07-28,3,0,R
592779,2026-07-28,5,0,R
594580,2026-07-28,6,0,L
595345,2026-07-28,4,0,L
596001,2026-07-28,4,0,R
605400,2026-07-28,23,1,R
607067,2026-07-28,24,0,R
607625,2026-07-28,24,0,R
608718,2026-07-28,1,0,L
615698,2026-07-28,19,0,R
621053,2026-07-28,3,0,R
621237,2026-07-28,4,0,L
622088,2026-07-28,6,0,R
622491,2026-07-28,26,2,R
622608,2026-07-28,5,0,R
623149,2026-07-28,4,2,R
623352,2026-07-28,3,0,L
623474,2026-07-28,4,0,R
641302,2026-07-28,4,0,L
641743,2026-07-28,23,0,L
641835,2026-07-28,1,0,L
641941,2026-07-28,4,0,R
642100,2026-07-28,3,0,L
642397,2026-07-28,6,0,L
643377,2026-07-28,24,0,R
644433,2026-07-28,6,1,R
645261,2026-07-28,27,0,R
650556,2026-07-28,3,0,R
650633,2026-07-28,24,2,R
656271,2026-07-28,3,0,L
656464,2026-07-28,4,0,R
656546,2026-07-28,3,0,R
656638,2026-07-28,5,0,R
656641,2026-07-28,3,0,L
657044,2026-07-28,7,0,R
657265,2026-07-28,8,0,R
657514,2026-07-28,5,0,L
657571,2026-07-28,7,0,L
660825,2026-07-28,3,0,R
660853,2026-07-28,3,0,R
662253,2026-07-28,6,0,R
663558,2026-07-28,3,0,L
663567,2026-07-28,24,0,R
663687,2026-07-28,7,1,L
663738,2026-07-28,3,0,L
663855,2026-07-28,3,0,R
663893,2026-07-28,8,0,L
664126,2026-07-28,3,0,R
664141,2026-07-28,15,0,R
665152,2026-07-28,23,2,R
665622,2026-07-28,8,0,R
666661,2026-07-28,3,0,R
668909,2026-07-28,24,1,R
669310,2026-07-28,18,1,R
669456,2026-07-28,9,0,R
670059,2026-07-28,3,0,R
670062,2026-07-28,6,0,R
670167,2026-07-28,2,0,R
670245,2026-07-28,5,0,R
670280,2026-07-28,5,1,R
670970,2026-07-28,7,0,L
671345,2026-07-28,9,0,R
671737,2026-07-28,23,0,R
671922,2026-07-28,4,0,R
672282,2026-07-28,20,2,L
672629,2026-07-28,6,0,R
674444,2026-07-28,3,0,R
675512,2026-07-28,24,0,R
675848,2026-07-28,6,0,R
676263,2026-07-28,4,0,L
676534,2026-07-28,3,0,R
676680,2026-07-28,3,0,L
676755,2026-07-28,9,0,R
676760,2026-07-28,3,0,R
676775,2026-07-28,3,0,R
676879,2026-07-28,1,0,L
676917,2026-07-28,25,1,R
677020,2026-07-28,8,0,L
677865,2026-07-28,8,0,L
677944,2026-07-28,18,1,R
678606,2026-07-28,3,0,L
680736,2026-07-28,25,4,L
680744,2026-07-28,6,0,R
680767,2026-07-28,5,0,R
680916,2026-07-28,6,0,R
681252,2026-07-28,4,0,R
681402,2026-07-28,3,1,R
681806,2026-07-28,9,0,R
681892,2026-07-28,5,0,L
681911,2026-07-28,3,1,L
681982,2026-07-28,5,1,R
682120,2026-07-28,3,0,L
682608,2026-07-28,3,0,R
682842,2026-07-28,4,0,R
682982,2026-07-28,4,0,R
683409,2026-07-28,3,0,R
683742,2026-07-28,13,0,R
683769,2026-07-28,5,0,R
684974,2026-07-28,4,0,R
685126,2026-07-28,9,0,L
687330,2026-07-28,3,0,R
687377,2026-07-28,3,0,R
687396,2026-07-28,4,0,L
687562,2026-07-28,27,1,L
689147,2026-07-28,5,0,R
689254,2026-07-28,4,1,L
690925,2026-07-28,3,0,R
694297,2026-07-28,28,0,R
694335,2026-07-28,6,0,R
694738,2026-07-28,18,0,R
695243,2026-07-28,3,0,R
695505,2026-07-28,22,1,R
695534,2026-07-28,4,0,R
695611,2026-07-28,22,0,L
696062,2026-07-28,8,0,R
696149,2026-07-28,21,0,R
696519,2026-07-28,5,0,L
699134,2026-07-28,6,0,R
700241,2026-07-28,15,0,R
700669,2026-07-28,9,0,R
701519,2026-07-28,3,0,R
701656,2026-07-28,21,0,R
805299,2026-07-28,1,0,L
805326,2026-07-28,11,0,L
815083,2026-07-28,6,0,L
820862,2026-07-28,4,0,R
445276,2026-07-29,4,0,R
489446,2026-07-29,5,0,R
518585,2026-07-29,4,0,R
519242,2026-07-29,20,0,L
547973,2026-07-29,4,0,L
552640,2026-07-29,1,0,R
571510,2026-07-29,28,0,L
572955,2026-07-29,4,0,R
573204,2026-07-29,4,0,L
592773,2026-07-29,5,0,R
592866,2026-07-29,4,0,R
593958,2026-07-29,28,0,L
593974,2026-07-29,4,0,L
594027,2026-07-29,3,0,R
595345,2026-07-29,4,0,L
596133,2026-07-29,3,0,R
606996,2026-07-29,11,0,L
608718,2026-07-29,9,0,L
621074,2026-07-29,5,0,R
621097,2026-07-29,5,0,R
621112,2026-07-29,8,2,R
621242,2026-07-29,5,0,R
621345,2026-07-29,4,0,L
623211,2026-07-29,3,0,R
623381,2026-07-29,14,1,L
623454,2026-07-29,7,0,R
628452,2026-07-29,3,0,R
640448,2026-07-29,3,0,R
640455,2026-07-29,24,1,L
641329,2026-07-29,4,0,R
641755,2026-07-29,3,0,R
641778,2026-07-29,20,0,L
641793,2026-07-29,20,0,R
642207,2026-07-29,4,0,R
642232,2026-07-29,2,0,L
643511,2026-07-29,4,0,R
650556,2026-07-29,4,0,R
650960,2026-07-29,5,0,R
656288,2026-07-29,10,0,R
656529,2026-07-29,6,0,L
656945,2026-07-29,5,0,L
656986,2026-07-29,4,0,L
657097,2026-07-29,3,0,R
657277,2026-07-29,23,0,R
657514,2026-07-29,3,0,L
657571,2026-07-29,2,0,L
657612,2026-07-29,3,0,L
657746,2026-07-29,26,1,R
660761,2026-07-29,4,1,L
663423,2026-07-29,4,0,R
663436,2026-07-29,25,1,R
663542,2026-07-29,3,0,L
663738,2026-07-29,4,0,L
663776,2026-07-29,22,2,L
663855,2026-07-29,5,0,R
663903,2026-07-29,25,0,R
664076,2026-07-29,2,0,L
664126,2026-07-29,3,0,R
664849,2026-07-29,1,0,L
664991,2026-07-29,4,0,L
665660,2026-07-29,5,0,R
666200,2026-07-29,28,1,L
666277,2026-07-29,4,0,R
666808,2026-07-29,5,0,R
666974,2026-07-29,3,0,R
668820,2026-07-29,6,0,R
668873,2026-07-29,5,0,R
668984,2026-07-29,6,0,R
669022,2026-07-29,25,2,L
669060,2026-07-29,11,0,R
669093,2026-07-29,4,0,R
669160,2026-07-29,18,0,R
669276,2026-07-29,3,0,L
669330,2026-07-29,6,0,R
669373,2026-07-29,25,0,L
669387,2026-07-29,10,0,R
669432,2026-07-29,28,0,L
669620,2026-07-29,6,0,L
669684,2026-07-29,4,0,L
669711,2026-07-29,3,0,R
669713,2026-07-29,25,0,R
669724,2026-07-29,1,0,R
670036,2026-07-29,3,0,R
670059,2026-07-29,3,0,R
670062,2026-07-29,7,0,R
670329,2026-07-29,4,1,R
670950,2026-07-29,4,0,R
671922,2026-07-29,5,0,R
672335,2026-07-29,3,0,L
674444,2026-07-29,3,0,R
676106,2026-07-29,24,1,R
676282,2026-07-29,17,0,L
676477,2026-07-29,4,0,R
676604,2026-07-29,3,0,R
676617,2026-07-29,5,0,R
676775,2026-07-29,5,0,R
676879,2026-07-29,6,0,L
677865,2026-07-29,3,0,L
677961,2026-07-29,3,0,R
677976,2026-07-29,26,0,R
678868,2026-07-29,2,0,R
680570,2026-07-29,22,2,R
680742,2026-07-29,5,1,R
680916,2026-07-29,4,0,R
681035,2026-07-29,24,0,R
681870,2026-07-29,2,0,L
681911,2026-07-29,4,0,L
682052,2026-07-29,24,1,L
682989,2026-07-29,3,0,R
683003,2026-07-29,24,1,R
683734,2026-07-29,8,1,R
683769,2026-07-29,4,0,R
686580,2026-07-29,5,0,R
686751,2026-07-29,4,0,R
686973,2026-07-29,7,0,R
687239,2026-07-29,4,0,R
687312,2026-07-29,22,0,R
687330,2026-07-29,3,0,R
687377,2026-07-29,6,0,R
687473,2026-07-29,24,1,R
687606,2026-07-29,6,0,R
688642,2026-07-29,6,0,R
689266,2026-07-29,7,0,L
689296,2026-07-29,5,0,R
690978,2026-07-29,7,0,L
691799,2026-07-29,7,0,R
693645,2026-07-29,23,0,R
693855,2026-07-29,17,0,L
694477,2026-07-29,11,0,R
695243,2026-07-29,3,0,R
695380,2026-07-29,3,0,R
695534,2026-07-29,9,1,R
696070,2026-07-29,14,0,L
696522,2026-07-29,7,0,R
699134,2026-07-29,3,0,R
700363,2026-07-29,20,0,R
702056,2026-07-29,26,0,R
703725,2026-07-29,4,1,R
800311,2026-07-29,7,0,R
805299,2026-07-29,4,0,L
805427,2026-07-29,5,0,L
815083,2026-07-29,8,0,L
518585,2026-07-30,6,0,R
518886,2026-07-30,4,0,R
543243,2026-07-30,30,0,R
547973,2026-07-30,4,0,L
548384,2026-07-30,5,0,L
571927,2026-07-30,7,0,L
573124,2026-07-30,5,0,L
573204,2026-07-30,4,1,L
592155,2026-07-30,3,0,L
592662,2026-07-30,22,0,L
592773,2026-07-30,3,0,R
593974,2026-07-30,4,0,L
594835,2026-07-30,15,0,L
621242,2026-07-30,4,0,R
621381,2026-07-30,1,1,L
622088,2026-07-30,4,0,R
622554,2026-07-30,4,0,R
628452,2026-07-30,4,0,R
641329,2026-07-30,5,0,R
641927,2026-07-30,24,1,R
641941,2026-07-30,4,0,R
642207,2026-07-30,4,0,R
642397,2026-07-30,5,0,L
650644,2026-07-30,2,0,R
656240,2026-07-30,8,0,R
656271,2026-07-30,6,0,L
656550,2026-07-30,21,3,R
656794,2026-07-30,8,0,L
656848,2026-07-30,5,0,R
656945,2026-07-30,5,0,L
657097,2026-07-30,5,0,R
663542,2026-07-30,3,0,L
663556,2026-07-30,12,0,L
663623,2026-07-30,20,2,R
664076,2026-07-30,4,0,L
664849,2026-07-30,4,0,L
665622,2026-07-30,5,2,R
665660,2026-07-30,3,0,R
665871,2026-07-30,20,0,R
666277,2026-07-30,5,0,R
667463,2026-07-30,1,0,L
668390,2026-07-30,3,0,R
668674,2026-07-30,5,0,R
668716,2026-07-30,10,0,R
668873,2026-07-30,4,0,R
668970,2026-07-30,4,0,R
668984,2026-07-30,3,0,R
669020,2026-07-30,6,0,L
669062,2026-07-30,4,0,L
669199,2026-07-30,3,0,R
669276,2026-07-30,4,0,L
669467,2026-07-30,27,0,R
669684,2026-07-30,5,0,L
669711,2026-07-30,3,0,R
670990,2026-07-30,8,0,R
672782,2026-07-30,5,0,R
676263,2026-07-30,4,0,L
676617,2026-07-30,3,0,R
676664,2026-07-30,20,1,L
677960,2026-07-30,26,0,L
677961,2026-07-30,6,0,R
680732,2026-07-30,23,0,R
681190,2026-07-30,18,0,R
681916,2026-07-30,4,0,R
682254,2026-07-30,3,0,L
682608,2026-07-30,7,1,R
682989,2026-07-30,5,0,R
682995,2026-07-30,15,0,L
683000,2026-07-30,3,0,R
683409,2026-07-30,6,0,R
683618,2026-07-30,3,0,R
686930,2026-07-30,21,0,R
687223,2026-07-30,8,0,L
687239,2026-07-30,4,1,R
687396,2026-07-30,4,0,L
690997,2026-07-30,26,2,R
691587,2026-07-30,24,0,R
693433,2026-07-30,22,1,R
695076,2026-07-30,23,1,R
695239,2026-07-30,4,0,L
695380,2026-07-30,7,1,R
702070,2026-07-30,26,0,L
702193,2026-07-30,3,0,R
703725,2026-07-30,5,0,R
808963,2026-07-30,24,0,R
543135,2026-07-31,26,2,R
572955,2026-07-31,5,0,R
592866,2026-07-31,13,0,R
594580,2026-07-31,3,0,L
605288,2026-07-31,19,0,R
605447,2026-07-31,3,0,R
605488,2026-07-31,20,1,L
607200,2026-07-31,19,1,R
607259,2026-07-31,24,4,R
608344,2026-07-31,30,1,L
608372,2026-07-31,24,1,R
608379,2026-07-31,25,0,R
608566,2026-07-31,17,0,R
621053,2026-07-31,5,0,R
621074,2026-07-31,3,0,R
621112,2026-07-31,4,0,R
622608,2026-07-31,3,0,R
622694,2026-07-31,15,1,R
623465,2026-07-31,3,0,R
624133,2026-07-31,18,0,L
641835,2026-07-31,3,0,L
641941,2026-07-31,4,0,R
642528,2026-07-31,4,0,R
646241,2026-07-31,6,0,L
656302,2026-07-31,24,0,R
656464,2026-07-31,3,0,R
656492,2026-07-31,25,2,L
656546,2026-07-31,3,0,R
656730,2026-07-31,3,0,R
656986,2026-07-31,2,0,L
657265,2026-07-31,5,0,R
657514,2026-07-31,3,0,L
657571,2026-07-31,3,0,L
660825,2026-07-31,7,1,R
660853,2026-07-31,3,0,R
663558,2026-07-31,4,1,L
663767,2026-07-31,3,0,R
663878,2026-07-31,3,0,R
663947,2026-07-31,8,0,L
664126,2026-07-31,3,0,R
664199,2026-07-31,3,0,R
666974,2026-07-31,3,0,R
667297,2026-07-31,2,0,R
668834,2026-07-31,3,0,R
668881,2026-07-31,27,1,R
669330,2026-07-31,3,0,R
669620,2026-07-31,10,0,L
670032,2026-07-31,7,0,R
670036,2026-07-31,2,0,R
670062,2026-07-31,1,0,R
670280,2026-07-31,4,0,R
670950,2026-07-31,3,0,R
672782,2026-07-31,5,0,R
673513,2026-07-31,10,0,L
673540,2026-07-31,16,0,R
675540,2026-07-31,20,1,R
675660,2026-07-31,22,1,L
676083,2026-07-31,21,0,R
676440,2026-07-31,27,0,R
676534,2026-07-31,5,1,R
676604,2026-07-31,4,0,R
677020,2026-07-31,3,0,L
677865,2026-07-31,3,0,L
678394,2026-07-31,16,0,R
678606,2026-07-31,5,1,L
680744,2026-07-31,13,0,R
681168,2026-07-31,14,1,R
681517,2026-07-31,24,0,R
681520,2026-07-31,4,0,L
681870,2026-07-31,3,0,L
681892,2026-07-31,4,0,L
681982,2026-07-31,5,0,R
682243,2026-07-31,20,1,R
682254,2026-07-31,4,0,L
682842,2026-07-31,2,0,R
683352,2026-07-31,21,0,L
683618,2026-07-31,4,0,R
684007,2026-07-31,23,2,L
684665,2026-07-31,5,0,R
686613,2026-07-31,23,1,R
686973,2026-07-31,4,0,R
687064,2026-07-31,24,2,R
687911,2026-07-31,4,0,L
687931,2026-07-31,20,1,L
688297,2026-07-31,4,0,R
689147,2026-07-31,6,0,R
689296,2026-07-31,3,0,R
691725,2026-07-31,23,1,R
693686,2026-07-31,4,0,R
693821,2026-07-31,25,1,R
694361,2026-07-31,9,0,R
694973,2026-07-31,22,2,R
696062,2026-07-31,4,0,R
696147,2026-07-31,5,0,R
696270,2026-07-31,22,1,R
696522,2026-07-31,4,0,R
699008,2026-07-31,12,0,R
699134,2026-07-31,3,0,R
700669,2026-07-31,3,0,R
701542,2026-07-31,23,0,R
702021,2026-07-31,3,0,L
702047,2026-07-31,9,0,R
702193,2026-07-31,3,0,R
805123,2026-07-31,3,0,R
805299,2026-07-31,3,0,L
805326,2026-07-31,12,0,L
805427,2026-07-31,6,0,L
805673,2026-07-31,22,1,R
806188,2026-07-31,3,0,L
806960,2026-07-31,14,2,R
820862,2026-07-31,12,1,R
445276,2026-08-01,5,0,R
489446,2026-08-01,5,0,R
518585,2026-08-01,4,1,R
527048,2026-08-01,25,0,L
547973,2026-08-01,3,0,L
552640,2026-08-01,5,0,R
571945,2026-08-01,27,3,R
573124,2026-08-01,5,0,L
573204,2026-08-01,3,0,L
592155,2026-08-01,3,0,L
592332,2026-08-01,25,0,R
593974,2026-08-01,5,0,L
594027,2026-08-01,4,0,R
594580,2026-08-01,4,0,L
594798,2026-08-01,22,0,R
595345,2026-08-01,5,0,L
608331,2026-08-01,19,0,L
608718,2026-08-01,9,0,L
621097,2026-08-01,3,0,R
621111,2026-08-01,21,1,R
621237,2026-08-01,3,0,L
621345,2026-08-01,1,0,L
621381,2026-08-01,4,1,L
622554,2026-08-01,3,0,R
623149,2026-08-01,5,1,R
623352,2026-08-01,3,0,L
623474,2026-08-01,5,1,R
640448,2026-08-01,5,1,R
641302,2026-08-01,6,0,L
641329,2026-08-01,3,0,R
641816,2026-08-01,25,1,R
642100,2026-08-01,4,0,L
642397,2026-08-01,3,0,L
642528,2026-08-01,5,0,R
643361,2026-08-01,3,0,R
643511,2026-08-01,3,0,R
650556,2026-08-01,3,0,R
650911,2026-08-01,25,0,L
650960,2026-08-01,7,1,R
656240,2026-08-01,8,0,R
656464,2026-08-01,5,0,R
656546,2026-08-01,5,0,R
656638,2026-08-01,9,1,R
656730,2026-08-01,3,0,R
656849,2026-08-01,25,1,L
656876,2026-08-01,22,0,R
656986,2026-08-01,3,0,L
657097,2026-08-01,4,0,R
657265,2026-08-01,7,0,R
657571,2026-08-01,3,0,L
660761,2026-08-01,5,0,L
660853,2026-08-01,3,1,R
661395,2026-08-01,3,0,R
662253,2026-08-01,4,0,R
663372,2026-08-01,26,2,R
663423,2026-08-01,4,0,R
663855,2026-08-01,3,0,R
663969,2026-08-01,21,1,R
664076,2026-08-01,1,0,L
664285,2026-08-01,30,0,L
664849,2026-08-01,7,0,L
664991,2026-08-01,3,0,L
665622,2026-08-01,5,0,R
666661,2026-08-01,3,0,R
667297,2026-08-01,3,0,R
667463,2026-08-01,2,0,L
668390,2026-08-01,2,0,R
668674,2026-08-01,8,0,R
668834,2026-08-01,8,0,R
668873,2026-08-01,3,0,R
669093,2026-08-01,4,0,R
669199,2026-08-01,10,0,R
669302,2026-08-01,26,2,R
669358,2026-08-01,26,0,R
669387,2026-08-01,11,0,R
669854,2026-08-01,21,1,R
670059,2026-08-01,8,0,R
670062,2026-08-01,4,0,R
670329,2026-08-01,2,0,R
670950,2026-08-01,5,0,R
670970,2026-08-01,4,0,L
671096,2026-08-01,23,0,L
672442,2026-08-01,5,0,R
672629,2026-08-01,7,0,R
675848,2026-08-01,4,0,R
676775,2026-08-01,5,0,R
677952,2026-08-01,19,1,R
678022,2026-08-01,26,3,R
678868,2026-08-01,5,0,R
679883,2026-08-01,15,1,R
680742,2026-08-01,4,0,R
680755,2026-08-01,4,0,R
680767,2026-08-01,4,0,R
680916,2026-08-01,4,1,R
681217,2026-08-01,6,0,R
681892,2026-08-01,1,0,L
681911,2026-08-01,3,0,L
681916,2026-08-01,5,0,R
682120,2026-08-01,7,0,L
682274,2026-08-01,5,0,R
682608,2026-08-01,4,0,R
682842,2026-08-01,3,0,R
682989,2026-08-01,4,0,R
683000,2026-08-01,6,0,R
683409,2026-08-01,4,0,R
683769,2026-08-01,6,1,R
684442,2026-08-01,19,1,L
685112,2026-08-01,5,0,R
686580,2026-08-01,3,0,R
687273,2026-08-01,24,0,L
687330,2026-08-01,3,0,R
687396,2026-08-01,2,0,L
687570,2026-08-01,24,1,L
688107,2026-08-01,21,0,L
689254,2026-08-01,2,0,L
694477,2026-08-01,7,0,R
695049,2026-08-01,14,1,R
695243,2026-08-01,7,0,R
696519,2026-08-01,8,0,L
701519,2026-08-01,3,0,R
702021,2026-08-01,4,1,L
702193,2026-08-01,4,0,R
702273,2026-08-01,19,0,L
702752,2026-08-01,9,0,R
703725,2026-08-01,7,0,R
800048,2026-08-01,20,0,L
801139,2026-08-01,26,1,L
804267,2026-08-01,24,1,L
808967,2026-08-01,28,2,R
453286,2026-08-02,23,0,R
476594,2026-08-02,18,1,R
518876,2026-08-02,25,1,R
518886,2026-08-02,6,0,R
543037,2026-08-02,23,0,R
544150,2026-08-02,8,0,R
548384,2026-08-02,3,0,L
554430,2026-08-02,7,0,R
571927,2026-08-02,3,0,L
592773,2026-08-02,4,0,R
594027,2026-08-02,5,0,R
595345,2026-08-02,4,1,L
596133,2026-08-02,3,0,R
606996,2026-08-02,10,0,L
607067,2026-08-02,23,1,R
607481,2026-08-02,7,1,L
607536,2026-08-02,34,0,L
607625,2026-08-02,25,0,R
621112,2026-08-02,4,0,R
621345,2026-08-02,5,0,L
622088,2026-08-02,6,0,R
623211,2026-08-02,4,0,R
623454,2026-08-02,5,0,R
623465,2026-08-02,3,0,R
628452,2026-08-02,4,0,R
641302,2026-08-02,3,0,L
641386,2026-08-02,8,0,L
641743,2026-08-02,27,0,L
641835,2026-08-02,7,0,L
642207,2026-08-02,5,0,R
643377,2026-08-02,21,1,R
645261,2026-08-02,24,0,R
646241,2026-08-02,5,0,L
650556,2026-08-02,3,0,R
650644,2026-08-02,5,0,R
656271,2026-08-02,3,0,L
656288,2026-08-02,8,1,R
656529,2026-08-02,5,0,L
656605,2026-08-02,16,2,R
656848,2026-08-02,4,0,R
657044,2026-08-02,4,0,R
660825,2026-08-02,4,1,R
662253,2026-08-02,6,1,R
663558,2026-08-02,3,0,L
663567,2026-08-02,20,0,R
663687,2026-08-02,4,0,L
663878,2026-08-02,3,0,R
663947,2026-08-02,4,0,L
664126,2026-08-02,5,0,R
664141,2026-08-02,3,0,R
664199,2026-08-02,5,0,R
665660,2026-08-02,5,0,R
666126,2026-08-02,5,1,L
666171,2026-08-02,7,0,R
666277,2026-08-02,5,0,R
666808,2026-08-02,4,1,R
668390,2026-08-02,5,0,R
668716,2026-08-02,4,0,R
668820,2026-08-02,3,0,R
668909,2026-08-02,19,0,R
669020,2026-08-02,6,0,L
669062,2026-08-02,2,0,L
669084,2026-08-02,6,0,L
669093,2026-08-02,3,0,R
669165,2026-08-02,8,1,R
669276,2026-08-02,3,0,L
669461,2026-08-02,20,0,L
669711,2026-08-02,1,0,R
669923,2026-08-02,26,0,R
670036,2026-08-02,4,0,R
670090,2026-08-02,12,0,R
670280,2026-08-02,5,0,R
670970,2026-08-02,5,0,L
670990,2026-08-02,8,0,R
671737,2026-08-02,29,0,R
671922,2026-08-02,7,0,R
672456,2026-08-02,22,0,R
672782,2026-08-02,4,0,R
674444,2026-08-02,3,0,R
676263,2026-08-02,5,0,L
676477,2026-08-02,4,0,R
676604,2026-08-02,4,0,R
676617,2026-08-02,4,0,R
676664,2026-08-02,7,0,L
676760,2026-08-02,10,0,R
676917,2026-08-02,23,2,R
677020,2026-08-02,4,1,L
677958,2026-08-02,28,1,R
678606,2026-08-02,4,1,L
679775,2026-08-02,5,0,L
680694,2026-08-02,12,1,R
681916,2026-08-02,4,0,R
683769,2026-08-02,2,0,R
684665,2026-08-02,3,0,R
684974,2026-08-02,4,0,R
685112,2026-08-02,3,0,R
686218,2026-08-02,16,3,R
686580,2026-08-02,1,0,R
686973,2026-08-02,7,0,R
687239,2026-08-02,5,0,R
687377,2026-08-02,4,0,R
687396,2026-08-02,4,0,L
687562,2026-08-02,24,0,L
687911,2026-08-02,4,0,L
688297,2026-08-02,2,1,R
689254,2026-08-02,1,0,L
689266,2026-08-02,3,0,L
689296,2026-08-02,7,0,R
691799,2026-08-02,6,0,R
693686,2026-08-02,8,0,R
694738,2026-08-02,25,1,R
694819,2026-08-02,24,1,R
695239,2026-08-02,3,0,L
695505,2026-08-02,22,0,R
695611,2026-08-02,21,0,L
696070,2026-08-02,6,1,L
696147,2026-08-02,2,0,R
696522,2026-08-02,5,0,R
699134,2026-08-02,4,1,R
700712,2026-08-02,22,0,R
701474,2026-08-02,5,1,R
702047,2026-08-02,8,1,R
702275,2026-08-02,20,0,R
800311,2026-08-02,6,0,R
805123,2026-08-02,4,0,R
518585,2026-08-03,3,0,R
547179,2026-08-03,18,1,R
571510,2026-08-03,28,2,L
592773,2026-08-03,4,2,R
593974,2026-08-03,6,0,L
605400,2026-08-03,24,2,R
615698,2026-08-03,24,1,R
642232,2026-08-03,3,0,L
642397,2026-08-03,7,0,L
642546,2026-08-03,7,0,R
643511,2026-08-03,3,0,R
650633,2026-08-03,23,1,R
656529,2026-08-03,5,0,L
656945,2026-08-03,4,0,L
657277,2026-08-03,24,0,R
657612,2026-08-03,6,1,L
661395,2026-08-03,4,0,R
663423,2026-08-03,4,0,R
663765,2026-08-03,3,0,R
663884,2026-08-03,6,0,R
663893,2026-08-03,5,0,L
663941,2026-08-03,3,1,R
664299,2026-08-03,24,1,R
665645,2026-08-03,7,0,R
665665,2026-08-03,1,0,L
666277,2026-08-03,3,1,R
666661,2026-08-03,5,0,R
666808,2026-08-03,3,0,R
668831,2026-08-03,12,0,R
668984,2026-08-03,7,0,R
669093,2026-08-03,2,0,R
669456,2026-08-03,28,0,R
673513,2026-08-03,6,0,L
674841,2026-08-03,24,0,L
675627,2026-08-03,10,1,R
676680,2026-08-03,4,1,L
676775,2026-08-03,3,0,R
676879,2026-08-03,8,0,L
677865,2026-08-03,6,1,L
678868,2026-08-03,3,0,R
679775,2026-08-03,5,0,L
680736,2026-08-03,23,4,L
680755,2026-08-03,5,0,R
682254,2026-08-03,4,0,L
682608,2026-08-03,5,1,R
683409,2026-08-03,9,3,R
683618,2026-08-03,6,0,R
685299,2026-08-03,27,2,R
687075,2026-08-03,16,0,R
687239,2026-08-03,4,0,R
687330,2026-08-03,1,0,R
689147,2026-08-03,3,0,R
690925,2026-08-03,3,1,R
693645,2026-08-03,17,1,R
693855,2026-08-03,25,1,L
694297,2026-08-03,25,0,R
694477,2026-08-03,3,0,R
696149,2026-08-03,24,0,R
700241,2026-08-03,18,1,R
700669,2026-08-03,6,0,R
805299,2026-08-03,3,0,L
837227,2026-08-03,9,0,R
489446,2026-08-04,3,0,R
518585,2026-08-04,3,0,R
552640,2026-08-04,5,0,R
571927,2026-08-04,5,0,L
573124,2026-08-04,4,0,L
592155,2026-08-04,4,0,L
592866,2026-08-04,5,0,R
593958,2026-08-04,29,0,L
594580,2026-08-04,5,0,L
605288,2026-08-04,1,0,R
605447,2026-08-04,7,0,R
607200,2026-08-04,15,1,R
608566,2026-08-04,8,2,R
621053,2026-08-04,1,0,R
621074,2026-08-04,3,0,R
621097,2026-08-04,4,0,R
621242,2026-08-04,5,1,R
622554,2026-08-04,7,2,R
622608,2026-08-04,3,0,R
623149,2026-08-04,4,0,R
623465,2026-08-04,2,0,R
623474,2026-08-04,3,0,R
628452,2026-08-04,7,0,R
640455,2026-08-04,28,0,L
641329,2026-08-04,3,0,R
641793,2026-08-04,27,0,R
641941,2026-08-04,5,0,R
642528,2026-08-04,5,0,R
642547,2026-08-04,19,2,R
650960,2026-08-04,4,0,R
656288,2026-08-04,3,0,R
656550,2026-08-04,23,0,R
656641,2026-08-04,6,0,L
656730,2026-08-04,3,0,R
656786,2026-08-04,4,0,L
656986,2026-08-04,3,0,L
657044,2026-08-04,5,0,R
657097,2026-08-04,3,0,R
657514,2026-08-04,3,0,L
657571,2026-08-04,5,0,L
657746,2026-08-04,25,0,R
660853,2026-08-04,7,0,R
663436,2026-08-04,25,3,R
663687,2026-08-04,5,0,L
663738,2026-08-04,4,0,L
663776,2026-08-04,23,0,L
663878,2026-08-04,4,0,R
663893,2026-08-04,4,0,L
663903,2026-08-04,24,0,R
664076,2026-08-04,2,0,L
664141,2026-08-04,4,0,R
665660,2026-08-04,1,0,R
665665,2026-08-04,6,0,L
665871,2026-08-04,21,1,R
666171,2026-08-04,3,0,R
666200,2026-08-04,29,0,L
666974,2026-08-04,4,0,R
667463,2026-08-04,5,1,L
668873,2026-08-04,4,0,R
668984,2026-08-04,6,0,R
669020,2026-08-04,3,0,L
669022,2026-08-04,24,0,L
669062,2026-08-04,1,0,L
669276,2026-08-04,4,0,L
669372,2026-08-04,24,0,R
669373,2026-08-04,24,1,L
669620,2026-08-04,3,0,L
669711,2026-08-04,3,0,R
669713,2026-08-04,23,0,R
670062,2026-08-04,3,0,R
670167,2026-08-04,4,0,R
670280,2026-08-04,5,0,R
670329,2026-08-04,5,0,R
670990,2026-08-04,3,0,R
671345,2026-08-04,3,0,R
672629,2026-08-04,3,0,R
673540,2026-08-04,4,0,R
674444,2026-08-04,5,1,R
675512,2026-08-04,25,0,R
675848,2026-08-04,5,0,R
676106,2026-08-04,27,1,R
676263,2026-08-04,1,0,L
676282,2026-08-04,24,2,L
677944,2026-08-04,10,1,R
677960,2026-08-04,21,0,L
677961,2026-08-04,2,0,R
677976,2026-08-04,21,0,R
678394,2026-08-04,9,0,R
680570,2026-08-04,26,0,R
680755,2026-08-04,3,0,R
680767,2026-08-04,6,0,R
681006,2026-08-04,4,0,L
681190,2026-08-04,20,0,R
681217,2026-08-04,4,1,R
681320,2026-08-04,4,0,L
681892,2026-08-04,5,0,L
681911,2026-08-04,4,0,L
681916,2026-08-04,5,0,R
682120,2026-08-04,4,0,L
682608,2026-08-04,1,0,R
682842,2026-08-04,5,0,R
683003,2026-08-04,21,2,R
687223,2026-08-04,4,0,L
687312,2026-08-04,22,1,R
687330,2026-08-04,5,0,R
687396,2026-08-04,5,0,L
687473,2026-08-04,23,1,R
689149,2026-08-04,20,1,R
689254,2026-08-04,4,0,L
689266,2026-08-04,2,0,L
690928,2026-08-04,26,2,R
693308,2026-08-04,5,0,R
694918,2026-08-04,22,0,R
695239,2026-08-04,3,0,L
696062,2026-08-04,10,0,R
699134,2026-08-04,3,0,R
700249,2026-08-04,23,0,L
700270,2026-08-04,5,0,R
701519,2026-08-04,4,0,R
701656,2026-08-04,23,2,R
702056,2026-08-04,7,0,R
815083,2026-08-04,5,1,L
543243,2026-08-05,23,0,R
548384,2026-08-05,6,1,L
552640,2026-08-05,3,0,R
573204,2026-08-05,5,1,L
592155,2026-08-05,3,0,L
592773,2026-08-05,5,0,R
592791,2026-08-05,20,1,R
593974,2026-08-05,4,0,L
594027,2026-08-05,3,0,R
595345,2026-08-05,4,0,L
606996,2026-08-05,11,0,L
607259,2026-08-05,22,0,R
608372,2026-08-05,22,1,R
621053,2026-08-05,7,0,R
621112,2026-08-05,8,0,R
621237,2026-08-05,6,0,L
621345,2026-08-05,4,1,L
622088,2026-08-05,2,0,R
622608,2026-08-05,1,0,R
623149,2026-08-05,1,0,R
623211,2026-08-05,4,0,R
623352,2026-08-05,3,0,L
623454,2026-08-05,13,0,R
623465,2026-08-05,3,0,R
641302,2026-08-05,5,0,L
641312,2026-08-05,7,0,R
641778,2026-08-05,23,2,L
641835,2026-08-05,3,0,L
641941,2026-08-05,3,0,R
642100,2026-08-05,3,0,L
642376,2026-08-05,6,0,L
642546,2026-08-05,2,0,R
643511,2026-08-05,4,0,R
646241,2026-08-05,8,1,L
650556,2026-08-05,3,0,R
650960,2026-08-05,4,0,R
656240,2026-08-05,6,0,R
656271,2026-08-05,4,0,L
656288,2026-08-05,6,0,R
656464,2026-08-05,7,1,R
656546,2026-08-05,3,0,R
656730,2026-08-05,3,0,R
656786,2026-08-05,3,0,L
656794,2026-08-05,5,0,L
656986,2026-08-05,5,1,L
657097,2026-08-05,3,0,R
657612,2026-08-05,3,0,L
660761,2026-08-05,1,0,L
660825,2026-08-05,2,1,R
661395,2026-08-05,5,0,R
662253,2026-08-05,3,0,R
663554,2026-08-05,22,1,R
663558,2026-08-05,4,0,L
663623,2026-08-05,20,1,R
663767,2026-08-05,4,0,R
663941,2026-08-05,6,0,R
663947,2026-08-05,6,0,L
664076,2026-08-05,4,0,L
664199,2026-08-05,3,0,R
665152,2026-08-05,19,0,R
665645,2026-08-05,4,0,R
666171,2026-08-05,4,1,R
666277,2026-08-05,5,0,R
666974,2026-08-05,3,0,R
667297,2026-08-05,3,0,R
668390,2026-08-05,4,0,R
668873,2026-08-05,5,0,R
669084,2026-08-05,4,1,L
669165,2026-08-05,7,0,R
669199,2026-08-05,9,1,R
669330,2026-08-05,5,0,R
669432,2026-08-05,21,1,L
669467,2026-08-05,21,0,R
669684,2026-08-05,5,0,L
669724,2026-08-05,3,1,R
670036,2026-08-05,3,0,R
670329,2026-08-05,1,0,R
671345,2026-08-05,3,0,R
671922,2026-08-05,7,0,R
672282,2026-08-05,17,2,L
672442,2026-08-05,4,0,R
673380,2026-08-05,7,0,R
674003,2026-08-05,20,0,L
674444,2026-08-05,3,0,R
675848,2026-08-05,4,0,R
676263,2026-08-05,1,0,L
676440,2026-08-05,22,3,R
676477,2026-08-05,4,0,R
676534,2026-08-05,5,0,R
676617,2026-08-05,4,0,R
676680,2026-08-05,5,0,L
677865,2026-08-05,4,0,L
680732,2026-08-05,20,1,R
680742,2026-08-05,4,0,R
681035,2026-08-05,24,0,R
681217,2026-08-05,5,0,R
681870,2026-08-05,2,0,L
681895,2026-08-05,4,0,L
682052,2026-08-05,19,1,L
682842,2026-08-05,3,0,R
683352,2026-08-05,24,0,L
683618,2026-08-05,5,0,R
683769,2026-08-05,4,0,R
684007,2026-08-05,23,1,L
684974,2026-08-05,3,0,R
686613,2026-08-05,23,1,R
686973,2026-08-05,3,0,R
687377,2026-08-05,5,0,R
687931,2026-08-05,18,0,L
688642,2026-08-05,6,0,R
689147,2026-08-05,3,0,R
689254,2026-08-05,3,0,L
689266,2026-08-05,4,0,L
690829,2026-08-05,4,0,R
690925,2026-08-05,4,0,R
690986,2026-08-05,16,0,L
691587,2026-08-05,24,0,R
691725,2026-08-05,17,0,R
693313,2026-08-05,9,1,R
693433,2026-08-05,26,0,R
693686,2026-08-05,8,0,R
693821,2026-08-05,25,0,R
694477,2026-08-05,4,0,R
694646,2026-08-05,8,0,R
694795,2026-08-05,4,0,R
694973,2026-08-05,20,0,R
695076,2026-08-05,24,1,R
695239,2026-08-05,4,0,L
695380,2026-08-05,3,0,R
695418,2026-08-05,3,0,R
695445,2026-08-05,3,0,R
696522,2026-08-05,4,0,R
701542,2026-08-05,23,0,R
702021,2026-08-05,2,0,L
702070,2026-08-05,28,0,L
800311,2026-08-05,4,0,R
805427,2026-08-05,1,0,L
806188,2026-08-05,3,0,L
820862,2026-08-05,5,1,R
489446,2026-08-06,3,0,R
527048,2026-08-06,9,0,L
544150,2026-08-06,8,0,R
547973,2026-08-06,4,1,L
571945,2026-08-06,25,0,R
572955,2026-08-06,3,0,R
573204,2026-08-06,3,0,L
592866,2026-08-06,4,0,R
594027,2026-08-06,3,0,R
594580,2026-08-06,1,0,L
595978,2026-08-06,4,0,R
607200,2026-08-06,3,0,R
607481,2026-08-06,4,0,L
608379,2026-08-06,22,1,R
608718,2026-08-06,10,0,L
621016,2026-08-06,1,0,R
621074,2026-08-06,3,0,R
621111,2026-08-06,18,0,R
621237,2026-08-06,3,0,L
622491,2026-08-06,18,1,R
623211,2026-08-06,6,0,R
624133,2026-08-06,15,1,L
640448,2026-08-06,3,0,R
641755,2026-08-06,4,0,R
641927,2026-08-06,23,0,R
642048,2026-08-06,3,0,L
642397,2026-08-06,6,0,L
642528,2026-08-06,4,0,R
645302,2026-08-06,9,0,R
650644,2026-08-06,13,0,R
650911,2026-08-06,23,1,L
656271,2026-08-06,5,1,L
656302,2026-08-06,24,0,R
656492,2026-08-06,21,2,L
656638,2026-08-06,4,0,R
656849,2026-08-06,23,0,L
661395,2026-08-06,3,0,R
663423,2026-08-06,4,0,R
663542,2026-08-06,4,0,L
663558,2026-08-06,5,0,L
663855,2026-08-06,4,0,R
663878,2026-08-06,5,0,R
663893,2026-08-06,3,0,L
664285,2026-08-06,25,0,L
664849,2026-08-06,7,0,L
665660,2026-08-06,4,0,R
666661,2026-08-06,4,0,R
666808,2026-08-06,4,0,R
667463,2026-08-06,8,1,L
668820,2026-08-06,9,0,R
668834,2026-08-06,5,0,R
669020,2026-08-06,3,0,L
669062,2026-08-06,9,0,L
669084,2026-08-06,3,0,L
669093,2026-08-06,3,0,R
669160,2026-08-06,23,1,R
669276,2026-08-06,1,0,L
669620,2026-08-06,3,0,L
669684,2026-08-06,4,0,L
669711,2026-08-06,6,0,R
669724,2026-08-06,4,0,R
670036,2026-08-06,6,0,R
670059,2026-08-06,5,0,R
670950,2026-08-06,12,0,R
670970,2026-08-06,4,0,L
671096,2026-08-06,27,0,L
672782,2026-08-06,3,0,R
673540,2026-08-06,3,0,R
675540,2026-08-06,9,0,R
676083,2026-08-06,13,1,R
676477,2026-08-06,3,0,R
676604,2026-08-06,4,0,R
676879,2026-08-06,4,0,L
677020,2026-08-06,7,0,L
677944,2026-08-06,5,0,R
677952,2026-08-06,20,2,R
677961,2026-08-06,6,1,R
678394,2026-08-06,9,0,R
680742,2026-08-06,3,0,R
680755,2026-08-06,3,0,R
680767,2026-08-06,10,0,R
681006,2026-08-06,8,0,L
681320,2026-08-06,3,0,L
681892,2026-08-06,4,0,L
682120,2026-08-06,4,0,L
682243,2026-08-06,22,1,R
682274,2026-08-06,5,0,R
682989,2026-08-06,7,0,R
684442,2026-08-06,18,0,L
684665,2026-08-06,5,0,R
684974,2026-08-06,6,1,R
686580,2026-08-06,6,0,R
686751,2026-08-06,9,1,R
686930,2026-08-06,21,3,R
686973,2026-08-06,5,1,R
687064,2026-08-06,20,1,R
689147,2026-08-06,6,0,R
690997,2026-08-06,26,1,R
691594,2026-08-06,2,0,R
691769,2026-08-06,15,0,L
691799,2026-08-06,10,0,R
694477,2026-08-06,4,0,R
695243,2026-08-06,4,0,R
695445,2026-08-06,4,0,R
696270,2026-08-06,20,1,R
696519,2026-08-06,5,0,L
699134,2026-08-06,6,0,R
702193,2026-08-06,3,0,R
806188,2026-08-06,5,1,L
815083,2026-08-06,4,0,L
518585,2026-08-07,4,1,R
518876,2026-08-07,22,0,R
543135,2026-08-07,22,0,R
554430,2026-08-07,28,1,R
573204,2026-08-07,4,0,L
592332,2026-08-07,26,1,R
592662,2026-08-07,25,1,L
592773,2026-08-07,3,0,R
593974,2026-08-07,8,0,L
595345,2026-08-07,5,0,L
596133,2026-08-07,5,0,R
605288,2026-08-07,22,0,R
607200,2026-08-07,3,0,R
608331,2026-08-07,22,0,L
621016,2026-08-07,6,0,R
621242,2026-08-07,3,1,R
621345,2026-08-07,1,0,L
622554,2026-08-07,5,0,R
622608,2026-08-07,6,0,R
623352,2026-08-07,3,0,L
623474,2026-08-07,3,0,R
628452,2026-08-07,7,0,R
641302,2026-08-07,3,0,L
641312,2026-08-07,3,0,R
641329,2026-08-07,4,1,R
641755,2026-08-07,4,0,R
641816,2026-08-07,23,0,R
641835,2026-08-07,5,0,L
642048,2026-08-07,6,0,L
642207,2026-08-07,6,0,R
642376,2026-08-07,5,0,L
643511,2026-08-07,8,0,R
646241,2026-08-07,3,0,L
650556,2026-08-07,5,0,R
650960,2026-08-07,4,0,R
656240,2026-08-07,11,0,R
656464,2026-08-07,3,0,R
656529,2026-08-07,7,0,L
656546,2026-08-07,6,0,R
656641,2026-08-07,8,0,L
656848,2026-08-07,6,0,R
656876,2026-08-07,24,0,R
656945,2026-08-07,6,0,L
656986,2026-08-07,1,0,L
657097,2026-08-07,3,0,R
657514,2026-08-07,4,0,L
657571,2026-08-07,5,0,L
657612,2026-08-07,3,1,L
660761,2026-08-07,2,0,L
660787,2026-08-07,1,0,R
660825,2026-08-07,1,0,R
663362,2026-08-07,3,0,R
663372,2026-08-07,24,1,R
663423,2026-08-07,3,0,R
663738,2026-08-07,10,0,L
663767,2026-08-07,4,0,R
663893,2026-08-07,4,0,L
663969,2026-08-07,18,1,R
664076,2026-08-07,3,0,L
664141,2026-08-07,5,0,R
664199,2026-08-07,4,0,R
665622,2026-08-07,4,0,R
666126,2026-08-07,3,0,L
666661,2026-08-07,1,0,R
667297,2026-08-07,3,0,R
667463,2026-08-07,3,0,L
667755,2026-08-07,20,0,R
668674,2026-08-07,4,0,R
668873,2026-08-07,4,1,R
669060,2026-08-07,10,0,R
669276,2026-08-07,5,0,L
669302,2026-08-07,27,2,R
669358,2026-08-07,28,1,R
669387,2026-08-07,16,1,R
669854,2026-08-07,19,1,R
670062,2026-08-07,9,1,R
670103,2026-08-07,9,0,L
670280,2026-08-07,3,0,R
670950,2026-08-07,7,0,R
670990,2026-08-07,11,0,R
672442,2026-08-07,3,0,R
672456,2026-08-07,27,2,R
672782,2026-08-07,3,0,R
673380,2026-08-07,6,0,R
673513,2026-08-07,8,1,L
675660,2026-08-07,26,2,L
676534,2026-08-07,3,0,R
676617,2026-08-07,3,0,R
676620,2026-08-07,5,0,L
676775,2026-08-07,3,0,R
676917,2026-08-07,26,3,R
677865,2026-08-07,3,0,L
678022,2026-08-07,17,1,R
678606,2026-08-07,4,0,L
680916,2026-08-07,11,0,R
681517,2026-08-07,22,0,R
681751,2026-08-07,6,0,R
681895,2026-08-07,7,0,L
681916,2026-08-07,4,0,R
682825,2026-08-07,9,0,R
683618,2026-08-07,4,0,R
685112,2026-08-07,6,0,R
687330,2026-08-07,2,0,R
687377,2026-08-07,3,0,R
687396,2026-08-07,4,0,L
689254,2026-08-07,1,0,L
689266,2026-08-07,1,0,L
689818,2026-08-07,26,2,R
690829,2026-08-07,4,0,R
690925,2026-08-07,3,0,R
691946,2026-08-07,20,0,R
693308,2026-08-07,3,0,R
694795,2026-08-07,7,1,R
695239,2026-08-07,3,0,L
695534,2026-08-07,9,1,R
696131,2026-08-07,21,1,R
696522,2026-08-07,7,0,R
702193,2026-08-07,4,0,R
702273,2026-08-07,5,0,L
800048,2026-08-07,26,2,L
800311,2026-08-07,4,0,R
801139,2026-08-07,20,1,L
804267,2026-08-07,19,0,L
805123,2026-08-07,4,0,R
805299,2026-08-07,6,1,L
805427,2026-08-07,3,0,L
805673,2026-08-07,24,1,R
808963,2026-08-07,23,1,R
820862,2026-08-07,5,0,R
453286,2026-08-08,21,2,R
476594,2026-08-08,24,0,R
489446,2026-08-08,3,0,R
519242,2026-08-08,23,0,L
543037,2026-08-08,27,0,R
548384,2026-08-08,3,0,L
571927,2026-08-08,6,0,L
592155,2026-08-08,5,1,L
594580,2026-08-08,3,0,L
594798,2026-08-08,18,1,R
605280,2026-08-08,18,1,R
605400,2026-08-08,22,1,R
605447,2026-08-08,5,0,R
607067,2026-08-08,18,1,R
607536,2026-08-08,23,0,L
607625,2026-08-08,24,1,R
615698,2026-08-08,3,0,R
620443,2026-08-08,8,1,R
621074,2026-08-08,7,0,R
621112,2026-08-08,1,0,R
621237,2026-08-08,5,0,L
621242,2026-08-08,6,0,R
622554,2026-08-08,3,0,R
623465,2026-08-08,1,0,R
623474,2026-08-08,4,0,R
641329,2026-08-08,3,0,R
641743,2026-08-08,26,1,L
642528,2026-08-08,6,1,R
645261,2026-08-08,25,0,R
650633,2026-08-08,21,1,R
656546,2026-08-08,5,0,R
656730,2026-08-08,3,0,R
656786,2026-08-08,6,0,L
656794,2026-08-08,2,0,L
656945,2026-08-08,1,0,L
657265,2026-08-08,7,0,R
657514,2026-08-08,4,1,L
660853,2026-08-08,6,0,R
661395,2026-08-08,4,0,R
662253,2026-08-08,3,0,R
663362,2026-08-08,4,0,R
663542,2026-08-08,4,0,L
663567,2026-08-08,24,1,R
663687,2026-08-08,8,0,L
663767,2026-08-08,9,1,R
663855,2026-08-08,4,1,R
663878,2026-08-08,4,0,R
663947,2026-08-08,6,0,L
664076,2026-08-08,4,1,L
664126,2026-08-08,4,0,R
664849,2026-08-08,6,1,L
664991,2026-08-08,6,1,L
665622,2026-08-08,3,0,R
665665,2026-08-08,6,0,L
668820,2026-08-08,3,1,R
668909,2026-08-08,22,1,R
668984,2026-08-08,5,0,R
669093,2026-08-08,4,0,R
669165,2026-08-08,5,0,R
669199,2026-08-08,6,0,R
669330,2026-08-08,7,0,R
669461,2026-08-08,24,1,L
669923,2026-08-08,20,1,R
670036,2026-08-08,5,0,R
670059,2026-08-08,4,0,R
670103,2026-08-08,11,2,L
670167,2026-08-08,5,0,R
670280,2026-08-08,5,0,R
670329,2026-08-08,3,0,R
670970,2026-08-08,6,0,L
671737,2026-08-08,23,0,R
672442,2026-08-08,5,0,R
672629,2026-08-08,7,0,R
674444,2026-08-08,4,0,R
674841,2026-08-08,20,0,L
675540,2026-08-08,14,0,R
675848,2026-08-08,3,0,R
676263,2026-08-08,3,0,L
676680,2026-08-08,3,0,L
676760,2026-08-08,10,0,R
676775,2026-08-08,3,0,R
676879,2026-08-08,3,0,L
680694,2026-08-08,22,0,R
680742,2026-08-08,3,0,R
680744,2026-08-08,7,0,R
680755,2026-08-08,5,0,R
681006,2026-08-08,4,0,L
681217,2026-08-08,5,0,R
681751,2026-08-08,3,0,R
681870,2026-08-08,1,0,L
681892,2026-08-08,4,0,L
681911,2026-08-08,5,0,L
682120,2026-08-08,4,0,L
682608,2026-08-08,8,0,R
682842,2026-08-08,4,0,R
682989,2026-08-08,6,1,R
686580,2026-08-08,4,0,R
686751,2026-08-08,4,0,R
686973,2026-08-08,7,0,R
687330,2026-08-08,4,0,R
687396,2026-08-08,4,1,L
687562,2026-08-08,25,0,L
687911,2026-08-08,4,0,L
688107,2026-08-08,23,0,L
689147,2026-08-08,1,0,R
690925,2026-08-08,4,0,R
691799,2026-08-08,4,0,R
693313,2026-08-08,10,0,R
693686,2026-08-08,5,0,R
694297,2026-08-08,23,0,R
694477,2026-08-08,5,0,R
694738,2026-08-08,23,0,R
695049,2026-08-08,24,0,R
695243,2026-08-08,5,0,R
695505,2026-08-08,25,0,R
695549,2026-08-08,16,0,R
695611,2026-08-08,27,0,L
696149,2026-08-08,21,0,R
700712,2026-08-08,14,0,R
701519,2026-08-08,3,0,R
703725,2026-08-08,8,1,R
805299,2026-08-08,2,0,L
805345,2026-08-08,4,0,R
806188,2026-08-08,4,0,L
808967,2026-08-08,24,0,R
445276,2026-08-09,3,0,R
489446,2026-08-09,6,1,R
544150,2026-08-09,8,0,R
547179,2026-08-09,23,1,R
547973,2026-08-09,6,0,L
548384,2026-08-09,3,0,L
552640,2026-08-09,3,0,R
571510,2026-08-09,27,1,L
571927,2026-08-09,5,0,L
592155,2026-08-09,4,0,L
592866,2026-08-09,7,0,R
593958,2026-08-09,28,0,L
594027,2026-08-09,3,0,R
606996,2026-08-09,3,0,L
621074,2026-08-09,1,0,R
621112,2026-08-09,6,0,R
621345,2026-08-09,6,0,L
622088,2026-08-09,7,0,R
623168,2026-08-09,5,1,R
623211,2026-08-09,5,0,R
623465,2026-08-09,3,0,R
628452,2026-08-09,3,0,R
640448,2026-08-09,3,0,R
640455,2026-08-09,25,1,L
641312,2026-08-09,10,1,R
641755,2026-08-09,3,0,R
641835,2026-08-09,4,0,L
642397,2026-08-09,5,0,L
642546,2026-08-09,6,0,R
643511,2026-08-09,6,0,R
656234,2026-08-09,3,0,R
656271,2026-08-09,5,0,L
656464,2026-08-09,3,0,R
656529,2026-08-09,3,0,L
656550,2026-08-09,21,0,R
656730,2026-08-09,3,0,R
656756,2026-08-09,19,2,L
656786,2026-08-09,3,0,L
656794,2026-08-09,6,0,L
656848,2026-08-09,4,0,R
657277,2026-08-09,28,0,R
660825,2026-08-09,6,0,R
661395,2026-08-09,4,0,R
663436,2026-08-09,6,0,R
663542,2026-08-09,4,0,L
663558,2026-08-09,3,0,L
663687,2026-08-09,5,0,L
663855,2026-08-09,4,0,R
663893,2026-08-09,5,0,L
663903,2026-08-09,27,1,R
663947,2026-08-09,3,0,L
664199,2026-08-09,3,0,R
664299,2026-08-09,24,2,R
665645,2026-08-09,3,0,R
665660,2026-08-09,3,0,R
665871,2026-08-09,3,0,R
666171,2026-08-09,4,0,R
666200,2026-08-09,27,0,L
666277,2026-08-09,6,1,R
666808,2026-08-09,5,0,R
667297,2026-08-09,4,0,R
668390,2026-08-09,10,0,R
668674,2026-08-09,5,0,R
668834,2026-08-09,13,2,R
668873,2026-08-09,3,0,R
668942,2026-08-09,4,0,R
668984,2026-08-09,3,0,R
669062,2026-08-09,5,0,L
669084,2026-08-09,3,0,L
669093,2026-08-09,3,0,R
669165,2026-08-09,3,0,R
669372,2026-08-09,27,0,R
669456,2026-08-09,26,2,R
669620,2026-08-09,3,0,L
670059,2026-08-09,7,0,R
670245,2026-08-09,6,0,R
670950,2026-08-09,5,0,R
671345,2026-08-09,3,0,R
671922,2026-08-09,3,0,R
672782,2026-08-09,3,0,R
674073,2026-08-09,7,0,R
675512,2026-08-09,22,0,R
676106,2026-08-09,25,0,R
676282,2026-08-09,6,0,L
676477,2026-08-09,5,0,R
676534,2026-08-09,6,0,R
676604,2026-08-09,4,0,R
676617,2026-08-09,3,0,R
676620,2026-08-09,3,0,L
676879,2026-08-09,6,0,L
677865,2026-08-09,4,0,L
677958,2026-08-09,18,2,R
677976,2026-08-09,26,0,R
678394,2026-08-09,15,0,R
678606,2026-08-09,8,0,L
680570,2026-08-09,20,0,R
680736,2026-08-09,20,1,L
680755,2026-08-09,8,0,R
680767,2026-08-09,3,0,R
681190,2026-08-09,17,1,R
681751,2026-08-09,5,0,R
681870,2026-08-09,5,0,L
681892,2026-08-09,4,0,L
681895,2026-08-09,6,0,L
681916,2026-08-09,3,0,R
682120,2026-08-09,5,0,L
682254,2026-08-09,3,0,L
682274,2026-08-09,9,0,R
682842,2026-08-09,6,0,R
683003,2026-08-09,20,1,R
683618,2026-08-09,2,0,R
683769,2026-08-09,6,0,R
684974,2026-08-09,7,1,R
685299,2026-08-09,13,0,R
687473,2026-08-09,18,1,R
687570,2026-08-09,20,2,L
687911,2026-08-09,5,1,L
689147,2026-08-09,7,0,R
689254,2026-08-09,3,0,L
689266,2026-08-09,3,0,L
689546,2026-08-09,3,0,R
693645,2026-08-09,24,1,R
693686,2026-08-09,1,0,R
693855,2026-08-09,25,0,L
694795,2026-08-09,5,0,R
694819,2026-08-09,23,2,R
695380,2026-08-09,5,0,R
695418,2026-08-09,11,0,R
696146,2026-08-09,10,0,L
699134,2026-08-09,6,0,R
700241,2026-08-09,26,1,R
700249,2026-08-09,15,1,L
702021,2026-08-09,10,0,L
702193,2026-08-09,4,0,R
800311,2026-08-09,5,1,R
804668,2026-08-09,5,0,R
805123,2026-08-09,8,1,R
805427,2026-08-09,6,0,L
543243,2026-08-10,26,1,R
573124,2026-08-10,7,0,L
592791,2026-08-10,16,0,R
595345,2026-08-10,4,0,L
608718,2026-08-10,10,0,L
621016,2026-08-10,3,0,R
621242,2026-08-10,3,0,R
623352,2026-08-10,6,0,L
641302,2026-08-10,2,0,L
641793,2026-08-10,15,0,R
642048,2026-08-10,1,0,L
642547,2026-08-10,24,1,R
643511,2026-08-10,4,0,R
647336,2026-08-10,18,0,R
650960,2026-08-10,7,0,R
656240,2026-08-10,6,0,R
656529,2026-08-10,3,0,L
656638,2026-08-10,5,0,R
656641,2026-08-10,4,0,L
656945,2026-08-10,3,0,L
657571,2026-08-10,4,0,L
660604,2026-08-10,15,0,R
660761,2026-08-10,5,0,L
663554,2026-08-10,25,1,R
663558,2026-08-10,8,0,L
664141,2026-08-10,4,1,R
664991,2026-08-10,11,1,L
665152,2026-08-10,22,0,R
669022,2026-08-10,23,1,L
669330,2026-08-10,5,0,R
669373,2026-08-10,21,1,L
669432,2026-08-10,19,1,L
669713,2026-08-10,27,2,R
670167,2026-08-10,3,0,R
670329,2026-08-10,4,0,R
670970,2026-08-10,3,0,L
671345,2026-08-10,7,0,R
672282,2026-08-10,24,0,L
673513,2026-08-10,3,0,L
673540,2026-08-10,4,0,R
676263,2026-08-10,6,1,L
676620,2026-08-10,4,0,L
676742,2026-08-10,7,0,R
676775,2026-08-10,2,0,R
677020,2026-08-10,2,0,L
677865,2026-08-10,4,0,L
680573,2026-08-10,13,0,R
680689,2026-08-10,6,0,R
680742,2026-08-10,3,0,R
681035,2026-08-10,21,0,R
681217,2026-08-10,4,0,R
681320,2026-08-10,5,0,L
681911,2026-08-10,3,0,L
681916,2026-08-10,4,0,R
682052,2026-08-10,27,1,L
682608,2026-08-10,3,0,R
682989,2026-08-10,6,0,R
684665,2026-08-10,3,0,R
686751,2026-08-10,4,1,R
686973,2026-08-10,4,0,R
687312,2026-08-10,22,1,R
687330,2026-08-10,3,0,R
688297,2026-08-10,7,0,R
688642,2026-08-10,12,0,R
690829,2026-08-10,3,0,R
690928,2026-08-10,22,0,R
691725,2026-08-10,21,0,R
693308,2026-08-10,6,0,R
693821,2026-08-10,27,2,R
694918,2026-08-10,22,0,R
695239,2026-08-10,4,0,L
695243,2026-08-10,4,0,R
696519,2026-08-10,4,0,L
700669,2026-08-10,7,0,R
701519,2026-08-10,6,0,R
701656,2026-08-10,24,2,R
702070,2026-08-10,24,0,L
702752,2026-08-10,5,0,R
703725,2026-08-10,4,0,R
820862,2026-08-10,4,0,R
445276,2026-08-11,6,0,R
527048,2026-08-11,23,0,L
552640,2026-08-11,3,0,R
571945,2026-08-11,11,1,R
572955,2026-08-11,3,0,R
573124,2026-08-11,4,0,L
592773,2026-08-11,2,0,R
593974,2026-08-11,4,0,L
594027,2026-08-11,3,0,R
596142,2026-08-11,5,0,R
605447,2026-08-11,4,0,R
605483,2026-08-11,22,0,L
607259,2026-08-11,33,1,R
608372,2026-08-11,23,2,R
608379,2026-08-11,27,1,R
621074,2026-08-11,5,0,R
621097,2026-08-11,9,0,R
621111,2026-08-11,24,0,R
622088,2026-08-11,4,0,R
622554,2026-08-11,3,0,R
623454,2026-08-11,17,1,R
623465,2026-08-11,5,0,R
623474,2026-08-11,4,0,R
628452,2026-08-11,3,0,R
640448,2026-08-11,5,1,R
641835,2026-08-11,4,1,L
641927,2026-08-11,26,3,R
641941,2026-08-11,3,0,R
642048,2026-08-11,4,0,L
642376,2026-08-11,5,0,L
650911,2026-08-11,20,0,L
656271,2026-08-11,3,0,L
656288,2026-08-11,10,0,R
656302,2026-08-11,24,2,R
656464,2026-08-11,4,0,R
656794,2026-08-11,3,0,L
656848,2026-08-11,4,0,R
656986,2026-08-11,5,0,L
657097,2026-08-11,5,0,R
657514,2026-08-11,3,0,L
657571,2026-08-11,3,0,L
657612,2026-08-11,4,0,L
660825,2026-08-11,4,0,R
660853,2026-08-11,4,0,R
661527,2026-08-11,6,0,R
663423,2026-08-11,3,0,R
663542,2026-08-11,3,0,L
663623,2026-08-11,18,1,R
663776,2026-08-11,27,0,L
663878,2026-08-11,3,0,R
663893,2026-08-11,1,0,L
663947,2026-08-11,1,0,L
664126,2026-08-11,3,0,R
664141,2026-08-11,3,0,R
664199,2026-08-11,3,0,R
665660,2026-08-11,5,1,R
665665,2026-08-11,1,0,L
666157,2026-08-11,18,3,L
666171,2026-08-11,6,0,R
666277,2026-08-11,5,0,R
666661,2026-08-11,5,0,R
666974,2026-08-11,5,0,R
667297,2026-08-11,4,0,R
668674,2026-08-11,4,0,R
668820,2026-08-11,7,0,R
669020,2026-08-11,5,0,L
669060,2026-08-11,12,0,R
669276,2026-08-11,3,0,L
669467,2026-08-11,22,0,R
669620,2026-08-11,9,1,L
670036,2026-08-11,3,0,R
670280,2026-08-11,4,0,R
670990,2026-08-11,10,0,R
674003,2026-08-11,26,0,L
674444,2026-08-11,7,0,R
676263,2026-08-11,2,0,L
676440,2026-08-11,27,0,R
676617,2026-08-11,3,0,R
676680,2026-08-11,3,0,L
677020,2026-08-11,3,0,L
677960,2026-08-11,22,1,L
678020,2026-08-11,4,0,R
678606,2026-08-11,3,0,L
680732,2026-08-11,25,1,R
680755,2026-08-11,4,0,R
680916,2026-08-11,4,0,R
681217,2026-08-11,3,0,R
681892,2026-08-11,5,0,L
681911,2026-08-11,4,0,L
682825,2026-08-11,6,0,R
683352,2026-08-11,21,1,L
683618,2026-08-11,3,0,R
684007,2026-08-11,21,3,L
684665,2026-08-11,8,0,R
686613,2026-08-11,23,1,R
686930,2026-08-11,20,3,R
686934,2026-08-11,5,0,R
687064,2026-08-11,28,0,R
687377,2026-08-11,5,1,R
687396,2026-08-11,3,0,L
687931,2026-08-11,25,0,L
690986,2026-08-11,27,3,L
690997,2026-08-11,20,1,R
691587,2026-08-11,24,0,R
691799,2026-08-11,7,0,R
693313,2026-08-11,8,0,R
693433,2026-08-11,19,0,R
693686,2026-08-11,4,0,R
694646,2026-08-11,7,1,R
694973,2026-08-11,21,1,R
695445,2026-08-11,7,0,R
696270,2026-08-11,18,1,R
696519,2026-08-11,3,0,L
800311,2026-08-11,3,0,R
805123,2026-08-11,4,0,R
805427,2026-08-11,4,0,L
814305,2026-08-11,10,1,R
820862,2026-08-11,4,0,R
489446,2026-08-12,4,0,R
518585,2026-08-12,3,0,R
518876,2026-08-12,23,2,R
518886,2026-08-12,3,0,R
544150,2026-08-12,3,0,R
548384,2026-08-12,3,0,L
554430,2026-08-12,23,0,R
571927,2026-08-12,4,0,L
592662,2026-08-12,17,1,L
592866,2026-08-12,14,2,R
594027,2026-08-12,5,0,R
594580,2026-08-12,4,0,L
595345,2026-08-12,4,0,L
605288,2026-08-12,19,0,R
605447,2026-08-12,4,0,R
606996,2026-08-12,5,0,L
615698,2026-08-12,22,0,R
621016,2026-08-12,6,0,R
621112,2026-08-12,6,0,R
621237,2026-08-12,5,0,L
621345,2026-08-12,3,0,L
622491,2026-08-12,23,0,R
622554,2026-08-12,1,0,R
622608,2026-08-12,4,0,R
623211,2026-08-12,4,0,R
623352,2026-08-12,3,0,L
623474,2026-08-12,4,0,R
624133,2026-08-12,21,0,L
628452,2026-08-12,6,1,R
641778,2026-08-12,27,0,L
641816,2026-08-12,21,1,R
642100,2026-08-12,8,0,L
642376,2026-08-12,3,0,L
643511,2026-08-12,4,0,R
646241,2026-08-12,6,0,L
650556,2026-08-12,3,0,R
656234,2026-08-12,5,1,R
656240,2026-08-12,4,0,R
656492,2026-08-12,21,1,L
656529,2026-08-12,3,0,L
656546,2026-08-12,5,0,R
656730,2026-08-12,6,0,R
656786,2026-08-12,5,0,L
656849,2026-08-12,27,0,L
656876,2026-08-12,21,0,R
657514,2026-08-12,6,1,L
657612,2026-08-12,3,0,L
660787,2026-08-12,5,0,R
660853,2026-08-12,3,0,R
663362,2026-08-12,5,0,R
663372,2026-08-12,24,0,R
663432,2026-08-12,7,0,R
663738,2026-08-12,10,2,L
663767,2026-08-12,7,0,R
664285,2026-08-12,29,1,L
665665,2026-08-12,3,0,L
665871,2026-08-12,16,2,R
666808,2026-08-12,5,0,R
667755,2026-08-12,22,1,R
668390,2026-08-12,3,0,R
668984,2026-08-12,3,0,R
669062,2026-08-12,4,0,L
669093,2026-08-12,3,0,R
669160,2026-08-12,25,1,R
669199,2026-08-12,13,2,R
669276,2026-08-12,4,0,L
669358,2026-08-12,19,0,R
669387,2026-08-12,15,0,R
670059,2026-08-12,5,0,R
670062,2026-08-12,4,1,R
670245,2026-08-12,2,0,R
670970,2026-08-12,9,0,L
671922,2026-08-12,6,0,R
672442,2026-08-12,4,1,R
672629,2026-08-12,9,0,R
672782,2026-08-12,4,1,R
673380,2026-08-12,4,2,R
674073,2026-08-12,4,0,R
675627,2026-08-12,8,2,R
675848,2026-08-12,3,0,R
676083,2026-08-12,23,0,R
676534,2026-08-12,3,0,R
676604,2026-08-12,3,0,R
676620,2026-08-12,6,0,L
676680,2026-08-12,4,0,L
676742,2026-08-12,8,0,R
676760,2026-08-12,6,0,R
676775,2026-08-12,6,0,R
676879,2026-08-12,4,0,L
677865,2026-08-12,4,0,L
678022,2026-08-12,27,1,R
680723,2026-08-12,3,0,L
680744,2026-08-12,3,0,R
680767,2026-08-12,5,0,R
681517,2026-08-12,20,0,R
681870,2026-08-12,3,0,L
681895,2026-08-12,5,0,L
682243,2026-08-12,25,1,R
682274,2026-08-12,6,0,R
682608,2026-08-12,4,0,R
683769,2026-08-12,4,0,R
686580,2026-08-12,4,0,R
686751,2026-08-12,4,0,R
686973,2026-08-12,2,0,R
687239,2026-08-12,5,0,R
687396,2026-08-12,3,0,L
687911,2026-08-12,4,0,L
687941,2026-08-12,5,0,L
689017,2026-08-12,11,0,R
689254,2026-08-12,3,0,L
689266,2026-08-12,4,1,L
689546,2026-08-12,5,1,R
690829,2026-08-12,3,0,R
691769,2026-08-12,4,0,L
691946,2026-08-12,24,1,R
694477,2026-08-12,3,0,R
695076,2026-08-12,23,1,R
695239,2026-08-12,4,0,L
695243,2026-08-12,5,0,R
695380,2026-08-12,4,0,R
696131,2026-08-12,13,1,R
696146,2026-08-12,4,0,L
696522,2026-08-12,5,0,R
699134,2026-08-12,8,0,R
700669,2026-08-12,5,0,R
701542,2026-08-12,21,3,R
702193,2026-08-12,3,0,R
703725,2026-08-12,4,0,R
800600,2026-08-12,19,0,L
804267,2026-08-12,24,1,L
805123,2026-08-12,6,0,R
805299,2026-08-12,3,0,L
805673,2026-08-12,22,1,R
837227,2026-08-12,14,0,R
