date,pk,player_id,name,team,opp,home,opp_sp,opp_sp_id,sp_hand,season_hr,season_pa,exp_pa,f_bat,f_platoon,f_arsenal,f_pit,f_park,f_wind,f_temp,wind,hr_pa,p,odds_dk,odds_mgm,odds_czr,fair,played,pa_actual,hr_actual,hr_yes,graded_at
2026-08-12,825047,696100,Hunter Goodman,Colorado Rockies,Arizona Diamondbacks,0,Merrill Kelly,518876,R,34,456,4.1,2.01,1.19,,1.16,1.01,1.0,,ROOF,,30.7,337,280,330,+226,1,4,0,0,2026-08-13T05:31:35Z
2026-08-12,824967,691406,Junior Caminero,Tampa Bay Rays,Athletics,0,Jack Perkins,678022,R,35,520,4.4,1.87,1.17,,1.12,1.0,1.0,,,,29.0,204,175,198,+245,1,5,0,0,2026-08-13T05:31:35Z
2026-08-12,823511,700250,Ben Rice,New York Yankees,Seattle Mariners,1,Bryce Miller,682243,R,32,487,4.3,1.82,1.13,,1.11,1.08,1.0,,,,28.6,252,210,245,+250,1,5,0,0,2026-08-13T05:31:35Z
2026-08-12,823017,656941,Kyle Schwarber,Philadelphia Phillies,St. Louis Cardinals,0,Kyle Leahy,681517,R,35,513,4.4,1.89,1.12,,0.94,0.94,1.22,,WIND 11 OUT,,27.3,370,,330,+266,1,4,0,0,2026-08-13T05:31:35Z
2026-08-12,824562,808959,Munetaka Murakami,Chicago White Sox,Cincinnati Reds,1,Rhett Lowder,695076,R,26,363,4.4,1.87,1.2,,0.97,1.05,1.0,,,,27.2,269,220,235,+268,1,4,0,0,2026-08-13T05:31:35Z
2026-08-12,823187,670541,Yordan Alvarez,Houston Astros,San Francisco Giants,0,Adrian Houser,605288,R,35,526,4.4,1.86,1.11,,1.05,0.91,1.12,,WIND 6 OUT,,26.4,300,320,290,+279,1,4,0,0,2026-08-13T05:31:35Z
2026-08-12,825047,666160,Mickey Moniak,Colorado Rockies,Arizona Diamondbacks,0,Merrill Kelly,518876,R,19,306,3.7,1.63,1.17,,1.16,1.01,1.0,,ROOF,,23.0,433,390,425,+335,1,4,0,0,2026-08-13T05:31:35Z
2026-08-12,823511,671277,Luis García Jr.,New York Yankees,Seattle Mariners,1,Bryce Miller,682243,R,24,399,3.6,1.65,1.13,,1.11,1.08,1.0,,,,22.5,364,280,350,+344,1,4,0,0,2026-08-13T05:31:35Z
2026-08-12,824883,621566,Matt Olson,Atlanta Braves,New York Mets,1,Zac Thornton,804267,L,35,525,4.4,1.86,1.02,,0.93,1.02,1.0,,,,22.2,282,270,280,+350,1,4,0,0,2026-08-13T05:31:35Z
2026-08-12,823017,547180,Bryce Harper,Philadelphia Phillies,St. Louis Cardinals,0,Kyle Leahy,681517,R,25,515,4.2,1.43,1.2,,0.94,0.94,1.22,,WIND 11 OUT,,21.7,550,,500,+361,1,4,0,0,2026-08-13T05:31:35Z
2026-08-12,824562,668709,JJ Bleday,Cincinnati Reds,Chicago White Sox,0,Luis Castillo,622491,R,20,377,4.2,1.48,1.09,,1.07,1.05,1.0,,,,21.3,351,310,320,+369,1,4,0,0,2026-08-13T05:31:35Z
2026-08-12,824562,701398,Sal Stewart,Cincinnati Reds,Chicago White Sox,0,Luis Castillo,622491,R,25,511,4.3,1.43,1.07,,1.07,1.05,1.0,,,,20.7,431,350,390,+383,1,4,0,0,2026-08-13T05:31:35Z
2026-08-12,823916,695506,Jac Caglianone,Kansas City Royals,Los Angeles Dodgers,0,Eric Lauer,641778,L,21,435,3.9,1.4,1.03,,1.19,1.1,1.0,,,,20.7,372,210,350,+383,1,4,0,0,2026-08-13T05:31:35Z
2026-08-12,823833,664040,Brandon Lowe,Pittsburgh Pirates,Miami Marlins,0,Janson Junk,676083,R,25,496,4.4,1.47,1.19,,1.04,0.92,1.0,,,,20.5,326,350,330,+388,1,4,0,0,2026-08-13T05:31:35Z
2026-08-12,824562,695657,Colson Montgomery,Chicago White Sox,Cincinnati Reds,1,Rhett Lowder,695076,R,26,473,4.2,1.56,1.09,,0.97,1.05,1.0,,,,20.4,291,280,265,+390,1,4,0,0,2026-08-13T05:31:35Z
2026-08-12,823916,660271,Shohei Ohtani,Los Angeles Dodgers,Kansas City Royals,1,Daniel Lynch IV,663738,L,26,505,4.4,1.49,1.16,,0.86,1.1,1.0,,,,20.2,256,230,245,+395,1,4,1,1,2026-08-13T05:31:35Z
2026-08-12,823263,694192,Jackson Chourio,Milwaukee Brewers,San Diego Padres,0,Robbie Ray,592662,L,17,387,4.5,1.29,1.06,,0.99,0.98,1.18,,WIND 9 OUT,,19.8,429,333,390,+405,1,6,0,0,2026-08-13T05:31:35Z
2026-08-12,823672,624413,Pete Alonso,Baltimore Orioles,Minnesota Twins,0,Zebby Matthews,805673,R,26,522,4.3,1.46,1.12,,1.15,0.99,0.86,,WIND 7 IN,,19.4,500,,500,+415,1,4,0,0,2026-08-13T05:31:35Z
2026-08-12,823017,691023,Jordan Walker,St. Louis Cardinals,Philadelphia Phillies,1,Zack Wheeler,554430,R,23,495,4.2,1.37,1.02,,1.02,0.94,1.22,,WIND 11 OUT,,19.4,550,,500,+415,1,4,0,0,2026-08-13T05:31:35Z
2026-08-12,824562,553993,Eugenio Suárez,Cincinnati Reds,Chicago White Sox,0,Luis Castillo,622491,R,17,346,4.0,1.39,1.07,,1.07,1.05,1.0,,,,18.8,449,325,390,+432,1,4,0,0,2026-08-13T05:31:35Z
2026-08-12,823017,676475,Alec Burleson,St. Louis Cardinals,Philadelphia Phillies,1,Zack Wheeler,554430,R,19,505,4.2,1.17,1.15,,1.02,0.94,1.22,,WIND 11 OUT,,18.7,650,,500,+435,1,4,0,0,2026-08-13T05:31:35Z
2026-08-12,822698,673548,Seiya Suzuki,Chicago Cubs,Washington Nationals,0,Jackson Kent,800600,L,20,448,4.4,1.32,1.13,,1.0,1.0,1.0,,,,18.6,346,310,330,+438,1,5,0,0,2026-08-13T05:31:35Z
2026-08-12,823994,545361,Mike Trout,Los Angeles Angels,Texas Rangers,1,Cal Quantrill,615698,R,20,451,4.5,1.32,1.07,,1.02,1.02,1.0,,,,18.5,325,250,320,+441,1,5,0,0,2026-08-13T05:31:35Z
2026-08-12,823187,665161,Jeremy Peña,Houston Astros,San Francisco Giants,0,Adrian Houser,605288,R,13,318,4.4,1.21,1.14,,1.05,0.91,1.12,,WIND 6 OUT,,18.4,780,625,750,+443,1,4,0,0,2026-08-13T05:31:35Z
2026-08-12,824562,682829,Elly De La Cruz,Cincinnati Reds,Chicago White Sox,0,Luis Castillo,622491,R,20,444,4.5,1.33,0.96,,1.07,1.05,1.0,,,,18.2,335,340,320,+449,1,4,0,0,2026-08-13T05:31:35Z
2026-08-12,823263,641343,Jake Bauers,Milwaukee Brewers,San Diego Padres,0,Robbie Ray,592662,L,21,425,4.0,1.42,0.98,,0.99,0.98,1.18,,WIND 9 OUT,,18.1,512,425,475,+452,1,5,0,0,2026-08-13T05:31:35Z
2026-08-12,823263,592518,Manny Machado,San Diego Padres,Milwaukee Brewers,1,Dustin May,669160,R,23,500,4.2,1.36,1.12,,0.86,0.98,1.18,,WIND 9 OUT,,18.1,429,380,425,+452,1,5,0,0,2026-08-13T05:31:35Z
2026-08-12,822698,691718,Pete Crow-Armstrong,Chicago Cubs,Washington Nationals,0,Jackson Kent,800600,L,27,532,4.4,1.48,0.97,,1.0,1.0,1.0,,,,18.0,286,280,265,+456,1,6,0,0,2026-08-13T05:31:35Z
2026-08-12,823511,665862,Jazz Chisholm Jr.,New York Yankees,Seattle Mariners,1,Bryce Miller,682243,R,17,435,4.0,1.19,1.1,,1.11,1.08,1.0,,,,17.9,387,300,370,+459,1,4,0,0,2026-08-13T05:31:35Z
2026-08-12,824562,678246,Miguel Vargas,Chicago White Sox,Cincinnati Reds,1,Rhett Lowder,695076,R,25,513,4.4,1.43,0.99,,0.97,1.05,1.0,,,,17.9,369,390,350,+459,0,0,0,0,2026-08-13T05:31:35Z
2026-08-12,823187,572233,Christian Walker,Houston Astros,San Francisco Giants,0,Adrian Houser,605288,R,22,484,4.1,1.35,1.06,,1.05,0.91,1.12,,WIND 6 OUT,,17.8,,,,+462,0,0,0,0,2026-08-13T05:31:35Z
2026-08-12,823833,699013,Esmerlyn Valdez,Pittsburgh Pirates,Miami Marlins,0,Janson Junk,676083,R,14,200,3.9,1.65,1.02,,1.04,0.92,1.0,,,,17.8,451,450,425,+462,1,4,0,0,2026-08-13T05:31:35Z
2026-08-12,823511,502671,Paul Goldschmidt,New York Yankees,Seattle Mariners,1,Bryce Miller,682243,R,16,328,3.8,1.37,0.98,,1.11,1.08,1.0,,,,17.5,,,,+471,0,0,0,0,2026-08-13T05:31:35Z
2026-08-12,823994,592626,Joc Pederson,Texas Rangers,Los Angeles Angels,0,George Klassen,691946,R,22,360,3.3,1.65,1.14,,0.97,1.02,1.0,,,,17.5,293,270,265,+471,1,3,0,0,2026-08-13T05:31:35Z
2026-08-12,825047,606466,Ketel Marte,Arizona Diamondbacks,Colorado Rockies,1,Ryan Feltner,663372,R,21,509,4.4,1.25,0.9,,1.19,1.01,1.0,,ROOF,,17.1,513,400,475,+485,1,5,0,0,2026-08-13T05:31:35Z
2026-08-12,824241,693307,Dillon Dingler,Detroit Tigers,Cleveland Guardians,1,Foster Griffin,656492,L,26,466,4.2,1.58,0.87,,1.09,0.95,1.0,,,,17.1,510,360,500,+485,1,5,0,0,2026-08-13T05:31:35Z
2026-08-12,824967,683748,Victor Mesa Jr.,Tampa Bay Rays,Athletics,0,Jack Perkins,678022,R,10,169,3.2,1.43,1.16,,1.12,1.0,1.0,,,,17.0,446,340,390,+488,1,5,0,0,2026-08-13T05:31:35Z
2026-08-12,825047,682998,Corbin Carroll,Arizona Diamondbacks,Colorado Rockies,1,Ryan Feltner,663372,R,17,507,4.3,1.07,1.07,,1.19,1.01,1.0,,ROOF,,17.0,407,390,390,+488,1,5,1,1,2026-08-13T05:31:35Z
2026-08-12,822698,682928,CJ Abrams,Washington Nationals,Chicago Cubs,1,David Peterson,656849,L,29,503,4.3,1.64,0.92,,0.92,1.0,1.0,,,,17.0,507,425,475,+488,1,5,0,0,2026-08-13T05:31:35Z
2026-08-12,825047,571448,Nolan Arenado,Arizona Diamondbacks,Colorado Rockies,1,Ryan Feltner,663372,R,18,442,3.9,1.23,1.02,,1.19,1.01,1.0,,ROOF,,16.9,610,525,575,+492,1,5,0,0,2026-08-13T05:31:35Z
2026-08-12,823916,571970,Max Muncy,Los Angeles Dodgers,Kansas City Royals,1,Daniel Lynch IV,663738,L,22,415,3.8,1.5,1.09,,0.86,1.1,1.0,,,,16.8,359,333,350,+495,1,3,0,0,2026-08-13T05:31:35Z
2026-08-12,823511,642708,Amed Rosario,New York Yankees,Seattle Mariners,1,Bryce Miller,682243,R,10,197,3.2,1.33,1.14,,1.11,1.08,1.0,,,,16.7,,,,+499,1,1,0,0,2026-08-13T05:31:35Z
2026-08-12,824883,686948,Drake Baldwin,Atlanta Braves,New York Mets,1,Zac Thornton,804267,L,20,432,4.5,1.35,1.01,,0.93,1.02,1.0,,,,16.7,433,390,425,+499,1,4,0,0,2026-08-13T05:31:35Z
2026-08-12,823263,664034,Ty France,San Diego Padres,Milwaukee Brewers,1,Dustin May,669160,R,17,334,3.5,1.42,1.17,,0.86,0.98,1.18,,WIND 9 OUT,,16.6,589,525,525,+502,1,5,0,0,2026-08-13T05:31:35Z
2026-08-12,823916,521692,Salvador Perez,Kansas City Royals,Los Angeles Dodgers,0,Eric Lauer,641778,L,16,470,4.2,1.08,0.98,,1.19,1.1,1.0,,,,16.6,338,310,320,+502,1,3,0,0,2026-08-13T05:31:35Z
2026-08-12,822779,575929,Willson Contreras,Boston Red Sox,Toronto Blue Jays,0,José Soriano,667755,R,23,447,4.1,1.48,1.04,,0.91,1.01,1.0,,,,16.5,517,425,500,+506,1,4,1,1,2026-08-13T05:31:35Z
2026-08-12,823994,687263,Zach Neto,Los Angeles Angels,Texas Rangers,1,Cal Quantrill,615698,R,20,524,4.5,1.18,1.05,,1.02,1.02,1.0,,,,16.5,410,340,390,+506,1,4,0,0,2026-08-13T05:31:35Z
2026-08-12,824883,596019,Francisco Lindor,New York Mets,Atlanta Braves,0,Tyler Mahle,641816,R,11,279,4.4,1.17,1.05,,1.02,1.02,1.0,,,,16.2,438,350,390,+517,1,4,0,0,2026-08-13T05:31:35Z
2026-08-12,823994,694671,Wyatt Langford,Texas Rangers,Los Angeles Angels,0,George Klassen,691946,R,13,292,4.3,1.27,1.05,,0.97,1.02,1.0,,,,16.2,440,310,390,+517,1,2,0,0,2026-08-13T05:31:35Z
2026-08-12,823017,607208,Trea Turner,Philadelphia Phillies,St. Louis Cardinals,0,Kyle Leahy,681517,R,17,521,4.4,1.05,1.13,,0.94,0.94,1.22,,WIND 11 OUT,,16.1,850,,700,+521,1,4,0,0,2026-08-13T05:31:35Z
2026-08-12,824967,666018,Jonathan Aranda,Tampa Bay Rays,Athletics,0,Jack Perkins,678022,R,15,507,4.4,0.98,1.17,,1.12,1.0,1.0,,,,16.1,358,340,390,+521,1,5,0,0,2026-08-13T05:31:35Z
2026-08-12,823994,608369,Corey Seager,Texas Rangers,Los Angeles Angels,0,George Klassen,691946,R,11,259,4.2,1.22,1.11,,0.97,1.02,1.0,,,,16.1,323,280,320,+521,1,4,1,1,2026-08-13T05:31:35Z
2026-08-12,823017,802139,JJ Wetherholt,St. Louis Cardinals,Philadelphia Phillies,1,Zack Wheeler,554430,R,16,517,4.5,1.01,1.04,,1.02,0.94,1.22,,WIND 11 OUT,,15.9,900,,750,+529,1,5,0,0,2026-08-13T05:31:35Z
2026-08-12,823263,701538,Jackson Merrill,San Diego Padres,Milwaukee Brewers,1,Dustin May,669160,R,19,494,4.2,1.19,1.12,,0.86,0.98,1.18,,WIND 9 OUT,,15.9,471,400,475,+529,1,5,0,0,2026-08-13T05:31:35Z
2026-08-12,824967,689414,Liam Hicks,Tampa Bay Rays,Athletics,0,Jack Perkins,678022,R,15,436,4.0,1.09,1.13,,1.12,1.0,1.0,,,,15.8,680,525,625,+533,1,5,1,1,2026-08-13T05:31:35Z
2026-08-12,823511,686527,Dominic Canzone,Seattle Mariners,New York Yankees,0,Will Warren,701542,R,18,348,3.3,1.44,1.06,,1.0,1.08,1.0,,,,15.7,342,325,330,+537,1,5,1,1,2026-08-13T05:31:35Z
2026-08-12,822779,677800,Wilyer Abreu,Boston Red Sox,Toronto Blue Jays,0,José Soriano,667755,R,21,504,4.3,1.26,1.1,,0.91,1.01,1.0,,,,15.7,479,400,425,+537,1,4,0,0,2026-08-13T05:31:35Z
2026-08-12,824883,682626,Francisco Alvarez,New York Mets,Atlanta Braves,0,Tyler Mahle,641816,R,13,307,3.7,1.24,1.13,,1.02,1.02,1.0,,,,15.6,469,450,425,+541,1,4,0,0,2026-08-13T05:31:35Z
2026-08-12,823916,677951,Bobby Witt Jr.,Kansas City Royals,Los Angeles Dodgers,0,Eric Lauer,641778,L,13,448,4.4,0.97,0.97,,1.19,1.1,1.0,,,,15.5,275,340,280,+545,1,5,0,0,2026-08-13T05:31:35Z
2026-08-12,823187,670623,Isaac Paredes,Houston Astros,San Francisco Giants,0,Adrian Houser,605288,R,15,484,4.2,1.01,1.17,,1.05,0.91,1.12,,WIND 6 OUT,,15.3,620,575,575,+554,1,4,0,0,2026-08-13T05:31:35Z
2026-08-12,823511,663757,Trent Grisham,New York Yankees,Seattle Mariners,1,Bryce Miller,682243,R,13,394,4.0,1.05,1.05,,1.11,1.08,1.0,,,,15.3,290,280,280,+554,1,5,2,1,2026-08-13T05:31:35Z
2026-08-12,824967,656775,Cedric Mullins,Tampa Bay Rays,Athletics,0,Jack Perkins,678022,R,13,393,3.8,1.06,1.18,,1.12,1.0,1.0,,,,15.2,438,390,390,+558,1,5,0,0,2026-08-13T05:31:35Z
2026-08-12,825047,650489,Willi Castro,Colorado Rockies,Arizona Diamondbacks,0,Merrill Kelly,518876,R,13,402,3.9,1.04,1.09,,1.16,1.01,1.0,,ROOF,,14.9,760,650,700,+571,1,4,0,0,2026-08-13T05:31:35Z
2026-08-12,823187,646240,Rafael Devers,San Francisco Giants,Houston Astros,1,Bryan King,687911,L,24,507,4.2,1.4,0.85,,1.01,0.91,1.12,,WIND 6 OUT,,14.8,424,390,400,+576,1,4,0,0,2026-08-13T05:31:35Z
2026-08-12,822779,672960,Kazuma Okamoto,Toronto Blue Jays,Boston Red Sox,1,Ranger Suarez,624133,L,24,475,4.1,1.46,0.98,,0.86,1.01,1.0,,,,14.7,,425,400,+580,1,4,0,0,2026-08-13T05:31:35Z
2026-08-12,823187,514888,Jose Altuve,Houston Astros,San Francisco Giants,0,Adrian Houser,605288,R,13,409,4.3,1.03,1.07,,1.05,0.91,1.12,,WIND 6 OUT,,14.6,,,,+585,0,0,0,0,2026-08-13T05:31:35Z
2026-08-12,824883,671739,Michael Harris II,Atlanta Braves,New York Mets,1,Zac Thornton,804267,L,20,457,4.0,1.3,1.02,,0.93,1.02,1.0,,,,14.6,505,450,500,+585,1,4,0,0,2026-08-13T05:31:35Z
2026-08-12,824883,645277,Ozzie Albies,Atlanta Braves,New York Mets,1,Zac Thornton,804267,L,20,515,4.3,1.2,1.03,,0.93,1.02,1.0,,,,14.6,501,390,500,+585,1,4,0,0,2026-08-13T05:31:35Z
2026-08-12,822698,621020,Dansby Swanson,Chicago Cubs,Washington Nationals,0,Jackson Kent,800600,L,17,447,3.9,1.17,1.1,,1.0,1.0,1.0,,,,14.5,497,390,475,+590,1,5,1,1,2026-08-13T05:31:35Z
2026-08-12,822698,664023,Ian Happ,Chicago Cubs,Washington Nationals,0,Jackson Kent,800600,L,20,495,4.3,1.23,0.95,,1.0,1.0,1.0,,,,14.5,387,475,390,+590,1,3,0,0,2026-08-13T05:31:35Z
2026-08-12,823994,669394,Jake Burger,Texas Rangers,Los Angeles Angels,0,George Klassen,691946,R,19,460,4.0,1.25,1.02,,0.97,1.02,1.0,,,,14.5,445,340,425,+590,1,4,0,0,2026-08-13T05:31:35Z
2026-08-12,823187,673237,Yainer Diaz,Houston Astros,San Francisco Giants,0,Adrian Houser,605288,R,8,238,3.8,1.06,1.16,,1.05,0.91,1.12,,WIND 6 OUT,,14.4,,,,+594,0,0,0,0,2026-08-13T05:31:35Z
2026-08-12,823833,665052,Griffin Conine,Miami Marlins,Pittsburgh Pirates,1,Carmen Mlodzinski,669387,R,12,170,3.2,1.6,1.2,,0.88,0.92,1.0,,,,14.4,464,475,475,+594,1,5,1,1,2026-08-13T05:31:35Z
2026-08-12,823511,677594,Julio Rodríguez,Seattle Mariners,New York Yankees,0,Will Warren,701542,R,18,470,4.3,1.18,0.91,,1.0,1.08,1.0,,,,14.4,418,333,400,+594,1,5,1,1,2026-08-13T05:31:35Z
2026-08-12,823916,695600,Carter Jensen,Kansas City Royals,Los Angeles Dodgers,0,Eric Lauer,641778,L,16,444,4.0,1.13,0.85,,1.19,1.1,1.0,,,,14.4,528,425,500,+594,1,4,0,0,2026-08-13T05:31:35Z
2026-08-12,823672,683002,Gunnar Henderson,Baltimore Orioles,Minnesota Twins,0,Zebby Matthews,805673,R,19,542,4.5,1.11,1.02,,1.15,0.99,0.86,,WIND 7 IN,,14.3,750,,625,+599,1,5,0,0,2026-08-13T05:31:35Z
2026-08-12,823017,669016,Brandon Marsh,Philadelphia Phillies,St. Louis Cardinals,0,Kyle Leahy,681517,R,16,459,3.9,1.1,1.07,,0.94,0.94,1.22,,WIND 11 OUT,,14.3,900,,750,+599,1,2,0,0,2026-08-13T05:31:35Z
2026-08-12,822698,621438,Tyrone Taylor,Chicago Cubs,Washington Nationals,0,Jackson Kent,800600,L,10,174,3.2,1.41,1.09,,1.0,1.0,1.0,,,,14.3,670,450,625,+599,1,2,0,0,2026-08-13T05:31:35Z
2026-08-12,823916,681624,Andy Pages,Los Angeles Dodgers,Kansas City Royals,1,Daniel Lynch IV,663738,L,19,513,4.3,1.15,1.05,,0.86,1.1,1.0,,,,14.2,359,360,350,+604,1,4,0,0,2026-08-13T05:31:35Z
2026-08-12,824967,680869,Zack Gelof,Athletics,Tampa Bay Rays,1,Drew Rasmussen,656876,R,12,255,3.7,1.3,1.08,,0.94,1.0,1.0,,,,14.1,537,360,500,+609,1,4,1,1,2026-08-13T05:31:35Z
2026-08-12,825047,543510,James McCann,Arizona Diamondbacks,Colorado Rockies,1,Ryan Feltner,663372,R,4,113,3.3,1.06,1.15,,1.19,1.01,1.0,,ROOF,,14.1,,,,+609,0,0,0,0,2026-08-13T05:31:35Z
2026-08-12,824967,650490,Yandy Díaz,Tampa Bay Rays,Athletics,0,Jack Perkins,678022,R,17,505,4.4,1.07,0.92,,1.12,1.0,1.0,,,,14.0,462,375,400,+614,1,5,0,0,2026-08-13T05:31:35Z
2026-08-12,823511,663728,Cal Raleigh,Seattle Mariners,New York Yankees,0,Will Warren,701542,R,12,363,4.2,1.05,1.01,,1.0,1.08,1.0,,,,13.9,295,280,280,+619,1,4,0,0,2026-08-13T05:31:35Z
2026-08-12,825047,681198,TJ Rumfield,Colorado Rockies,Arizona Diamondbacks,0,Merrill Kelly,518876,R,13,469,4.0,0.94,1.09,,1.16,1.01,1.0,,ROOF,,13.8,800,575,700,+625,1,5,0,0,2026-08-13T05:31:35Z
2026-08-12,823511,641857,Ryan McMahon,New York Yankees,Seattle Mariners,1,Bryce Miller,682243,R,10,286,3.2,1.09,1.14,,1.11,1.08,1.0,,,,13.8,446,425,425,+625,1,4,0,0,2026-08-13T05:31:35Z
2026-08-12,822779,680776,Jarren Duran,Boston Red Sox,Toronto Blue Jays,0,José Soriano,667755,R,16,475,4.2,1.07,1.16,,0.91,1.01,1.0,,,,13.8,750,650,700,+625,1,4,0,0,2026-08-13T05:31:35Z
2026-08-12,824883,660670,Ronald Acuña Jr.,Atlanta Braves,New York Mets,1,Zac Thornton,804267,L,12,301,4.4,1.19,0.96,,0.93,1.02,1.0,,,,13.8,370,310,350,+625,1,4,0,0,2026-08-13T05:31:35Z
2026-08-12,823263,657757,Gavin Sheets,San Diego Padres,Milwaukee Brewers,1,Dustin May,669160,R,15,382,3.4,1.19,1.17,,0.86,0.98,1.18,,WIND 9 OUT,,13.7,581,525,525,+630,1,3,0,0,2026-08-13T05:31:35Z
2026-08-12,823511,668227,Randy Arozarena,Seattle Mariners,New York Yankees,0,Will Warren,701542,R,15,478,4.3,1.02,1.0,,1.0,1.08,1.0,,,,13.7,492,390,500,+630,1,5,1,1,2026-08-13T05:31:35Z
2026-08-12,823187,642715,Willy Adames,San Francisco Giants,Houston Astros,1,Bryan King,687911,L,19,481,4.2,1.21,0.9,,1.01,0.91,1.12,,WIND 6 OUT,,13.6,494,450,500,+635,1,4,0,0,2026-08-13T05:31:35Z
2026-08-12,824241,679529,Spencer Torkelson,Detroit Tigers,Cleveland Guardians,1,Foster Griffin,656492,L,20,468,4.0,1.28,0.88,,1.09,0.95,1.0,,,,13.6,503,333,475,+635,1,4,0,0,2026-08-13T05:31:35Z
2026-08-12,824883,543760,Marcus Semien,New York Mets,Atlanta Braves,0,Tyler Mahle,641816,R,14,400,3.9,1.1,1.05,,1.02,1.02,1.0,,,,13.6,630,500,525,+635,1,2,0,0,2026-08-13T05:31:35Z
2026-08-12,822698,686611,Dylan Crews,Washington Nationals,Chicago Cubs,1,David Peterson,656849,L,10,284,4.1,1.09,1.13,,0.92,1.0,1.0,,,,13.5,433,390,400,+641,1,5,0,0,2026-08-13T05:31:35Z
2026-08-12,823511,676609,José Caballero,New York Yankees,Seattle Mariners,1,Bryce Miller,682243,R,12,353,3.5,1.07,1.03,,1.11,1.08,1.0,,,,13.5,,,,+641,0,0,0,0,2026-08-13T05:31:35Z
2026-08-12,823017,656537,Derek Hill,Philadelphia Phillies,St. Louis Cardinals,0,Kyle Leahy,681517,R,9,174,3.2,1.32,1.01,,0.94,0.94,1.22,,WIND 11 OUT,,13.4,,,,+646,0,0,0,0,2026-08-13T05:31:35Z
2026-08-12,824241,666176,Jo Adell,Cleveland Guardians,Detroit Tigers,0,Framber Valdez,664285,L,17,488,4.1,1.1,1.2,,0.89,0.95,1.0,,,,13.4,620,400,500,+646,1,5,1,1,2026-08-13T05:31:35Z
2026-08-12,825047,664983,Jake McCarthy,Colorado Rockies,Arizona Diamondbacks,0,Merrill Kelly,518876,R,13,407,3.9,1.03,0.97,,1.16,1.01,1.0,,ROOF,,13.3,960,650,750,+652,1,5,0,0,2026-08-13T05:31:35Z
2026-08-12,824562,663886,Tyler Stephenson,Cincinnati Reds,Chicago White Sox,0,Luis Castillo,622491,R,10,324,3.6,1.01,1.13,,1.07,1.05,1.0,,,,13.3,534,450,500,+652,1,1,0,0,2026-08-13T05:31:35Z
2026-08-12,824967,668723,Ryan Vilade,Tampa Bay Rays,Athletics,0,Jack Perkins,678022,R,9,196,3.2,1.25,1.01,,1.12,1.0,1.0,,,,13.2,,,,+658,0,0,0,0,2026-08-13T05:31:35Z
2026-08-12,824967,691016,Tyler Soderstrom,Athletics,Tampa Bay Rays,1,Drew Rasmussen,656876,R,19,444,4.1,1.28,0.93,,0.94,1.0,1.0,,,,13.2,443,340,425,+658,1,4,0,0,2026-08-13T05:31:35Z
2026-08-12,823187,805811,Bryce Eldridge,San Francisco Giants,Houston Astros,1,Bryan King,687911,L,12,314,4.1,1.16,0.93,,1.01,0.91,1.12,,WIND 6 OUT,,13.2,490,600,500,+658,1,4,0,0,2026-08-13T05:31:35Z
2026-08-12,823511,702284,Cole Young,Seattle Mariners,New York Yankees,0,Will Warren,701542,R,14,481,4.0,0.97,1.08,,1.0,1.08,1.0,,,,13.1,572,475,525,+663,1,4,0,0,2026-08-13T05:31:35Z
2026-08-12,823511,671218,Heliot Ramos,New York Yankees,Seattle Mariners,1,Bryce Miller,682243,R,9,331,4.1,0.93,0.98,,1.11,1.08,1.0,,,,13.1,435,390,400,+663,1,4,0,0,2026-08-13T05:31:35Z
2026-08-12,823263,596142,Gary Sánchez,Milwaukee Brewers,San Diego Padres,0,Robbie Ray,592662,L,9,201,3.2,1.24,0.99,,0.99,0.98,1.18,,WIND 9 OUT,,13.0,496,333,475,+669,1,5,1,1,2026-08-13T05:31:35Z
2026-08-12,822698,624424,Michael Conforto,Chicago Cubs,Washington Nationals,0,Jackson Kent,800600,L,9,209,3.2,1.21,1.15,,1.0,1.0,1.0,,,,13.0,,,,+669,0,0,0,0,2026-08-13T05:31:35Z
2026-08-12,823916,686681,Michael Massey,Kansas City Royals,Los Angeles Dodgers,0,Eric Lauer,641778,L,9,332,3.3,0.93,1.08,,1.19,1.1,1.0,,,,12.7,585,525,500,+687,1,1,0,0,2026-08-13T05:31:35Z
2026-08-12,823672,665019,Kody Clemens,Minnesota Twins,Baltimore Orioles,1,Shane Baz,669358,R,20,425,4.0,1.37,1.07,,0.86,0.99,0.86,,WIND 7 IN,,12.6,600,,500,+694,1,5,0,0,2026-08-13T05:31:35Z
2026-08-12,823017,663494,Bryan Torres,St. Louis Cardinals,Philadelphia Phillies,1,Zack Wheeler,554430,R,4,114,3.2,1.05,1.08,,1.02,0.94,1.22,,WIND 11 OUT,,12.5,,,,+700,0,0,0,0,2026-08-13T05:31:35Z
2026-08-12,824967,676356,Jonny DeLuca,Tampa Bay Rays,Athletics,0,Jack Perkins,678022,R,8,234,3.2,1.07,1.12,,1.12,1.0,1.0,,,,12.5,547,400,500,+700,1,5,0,0,2026-08-13T05:31:35Z
2026-08-12,825047,694374,Tim Tawa,Arizona Diamondbacks,Colorado Rockies,1,Ryan Feltner,663372,R,6,196,3.2,1.0,1.11,,1.19,1.01,1.0,,ROOF,,12.5,670,600,625,+700,1,3,0,0,2026-08-13T05:31:35Z
2026-08-12,823187,701358,Cam Smith,Houston Astros,San Francisco Giants,0,Adrian Houser,605288,R,16,435,3.7,1.14,0.95,,1.05,0.91,1.12,,WIND 6 OUT,,12.5,780,725,700,+700,1,3,0,0,2026-08-13T05:31:35Z
2026-08-12,823833,682848,Endy Rodríguez,Pittsburgh Pirates,Miami Marlins,0,Janson Junk,676083,R,7,159,3.5,1.2,1.08,,1.04,0.92,1.0,,,,12.5,,,,+700,0,0,0,0,2026-08-13T05:31:35Z
2026-08-12,823187,666211,Taylor Trammell,Houston Astros,San Francisco Giants,0,Adrian Houser,605288,R,7,186,3.2,1.11,1.11,,1.05,0.91,1.12,,WIND 6 OUT,,12.4,730,650,575,+706,1,3,0,0,2026-08-13T05:31:35Z
2026-08-12,823916,606192,Teoscar Hernández,Los Angeles Dodgers,Kansas City Royals,1,Daniel Lynch IV,663738,L,11,328,3.9,1.06,1.08,,0.86,1.1,1.0,,,,12.3,442,350,390,+713,1,3,0,0,2026-08-13T05:31:35Z
2026-08-12,824883,672356,Gabriel Arias,New York Mets,Atlanta Braves,0,Tyler Mahle,641816,R,5,139,3.2,1.07,1.16,,1.02,1.02,1.0,,,,12.2,,,,+720,0,0,0,0,2026-08-13T05:31:35Z
2026-08-12,823672,680777,Ryan Jeffers,Minnesota Twins,Baltimore Orioles,1,Shane Baz,669358,R,10,240,4.1,1.2,1.15,,0.86,0.99,0.86,,WIND 7 IN,,12.1,,,,+726,0,0,0,0,2026-08-13T05:31:35Z
2026-08-12,825047,664954,Brett Sullivan,Colorado Rockies,Arizona Diamondbacks,0,Merrill Kelly,518876,R,5,159,3.2,1.01,1.09,,1.16,1.01,1.0,,ROOF,,12.1,940,725,750,+726,1,4,1,1,2026-08-13T05:31:35Z
2026-08-12,823263,668930,Brice Turang,Milwaukee Brewers,San Diego Padres,0,Robbie Ray,592662,L,16,517,4.5,1.01,0.8,,0.99,0.98,1.18,,WIND 9 OUT,,12.1,740,650,700,+726,1,6,0,0,2026-08-13T05:31:35Z
2026-08-12,823511,680977,Brendan Donovan,Seattle Mariners,New York Yankees,0,Will Warren,701542,R,3,118,3.9,0.94,1.05,,1.0,1.08,1.0,,,,12.1,680,575,625,+726,1,4,0,0,2026-08-13T05:31:35Z
2026-08-12,825047,694249,Cole Carrigg,Colorado Rockies,Arizona Diamondbacks,0,Merrill Kelly,518876,R,5,204,3.9,0.9,0.99,,1.16,1.01,1.0,,ROOF,,11.9,880,550,750,+740,1,5,0,0,2026-08-13T05:31:35Z
2026-08-12,822698,691781,Brady House,Washington Nationals,Chicago Cubs,1,David Peterson,656849,L,8,224,3.9,1.09,1.04,,0.92,1.0,1.0,,,,11.9,545,550,525,+740,1,5,0,0,2026-08-13T05:31:35Z
2026-08-12,824562,545341,Randal Grichuk,Chicago White Sox,Cincinnati Reds,1,Rhett Lowder,695076,R,9,185,3.2,1.29,0.97,,0.97,1.05,1.0,,,,11.9,,,,+740,1,1,0,0,2026-08-13T05:31:35Z
2026-08-12,823916,605141,Mookie Betts,Los Angeles Dodgers,Kansas City Royals,1,Daniel Lynch IV,663738,L,14,350,4.2,1.2,0.86,,0.86,1.1,1.0,,,,11.9,516,425,500,+740,1,4,1,1,2026-08-13T05:31:35Z
2026-08-12,824562,643217,Andrew Benintendi,Chicago White Sox,Cincinnati Reds,1,Rhett Lowder,695076,R,12,352,3.4,1.08,1.09,,0.97,1.05,1.0,,,,11.8,518,475,500,+747,1,3,0,0,2026-08-13T05:31:35Z
2026-08-12,823017,671056,Iván Herrera,St. Louis Cardinals,Philadelphia Phillies,1,Zack Wheeler,554430,R,13,531,4.4,0.86,0.91,,1.02,0.94,1.22,,WIND 11 OUT,,11.7,1000,,850,+755,1,5,0,0,2026-08-13T05:31:35Z
2026-08-12,823263,592885,Christian Yelich,Milwaukee Brewers,San Diego Padres,0,Robbie Ray,592662,L,8,362,4.4,0.82,0.97,,0.99,0.98,1.18,,WIND 9 OUT,,11.7,,,,+755,0,0,0,0,2026-08-13T05:31:35Z
2026-08-12,823511,682987,Spencer Jones,New York Yankees,Seattle Mariners,1,Bryce Miller,682243,R,5,136,3.2,1.08,0.96,,1.11,1.08,1.0,,,,11.7,464,390,425,+755,1,5,0,0,2026-08-13T05:31:35Z
2026-08-12,822779,678882,Ceddanne Rafaela,Boston Red Sox,Toronto Blue Jays,0,José Soriano,667755,R,16,480,4.2,1.07,0.98,,0.91,1.01,1.0,,,,11.7,910,575,750,+755,1,4,0,0,2026-08-13T05:31:35Z
2026-08-12,823994,677649,Ezequiel Duran,Texas Rangers,Los Angeles Angels,0,George Klassen,691946,R,13,423,3.8,1.01,1.06,,0.97,1.02,1.0,,,,11.7,880,500,700,+755,1,4,0,0,2026-08-13T05:31:35Z
2026-08-12,823833,687462,Spencer Horwitz,Pittsburgh Pirates,Miami Marlins,0,Janson Junk,676083,R,10,325,4.0,1.01,1.04,,1.04,0.92,1.0,,,,11.6,610,650,575,+762,1,4,0,0,2026-08-13T05:31:35Z
2026-08-12,823511,806068,Colt Emerson,Seattle Mariners,New York Yankees,0,Will Warren,701542,R,8,237,3.5,1.06,0.99,,1.0,1.08,1.0,,,,11.6,610,525,525,+762,1,4,0,0,2026-08-13T05:31:35Z
2026-08-12,823994,687093,Vaughn Grissom,Los Angeles Angels,Texas Rangers,1,Cal Quantrill,615698,R,7,299,3.8,0.86,1.17,,1.02,1.02,1.0,,,,11.6,810,600,700,+762,1,4,0,0,2026-08-13T05:31:35Z
2026-08-12,824883,701807,Carson Benge,New York Mets,Atlanta Braves,0,Tyler Mahle,641816,R,13,476,4.1,0.93,0.99,,1.02,1.02,1.0,,,,11.5,640,575,525,+770,1,4,0,0,2026-08-13T05:31:35Z
2026-08-12,823994,642350,Jose Siri,Los Angeles Angels,Texas Rangers,1,Cal Quantrill,615698,R,7,142,3.2,1.26,0.94,,1.02,1.02,1.0,,,,11.5,,,,+770,1,2,0,0,2026-08-13T05:31:35Z
2026-08-12,823994,666139,Josh Lowe,Los Angeles Angels,Texas Rangers,1,Cal Quantrill,615698,R,8,229,3.2,1.08,1.1,,1.02,1.02,1.0,,,,11.5,600,550,575,+770,1,2,0,0,2026-08-13T05:31:35Z
2026-08-12,824241,608070,José Ramírez,Cleveland Guardians,Detroit Tigers,0,Framber Valdez,664285,L,10,380,4.3,0.91,1.17,,0.89,0.95,1.0,,,,11.4,518,525,500,+777,1,5,0,0,2026-08-13T05:31:35Z
2026-08-12,822698,683737,Michael Busch,Chicago Cubs,Washington Nationals,0,Jackson Kent,800600,L,14,536,4.5,0.9,0.97,,1.0,1.0,1.0,,,,11.4,414,390,390,+777,1,5,0,0,2026-08-13T05:31:35Z
2026-08-12,824883,673357,Luis Robert Jr.,New York Mets,Atlanta Braves,0,Tyler Mahle,641816,R,5,163,3.9,1.0,0.95,,1.02,1.02,1.0,,,,11.4,575,,525,+777,1,4,1,1,2026-08-13T05:31:35Z
2026-08-12,823916,686475,Tyler Tolbert,Kansas City Royals,Los Angeles Dodgers,0,Eric Lauer,641778,L,3,101,3.2,0.99,0.94,,1.19,1.1,1.0,,,,11.4,970,550,750,+777,1,3,0,0,2026-08-13T05:31:35Z
2026-08-12,823511,669224,Austin Wells,New York Yankees,Seattle Mariners,1,Bryce Miller,682243,R,8,271,3.2,0.98,1.02,,1.11,1.08,1.0,,,,11.3,382,450,400,+785,1,2,0,0,2026-08-13T05:31:35Z
2026-08-12,823672,686797,Brooks Lee,Minnesota Twins,Baltimore Orioles,1,Shane Baz,669358,R,17,463,4.0,1.14,1.14,,0.86,0.99,0.86,,WIND 7 IN,,11.2,1200,,750,+793,1,4,0,0,2026-08-13T05:31:35Z
2026-08-12,823017,699625,Jimmy Crooks,St. Louis Cardinals,Philadelphia Phillies,1,Zack Wheeler,554430,R,4,118,3.2,1.04,0.98,,1.02,0.94,1.22,,WIND 11 OUT,,11.2,850,,750,+793,1,4,0,0,2026-08-13T05:31:35Z
2026-08-12,824241,656555,Rhys Hoskins,Cleveland Guardians,Detroit Tigers,0,Framber Valdez,664285,L,13,307,3.3,1.24,1.1,,0.89,0.95,1.0,,,,11.2,531,500,500,+793,1,3,0,0,2026-08-13T05:31:35Z
2026-08-12,823833,691788,Joe Mack,Miami Marlins,Pittsburgh Pirates,1,Carmen Mlodzinski,669387,R,11,232,3.2,1.3,1.14,,0.88,0.92,1.0,,,,11.2,740,725,700,+793,1,4,0,0,2026-08-13T05:31:35Z
2026-08-12,823916,518692,Freddie Freeman,Los Angeles Dodgers,Kansas City Royals,1,Daniel Lynch IV,663738,L,15,502,4.3,0.99,0.94,,0.86,1.1,1.0,,,,11.0,504,425,425,+809,1,3,0,0,2026-08-13T05:31:35Z
2026-08-12,825047,672695,Geraldo Perdomo,Arizona Diamondbacks,Colorado Rockies,1,Ryan Feltner,663372,R,9,501,4.3,0.71,1.02,,1.19,1.01,1.0,,ROOF,,10.9,930,800,850,+817,1,6,0,0,2026-08-13T05:31:35Z
2026-08-12,824241,650402,Gleyber Torres,Detroit Tigers,Cleveland Guardians,1,Foster Griffin,656492,L,7,275,4.4,0.9,0.9,,1.09,0.95,1.0,,,,10.9,583,450,525,+817,1,5,1,1,2026-08-13T05:31:35Z
2026-08-12,824241,681546,James Outman,Detroit Tigers,Cleveland Guardians,1,Foster Griffin,656492,L,5,168,3.2,0.99,1.12,,1.09,0.95,1.0,,,,10.9,,,,+817,1,2,0,0,2026-08-13T05:31:35Z
2026-08-12,823833,683357,Owen Caissie,Miami Marlins,Pittsburgh Pirates,1,Carmen Mlodzinski,669387,R,12,272,3.2,1.26,1.14,,0.88,0.92,1.0,,,,10.9,610,725,575,+817,1,1,0,0,2026-08-13T05:31:35Z
2026-08-12,822698,608324,Alex Bregman,Chicago Cubs,Washington Nationals,0,Jackson Kent,800600,L,13,537,4.6,0.85,0.95,,1.0,1.0,1.0,,,,10.9,536,425,500,+817,1,5,3,1,2026-08-13T05:31:35Z
2026-08-12,822698,665953,Andrés Chaparro,Washington Nationals,Chicago Cubs,1,David Peterson,656849,L,6,118,3.2,1.25,1.01,,0.92,1.0,1.0,,,,10.9,489,525,500,+817,1,3,0,0,2026-08-13T05:31:35Z
2026-08-12,823994,679822,Justin Foscue,Texas Rangers,Los Angeles Angels,0,George Klassen,691946,R,7,157,3.2,1.2,0.98,,0.97,1.02,1.0,,,,10.9,,,,+817,1,1,0,0,2026-08-13T05:31:35Z
2026-08-12,823017,686780,Pedro Pagés,St. Louis Cardinals,Philadelphia Phillies,1,Zack Wheeler,554430,R,4,174,3.2,0.89,1.11,,1.02,0.94,1.22,,WIND 11 OUT,,10.8,,,,+826,0,0,0,0,2026-08-13T05:31:35Z
2026-08-12,823833,681715,Heriberto Hernández,Miami Marlins,Pittsburgh Pirates,1,Carmen Mlodzinski,669387,R,16,320,3.6,1.39,0.91,,0.88,0.92,1.0,,,,10.8,532,525,500,+826,1,5,1,1,2026-08-13T05:31:35Z
2026-08-12,823263,669134,Luis Campusano,San Diego Padres,Milwaukee Brewers,1,Dustin May,669160,R,5,139,3.3,1.07,1.03,,0.86,0.98,1.18,,WIND 9 OUT,,10.7,,,,+835,1,2,0,0,2026-08-13T05:31:35Z
2026-08-12,824241,682985,Riley Greene,Detroit Tigers,Cleveland Guardians,1,Foster Griffin,656492,L,16,492,4.2,1.05,0.8,,1.09,0.95,1.0,,,,10.7,,,,+835,0,0,0,0,2026-08-13T05:31:35Z
2026-08-12,823263,661388,William Contreras,Milwaukee Brewers,San Diego Padres,0,Robbie Ray,592662,L,11,476,4.3,0.83,0.89,,0.99,0.98,1.18,,WIND 9 OUT,,10.6,541,425,475,+843,1,5,0,0,2026-08-13T05:31:35Z
2026-08-12,824241,805808,Kevin McGonigle,Detroit Tigers,Cleveland Guardians,1,Foster Griffin,656492,L,12,519,4.5,0.83,0.94,,1.09,0.95,1.0,,,,10.6,670,600,625,+843,1,5,0,0,2026-08-13T05:31:35Z
2026-08-12,823833,668804,Bryan Reynolds,Pittsburgh Pirates,Miami Marlins,0,Janson Junk,676083,R,15,526,4.3,0.95,0.93,,1.04,0.92,1.0,,,,10.6,610,650,575,+843,1,4,0,0,2026-08-13T05:31:35Z
2026-08-12,822698,608348,Carson Kelly,Chicago Cubs,Washington Nationals,0,Jackson Kent,800600,L,7,316,3.6,0.83,1.2,,1.0,1.0,1.0,,,,10.6,640,425,525,+843,1,5,0,0,2026-08-13T05:31:35Z
2026-08-12,824883,676724,Jared Young,New York Mets,Atlanta Braves,0,Tyler Mahle,641816,R,7,228,3.2,1.0,1.07,,1.02,1.02,1.0,,,,10.6,610,500,525,+843,1,4,0,0,2026-08-13T05:31:35Z
2026-08-12,824562,680574,Matt McLain,Cincinnati Reds,Chicago White Sox,0,Luis Castillo,622491,R,10,348,3.7,0.96,0.9,,1.07,1.05,1.0,,,,10.6,650,650,575,+843,1,3,0,0,2026-08-13T05:31:35Z
2026-08-12,823672,691723,Coby Mayo,Baltimore Orioles,Minnesota Twins,0,Zebby Matthews,805673,R,15,306,3.3,1.37,0.8,,1.15,0.99,0.86,,WIND 7 IN,,10.4,,,,+862,1,1,0,0,2026-08-13T05:31:35Z
2026-08-12,823017,592663,J.T. Realmuto,Philadelphia Phillies,St. Louis Cardinals,0,Kyle Leahy,681517,R,8,333,3.7,0.87,1.02,,0.94,0.94,1.22,,WIND 11 OUT,,10.4,700,,700,+862,1,3,0,0,2026-08-13T05:31:35Z
2026-08-12,823017,701675,Nathan Church,St. Louis Cardinals,Philadelphia Phillies,1,Zack Wheeler,554430,R,9,333,3.3,0.93,0.98,,1.02,0.94,1.22,,WIND 11 OUT,,10.4,1100,,950,+862,1,4,0,0,2026-08-13T05:31:35Z
2026-08-12,824562,691011,Drew Romo,Chicago White Sox,Cincinnati Reds,1,Rhett Lowder,695076,R,5,160,3.4,1.01,1.01,,0.97,1.05,1.0,,,,10.4,800,725,700,+862,1,4,1,1,2026-08-13T05:31:35Z
2026-08-12,825047,678662,Ezequiel Tovar,Colorado Rockies,Arizona Diamondbacks,0,Merrill Kelly,518876,R,9,404,3.7,0.82,0.99,,1.16,1.01,1.0,,ROOF,,10.3,,,,+871,1,1,0,0,2026-08-13T05:31:35Z
2026-08-12,824241,682657,Angel Martínez,Cleveland Guardians,Detroit Tigers,0,Framber Valdez,664285,L,12,292,3.6,1.21,0.95,,0.89,0.95,1.0,,,,10.3,840,725,750,+871,1,5,0,0,2026-08-13T05:31:35Z
2026-08-12,822779,668939,Adley Rutschman,Boston Red Sox,Toronto Blue Jays,0,José Soriano,667755,R,8,289,4.2,0.95,0.97,,0.91,1.01,1.0,,,,10.3,,,,+871,1,4,0,0,2026-08-13T05:31:35Z
2026-08-12,823017,664761,Alec Bohm,Philadelphia Phillies,St. Louis Cardinals,0,Kyle Leahy,681517,R,13,470,4.0,0.94,0.86,,0.94,0.94,1.22,,WIND 11 OUT,,10.2,750,,750,+880,1,3,0,0,2026-08-13T05:31:35Z
2026-08-12,824562,682622,Noelvi Marte,Cincinnati Reds,Chicago White Sox,0,Luis Castillo,622491,R,6,191,3.4,1.01,0.9,,1.07,1.05,1.0,,,,10.2,,,,+880,1,1,0,0,2026-08-13T05:31:35Z
2026-08-12,823672,681297,Colton Cowser,Baltimore Orioles,Minnesota Twins,0,Zebby Matthews,805673,R,9,286,3.2,1.02,1.08,,1.15,0.99,0.86,,WIND 7 IN,,10.1,,,,+890,1,1,0,0,2026-08-13T05:31:35Z
2026-08-12,823672,668904,Royce Lewis,Minnesota Twins,Baltimore Orioles,1,Shane Baz,669358,R,13,353,4.1,1.13,1.01,,0.86,0.99,0.86,,WIND 7 IN,,10.1,475,,425,+890,1,5,0,0,2026-08-13T05:31:35Z
2026-08-12,825047,672515,Gabriel Moreno,Arizona Diamondbacks,Colorado Rockies,1,Ryan Feltner,663372,R,8,381,4.1,0.8,0.87,,1.19,1.01,1.0,,ROOF,,10.1,860,800,750,+890,1,5,0,0,2026-08-13T05:31:35Z
2026-08-12,823916,664728,Kyle Isbel,Kansas City Royals,Los Angeles Dodgers,0,Eric Lauer,641778,L,4,209,3.3,0.81,0.98,,1.19,1.1,1.0,,,,10.1,930,800,750,+890,0,0,0,0,2026-08-13T05:31:35Z
2026-08-12,823994,607043,Brandon Nimmo,Texas Rangers,Los Angeles Angels,0,George Klassen,691946,R,13,482,4.2,0.92,0.9,,0.97,1.02,1.0,,,,10.1,395,425,390,+890,1,4,0,0,2026-08-13T05:31:35Z
2026-08-12,825047,596146,Max Kepler,Arizona Diamondbacks,Colorado Rockies,1,Ryan Feltner,663372,R,2,110,3.5,0.86,0.94,,1.19,1.01,1.0,,ROOF,,10.0,582,600,525,+900,1,5,0,0,2026-08-13T05:31:35Z
2026-08-12,823511,647304,Josh Naylor,Seattle Mariners,New York Yankees,0,Will Warren,701542,R,10,474,4.3,0.78,0.94,,1.0,1.08,1.0,,,,10.0,536,400,500,+900,1,4,0,0,2026-08-13T05:31:35Z
2026-08-12,824241,663993,Nathaniel Lowe,Cleveland Guardians,Detroit Tigers,0,Framber Valdez,664285,L,13,295,3.4,1.27,0.92,,0.89,0.95,1.0,,,,9.9,,,,+910,1,2,0,0,2026-08-13T05:31:35Z
2026-08-12,822779,543807,George Springer,Toronto Blue Jays,Boston Red Sox,1,Ranger Suarez,624133,L,12,386,4.3,1.01,0.89,,0.86,1.01,1.0,,,,9.9,620,550,575,+910,1,1,0,0,2026-08-13T05:31:35Z
2026-08-12,823994,694208,Moisés Ballesteros,Los Angeles Angels,Texas Rangers,1,Cal Quantrill,615698,R,6,205,3.2,0.98,1.03,,1.02,1.02,1.0,,,,9.9,700,500,575,+910,1,4,0,0,2026-08-13T05:31:35Z
2026-08-12,823833,694378,Jacob Gonzalez,Pittsburgh Pirates,Miami Marlins,0,Janson Junk,676083,R,5,156,3.2,1.02,1.07,,1.04,0.92,1.0,,,,9.8,820,650,700,+920,1,3,0,0,2026-08-13T05:31:35Z
2026-08-12,823672,669236,Jeremiah Jackson,Baltimore Orioles,Minnesota Twins,0,Zebby Matthews,805673,R,7,241,3.2,0.97,1.08,,1.15,0.99,0.86,,WIND 7 IN,,9.7,,,,+931,0,0,0,0,2026-08-13T05:31:35Z
2026-08-12,824967,641680,Jonah Heim,Athletics,Tampa Bay Rays,1,Drew Rasmussen,656876,R,11,273,3.7,1.19,0.8,,0.94,1.0,1.0,,,,9.7,,,,+931,0,0,0,0,2026-08-13T05:31:35Z
2026-08-12,823833,680779,Henry Davis,Pittsburgh Pirates,Miami Marlins,0,Janson Junk,676083,R,8,240,3.2,1.05,1.03,,1.04,0.92,1.0,,,,9.7,720,725,700,+931,1,3,0,0,2026-08-13T05:31:35Z
2026-08-12,823511,642215,Weston Wilson,Seattle Mariners,New York Yankees,0,Will Warren,701542,R,3,108,3.2,0.97,0.98,,1.0,1.08,1.0,,,,9.7,,,,+931,0,0,0,0,2026-08-13T05:31:35Z
2026-08-12,824562,803011,Sam Antonacci,Chicago White Sox,Cincinnati Reds,1,Rhett Lowder,695076,R,8,390,4.0,0.78,1.04,,0.97,1.05,1.0,,,,9.7,740,775,700,+931,1,5,0,0,2026-08-13T05:31:35Z
2026-08-12,823672,605137,Josh Bell,Minnesota Twins,Baltimore Orioles,1,Shane Baz,669358,R,16,471,4.0,1.08,1.03,,0.86,0.99,0.86,,WIND 7 IN,,9.6,650,,525,+942,1,5,0,0,2026-08-13T05:31:35Z
2026-08-12,824241,595879,Javier Báez,Detroit Tigers,Cleveland Guardians,1,Foster Griffin,656492,L,2,122,3.7,0.82,1.03,,1.09,0.95,1.0,,,,9.6,1100,,950,+942,1,4,0,0,2026-08-13T05:31:35Z
2026-08-12,823672,641933,Tyler O'Neill,Baltimore Orioles,Minnesota Twins,0,Zebby Matthews,805673,R,10,232,3.2,1.22,0.84,,1.15,0.99,0.86,,WIND 7 IN,,9.5,750,,425,+953,1,4,0,0,2026-08-13T05:31:35Z
2026-08-12,824967,691777,Max Muncy,Athletics,Tampa Bay Rays,1,Drew Rasmussen,656876,R,5,195,3.5,0.92,1.07,,0.94,1.0,1.0,,,,9.5,,,,+953,1,4,0,0,2026-08-13T05:31:35Z
2026-08-12,824883,805999,A.J. Ewing,New York Mets,Atlanta Braves,0,Tyler Mahle,641816,R,7,329,4.1,0.81,0.92,,1.02,1.02,1.0,,,,9.4,690,625,625,+964,1,4,0,0,2026-08-13T05:31:35Z
2026-08-12,824562,695731,Braden Montgomery,Chicago White Sox,Cincinnati Reds,1,Rhett Lowder,695076,R,4,208,4.1,0.81,0.94,,0.97,1.05,1.0,,,,9.4,640,650,575,+964,1,4,0,0,2026-08-13T05:31:35Z
2026-08-12,824562,805367,Chase Meidroth,Chicago White Sox,Cincinnati Reds,1,Rhett Lowder,695076,R,11,475,4.2,0.83,0.9,,0.97,1.05,1.0,,,,9.4,1220,900,1100,+964,1,4,1,1,2026-08-13T05:31:35Z
2026-08-12,824967,805779,Jacob Wilson,Athletics,Tampa Bay Rays,1,Drew Rasmussen,656876,R,7,332,4.3,0.81,0.97,,0.94,1.0,1.0,,,,9.3,,,,+975,0,0,0,0,2026-08-13T05:31:35Z
2026-08-12,823916,669242,Tommy Edman,Los Angeles Dodgers,Kansas City Royals,1,Daniel Lynch IV,663738,L,3,165,3.8,0.82,1.07,,0.86,1.1,1.0,,,,9.3,700,400,625,+975,1,1,0,0,2026-08-13T05:31:35Z
2026-08-12,823263,665487,Fernando Tatis Jr.,San Diego Padres,Milwaukee Brewers,1,Dustin May,669160,R,12,526,4.4,0.82,0.87,,0.86,0.98,1.18,,WIND 9 OUT,,9.2,,,,+987,1,2,0,0,2026-08-13T05:31:35Z
2026-08-12,823994,694203,Denzer Guzman,Los Angeles Angels,Texas Rangers,1,Cal Quantrill,615698,R,5,167,3.5,0.99,0.87,,1.02,1.02,1.0,,,,9.2,780,500,625,+987,1,4,0,0,2026-08-13T05:31:35Z
2026-08-12,822779,678218,Brandon Valenzuela,Toronto Blue Jays,Boston Red Sox,1,Ranger Suarez,624133,L,8,218,3.2,1.11,1.0,,0.86,1.01,1.0,,,,9.1,,,,+999,0,0,0,0,2026-08-13T05:31:35Z
2026-08-12,824883,643289,Mauricio Dubón,Atlanta Braves,New York Mets,1,Zac Thornton,804267,L,10,464,4.1,0.8,0.99,,0.93,1.02,1.0,,,,9.1,830,775,750,+999,1,4,0,0,2026-08-13T05:31:35Z
2026-08-12,823916,686555,Isaac Collins,Kansas City Royals,Los Angeles Dodgers,0,Eric Lauer,641778,L,6,395,3.7,0.67,0.95,,1.19,1.1,1.0,,,,9.1,,,,+999,1,4,0,0,2026-08-13T05:31:35Z
2026-08-12,823187,662139,Daulton Varsho,Houston Astros,San Francisco Giants,0,Adrian Houser,605288,R,8,398,3.7,0.77,1.0,,1.05,0.91,1.12,,WIND 6 OUT,,9.0,630,550,625,+1011,1,4,0,0,2026-08-13T05:31:35Z
2026-08-12,823263,593428,Xander Bogaerts,San Diego Padres,Milwaukee Brewers,1,Dustin May,669160,R,9,455,4.0,0.76,1.01,,0.86,0.98,1.18,,WIND 9 OUT,,9.0,880,900,750,+1011,1,4,1,1,2026-08-13T05:31:35Z
2026-08-12,824241,800050,Chase DeLauter,Cleveland Guardians,Detroit Tigers,0,Framber Valdez,664285,L,13,434,4.3,0.99,0.84,,0.89,0.95,1.0,,,,9.0,950,650,750,+1011,1,5,0,0,2026-08-13T05:31:35Z
2026-08-12,824241,701678,Hao-Yu Lee,Detroit Tigers,Cleveland Guardians,1,Foster Griffin,656492,L,6,208,3.2,0.97,0.94,,1.09,0.95,1.0,,,,9.0,740,500,625,+1011,1,3,0,0,2026-08-13T05:31:35Z
2026-08-12,822779,702332,Caleb Durbin,Boston Red Sox,Toronto Blue Jays,0,José Soriano,667755,R,11,422,3.8,0.9,0.97,,0.91,1.01,1.0,,,,9.0,1100,875,950,+1011,1,4,0,0,2026-08-13T05:31:35Z
2026-08-12,824883,683146,Brett Baty,New York Mets,Atlanta Braves,0,Tyler Mahle,641816,R,8,379,3.5,0.8,1.04,,1.02,1.02,1.0,,,,9.0,,600,,+1011,1,2,0,0,2026-08-13T05:31:35Z
2026-08-12,824883,593871,Jorge Polanco,New York Mets,Atlanta Braves,0,Tyler Mahle,641816,R,2,134,3.9,0.8,0.94,,1.02,1.02,1.0,,,,9.0,600,525,525,+1011,0,0,0,0,2026-08-13T05:31:35Z
2026-08-12,824883,657041,Lane Thomas,Atlanta Braves,New York Mets,1,Zac Thornton,804267,L,10,339,3.3,0.98,0.99,,0.93,1.02,1.0,,,,9.0,523,525,525,+1011,1,2,1,1,2026-08-13T05:31:35Z
2026-08-12,823672,702616,Jackson Holliday,Baltimore Orioles,Minnesota Twins,0,Zebby Matthews,805673,R,6,228,3.3,0.93,1.01,,1.15,0.99,0.86,,WIND 7 IN,,8.9,1100,,,+1024,1,4,0,0,2026-08-13T05:31:35Z
2026-08-12,823017,624641,Edmundo Sosa,Philadelphia Phillies,St. Louis Cardinals,0,Kyle Leahy,681517,R,5,196,3.2,0.92,0.95,,0.94,0.94,1.22,,WIND 11 OUT,,8.9,,,,+1024,0,0,0,0,2026-08-13T05:31:35Z
2026-08-12,822698,695734,Daylen Lile,Washington Nationals,Chicago Cubs,1,David Peterson,656849,L,15,492,4.1,1.0,0.8,,0.92,1.0,1.0,,,,8.9,820,625,700,+1024,1,4,0,0,2026-08-13T05:31:35Z
2026-08-12,822698,660688,Keibert Ruiz,Washington Nationals,Chicago Cubs,1,David Peterson,656849,L,7,269,3.4,0.92,1.05,,0.92,1.0,1.0,,,,8.9,,,,+1024,0,0,0,0,2026-08-13T05:31:35Z
2026-08-12,824883,663586,Austin Riley,Atlanta Braves,New York Mets,1,Zac Thornton,804267,L,14,478,4.0,0.97,0.81,,0.93,1.02,1.0,,,,8.9,434,425,425,+1024,1,4,1,1,2026-08-13T05:31:35Z
2026-08-12,825047,681393,Connor Norby,Colorado Rockies,Arizona Diamondbacks,0,Merrill Kelly,518876,R,4,236,3.6,0.76,0.93,,1.16,1.01,1.0,,ROOF,,8.8,,,,+1036,1,4,0,0,2026-08-13T05:31:35Z
2026-08-12,823263,683734,Andrew Vaughn,Milwaukee Brewers,San Diego Padres,0,Robbie Ray,592662,L,5,239,3.2,0.83,0.98,,0.99,0.98,1.18,,WIND 9 OUT,,8.8,540,400,525,+1036,1,4,0,0,2026-08-13T05:31:35Z
2026-08-12,824562,663647,Ke'Bryan Hayes,Cincinnati Reds,Chicago White Sox,0,Luis Castillo,622491,R,4,178,3.2,0.88,0.95,,1.07,1.05,1.0,,,,8.8,1140,1000,950,+1036,0,0,0,0,2026-08-13T05:31:35Z
2026-08-12,823187,808982,Jung Hoo Lee,San Francisco Giants,Houston Astros,1,Bryan King,687911,L,9,446,4.1,0.77,0.9,,1.01,0.91,1.12,,WIND 6 OUT,,8.6,960,900,850,+1063,1,5,0,0,2026-08-13T05:31:35Z
2026-08-12,823187,543877,Christian Vázquez,Houston Astros,San Francisco Giants,0,Adrian Houser,605288,R,5,222,3.2,0.86,0.97,,1.05,0.91,1.12,,WIND 6 OUT,,8.5,1340,1400,1100,+1076,1,3,0,0,2026-08-13T05:31:35Z
2026-08-12,823994,694497,Evan Carter,Texas Rangers,Los Angeles Angels,0,George Klassen,691946,R,8,338,3.3,0.86,1.03,,0.97,1.02,1.0,,,,8.5,620,500,525,+1076,1,2,0,0,2026-08-13T05:31:35Z
2026-08-12,823017,681082,Bryson Stott,Philadelphia Phillies,St. Louis Cardinals,0,Kyle Leahy,681517,R,8,449,3.9,0.71,0.95,,0.94,0.94,1.22,,WIND 11 OUT,,8.4,700,,750,+1090,1,4,0,0,2026-08-13T05:31:35Z
2026-08-12,824883,666182,Bo Bichette,New York Mets,Atlanta Braves,0,Tyler Mahle,641816,R,11,520,4.3,0.78,0.81,,1.02,1.02,1.0,,,,8.4,700,600,625,+1090,1,4,1,1,2026-08-13T05:31:35Z
2026-08-12,822698,699393,Pedro Ramírez,Chicago Cubs,Washington Nationals,0,Jackson Kent,800600,L,2,124,3.2,0.82,1.06,,1.0,1.0,1.0,,,,8.3,,,,+1105,1,5,0,0,2026-08-13T05:31:35Z
2026-08-12,822698,696285,Jacob Young,Washington Nationals,Chicago Cubs,1,David Peterson,656849,L,10,359,3.4,0.94,0.95,,0.92,1.0,1.0,,,,8.3,1100,1150,950,+1105,1,5,0,0,2026-08-13T05:31:35Z
2026-08-12,822779,642201,Eli White,Boston Red Sox,Toronto Blue Jays,0,José Soriano,667755,R,5,156,3.2,1.02,0.93,,0.91,1.01,1.0,,,,8.3,,,,+1105,0,0,0,0,2026-08-13T05:31:35Z
2026-08-12,823916,663656,Kyle Tucker,Los Angeles Dodgers,Kansas City Royals,1,Daniel Lynch IV,663738,L,11,464,4.1,0.84,0.86,,0.86,1.1,1.0,,,,8.3,513,425,475,+1105,1,4,0,0,2026-08-13T05:31:35Z
2026-08-12,823994,553869,Elias Díaz,Texas Rangers,Los Angeles Angels,0,George Klassen,691946,R,5,150,3.2,1.04,0.85,,0.97,1.02,1.0,,,,8.3,900,600,700,+1105,1,4,0,0,2026-08-13T05:31:35Z
2026-08-12,825047,663457,Lars Nootbaar,Arizona Diamondbacks,Colorado Rockies,1,Ryan Feltner,663372,R,3,211,3.8,0.73,0.83,,1.19,1.01,1.0,,ROOF,,8.2,700,650,625,+1120,1,4,0,0,2026-08-13T05:31:35Z
2026-08-12,822779,663330,Jahmai Jones,Boston Red Sox,Toronto Blue Jays,0,José Soriano,667755,R,4,128,3.2,1.01,0.93,,0.91,1.01,1.0,,,,8.2,,,,+1120,0,0,0,0,2026-08-13T05:31:35Z
2026-08-12,822779,672386,Alejandro Kirk,Toronto Blue Jays,Boston Red Sox,1,Ranger Suarez,624133,L,4,174,3.8,0.89,0.94,,0.86,1.01,1.0,,,,8.1,770,650,700,+1135,1,4,0,0,2026-08-13T05:31:35Z
2026-08-12,822779,676391,Ernie Clement,Toronto Blue Jays,Boston Red Sox,1,Ranger Suarez,624133,L,9,476,4.0,0.73,1.08,,0.86,1.01,1.0,,,,8.1,1000,900,950,+1135,1,4,0,0,2026-08-13T05:31:35Z
2026-08-12,823916,679845,Nick Loftin,Kansas City Royals,Los Angeles Dodgers,0,Eric Lauer,641778,L,5,292,3.5,0.74,0.81,,1.19,1.1,1.0,,,,8.1,600,475,525,+1135,1,5,0,0,2026-08-13T05:31:35Z
2026-08-12,824967,666126,Carlos Cortes,Athletics,Tampa Bay Rays,1,Drew Rasmussen,656876,R,7,272,3.2,0.91,0.99,,0.94,1.0,1.0,,,,8.0,620,650,575,+1150,1,4,0,0,2026-08-13T05:31:35Z
2026-08-12,823833,665923,Esteury Ruiz,Miami Marlins,Pittsburgh Pirates,1,Carmen Mlodzinski,669387,R,6,157,3.2,1.11,0.94,,0.88,0.92,1.0,,,,8.0,1080,1000,950,+1150,0,0,0,0,2026-08-13T05:31:35Z
2026-08-12,823994,694384,Nolan Schanuel,Los Angeles Angels,Texas Rangers,1,Cal Quantrill,615698,R,7,417,4.2,0.7,0.89,,1.02,1.02,1.0,,,,8.0,850,600,750,+1150,1,4,0,0,2026-08-13T05:31:35Z
2026-08-12,823017,665877,José Fermín,St. Louis Cardinals,Philadelphia Phillies,1,Zack Wheeler,554430,R,5,252,3.2,0.81,0.88,,1.02,0.94,1.22,,WIND 11 OUT,,7.9,1600,,1300,+1166,1,3,0,0,2026-08-13T05:31:35Z
2026-08-12,822779,678011,Anthony Seigler,Boston Red Sox,Toronto Blue Jays,0,José Soriano,667755,R,3,154,3.8,0.84,0.91,,0.91,1.01,1.0,,,,7.9,,,,+1166,0,0,0,0,2026-08-13T05:31:35Z
2026-08-12,824883,642086,Dominic Smith,Atlanta Braves,New York Mets,1,Zac Thornton,804267,L,8,274,3.2,0.98,0.89,,0.93,1.02,1.0,,,,7.9,,,,+1166,0,0,0,0,2026-08-13T05:31:35Z
2026-08-12,824241,690993,Colt Keith,Detroit Tigers,Cleveland Guardians,1,Foster Griffin,656492,L,8,343,3.2,0.85,0.93,,1.09,0.95,1.0,,,,7.8,,,,+1182,1,1,0,0,2026-08-13T05:31:35Z
2026-08-12,825047,814439,Ryan Waldschmidt,Arizona Diamondbacks,Colorado Rockies,1,Ryan Feltner,663372,R,2,197,3.6,0.67,0.89,,1.19,1.01,1.0,,ROOF,,7.7,1020,1000,950,+1199,1,5,0,0,2026-08-13T05:31:35Z
2026-08-12,823263,669003,Garrett Mitchell,Milwaukee Brewers,San Diego Padres,0,Robbie Ray,592662,L,8,403,3.7,0.77,0.8,,0.99,0.98,1.18,,WIND 9 OUT,,7.7,,,,+1199,1,3,0,0,2026-08-13T05:31:35Z
2026-08-12,824967,680700,Richie Palacios,Tampa Bay Rays,Athletics,0,Jack Perkins,678022,R,5,285,3.2,0.75,0.95,,1.12,1.0,1.0,,,,7.6,860,600,750,+1216,1,4,0,0,2026-08-13T05:31:35Z
2026-08-12,825047,545121,Ildemaro Vargas,Arizona Diamondbacks,Colorado Rockies,1,Ryan Feltner,663372,R,7,365,3.5,0.76,0.8,,1.19,1.01,1.0,,ROOF,,7.6,,,,+1216,1,2,0,0,2026-08-13T05:31:35Z
2026-08-12,822779,660821,Jesús Sánchez,Toronto Blue Jays,Boston Red Sox,1,Ranger Suarez,624133,L,8,258,3.2,1.01,0.91,,0.86,1.01,1.0,,,,7.6,,,,+1216,1,3,0,0,2026-08-13T05:31:35Z
2026-08-12,824967,663743,Nick Fortes,Tampa Bay Rays,Athletics,0,Jack Perkins,678022,R,4,268,3.2,0.71,1.0,,1.12,1.0,1.0,,,,7.5,,,,+1233,0,0,0,0,2026-08-13T05:31:35Z
2026-08-12,824967,671732,Lawrence Butler,Athletics,Tampa Bay Rays,1,Drew Rasmussen,656876,R,8,359,3.2,0.83,1.02,,0.94,1.0,1.0,,,,7.5,545,475,500,+1233,1,4,1,1,2026-08-13T05:31:35Z
2026-08-12,825047,678489,Jorge Barrosa,Arizona Diamondbacks,Colorado Rockies,1,Ryan Feltner,663372,R,2,150,3.2,0.76,0.86,,1.19,1.01,1.0,,ROOF,,7.5,,,,+1233,0,0,0,0,2026-08-13T05:31:35Z
2026-08-12,824241,683953,Travis Bazzana,Cleveland Guardians,Detroit Tigers,0,Framber Valdez,664285,L,9,375,4.3,0.86,0.8,,0.89,0.95,1.0,,,,7.5,1120,,950,+1233,0,0,0,0,2026-08-13T05:31:35Z
2026-08-12,824883,573262,Mike Yastrzemski,Atlanta Braves,New York Mets,1,Zac Thornton,804267,L,8,303,3.2,0.92,0.9,,0.93,1.02,1.0,,,,7.5,,,,+1233,1,2,1,1,2026-08-13T05:31:35Z
2026-08-12,823916,516782,Starling Marte,Kansas City Royals,Los Angeles Dodgers,0,Eric Lauer,641778,L,2,162,3.2,0.73,0.82,,1.19,1.1,1.0,,,,7.5,610,675,575,+1233,1,3,0,0,2026-08-13T05:31:35Z
2026-08-12,822698,663538,Nico Hoerner,Chicago Cubs,Washington Nationals,0,Jackson Kent,800600,L,7,520,4.4,0.6,0.94,,1.0,1.0,1.0,,,,7.3,1100,775,950,+1270,1,5,0,0,2026-08-13T05:31:35Z
2026-08-12,823263,687401,Joey Ortiz,Milwaukee Brewers,San Diego Padres,0,Robbie Ray,592662,L,5,282,3.2,0.76,0.87,,0.99,0.98,1.18,,WIND 9 OUT,,7.2,1200,650,850,+1289,1,5,0,0,2026-08-13T05:31:35Z
2026-08-12,824241,677587,Brayan Rocchio,Cleveland Guardians,Detroit Tigers,0,Framber Valdez,664285,L,9,456,3.9,0.76,0.97,,0.89,0.95,1.0,,,,7.2,,900,950,+1289,1,5,0,0,2026-08-13T05:31:35Z
2026-08-12,823916,500743,Miguel Rojas,Los Angeles Dodgers,Kansas City Royals,1,Daniel Lynch IV,663738,L,3,185,3.2,0.78,1.03,,0.86,1.1,1.0,,,,7.2,,,,+1289,1,3,0,0,2026-08-13T05:31:35Z
2026-08-12,823672,663616,Trevor Larnach,Minnesota Twins,Baltimore Orioles,1,Shane Baz,669358,R,10,359,3.6,0.94,0.95,,0.86,0.99,0.86,,WIND 7 IN,,7.1,1300,,850,+1308,1,5,0,0,2026-08-13T05:31:35Z
2026-08-12,824241,672275,Patrick Bailey,Cleveland Guardians,Detroit Tigers,0,Framber Valdez,664285,L,6,252,3.2,0.88,0.99,,0.89,0.95,1.0,,,,7.1,,,,+1308,0,0,0,0,2026-08-13T05:31:35Z
2026-08-12,823672,665750,Leody Taveras,Baltimore Orioles,Minnesota Twins,0,Zebby Matthews,805673,R,6,363,3.5,0.7,0.97,,1.15,0.99,0.86,,WIND 7 IN,,7.0,850,,850,+1329,1,4,1,1,2026-08-13T05:31:35Z
2026-08-12,825047,687597,Jordan Beck,Colorado Rockies,Arizona Diamondbacks,0,Merrill Kelly,518876,R,1,107,3.2,0.76,0.83,,1.16,1.01,1.0,,ROOF,,7.0,,,,+1329,0,0,0,0,2026-08-13T05:31:35Z
2026-08-12,824562,670770,TJ Friedl,Cincinnati Reds,Chicago White Sox,0,Luis Castillo,622491,R,3,237,3.5,0.68,0.88,,1.07,1.05,1.0,,,,7.0,,,,+1329,1,2,0,0,2026-08-13T05:31:35Z
2026-08-12,823017,691458,Blaze Jordan,St. Louis Cardinals,Philadelphia Phillies,1,Zack Wheeler,554430,R,1,150,3.4,0.67,0.88,,1.02,0.94,1.22,,WIND 11 OUT,,6.9,,,,+1349,1,2,0,0,2026-08-13T05:31:35Z
2026-08-12,822698,677588,José Tena,Washington Nationals,Chicago Cubs,1,David Peterson,656849,L,5,234,3.2,0.84,0.94,,0.92,1.0,1.0,,,,6.9,,,,+1349,1,2,1,1,2026-08-13T05:31:35Z
2026-08-12,823511,621493,Taylor Ward,Seattle Mariners,New York Yankees,0,Will Warren,701542,R,7,533,4.5,0.59,0.8,,1.0,1.08,1.0,,,,6.8,557,450,500,+1371,1,5,0,0,2026-08-13T05:31:35Z
2026-08-12,823994,624428,Adam Frazier,Los Angeles Angels,Texas Rangers,1,Cal Quantrill,615698,R,1,102,3.2,0.77,0.89,,1.02,1.02,1.0,,,,6.8,,,,+1371,1,1,0,0,2026-08-13T05:31:35Z
2026-08-12,823994,685133,Wade Meckler,Los Angeles Angels,Texas Rangers,1,Cal Quantrill,615698,R,3,196,3.2,0.75,0.91,,1.02,1.02,1.0,,,,6.8,960,725,750,+1371,1,5,0,0,2026-08-13T05:31:35Z
2026-08-12,823672,668952,Ryan Kreidler,Minnesota Twins,Baltimore Orioles,1,Shane Baz,669358,R,5,210,3.2,0.89,1.07,,0.86,0.99,0.86,,WIND 7 IN,,6.7,1200,,950,+1393,1,4,0,0,2026-08-13T05:31:35Z
2026-08-12,824967,675961,Alika Williams,Athletics,Tampa Bay Rays,1,Drew Rasmussen,656876,R,2,135,3.2,0.79,0.95,,0.94,1.0,1.0,,,,6.7,,,,+1393,0,0,0,0,2026-08-13T05:31:35Z
2026-08-12,824967,622268,Donovan Walton,Athletics,Tampa Bay Rays,1,Drew Rasmussen,656876,R,3,147,3.2,0.86,0.87,,0.94,1.0,1.0,,,,6.7,770,650,700,+1393,1,4,0,0,2026-08-13T05:31:35Z
2026-08-12,822698,665804,Miguel Amaya,Chicago Cubs,Washington Nationals,0,Jackson Kent,800600,L,4,194,3.2,0.84,0.83,,1.0,1.0,1.0,,,,6.7,,,,+1393,0,0,0,0,2026-08-13T05:31:35Z
2026-08-12,822779,665489,Vladimir Guerrero Jr.,Toronto Blue Jays,Boston Red Sox,1,Ranger Suarez,624133,L,7,474,4.2,0.64,0.97,,0.86,1.01,1.0,,,,6.7,600,600,575,+1393,1,5,0,0,2026-08-13T05:31:35Z
2026-08-12,823994,672724,Oswald Peraza,Los Angeles Angels,Texas Rangers,1,Cal Quantrill,615698,R,7,310,3.2,0.84,0.8,,1.02,1.02,1.0,,,,6.7,,,,+1393,1,3,0,0,2026-08-13T05:31:35Z
2026-08-12,823187,687551,Drew Gilbert,San Francisco Giants,Houston Astros,1,Bryan King,687911,L,5,284,3.2,0.75,0.89,,1.01,0.91,1.12,,WIND 6 OUT,,6.6,890,800,850,+1415,1,4,0,0,2026-08-13T05:31:35Z
2026-08-12,823263,666023,Freddy Fermin,San Diego Padres,Milwaukee Brewers,1,Dustin May,669160,R,4,204,3.2,0.82,0.85,,0.86,0.98,1.18,,WIND 9 OUT,,6.6,860,1000,850,+1415,1,2,0,0,2026-08-13T05:31:35Z
2026-08-12,823263,630105,Jake Cronenworth,San Diego Padres,Milwaukee Brewers,1,Dustin May,669160,R,3,261,3.8,0.65,0.9,,0.86,0.98,1.18,,WIND 9 OUT,,6.6,810,675,750,+1415,1,5,0,0,2026-08-13T05:31:35Z
2026-08-12,823833,672640,Otto Lopez,Miami Marlins,Pittsburgh Pirates,1,Carmen Mlodzinski,669387,R,9,503,4.3,0.7,0.91,,0.88,0.92,1.0,,,,6.6,920,850,850,+1415,1,5,0,0,2026-08-13T05:31:35Z
2026-08-12,822779,807799,Masataka Yoshida,Boston Red Sox,Toronto Blue Jays,0,José Soriano,667755,R,5,281,3.4,0.76,0.94,,0.91,1.01,1.0,,,,6.6,800,850,750,+1415,1,4,0,0,2026-08-13T05:31:35Z
2026-08-12,822779,665926,Andrés Giménez,Toronto Blue Jays,Boston Red Sox,1,Ranger Suarez,624133,L,8,391,3.4,0.78,0.95,,0.86,1.01,1.0,,,,6.6,1180,1050,1100,+1415,1,4,0,0,2026-08-13T05:31:35Z
2026-08-12,824883,805347,Jim Jarvis,Atlanta Braves,New York Mets,1,Zac Thornton,804267,L,1,109,3.3,0.75,0.93,,0.93,1.02,1.0,,,,6.6,,,,+1415,0,0,0,0,2026-08-13T05:31:35Z
2026-08-12,824562,686668,Brenton Doyle,Chicago White Sox,Cincinnati Reds,1,Rhett Lowder,695076,R,2,146,3.2,0.77,0.88,,0.97,1.05,1.0,,,,6.6,,,,+1415,1,4,0,0,2026-08-13T05:31:35Z
2026-08-12,824562,671976,Tristan Peters,Chicago White Sox,Cincinnati Reds,1,Rhett Lowder,695076,R,6,347,3.2,0.73,0.94,,0.97,1.05,1.0,,,,6.6,880,825,750,+1415,1,4,0,0,2026-08-13T05:31:35Z
2026-08-12,823263,663604,Brandon Lockridge,Milwaukee Brewers,San Diego Padres,0,Robbie Ray,592662,L,0,102,3.2,0.66,0.88,,0.99,0.98,1.18,,WIND 9 OUT,,6.4,1040,1000,950,+1462,1,2,0,0,2026-08-13T05:31:35Z
2026-08-12,824883,620443,Luis Torrens,New York Mets,Atlanta Braves,0,Tyler Mahle,641816,R,4,216,3.2,0.8,0.8,,1.02,1.02,1.0,,,,6.4,,,850,+1462,1,3,1,1,2026-08-13T05:31:35Z
2026-08-12,824562,667472,Dane Myers,Cincinnati Reds,Chicago White Sox,0,Luis Castillo,622491,R,3,210,3.2,0.73,0.82,,1.07,1.05,1.0,,,,6.4,870,775,750,+1462,1,1,0,0,2026-08-13T05:31:35Z
2026-08-12,823672,605170,Victor Caratini,Minnesota Twins,Baltimore Orioles,1,Shane Baz,669358,R,7,324,3.6,0.82,0.97,,0.86,0.99,0.86,,WIND 7 IN,,6.3,1200,,950,+1487,1,4,0,0,2026-08-13T05:31:35Z
2026-08-12,823833,693304,Nick Gonzales,Pittsburgh Pirates,Miami Marlins,0,Janson Junk,676083,R,6,474,4.1,0.59,0.92,,1.04,0.92,1.0,,,,6.3,1120,1000,950,+1487,1,4,0,0,2026-08-13T05:31:35Z
2026-08-12,823833,682663,Agustín Ramírez,Miami Marlins,Pittsburgh Pirates,1,Carmen Mlodzinski,669387,R,2,140,3.9,0.78,0.86,,0.88,0.92,1.0,,,,6.3,,,,+1487,1,5,0,0,2026-08-13T05:31:35Z
2026-08-12,823672,665966,Carlos Narváez,Baltimore Orioles,Minnesota Twins,0,Zebby Matthews,805673,R,3,220,3.2,0.71,0.93,,1.15,0.99,0.86,,WIND 7 IN,,6.2,1100,,1100,+1513,1,3,0,0,2026-08-13T05:31:35Z
2026-08-12,823017,650333,Luis Arraez,Philadelphia Phillies,St. Louis Cardinals,0,Kyle Leahy,681517,R,5,502,4.4,0.52,0.84,,0.94,0.94,1.22,,WIND 11 OUT,,6.2,,,1100,+1513,1,4,0,0,2026-08-13T05:31:35Z
2026-08-12,823017,691026,Masyn Winn,St. Louis Cardinals,Philadelphia Phillies,1,Zack Wheeler,554430,R,4,455,4.0,0.51,0.88,,1.02,0.94,1.22,,WIND 11 OUT,,6.2,1200,,950,+1513,1,4,0,0,2026-08-13T05:31:35Z
2026-08-12,824967,703607,Henry Bolte,Athletics,Tampa Bay Rays,1,Drew Rasmussen,656876,R,5,282,3.7,0.76,0.8,,0.94,1.0,1.0,,,,6.2,730,650,625,+1513,1,4,0,0,2026-08-13T05:31:35Z
2026-08-12,824241,595978,Austin Hedges,Cleveland Guardians,Detroit Tigers,0,Framber Valdez,664285,L,4,178,3.2,0.88,0.87,,0.89,0.95,1.0,,,,6.2,1100,900,950,+1513,1,5,0,0,2026-08-13T05:31:35Z
2026-08-12,824241,690984,Petey Halpin,Cleveland Guardians,Detroit Tigers,0,Framber Valdez,664285,L,2,123,3.2,0.82,0.92,,0.89,0.95,1.0,,,,6.2,,,,+1513,0,0,0,0,2026-08-13T05:31:35Z
2026-08-12,822779,664770,Nathan Lukes,Toronto Blue Jays,Boston Red Sox,1,Ranger Suarez,624133,L,6,308,3.6,0.78,0.85,,0.86,1.01,1.0,,,,6.2,970,,,+1513,0,0,0,0,2026-08-13T05:31:35Z
2026-08-12,822779,655316,Andruw Monasterio,Boston Red Sox,Toronto Blue Jays,0,José Soriano,667755,R,6,253,3.2,0.88,0.8,,0.91,1.01,1.0,,,,6.1,860,950,850,+1539,1,4,0,0,2026-08-13T05:31:35Z
2026-08-12,823187,669397,Nick Allen,Houston Astros,San Francisco Giants,0,Adrian Houser,605288,R,1,120,3.2,0.73,0.8,,1.05,0.91,1.12,,WIND 6 OUT,,6.0,1620,1750,1500,+1567,1,3,0,0,2026-08-13T05:31:35Z
2026-08-12,823916,669743,Alex Call,Los Angeles Dodgers,Kansas City Royals,1,Daniel Lynch IV,663738,L,1,150,3.2,0.67,0.98,,0.86,1.1,1.0,,,,5.9,,,,+1595,0,0,0,0,2026-08-13T05:31:35Z
2026-08-12,823916,676439,Hunter Feduccia,Los Angeles Dodgers,Kansas City Royals,1,Daniel Lynch IV,663738,L,2,173,3.2,0.71,0.92,,0.86,1.1,1.0,,,,5.9,700,800,625,+1595,1,3,1,1,2026-08-13T05:31:35Z
2026-08-12,823994,623168,Tyler Heineman,Los Angeles Angels,Texas Rangers,1,Cal Quantrill,615698,R,1,141,3.2,0.68,0.87,,1.02,1.02,1.0,,,,5.9,1160,1000,950,+1595,0,0,0,0,2026-08-13T05:31:35Z
2026-08-12,823263,666152,David Hamilton,Milwaukee Brewers,San Diego Padres,0,Robbie Ray,592662,L,3,288,3.2,0.61,0.86,,0.99,0.98,1.18,,WIND 9 OUT,,5.8,1000,900,950,+1624,1,5,0,0,2026-08-13T05:31:35Z
2026-08-12,823263,650859,Luis Rengifo,San Diego Padres,Milwaukee Brewers,1,Dustin May,669160,R,3,304,3.8,0.59,0.85,,0.86,0.98,1.18,,WIND 9 OUT,,5.7,860,800,850,+1654,1,5,0,0,2026-08-13T05:31:35Z
2026-08-12,824562,700337,Edgar Quero,Chicago White Sox,Cincinnati Reds,1,Rhett Lowder,695076,R,3,205,3.2,0.74,0.8,,0.97,1.05,1.0,,,,5.7,,,,+1654,0,0,0,0,2026-08-13T05:31:35Z
2026-08-12,823263,823550,Sung-Mun Song,San Diego Padres,Milwaukee Brewers,1,Dustin May,669160,R,1,131,3.2,0.7,0.83,,0.86,0.98,1.18,,WIND 9 OUT,,5.6,,,,+1686,0,0,0,0,2026-08-13T05:31:35Z
2026-08-12,824241,656716,Zach McKinstry,Detroit Tigers,Cleveland Guardians,1,Foster Griffin,656492,L,4,325,3.5,0.63,0.82,,1.09,0.95,1.0,,,,5.6,,800,950,+1686,1,2,0,0,2026-08-13T05:31:35Z
2026-08-12,822779,669701,Josh Smith,Toronto Blue Jays,Boston Red Sox,1,Ranger Suarez,624133,L,2,174,3.3,0.71,0.92,,0.86,1.01,1.0,,,,5.6,,,,+1686,0,0,0,0,2026-08-13T05:31:35Z
2026-08-12,822779,657136,Connor Wong,Boston Red Sox,Toronto Blue Jays,0,José Soriano,667755,R,3,184,3.2,0.78,0.8,,0.91,1.01,1.0,,,,5.5,,,,+1718,0,0,0,0,2026-08-13T05:31:35Z
2026-08-12,825047,687859,Troy Johnston,Colorado Rockies,Arizona Diamondbacks,0,Merrill Kelly,518876,R,3,363,3.6,0.53,0.8,,1.16,1.01,1.0,,ROOF,,5.4,,,,+1752,0,0,0,0,2026-08-13T05:31:35Z
2026-08-12,822779,664702,Myles Straw,Toronto Blue Jays,Boston Red Sox,1,Ranger Suarez,624133,L,3,229,3.2,0.7,0.92,,0.86,1.01,1.0,,,,5.3,1120,1900,1100,+1787,1,4,0,0,2026-08-13T05:31:35Z
2026-08-12,822698,678391,Jorbit Vivas,Washington Nationals,Chicago Cubs,1,David Peterson,656849,L,3,253,3.2,0.66,0.9,,0.92,1.0,1.0,,,,5.2,,,,+1823,0,0,0,0,2026-08-13T05:31:35Z
2026-08-12,823672,687637,Dylan Beavers,Baltimore Orioles,Minnesota Twins,0,Zebby Matthews,805673,R,2,221,3.3,0.63,0.83,,1.15,0.99,0.86,,WIND 7 IN,,5.1,,,750,+1861,1,3,1,1,2026-08-13T05:31:35Z
2026-08-12,823833,663968,Jake Mangum,Pittsburgh Pirates,Miami Marlins,0,Janson Junk,676083,R,4,353,3.6,0.6,0.83,,1.04,0.92,1.0,,,,5.1,1540,1700,1300,+1861,1,4,0,0,2026-08-13T05:31:35Z
2026-08-12,823833,688363,Graham Pauley,Miami Marlins,Pittsburgh Pirates,1,Carmen Mlodzinski,669387,R,1,106,3.2,0.76,0.86,,0.88,0.92,1.0,,,,5.1,,,,+1861,0,0,0,0,2026-08-13T05:31:35Z
2026-08-12,823511,660844,Leo Rivas,Seattle Mariners,New York Yankees,0,Will Warren,701542,R,0,127,3.2,0.61,0.8,,1.0,1.08,1.0,,,,5.1,,,,+1861,1,1,0,0,2026-08-13T05:31:35Z
2026-08-12,823511,645302,Victor Robles,Seattle Mariners,New York Yankees,0,Will Warren,701542,R,0,126,3.2,0.61,0.8,,1.0,1.08,1.0,,,,5.1,,,,+1861,0,0,0,0,2026-08-13T05:31:35Z
2026-08-12,823672,807712,Luke Keaschall,Minnesota Twins,Baltimore Orioles,1,Shane Baz,669358,R,6,442,3.9,0.62,0.94,,0.86,0.99,0.86,,WIND 7 IN,,5.0,1100,,950,+1900,1,4,0,0,2026-08-13T05:31:35Z
2026-08-12,824967,643446,Jeff McNeil,Athletics,Tampa Bay Rays,1,Drew Rasmussen,656876,R,4,360,3.4,0.59,0.89,,0.94,1.0,1.0,,,,5.0,,,,+1900,0,0,0,0,2026-08-13T05:31:35Z
2026-08-12,823833,805300,Jakob Marsee,Miami Marlins,Pittsburgh Pirates,1,Carmen Mlodzinski,669387,R,6,454,3.9,0.61,0.87,,0.88,0.92,1.0,,,,5.0,960,900,850,+1900,1,5,0,0,2026-08-13T05:31:35Z
2026-08-12,824562,682668,Luisangel Acuña,Chicago White Sox,Cincinnati Reds,1,Rhett Lowder,695076,R,1,193,3.2,0.59,0.87,,0.97,1.05,1.0,,,,5.0,,,,+1900,0,0,0,0,2026-08-13T05:31:35Z
2026-08-12,824967,670764,Taylor Walls,Tampa Bay Rays,Athletics,0,Jack Perkins,678022,R,2,336,3.5,0.5,0.8,,1.12,1.0,1.0,,,,4.7,880,900,850,+2028,1,4,0,0,2026-08-13T05:31:35Z
2026-08-12,823833,677870,Leo Jiménez,Miami Marlins,Pittsburgh Pirates,1,Carmen Mlodzinski,669387,R,2,155,3.2,0.75,0.8,,0.88,0.92,1.0,,,,4.7,,,,+2028,1,4,0,0,2026-08-13T05:31:35Z
2026-08-12,823833,669364,Xavier Edwards,Miami Marlins,Pittsburgh Pirates,1,Carmen Mlodzinski,669387,R,6,502,4.2,0.57,0.8,,0.88,0.92,1.0,,,,4.6,1280,1650,1100,+2074,1,5,0,0,2026-08-13T05:31:35Z
2026-08-12,823994,670032,Nicky Lopez,Texas Rangers,Los Angeles Angels,0,George Klassen,691946,R,1,204,3.2,0.58,0.8,,0.97,1.02,1.0,,,,4.4,1800,1800,1500,+2173,1,3,0,0,2026-08-13T05:31:35Z
2026-08-12,823017,702222,Justin Crawford,Philadelphia Phillies,St. Louis Cardinals,0,Kyle Leahy,681517,R,2,355,3.2,0.48,0.8,,0.94,0.94,1.22,,WIND 11 OUT,,4.0,1300,,1300,+2400,1,3,0,0,2026-08-13T05:31:35Z
2026-08-12,823833,691594,Javier Sanoja,Miami Marlins,Pittsburgh Pirates,1,Carmen Mlodzinski,669387,R,4,321,3.2,0.64,0.8,,0.88,0.92,1.0,,,,4.0,1240,1000,1100,+2400,1,3,0,0,2026-08-13T05:31:35Z
2026-08-12,823833,669707,Jared Triolo,Pittsburgh Pirates,Miami Marlins,0,Janson Junk,676083,R,1,265,3.2,0.5,0.8,,1.04,0.92,1.0,,,,3.7,,,,+2603,0,0,0,0,2026-08-13T05:31:35Z
2026-08-12,822698,683083,Nasim Nuñez,Washington Nationals,Chicago Cubs,1,David Peterson,656849,L,1,396,3.5,0.39,0.91,,0.92,1.0,1.0,,,,3.5,1240,1700,1100,+2757,1,4,0,0,2026-08-13T05:31:35Z
2026-08-12,824241,680757,Steven Kwan,Cleveland Guardians,Detroit Tigers,0,Framber Valdez,664285,L,2,450,4.1,0.41,0.8,,0.89,0.95,1.0,,,,3.4,1740,1250,1500,+2841,1,5,0,0,2026-08-13T05:31:35Z
2026-08-12,824967,802415,Chandler Simpson,Tampa Bay Rays,Athletics,0,Jack Perkins,678022,R,0,450,4.0,0.31,0.8,,1.12,1.0,1.0,,,,3.3,,,,+2930,0,0,0,0,2026-08-13T05:31:35Z
2026-08-12,823672,668885,Austin Martin,Minnesota Twins,Baltimore Orioles,1,Shane Baz,669358,R,3,330,3.2,0.56,0.8,,0.86,0.99,0.86,,WIND 7 IN,,3.2,,,,+3025,0,0,0,0,2026-08-13T05:31:35Z
2026-08-13,823508,700250,Ben Rice,New York Yankees,Seattle Mariners,1,Logan Gilbert,669302,R,32,493,4.2,1.8,1.13,1.15,1.04,1.08,1.18,1.06,HOT 85F · WIND 9 OUT,0.0895,32.5,650,,,+208,1,4,0,0,2026-08-14T05:31:36Z
2026-08-13,823669,621439,Byron Buxton,Minnesota Twins,Philadelphia Phillies,1,Aaron Nola,605400,R,25,362,4.4,1.81,1.2,0.99,1.19,0.99,1.0,1.0,,0.06472,25.5,263,230,265,+292,1,4,0,0,2026-08-14T05:31:36Z
2026-08-13,823669,656941,Kyle Schwarber,Philadelphia Phillies,Minnesota Twins,0,Taj Bradley,671737,R,35,516,4.4,1.88,1.12,1.1,1.0,0.99,1.0,1.0,,0.06267,24.8,238,240,225,+303,1,5,2,1,2026-08-14T05:31:36Z
2026-08-13,824561,808959,Munetaka Murakami,Chicago White Sox,Cincinnati Reds,1,Andrew Abbott,671096,L,26,367,4.4,1.86,0.93,1.09,0.99,1.05,0.9,1.03,WIND 5 IN,0.0597,23.7,,,,+322,1,1,0,0,2026-08-14T05:31:36Z
2026-08-13,822776,677800,Wilyer Abreu,Boston Red Sox,Toronto Blue Jays,0,Max Scherzer,453286,R,21,508,4.3,1.25,1.1,1.11,1.19,1.01,1.14,1.03,WIND 7 OUT,0.05991,23.3,313,250,290,+329,1,5,0,0,2026-08-14T05:31:36Z
2026-08-13,823508,502671,Paul Goldschmidt,New York Yankees,Seattle Mariners,1,Logan Gilbert,669302,R,16,328,3.8,1.37,0.98,1.11,1.04,1.08,1.18,1.06,HOT 85F · WIND 9 OUT,0.06611,22.9,,,,+337,0,0,0,0,2026-08-14T05:31:36Z
2026-08-13,823508,671277,Luis García Jr.,New York Yankees,Seattle Mariners,1,Logan Gilbert,669302,R,24,404,3.6,1.63,1.13,0.96,1.04,1.08,1.18,1.06,HOT 85F · WIND 9 OUT,0.06811,22.4,550,,500,+346,1,4,0,0,2026-08-14T05:31:36Z
2026-08-13,823915,694192,Jackson Chourio,Milwaukee Brewers,Los Angeles Dodgers,0,Roki Sasaki,808963,R,17,393,4.5,1.28,1.03,1.05,1.18,1.1,1.0,1.0,,0.05279,21.7,382,350,370,+361,1,5,0,0,2026-08-14T05:31:36Z
2026-08-13,822776,575929,Willson Contreras,Boston Red Sox,Toronto Blue Jays,0,Max Scherzer,453286,R,24,451,4.1,1.52,1.05,0.88,1.19,1.01,1.14,1.03,WIND 7 OUT,0.05759,21.6,366,280,350,+363,1,5,0,0,2026-08-14T05:31:36Z
2026-08-13,822776,672960,Kazuma Okamoto,Toronto Blue Jays,Boston Red Sox,1,Payton Tolle,801139,L,24,479,4.1,1.45,0.98,1.09,0.99,1.01,1.14,1.03,WIND 7 OUT,0.05688,21.3,393,340,400,+369,1,3,0,0,2026-08-14T05:31:36Z
2026-08-13,822776,680776,Jarren Duran,Boston Red Sox,Toronto Blue Jays,0,Max Scherzer,453286,R,16,479,4.2,1.07,1.16,1.08,1.19,1.01,1.14,1.03,WIND 7 OUT,0.0497,19.3,459,425,425,+418,1,5,0,0,2026-08-14T05:31:36Z
2026-08-13,823915,660271,Shohei Ohtani,Los Angeles Dodgers,Milwaukee Brewers,1,Shane Drohan,675660,L,27,509,4.4,1.53,1.19,1.0,0.92,1.1,1.0,1.0,,0.0475,19.3,302,270,280,+418,1,4,0,0,2026-08-14T05:31:36Z
2026-08-13,823508,663757,Trent Grisham,New York Yankees,Seattle Mariners,1,Logan Gilbert,669302,R,15,401,4.0,1.15,1.1,1.04,1.04,1.08,1.18,1.06,HOT 85F · WIND 9 OUT,0.05177,19.2,700,,700,+421,1,4,0,0,2026-08-14T05:31:36Z
2026-08-13,823915,641343,Jake Bauers,Milwaukee Brewers,Los Angeles Dodgers,0,Roki Sasaki,808963,R,21,430,4.0,1.41,1.11,0.92,1.18,1.1,1.0,1.0,,0.05148,19.1,453,350,390,+424,1,5,0,0,2026-08-14T05:31:36Z
2026-08-13,823508,665862,Jazz Chisholm Jr.,New York Yankees,Seattle Mariners,1,Logan Gilbert,669302,R,17,440,3.9,1.18,1.1,1.0,1.04,1.08,1.18,1.06,HOT 85F · WIND 9 OUT,0.05106,18.5,550,,500,+441,1,4,0,0,2026-08-14T05:31:36Z
2026-08-13,823669,547180,Bryce Harper,Philadelphia Phillies,Minnesota Twins,0,Taj Bradley,671737,R,25,518,4.2,1.42,1.2,1.09,1.0,0.99,1.0,1.0,,0.04683,18.2,412,350,390,+449,1,5,0,0,2026-08-14T05:31:36Z
2026-08-13,823915,571970,Max Muncy,Los Angeles Dodgers,Milwaukee Brewers,1,Shane Drohan,675660,L,22,418,3.8,1.49,1.09,1.1,0.92,1.1,1.0,1.0,,0.05104,18.1,,350,,+452,1,2,1,1,2026-08-14T05:31:36Z
2026-08-13,823669,665019,Kody Clemens,Minnesota Twins,Philadelphia Phillies,1,Aaron Nola,605400,R,20,429,4.0,1.36,1.06,0.98,1.19,0.99,1.0,1.0,,0.04833,18.0,394,333,370,+456,1,4,0,0,2026-08-14T05:31:36Z
2026-08-13,822776,678882,Ceddanne Rafaela,Boston Red Sox,Toronto Blue Jays,0,Max Scherzer,453286,R,16,484,4.2,1.06,0.98,0.96,1.19,1.01,1.14,1.03,WIND 7 OUT,0.04378,17.1,650,375,575,+485,1,5,0,0,2026-08-14T05:31:36Z
2026-08-13,823915,596142,Gary Sánchez,Milwaukee Brewers,Los Angeles Dodgers,0,Roki Sasaki,808963,R,10,206,3.2,1.3,1.07,1.11,1.18,1.1,1.0,1.0,,0.05693,17.1,,,,+485,1,5,0,0,2026-08-14T05:31:36Z
2026-08-13,824561,678246,Miguel Vargas,Chicago White Sox,Cincinnati Reds,1,Andrew Abbott,671096,L,25,515,4.4,1.43,1.15,0.99,0.99,1.05,0.9,1.03,WIND 5 IN,0.04159,17.0,600,,525,+488,1,5,0,0,2026-08-14T05:31:36Z
2026-08-13,823669,680777,Ryan Jeffers,Minnesota Twins,Philadelphia Phillies,1,Aaron Nola,605400,R,10,240,4.1,1.2,1.15,1.02,1.19,0.99,1.0,1.0,,0.04432,17.0,558,390,500,+488,1,4,0,0,2026-08-14T05:31:36Z
2026-08-13,823995,687263,Zach Neto,Los Angeles Angels,Texas Rangers,1,Jacob deGrom,594798,R,20,528,4.5,1.18,1.05,1.06,1.05,1.02,1.0,1.0,,0.04059,17.0,498,400,475,+488,0,0,0,0,2026-08-14T05:31:36Z
2026-08-13,822776,543807,George Springer,Toronto Blue Jays,Boston Red Sox,1,Payton Tolle,801139,L,12,387,4.3,1.01,0.88,1.15,0.99,1.01,1.14,1.03,WIND 7 OUT,0.04178,16.8,434,450,475,+495,1,3,0,0,2026-08-14T05:31:36Z
2026-08-13,823508,686527,Dominic Canzone,Seattle Mariners,New York Yankees,0,Max Fried,608331,L,19,355,3.3,1.48,1.07,1.01,0.86,1.08,1.18,1.06,HOT 85F · WIND 9 OUT,0.05396,16.7,650,,700,+499,1,4,0,0,2026-08-14T05:31:36Z
2026-08-13,823508,677594,Julio Rodríguez,Seattle Mariners,New York Yankees,0,Max Fried,608331,L,19,477,4.3,1.22,1.19,0.95,0.86,1.08,1.18,1.06,HOT 85F · WIND 9 OUT,0.04153,16.7,800,,700,+499,1,4,0,0,2026-08-14T05:31:36Z
2026-08-13,823508,671218,Heliot Ramos,New York Yankees,Seattle Mariners,1,Logan Gilbert,669302,R,9,335,4.1,0.93,0.98,1.08,1.04,1.08,1.18,1.06,HOT 85F · WIND 9 OUT,0.04338,16.6,,,,+502,1,1,0,0,2026-08-14T05:31:36Z
2026-08-13,824238,693307,Dillon Dingler,Detroit Tigers,Cleveland Guardians,1,Parker Messick,800048,L,26,473,4.2,1.56,0.86,0.97,0.91,0.95,1.0,1.04,,0.04199,16.5,1100,,950,+506,1,4,0,0,2026-08-14T05:31:36Z
2026-08-13,823829,699013,Esmerlyn Valdez,Pittsburgh Pirates,Miami Marlins,0,Tyler Phillips,663969,R,14,207,3.9,1.62,1.02,0.99,1.0,0.92,1.0,1.0,ROOF,0.04499,16.4,1400,,1500,+510,1,5,0,0,2026-08-14T05:31:36Z
2026-08-13,824561,701398,Sal Stewart,Cincinnati Reds,Chicago White Sox,0,Davis Martin,663436,R,26,518,4.3,1.47,1.08,1.02,0.91,1.05,0.9,1.03,WIND 5 IN,0.04021,16.2,,,,+517,1,5,1,1,2026-08-14T05:31:36Z
2026-08-13,823995,545361,Mike Trout,Los Angeles Angels,Texas Rangers,1,Jacob deGrom,594798,R,20,456,4.5,1.3,1.07,0.9,1.05,1.02,1.0,1.0,,0.03821,16.1,379,310,350,+521,1,5,0,0,2026-08-14T05:31:36Z
2026-08-13,824561,668709,JJ Bleday,Cincinnati Reds,Chicago White Sox,0,Davis Martin,663436,R,20,384,4.2,1.46,1.09,1.03,0.91,1.05,0.9,1.03,WIND 5 IN,0.04076,16.0,750,,750,+525,1,5,0,0,2026-08-14T05:31:36Z
2026-08-13,823508,642708,Amed Rosario,New York Yankees,Seattle Mariners,1,Logan Gilbert,669302,R,10,198,3.2,1.33,1.14,0.92,1.04,1.08,1.18,1.06,HOT 85F · WIND 9 OUT,0.05268,15.9,,,,+529,1,1,0,0,2026-08-14T05:31:36Z
2026-08-13,822776,668939,Adley Rutschman,Boston Red Sox,Toronto Blue Jays,0,Max Scherzer,453286,R,8,293,4.2,0.94,0.97,1.0,1.19,1.01,1.14,1.03,WIND 7 OUT,0.04045,15.9,,,,+529,0,0,0,0,2026-08-14T05:31:36Z
2026-08-13,823669,668904,Royce Lewis,Minnesota Twins,Philadelphia Phillies,1,Aaron Nola,605400,R,13,357,4.1,1.12,1.0,1.02,1.19,0.99,1.0,1.0,,0.04133,15.9,475,400,425,+529,1,4,0,0,2026-08-14T05:31:36Z
2026-08-13,823915,605141,Mookie Betts,Los Angeles Dodgers,Milwaukee Brewers,1,Shane Drohan,675660,L,15,354,4.2,1.25,0.91,1.03,0.92,1.1,1.0,1.0,,0.03973,15.7,488,425,475,+537,1,1,0,0,2026-08-14T05:31:36Z
2026-08-13,824561,682829,Elly De La Cruz,Cincinnati Reds,Chicago White Sox,0,Davis Martin,663436,R,20,451,4.5,1.31,0.96,1.04,0.91,1.05,0.9,1.03,WIND 5 IN,0.03704,15.6,700,,625,+541,1,5,0,0,2026-08-14T05:31:36Z
2026-08-13,823508,668227,Randy Arozarena,Seattle Mariners,New York Yankees,0,Max Fried,608331,L,16,485,4.3,1.06,1.0,1.02,0.86,1.08,1.18,1.06,HOT 85F · WIND 9 OUT,0.0388,15.6,850,,850,+541,1,4,0,0,2026-08-14T05:31:36Z
2026-08-13,823508,676609,José Caballero,New York Yankees,Seattle Mariners,1,Logan Gilbert,669302,R,12,354,3.5,1.07,1.03,1.02,1.04,1.08,1.18,1.06,HOT 85F · WIND 9 OUT,0.04723,15.6,1300,,1100,+541,1,3,0,0,2026-08-14T05:31:36Z
2026-08-13,824561,695657,Colson Montgomery,Chicago White Sox,Cincinnati Reds,1,Andrew Abbott,671096,L,26,479,4.2,1.55,1.04,0.86,0.99,1.05,0.9,1.03,WIND 5 IN,0.03932,15.5,850,,625,+545,1,5,0,0,2026-08-14T05:31:36Z
2026-08-13,822696,682928,CJ Abrams,Washington Nationals,Chicago Cubs,1,Kevin Gausman,592332,R,29,508,4.3,1.63,1.18,0.86,0.97,1.0,0.84,1.08,HOT 89F · WIND 8 IN,0.03788,15.3,386,300,350,+554,1,4,0,0,2026-08-14T05:31:36Z
2026-08-13,824561,553993,Eugenio Suárez,Cincinnati Reds,Chicago White Sox,0,Davis Martin,663436,R,18,353,4.0,1.43,1.09,1.03,0.91,1.05,0.9,1.03,WIND 5 IN,0.03977,15.0,,,,+567,1,5,1,1,2026-08-14T05:31:36Z
2026-08-13,823829,665052,Griffin Conine,Miami Marlins,Pittsburgh Pirates,1,Braxton Ashcraft,677952,R,13,177,3.2,1.66,1.2,1.01,1.04,0.92,1.0,1.0,ROOF,0.04877,14.8,1400,,1100,+576,1,2,0,0,2026-08-14T05:31:36Z
2026-08-13,823915,668930,Brice Turang,Milwaukee Brewers,Los Angeles Dodgers,0,Roki Sasaki,808963,R,16,523,4.5,1.0,1.16,0.87,1.18,1.1,1.0,1.0,,0.03465,14.7,594,450,525,+580,0,0,0,0,2026-08-14T05:31:36Z
2026-08-13,823829,664040,Brandon Lowe,Pittsburgh Pirates,Miami Marlins,0,Tyler Phillips,663969,R,25,503,4.4,1.45,1.19,0.86,1.0,0.92,1.0,1.0,ROOF,0.03524,14.6,950,,950,+585,1,6,0,0,2026-08-14T05:31:36Z
2026-08-13,823829,681715,Heriberto Hernández,Miami Marlins,Pittsburgh Pirates,1,Braxton Ashcraft,677952,R,17,325,3.6,1.44,0.94,1.01,1.04,0.92,1.0,1.0,ROOF,0.04259,14.5,,,,+590,0,0,0,0,2026-08-14T05:31:36Z
2026-08-13,823915,681624,Andy Pages,Los Angeles Dodgers,Milwaukee Brewers,1,Shane Drohan,675660,L,19,517,4.3,1.15,1.05,1.0,0.92,1.1,1.0,1.0,,0.03546,14.4,372,425,370,+594,1,4,0,0,2026-08-14T05:31:36Z
2026-08-13,823669,686797,Brooks Lee,Minnesota Twins,Philadelphia Phillies,1,Aaron Nola,605400,R,17,466,4.0,1.14,1.14,0.92,1.19,0.99,1.0,1.0,,0.03797,14.3,660,475,575,+599,1,4,0,0,2026-08-14T05:31:36Z
2026-08-13,823508,663728,Cal Raleigh,Seattle Mariners,New York Yankees,0,Max Fried,608331,L,12,369,4.2,1.04,1.01,0.96,0.86,1.08,1.18,1.06,HOT 85F · WIND 9 OUT,0.03577,14.2,550,,500,+604,1,4,0,0,2026-08-14T05:31:36Z
2026-08-13,823508,641857,Ryan McMahon,New York Yankees,Seattle Mariners,1,Logan Gilbert,669302,R,10,291,3.2,1.07,1.14,1.0,1.04,1.08,1.18,1.06,HOT 85F · WIND 9 OUT,0.04639,14.1,700,,700,+609,1,3,0,0,2026-08-14T05:31:36Z
2026-08-13,822696,673548,Seiya Suzuki,Chicago Cubs,Washington Nationals,0,Cade Cavalli,676917,R,20,453,4.4,1.31,0.99,0.96,0.96,1.0,0.84,1.08,HOT 89F · WIND 8 IN,0.03383,14.1,,390,400,+609,1,3,0,0,2026-08-14T05:31:36Z
2026-08-13,823995,592626,Joc Pederson,Texas Rangers,Los Angeles Angels,0,Walbert Ureña,700712,R,22,363,3.3,1.64,1.14,1.02,0.86,1.02,1.0,1.0,,0.04498,14.1,348,340,330,+609,1,3,0,0,2026-08-14T05:31:36Z
2026-08-13,824238,666176,Jo Adell,Cleveland Guardians,Detroit Tigers,0,Keider Montero,672456,R,18,495,4.1,1.14,0.8,1.11,0.94,0.95,1.0,1.04,,0.03601,14.0,1100,,950,+614,1,4,0,0,2026-08-14T05:31:36Z
2026-08-13,822696,691718,Pete Crow-Armstrong,Chicago Cubs,Washington Nationals,0,Cade Cavalli,676917,R,27,538,4.4,1.47,1.13,0.85,0.96,1.0,0.84,1.08,HOT 89F · WIND 8 IN,0.03368,14.0,,270,320,+614,1,4,0,0,2026-08-14T05:31:36Z
2026-08-13,822776,702332,Caleb Durbin,Boston Red Sox,Toronto Blue Jays,0,Max Scherzer,453286,R,11,426,3.8,0.9,0.97,1.0,1.19,1.01,1.14,1.03,WIND 7 OUT,0.03867,13.9,770,575,700,+619,1,5,1,1,2026-08-14T05:31:36Z
2026-08-13,823508,682987,Spencer Jones,New York Yankees,Seattle Mariners,1,Logan Gilbert,669302,R,5,142,3.2,1.06,0.95,0.98,1.04,1.08,1.18,1.06,HOT 85F · WIND 9 OUT,0.04534,13.8,600,,500,+625,1,3,0,0,2026-08-14T05:31:36Z
2026-08-13,822696,664023,Ian Happ,Chicago Cubs,Washington Nationals,0,Cade Cavalli,676917,R,20,498,4.3,1.23,1.09,1.03,0.96,1.0,0.84,1.08,HOT 89F · WIND 8 IN,0.03402,13.8,,425,475,+625,1,3,0,0,2026-08-14T05:31:36Z
2026-08-13,824238,679529,Spencer Torkelson,Detroit Tigers,Cleveland Guardians,1,Parker Messick,800048,L,20,474,4.0,1.27,0.88,1.02,0.91,0.95,1.0,1.04,,0.03609,13.7,900,,850,+630,1,4,0,0,2026-08-14T05:31:36Z
2026-08-13,823669,605137,Josh Bell,Minnesota Twins,Philadelphia Phillies,1,Aaron Nola,605400,R,16,475,4.1,1.07,1.02,0.91,1.19,0.99,1.0,1.0,,0.03529,13.7,507,390,425,+630,1,4,0,0,2026-08-14T05:31:36Z
2026-08-13,823915,592885,Christian Yelich,Milwaukee Brewers,Los Angeles Dodgers,0,Roki Sasaki,808963,R,8,362,4.4,0.82,0.94,1.0,1.18,1.1,1.0,1.0,,0.03257,13.6,630,500,575,+635,1,5,0,0,2026-08-14T05:31:36Z
2026-08-13,823669,656537,Derek Hill,Philadelphia Phillies,Minnesota Twins,0,Taj Bradley,671737,R,9,174,3.2,1.32,1.01,1.1,1.0,0.99,1.0,1.0,,0.04418,13.5,,,,+641,0,0,0,0,2026-08-14T05:31:36Z
2026-08-13,823995,608369,Corey Seager,Texas Rangers,Los Angeles Angels,0,Walbert Ureña,700712,R,12,263,4.2,1.28,1.13,0.99,0.86,1.02,1.0,1.0,,0.03389,13.5,429,350,390,+641,1,3,0,0,2026-08-14T05:31:36Z
2026-08-13,823995,694671,Wyatt Langford,Texas Rangers,Los Angeles Angels,0,Walbert Ureña,700712,R,13,294,4.3,1.27,1.05,0.95,0.86,1.02,1.0,1.0,,0.03226,13.2,515,400,475,+658,1,4,0,0,2026-08-14T05:31:36Z
2026-08-13,823995,669394,Jake Burger,Texas Rangers,Los Angeles Angels,0,Walbert Ureña,700712,R,19,464,4.0,1.24,1.02,1.04,0.86,1.02,1.0,1.0,,0.0345,13.1,467,425,425,+663,0,0,0,0,2026-08-14T05:31:36Z
2026-08-13,822696,686611,Dylan Crews,Washington Nationals,Chicago Cubs,1,Kevin Gausman,592332,R,10,289,4.1,1.08,0.92,1.14,0.97,1.0,0.84,1.08,HOT 89F · WIND 8 IN,0.03348,13.0,448,500,475,+669,1,4,0,0,2026-08-14T05:31:36Z
2026-08-13,822776,678011,Anthony Seigler,Boston Red Sox,Toronto Blue Jays,0,Max Scherzer,453286,R,3,154,3.8,0.84,0.91,0.98,1.19,1.01,1.14,1.03,WIND 7 OUT,0.03572,12.9,,,,+675,0,0,0,0,2026-08-14T05:31:36Z
2026-08-13,823669,607208,Trea Turner,Philadelphia Phillies,Minnesota Twins,0,Taj Bradley,671737,R,17,524,4.4,1.05,1.13,0.97,1.0,0.99,1.0,1.0,,0.03097,12.9,514,500,525,+675,1,5,0,0,2026-08-14T05:31:36Z
2026-08-13,823508,702284,Cole Young,Seattle Mariners,New York Yankees,0,Max Fried,608331,L,14,485,4.0,0.96,0.88,0.96,0.86,1.08,1.18,1.06,HOT 85F · WIND 9 OUT,0.03303,12.6,,,,+694,1,1,0,0,2026-08-14T05:31:36Z
2026-08-13,823915,518692,Freddie Freeman,Los Angeles Dodgers,Milwaukee Brewers,1,Shane Drohan,675660,L,15,505,4.3,0.98,0.93,1.01,0.92,1.1,1.0,1.0,,0.03083,12.6,560,,575,+694,1,4,0,0,2026-08-14T05:31:36Z
2026-08-13,822696,691781,Brady House,Washington Nationals,Chicago Cubs,1,Kevin Gausman,592332,R,8,229,3.9,1.08,1.0,1.15,0.97,1.0,0.84,1.08,HOT 89F · WIND 8 IN,0.03371,12.5,,,,+700,1,4,0,0,2026-08-14T05:31:36Z
2026-08-13,822776,655316,Andruw Monasterio,Boston Red Sox,Toronto Blue Jays,0,Max Scherzer,453286,R,6,257,3.2,0.87,0.8,1.08,1.19,1.01,1.14,1.03,WIND 7 OUT,0.04047,12.4,630,700,625,+706,1,4,0,0,2026-08-14T05:31:36Z
2026-08-13,822776,660821,Jesús Sánchez,Toronto Blue Jays,Boston Red Sox,1,Payton Tolle,801139,L,8,261,3.2,1.0,0.91,1.12,0.99,1.01,1.14,1.03,WIND 7 OUT,0.04036,12.4,,,,+706,0,0,0,0,2026-08-14T05:31:36Z
2026-08-13,823995,642350,Jose Siri,Los Angeles Angels,Texas Rangers,1,Jacob deGrom,594798,R,7,144,3.2,1.25,0.94,1.0,1.05,1.02,1.0,1.0,,0.04069,12.4,,,,+706,1,4,0,0,2026-08-14T05:31:36Z
2026-08-13,822776,642201,Eli White,Boston Red Sox,Toronto Blue Jays,0,Max Scherzer,453286,R,5,156,3.2,1.02,0.93,0.91,1.19,1.01,1.14,1.03,WIND 7 OUT,0.04003,12.3,,,,+713,0,0,0,0,2026-08-14T05:31:36Z
2026-08-13,822776,686765,Nick Sogard,Boston Red Sox,Toronto Blue Jays,0,Max Scherzer,453286,R,0,103,4.1,0.66,0.8,1.11,1.19,1.01,1.14,1.03,WIND 7 OUT,0.03147,12.3,830,775,750,+713,1,5,0,0,2026-08-14T05:31:36Z
2026-08-13,823669,664761,Alec Bohm,Philadelphia Phillies,Minnesota Twins,0,Taj Bradley,671737,R,13,473,4.0,0.93,0.86,1.14,1.0,0.99,1.0,1.0,,0.03234,12.3,820,700,750,+713,1,5,0,0,2026-08-14T05:31:36Z
2026-08-13,823915,606192,Teoscar Hernández,Los Angeles Dodgers,Milwaukee Brewers,1,Shane Drohan,675660,L,11,331,3.8,1.06,1.08,1.03,0.92,1.1,1.0,1.0,,0.03384,12.3,418,350,400,+713,1,3,0,0,2026-08-14T05:31:36Z
2026-08-13,822776,663330,Jahmai Jones,Boston Red Sox,Toronto Blue Jays,0,Max Scherzer,453286,R,4,128,3.2,1.01,0.93,0.91,1.19,1.01,1.14,1.03,WIND 7 OUT,0.03985,12.2,,,,+720,0,0,0,0,2026-08-14T05:31:36Z
2026-08-13,823829,691788,Joe Mack,Miami Marlins,Pittsburgh Pirates,1,Braxton Ashcraft,677952,R,11,236,3.2,1.29,1.14,1.05,1.04,0.92,1.0,1.0,ROOF,0.03939,12.1,,,,+726,0,0,0,0,2026-08-14T05:31:36Z
2026-08-13,823508,806068,Colt Emerson,Seattle Mariners,New York Yankees,0,Max Fried,608331,L,8,241,3.5,1.05,1.04,0.96,0.86,1.08,1.18,1.06,HOT 85F · WIND 9 OUT,0.03608,12.1,,,,+726,0,0,0,0,2026-08-14T05:31:36Z
2026-08-13,823508,669224,Austin Wells,New York Yankees,Seattle Mariners,1,Logan Gilbert,669302,R,8,273,3.2,0.98,1.01,0.93,1.04,1.08,1.18,1.06,HOT 85F · WIND 9 OUT,0.0395,12.1,,,,+726,0,0,0,0,2026-08-14T05:31:36Z
2026-08-13,824238,682657,Angel Martínez,Cleveland Guardians,Detroit Tigers,0,Keider Montero,672456,R,12,297,3.7,1.19,1.11,0.99,0.94,0.95,1.0,1.04,,0.03389,12.0,,,,+733,1,1,0,0,2026-08-14T05:31:36Z
2026-08-13,823508,680977,Brendan Donovan,Seattle Mariners,New York Yankees,0,Max Fried,608331,L,3,123,3.8,0.92,0.9,0.99,0.86,1.08,1.18,1.06,HOT 85F · WIND 9 OUT,0.03296,12.0,1300,,1100,+733,1,4,0,0,2026-08-14T05:31:36Z
2026-08-13,822696,621020,Dansby Swanson,Chicago Cubs,Washington Nationals,0,Cade Cavalli,676917,R,18,452,3.9,1.21,1.0,0.99,0.96,1.0,0.84,1.08,HOT 89F · WIND 8 IN,0.03206,11.9,,,575,+740,1,3,0,0,2026-08-14T05:31:36Z
2026-08-13,822696,665953,Andrés Chaparro,Washington Nationals,Chicago Cubs,1,Kevin Gausman,592332,R,6,121,3.2,1.24,1.11,1.15,0.97,1.0,0.84,1.08,HOT 89F · WIND 8 IN,0.03866,11.9,,,,+740,1,4,0,0,2026-08-14T05:31:36Z
2026-08-13,822776,657136,Connor Wong,Boston Red Sox,Toronto Blue Jays,0,Max Scherzer,453286,R,3,184,3.2,0.78,0.8,1.14,1.19,1.01,1.14,1.03,WIND 7 OUT,0.03835,11.8,840,675,700,+747,1,4,0,0,2026-08-14T05:31:36Z
2026-08-13,823995,694203,Denzer Guzman,Los Angeles Angels,Texas Rangers,1,Jacob deGrom,594798,R,5,171,3.5,0.98,0.86,1.1,1.05,1.02,1.0,1.0,,0.03532,11.8,,,,+747,1,4,0,0,2026-08-14T05:31:36Z
2026-08-13,823508,647304,Josh Naylor,Seattle Mariners,New York Yankees,0,Max Fried,608331,L,10,479,4.2,0.78,0.96,1.05,0.86,1.08,1.18,1.06,HOT 85F · WIND 9 OUT,0.02916,11.7,850,,750,+755,1,4,0,0,2026-08-14T05:31:36Z
2026-08-13,822696,621438,Tyrone Taylor,Chicago Cubs,Washington Nationals,0,Cade Cavalli,676917,R,10,176,3.2,1.4,1.06,1.01,0.96,1.0,0.84,1.08,HOT 89F · WIND 8 IN,0.03802,11.7,,,,+755,1,1,0,0,2026-08-14T05:31:36Z
2026-08-13,823995,687093,Vaughn Grissom,Los Angeles Angels,Texas Rangers,1,Jacob deGrom,594798,R,7,303,3.8,0.85,1.17,1.15,1.05,1.02,1.0,1.0,,0.03208,11.7,900,675,750,+755,1,5,0,0,2026-08-14T05:31:36Z
2026-08-13,823915,661388,William Contreras,Milwaukee Brewers,Los Angeles Dodgers,0,Roki Sasaki,808963,R,11,481,4.3,0.82,1.01,0.88,1.18,1.1,1.0,1.0,,0.0285,11.7,517,450,500,+755,1,4,0,0,2026-08-14T05:31:36Z
2026-08-13,822696,608324,Alex Bregman,Chicago Cubs,Washington Nationals,0,Cade Cavalli,676917,R,16,542,4.6,0.98,1.05,1.01,0.96,1.0,0.84,1.08,HOT 89F · WIND 8 IN,0.02647,11.6,,525,575,+762,1,3,0,0,2026-08-14T05:31:36Z
2026-08-13,823669,669016,Brandon Marsh,Philadelphia Phillies,Minnesota Twins,0,Taj Bradley,671737,R,16,461,3.9,1.1,1.07,0.93,1.0,0.99,1.0,1.0,,0.03098,11.6,600,550,625,+762,1,4,1,1,2026-08-14T05:31:36Z
2026-08-13,824238,800050,Chase DeLauter,Cleveland Guardians,Detroit Tigers,0,Keider Montero,672456,R,13,442,4.2,0.98,1.11,1.03,0.94,0.95,1.0,1.04,,0.02877,11.5,2200,,,+770,1,4,0,0,2026-08-14T05:31:36Z
2026-08-13,824561,545341,Randal Grichuk,Chicago White Sox,Cincinnati Reds,1,Andrew Abbott,671096,L,9,188,3.2,1.28,1.13,1.0,0.99,1.05,0.9,1.03,WIND 5 IN,0.0374,11.5,850,,700,+770,1,3,0,0,2026-08-14T05:31:36Z
2026-08-13,823915,683734,Andrew Vaughn,Milwaukee Brewers,Los Angeles Dodgers,0,Roki Sasaki,808963,R,5,243,3.2,0.82,0.92,1.15,1.18,1.1,1.0,1.0,,0.03737,11.5,710,,700,+770,1,5,0,0,2026-08-14T05:31:36Z
2026-08-13,823508,642215,Weston Wilson,Seattle Mariners,New York Yankees,0,Max Fried,608331,L,4,109,3.2,1.07,0.98,0.97,0.86,1.08,1.18,1.06,HOT 85F · WIND 9 OUT,0.03713,11.4,,,,+777,1,3,1,1,2026-08-14T05:31:36Z
2026-08-13,822776,676391,Ernie Clement,Toronto Blue Jays,Boston Red Sox,1,Payton Tolle,801139,L,9,480,4.0,0.73,1.07,1.13,0.99,1.01,1.14,1.03,WIND 7 OUT,0.02961,11.3,730,650,625,+785,1,4,0,0,2026-08-14T05:31:36Z
2026-08-13,824238,656555,Rhys Hoskins,Cleveland Guardians,Detroit Tigers,0,Keider Montero,672456,R,13,310,3.3,1.23,1.0,1.0,0.94,0.95,1.0,1.04,,0.03525,11.2,,,,+793,0,0,0,0,2026-08-14T05:31:36Z
2026-08-13,824561,643217,Andrew Benintendi,Chicago White Sox,Cincinnati Reds,1,Andrew Abbott,671096,L,12,355,3.4,1.07,0.88,1.09,0.99,1.05,0.9,1.03,WIND 5 IN,0.03434,11.2,,,,+793,1,2,0,0,2026-08-14T05:31:36Z
2026-08-13,823829,683357,Owen Caissie,Miami Marlins,Pittsburgh Pirates,1,Braxton Ashcraft,677952,R,12,274,3.2,1.25,1.14,1.0,1.04,0.92,1.0,1.0,ROOF,0.03653,11.2,1200,,1100,+793,1,3,1,1,2026-08-14T05:31:36Z
2026-08-13,824238,608070,José Ramírez,Cleveland Guardians,Detroit Tigers,0,Keider Montero,672456,R,10,388,4.3,0.9,0.84,1.05,0.94,0.95,1.0,1.04,,0.02703,11.1,2000,,2000,+801,1,4,0,0,2026-08-14T05:31:36Z
2026-08-13,824238,650402,Gleyber Torres,Detroit Tigers,Cleveland Guardians,1,Parker Messick,800048,L,8,283,4.4,0.96,0.98,0.97,0.91,0.95,1.0,1.04,,0.02577,10.9,3000,,2000,+817,1,4,0,0,2026-08-14T05:31:36Z
2026-08-13,823829,668804,Bryan Reynolds,Pittsburgh Pirates,Miami Marlins,0,Tyler Phillips,663969,R,15,533,4.3,0.94,0.93,0.99,1.0,0.92,1.0,1.0,ROOF,0.02631,10.8,1500,,1500,+826,1,5,0,0,2026-08-14T05:31:36Z
2026-08-13,823669,663616,Trevor Larnach,Minnesota Twins,Philadelphia Phillies,1,Aaron Nola,605400,R,10,362,3.6,0.94,0.94,0.92,1.19,0.99,1.0,1.0,,0.03132,10.8,600,425,525,+826,1,5,0,0,2026-08-14T05:31:36Z
2026-08-13,824238,663993,Nathaniel Lowe,Cleveland Guardians,Detroit Tigers,0,Keider Montero,672456,R,13,300,3.3,1.25,1.13,0.92,0.94,0.95,1.0,1.04,,0.03304,10.5,2800,,,+852,1,4,0,0,2026-08-14T05:31:36Z
2026-08-13,823829,665923,Esteury Ruiz,Miami Marlins,Pittsburgh Pirates,1,Braxton Ashcraft,677952,R,6,158,3.2,1.11,0.94,1.05,1.04,0.92,1.0,1.0,ROOF,0.03405,10.5,2000,,2000,+852,1,3,0,0,2026-08-14T05:31:36Z
2026-08-13,822776,665926,Andrés Giménez,Toronto Blue Jays,Boston Red Sox,1,Payton Tolle,801139,L,8,395,3.4,0.78,0.94,1.15,0.99,1.01,1.14,1.03,WIND 7 OUT,0.03211,10.5,1060,725,850,+852,1,3,0,0,2026-08-14T05:31:36Z
2026-08-13,822776,665489,Vladimir Guerrero Jr.,Toronto Blue Jays,Boston Red Sox,1,Payton Tolle,801139,L,7,479,4.2,0.63,0.97,1.15,0.99,1.01,1.14,1.03,WIND 7 OUT,0.02614,10.5,436,450,400,+852,1,4,0,0,2026-08-14T05:31:36Z
2026-08-13,824238,683953,Travis Bazzana,Cleveland Guardians,Detroit Tigers,0,Keider Montero,672456,R,9,377,4.3,0.86,1.09,1.03,0.94,0.95,1.0,1.04,,0.02522,10.4,1800,,1500,+862,1,3,0,0,2026-08-14T05:31:36Z
2026-08-13,824561,805367,Chase Meidroth,Chicago White Sox,Cincinnati Reds,1,Andrew Abbott,671096,L,12,481,4.2,0.87,1.03,1.01,0.99,1.05,0.9,1.03,WIND 5 IN,0.02582,10.4,,,1500,+862,1,5,0,0,2026-08-14T05:31:36Z
2026-08-13,822776,678218,Brandon Valenzuela,Toronto Blue Jays,Boston Red Sox,1,Payton Tolle,801139,L,8,218,3.2,1.11,1.0,0.85,0.99,1.01,1.14,1.03,WIND 7 OUT,0.03378,10.4,770,575,625,+862,1,3,0,0,2026-08-14T05:31:36Z
2026-08-13,822696,695734,Daylen Lile,Washington Nationals,Chicago Cubs,1,Kevin Gausman,592332,R,15,496,4.1,0.99,1.16,0.97,0.97,1.0,0.84,1.08,HOT 89F · WIND 8 IN,0.02611,10.3,560,525,500,+871,1,4,0,0,2026-08-14T05:31:36Z
2026-08-13,823995,677649,Ezequiel Duran,Texas Rangers,Los Angeles Angels,0,Walbert Ureña,700712,R,13,427,3.8,1.0,1.05,1.05,0.86,1.02,1.0,1.0,,0.02817,10.3,1020,650,850,+871,1,4,0,0,2026-08-14T05:31:36Z
2026-08-13,823995,666139,Josh Lowe,Los Angeles Angels,Texas Rangers,1,Jacob deGrom,594798,R,8,231,3.2,1.07,1.09,0.96,1.05,1.02,1.0,1.0,,0.03348,10.3,720,550,700,+871,1,4,0,0,2026-08-14T05:31:36Z
2026-08-13,824561,691011,Drew Romo,Chicago White Sox,Cincinnati Reds,1,Andrew Abbott,671096,L,6,164,3.4,1.09,0.99,0.97,0.99,1.05,0.9,1.03,WIND 5 IN,0.0312,10.2,,,,+880,0,0,0,0,2026-08-14T05:31:36Z
2026-08-13,822696,683737,Michael Busch,Chicago Cubs,Washington Nationals,0,Cade Cavalli,676917,R,14,541,4.5,0.89,0.98,0.99,0.96,1.0,0.84,1.08,HOT 89F · WIND 8 IN,0.02366,10.2,,400,475,+880,1,3,0,0,2026-08-14T05:31:36Z
2026-08-13,823915,669003,Garrett Mitchell,Milwaukee Brewers,Los Angeles Dodgers,0,Roki Sasaki,808963,R,8,406,3.7,0.76,1.05,0.95,1.18,1.1,1.0,1.0,,0.02858,10.2,620,500,525,+880,1,5,0,0,2026-08-14T05:31:36Z
2026-08-13,824238,805808,Kevin McGonigle,Detroit Tigers,Cleveland Guardians,1,Parker Messick,800048,L,12,526,4.5,0.82,0.94,1.02,0.91,0.95,1.0,1.04,,0.02326,10.1,1400,,1300,+890,1,4,0,0,2026-08-14T05:31:36Z
2026-08-13,824561,663886,Tyler Stephenson,Cincinnati Reds,Chicago White Sox,0,Davis Martin,663436,R,11,328,3.6,1.06,1.1,1.02,0.91,1.05,0.9,1.03,WIND 5 IN,0.02927,10.1,,,,+890,1,5,1,1,2026-08-14T05:31:36Z
2026-08-13,823915,663656,Kyle Tucker,Los Angeles Dodgers,Milwaukee Brewers,1,Shane Drohan,675660,L,11,468,4.1,0.84,0.86,0.99,0.92,1.1,1.0,1.0,,0.02568,10.1,576,450,525,+890,1,4,0,0,2026-08-14T05:31:36Z
2026-08-13,824561,695731,Braden Montgomery,Chicago White Sox,Cincinnati Reds,1,Andrew Abbott,671096,L,4,214,4.0,0.8,0.94,1.1,0.99,1.05,0.9,1.03,WIND 5 IN,0.02591,10.0,1200,,1100,+900,1,5,0,0,2026-08-14T05:31:36Z
2026-08-13,824561,803011,Sam Antonacci,Chicago White Sox,Cincinnati Reds,1,Andrew Abbott,671096,L,8,397,4.0,0.77,0.8,1.14,0.99,1.05,0.9,1.03,WIND 5 IN,0.02601,10.0,2000,,1500,+900,1,5,0,0,2026-08-14T05:31:36Z
2026-08-13,823995,694384,Nolan Schanuel,Los Angeles Angels,Texas Rangers,1,Jacob deGrom,594798,R,7,421,4.2,0.69,0.88,1.1,1.05,1.02,1.0,1.0,,0.02476,10.0,970,600,750,+900,1,5,0,0,2026-08-14T05:31:36Z
2026-08-13,823669,624641,Edmundo Sosa,Philadelphia Phillies,Minnesota Twins,0,Taj Bradley,671737,R,5,196,3.2,0.92,0.95,1.15,1.0,0.99,1.0,1.0,,0.0321,9.9,,,,+910,0,0,0,0,2026-08-14T05:31:36Z
2026-08-13,822776,807799,Masataka Yoshida,Boston Red Sox,Toronto Blue Jays,0,Max Scherzer,453286,R,5,285,3.4,0.75,0.93,0.93,1.19,1.01,1.14,1.03,WIND 7 OUT,0.02997,9.8,597,525,525,+920,1,5,0,0,2026-08-14T05:31:36Z
2026-08-13,822776,672386,Alejandro Kirk,Toronto Blue Jays,Boston Red Sox,1,Payton Tolle,801139,L,4,178,3.8,0.88,0.93,0.85,0.99,1.01,1.14,1.03,WIND 7 OUT,0.02676,9.8,,,,+920,0,0,0,0,2026-08-14T05:31:36Z
2026-08-13,823669,668952,Ryan Kreidler,Minnesota Twins,Philadelphia Phillies,1,Aaron Nola,605400,R,5,213,3.2,0.88,1.06,0.99,1.19,0.99,1.0,1.0,,0.03152,9.7,,,,+931,0,0,0,0,2026-08-14T05:31:36Z
2026-08-13,823669,605170,Victor Caratini,Minnesota Twins,Philadelphia Phillies,1,Aaron Nola,605400,R,7,327,3.7,0.81,0.96,0.93,1.19,0.99,1.0,1.0,,0.02733,9.7,,,,+931,0,0,0,0,2026-08-14T05:31:36Z
2026-08-13,822696,696285,Jacob Young,Washington Nationals,Chicago Cubs,1,Kevin Gausman,592332,R,10,364,3.4,0.94,1.02,1.15,0.97,1.0,0.84,1.08,HOT 89F · WIND 8 IN,0.02928,9.6,1120,1200,1100,+942,0,0,0,0,2026-08-14T05:31:36Z
2026-08-13,823915,669242,Tommy Edman,Los Angeles Dodgers,Milwaukee Brewers,1,Shane Drohan,675660,L,3,166,3.7,0.82,1.07,1.05,0.92,1.1,1.0,1.0,,0.02657,9.5,571,360,500,+953,1,4,0,0,2026-08-14T05:31:36Z
2026-08-13,822696,624424,Michael Conforto,Chicago Cubs,Washington Nationals,0,Cade Cavalli,676917,R,9,209,3.2,1.21,0.98,0.93,0.96,1.0,0.84,1.08,HOT 89F · WIND 8 IN,0.03024,9.4,,525,575,+964,1,3,0,0,2026-08-14T05:31:36Z
2026-08-13,822696,660688,Keibert Ruiz,Washington Nationals,Chicago Cubs,1,Kevin Gausman,592332,R,7,269,3.4,0.92,0.92,1.14,0.97,1.0,0.84,1.08,HOT 89F · WIND 8 IN,0.02851,9.4,790,725,700,+964,1,4,0,0,2026-08-14T05:31:36Z
2026-08-13,823669,592663,J.T. Realmuto,Philadelphia Phillies,Minnesota Twins,0,Taj Bradley,671737,R,8,336,3.8,0.86,1.02,0.98,1.0,0.99,1.0,1.0,,0.02569,9.4,750,650,700,+964,1,4,0,0,2026-08-14T05:31:36Z
2026-08-13,823995,679822,Justin Foscue,Texas Rangers,Los Angeles Angels,0,Walbert Ureña,700712,R,7,158,3.2,1.2,0.98,0.94,0.86,1.02,1.0,1.0,,0.03032,9.4,,,,+964,1,3,0,0,2026-08-14T05:31:36Z
2026-08-13,823995,694208,Moisés Ballesteros,Los Angeles Angels,Texas Rangers,1,Jacob deGrom,594798,R,6,209,3.2,0.97,1.03,0.96,1.05,1.02,1.0,1.0,,0.03044,9.4,610,500,525,+964,1,5,0,0,2026-08-14T05:31:36Z
2026-08-13,824561,680574,Matt McLain,Cincinnati Reds,Chicago White Sox,0,Davis Martin,663436,R,10,353,3.7,0.95,0.9,1.01,0.91,1.05,0.9,1.03,WIND 5 IN,0.02592,9.3,950,,950,+975,1,5,0,0,2026-08-14T05:31:36Z
2026-08-13,823829,687462,Spencer Horwitz,Pittsburgh Pirates,Miami Marlins,0,Tyler Phillips,663969,R,10,332,4.0,0.99,1.04,0.86,1.0,0.92,1.0,1.0,ROOF,0.02396,9.2,1200,,1300,+987,1,6,0,0,2026-08-14T05:31:36Z
2026-08-13,823829,672640,Otto Lopez,Miami Marlins,Pittsburgh Pirates,1,Braxton Ashcraft,677952,R,9,510,4.3,0.7,0.91,1.09,1.04,0.92,1.0,1.0,ROOF,0.02223,9.2,2500,,2000,+987,1,3,0,0,2026-08-14T05:31:36Z
2026-08-13,823995,553869,Elias Díaz,Texas Rangers,Los Angeles Angels,0,Walbert Ureña,700712,R,5,154,3.2,1.03,0.84,1.07,0.86,1.02,1.0,1.0,,0.02958,9.2,920,800,750,+987,1,1,0,0,2026-08-14T05:31:36Z
2026-08-13,823915,663604,Brandon Lockridge,Milwaukee Brewers,Los Angeles Dodgers,0,Roki Sasaki,808963,R,0,104,3.2,0.66,0.83,1.14,1.18,1.1,1.0,1.0,,0.02962,9.2,,,,+987,0,0,0,0,2026-08-14T05:31:36Z
2026-08-13,824238,701678,Hao-Yu Lee,Detroit Tigers,Cleveland Guardians,1,Parker Messick,800048,L,6,213,3.2,0.96,0.93,1.1,0.91,0.95,1.0,1.04,,0.0293,9.1,2200,,1300,+999,1,2,0,0,2026-08-14T05:31:36Z
2026-08-13,823829,680779,Henry Davis,Pittsburgh Pirates,Miami Marlins,0,Tyler Phillips,663969,R,8,243,3.2,1.04,1.02,0.99,1.0,0.92,1.0,1.0,ROOF,0.02891,9.0,,,,+1011,0,0,0,0,2026-08-14T05:31:36Z
2026-08-13,823829,694378,Jacob Gonzalez,Pittsburgh Pirates,Miami Marlins,0,Tyler Phillips,663969,R,5,161,3.2,1.01,1.06,1.02,1.0,0.92,1.0,1.0,ROOF,0.02904,9.0,,,,+1011,1,5,1,1,2026-08-14T05:31:36Z
2026-08-13,822776,669701,Josh Smith,Toronto Blue Jays,Boston Red Sox,1,Payton Tolle,801139,L,2,174,3.2,0.71,0.92,1.12,0.99,1.01,1.14,1.03,WIND 7 OUT,0.0285,8.8,,,,+1036,1,1,0,0,2026-08-14T05:31:36Z
2026-08-13,823915,666152,David Hamilton,Milwaukee Brewers,Los Angeles Dodgers,0,Roki Sasaki,808963,R,3,293,3.3,0.61,0.86,1.15,1.18,1.1,1.0,1.0,,0.02753,8.8,1120,800,950,+1036,1,4,0,0,2026-08-14T05:31:36Z
2026-08-13,824561,682622,Noelvi Marte,Cincinnati Reds,Chicago White Sox,0,Davis Martin,663436,R,6,192,3.3,1.01,0.9,1.0,0.91,1.05,0.9,1.03,WIND 5 IN,0.02727,8.7,,,,+1049,0,0,0,0,2026-08-14T05:31:36Z
2026-08-13,823508,621493,Taylor Ward,Seattle Mariners,New York Yankees,0,Max Fried,608331,L,7,538,4.5,0.58,1.16,0.96,0.86,1.08,1.18,1.06,HOT 85F · WIND 9 OUT,0.01995,8.7,,,,+1049,0,0,0,0,2026-08-14T05:31:36Z
2026-08-13,823669,681082,Bryson Stott,Philadelphia Phillies,Minnesota Twins,0,Taj Bradley,671737,R,8,453,3.9,0.71,0.95,1.06,1.0,0.99,1.0,1.0,,0.02281,8.6,660,775,700,+1063,1,5,0,0,2026-08-14T05:31:36Z
2026-08-13,824238,595879,Javier Báez,Detroit Tigers,Cleveland Guardians,1,Parker Messick,800048,L,2,128,3.7,0.81,1.03,1.05,0.91,0.95,1.0,1.04,,0.02376,8.5,2800,,2000,+1076,1,3,0,0,2026-08-14T05:31:36Z
2026-08-13,823995,607043,Brandon Nimmo,Texas Rangers,Los Angeles Angels,0,Walbert Ureña,700712,R,13,486,4.2,0.91,0.9,0.85,0.86,1.02,1.0,1.0,,0.02082,8.5,551,500,500,+1076,1,3,0,0,2026-08-14T05:31:36Z
2026-08-13,823995,672724,Oswald Peraza,Los Angeles Angels,Texas Rangers,1,Jacob deGrom,594798,R,7,313,3.2,0.84,0.8,1.0,1.05,1.02,1.0,1.0,,0.02746,8.5,840,775,700,+1076,0,0,0,0,2026-08-14T05:31:36Z
2026-08-13,823669,807712,Luke Keaschall,Minnesota Twins,Philadelphia Phillies,1,Aaron Nola,605400,R,6,445,3.9,0.61,0.93,0.98,1.19,0.99,1.0,1.0,,0.02193,8.3,,725,850,+1105,1,4,1,1,2026-08-14T05:31:36Z
2026-08-13,823995,624428,Adam Frazier,Los Angeles Angels,Texas Rangers,1,Jacob deGrom,594798,R,1,103,3.2,0.77,0.89,1.07,1.05,1.02,1.0,1.0,,0.02685,8.3,,,,+1105,1,4,0,0,2026-08-14T05:31:36Z
2026-08-13,824238,672275,Patrick Bailey,Cleveland Guardians,Detroit Tigers,0,Keider Montero,672456,R,6,252,3.2,0.88,0.95,1.04,0.94,0.95,1.0,1.04,,0.02616,8.1,,,,+1135,0,0,0,0,2026-08-14T05:31:36Z
2026-08-13,824238,690984,Petey Halpin,Cleveland Guardians,Detroit Tigers,0,Keider Montero,672456,R,2,123,3.2,0.82,0.96,1.11,0.94,0.95,1.0,1.04,,0.02618,8.1,,,,+1135,0,0,0,0,2026-08-14T05:31:36Z
2026-08-13,822776,664770,Nathan Lukes,Toronto Blue Jays,Boston Red Sox,1,Payton Tolle,801139,L,6,308,3.5,0.78,0.85,0.85,0.99,1.01,1.14,1.03,WIND 7 OUT,0.02385,8.1,1320,900,1100,+1135,1,3,0,0,2026-08-14T05:31:36Z
2026-08-13,822776,664702,Myles Straw,Toronto Blue Jays,Boston Red Sox,1,Payton Tolle,801139,L,3,233,3.2,0.69,0.91,1.04,0.99,1.01,1.14,1.03,WIND 7 OUT,0.0258,8.0,960,1600,1100,+1150,1,3,0,0,2026-08-14T05:31:36Z
2026-08-13,823995,623168,Tyler Heineman,Los Angeles Angels,Texas Rangers,1,Jacob deGrom,594798,R,1,141,3.2,0.68,0.87,1.15,1.05,1.02,1.0,1.0,,0.02565,8.0,1380,1000,1100,+1150,0,0,0,0,2026-08-14T05:31:36Z
2026-08-13,823915,500743,Miguel Rojas,Los Angeles Dodgers,Milwaukee Brewers,1,Shane Drohan,675660,L,3,188,3.2,0.77,1.03,1.07,0.92,1.1,1.0,1.0,,0.02557,8.0,760,850,750,+1150,1,2,0,0,2026-08-14T05:31:36Z
2026-08-13,824238,677587,Brayan Rocchio,Cleveland Guardians,Detroit Tigers,0,Keider Montero,672456,R,9,463,3.9,0.75,0.92,0.98,0.94,0.95,1.0,1.04,,0.02087,7.9,2500,,2000,+1166,1,3,0,0,2026-08-14T05:31:36Z
2026-08-13,823915,676439,Hunter Feduccia,Los Angeles Dodgers,Milwaukee Brewers,1,Shane Drohan,675660,L,3,176,3.2,0.79,0.91,1.04,0.92,1.1,1.0,1.0,,0.02554,7.9,880,1000,850,+1166,0,0,0,0,2026-08-14T05:31:36Z
2026-08-13,823915,687401,Joey Ortiz,Milwaukee Brewers,Los Angeles Dodgers,0,Roki Sasaki,808963,R,5,287,3.2,0.75,0.97,0.85,1.18,1.1,1.0,1.0,,0.02512,7.8,,725,,+1182,1,4,0,0,2026-08-14T05:31:36Z
2026-08-13,824238,595978,Austin Hedges,Cleveland Guardians,Detroit Tigers,0,Keider Montero,672456,R,4,185,3.2,0.86,1.06,1.0,0.94,0.95,1.0,1.04,,0.02473,7.7,3500,,2600,+1199,1,2,0,0,2026-08-14T05:31:36Z
2026-08-13,823829,682663,Agustín Ramírez,Miami Marlins,Pittsburgh Pirates,1,Braxton Ashcraft,677952,R,2,147,3.9,0.77,0.85,0.9,1.04,0.92,1.0,1.0,ROOF,0.02016,7.6,2500,,2000,+1216,1,3,0,0,2026-08-14T05:31:36Z
2026-08-13,824561,663647,Ke'Bryan Hayes,Cincinnati Reds,Chicago White Sox,0,Davis Martin,663436,R,4,180,3.2,0.87,0.95,1.02,0.91,1.05,0.9,1.03,WIND 5 IN,0.02405,7.5,1100,,1300,+1233,1,4,0,0,2026-08-14T05:31:36Z
2026-08-13,824561,671976,Tristan Peters,Chicago White Sox,Cincinnati Reds,1,Andrew Abbott,671096,L,6,351,3.2,0.72,0.88,1.12,0.99,1.05,0.9,1.03,WIND 5 IN,0.02377,7.4,,,,+1251,1,2,0,0,2026-08-14T05:31:36Z
2026-08-13,822696,665804,Miguel Amaya,Chicago Cubs,Washington Nationals,0,Cade Cavalli,676917,R,4,194,3.2,0.84,1.05,1.05,0.96,1.0,0.84,1.08,HOT 89F · WIND 8 IN,0.02367,7.4,,,850,+1251,1,3,0,0,2026-08-14T05:31:36Z
2026-08-13,823829,688363,Graham Pauley,Miami Marlins,Pittsburgh Pirates,1,Braxton Ashcraft,677952,R,1,106,3.2,0.76,0.86,1.06,1.04,0.92,1.0,1.0,ROOF,0.02348,7.3,,,,+1270,1,1,0,0,2026-08-14T05:31:36Z
2026-08-13,822696,677588,José Tena,Washington Nationals,Chicago Cubs,1,Kevin Gausman,592332,R,6,236,3.2,0.91,1.0,0.95,0.97,1.0,0.84,1.08,HOT 89F · WIND 8 IN,0.02343,7.3,800,725,750,+1270,0,0,0,0,2026-08-14T05:31:36Z
2026-08-13,823829,669364,Xavier Edwards,Miami Marlins,Pittsburgh Pirates,1,Braxton Ashcraft,677952,R,6,509,4.2,0.56,0.8,1.06,1.04,0.92,1.0,1.0,ROOF,0.01731,7.1,3000,,2600,+1308,1,3,0,0,2026-08-14T05:31:36Z
2026-08-13,823508,645302,Victor Robles,Seattle Mariners,New York Yankees,0,Max Fried,608331,L,0,126,3.2,0.61,0.87,1.0,0.86,1.08,1.18,1.06,HOT 85F · WIND 9 OUT,0.02201,6.9,,,,+1349,0,0,0,0,2026-08-14T05:31:36Z
2026-08-13,823995,694497,Evan Carter,Texas Rangers,Los Angeles Angels,0,Walbert Ureña,700712,R,8,340,3.3,0.86,1.03,0.93,0.86,1.02,1.0,1.0,,0.02138,6.9,820,600,700,+1349,1,4,0,0,2026-08-14T05:31:36Z
2026-08-13,824238,690993,Colt Keith,Detroit Tigers,Cleveland Guardians,1,Parker Messick,800048,L,8,344,3.2,0.85,0.93,0.93,0.91,0.95,1.0,1.04,,0.02192,6.8,,,,+1371,1,1,0,0,2026-08-14T05:31:36Z
2026-08-13,823508,660844,Leo Rivas,Seattle Mariners,New York Yankees,0,Max Fried,608331,L,0,129,3.2,0.61,0.88,1.0,0.86,1.08,1.18,1.06,HOT 85F · WIND 9 OUT,0.02181,6.8,1700,,1500,+1371,1,2,0,0,2026-08-14T05:31:36Z
2026-08-13,822696,608348,Carson Kelly,Chicago Cubs,Washington Nationals,0,Cade Cavalli,676917,R,7,321,3.6,0.82,0.8,0.87,0.96,1.0,0.84,1.08,HOT 89F · WIND 8 IN,0.01926,6.8,,650,,+1371,0,0,0,0,2026-08-14T05:31:36Z
2026-08-13,823669,650333,Luis Arraez,Philadelphia Phillies,Minnesota Twins,0,Taj Bradley,671737,R,5,506,4.4,0.52,0.84,1.01,1.0,0.99,1.0,1.0,,0.01583,6.8,1220,1200,1100,+1371,1,5,0,0,2026-08-14T05:31:36Z
2026-08-13,824561,700337,Edgar Quero,Chicago White Sox,Cincinnati Reds,1,Andrew Abbott,671096,L,3,207,3.2,0.73,1.14,1.0,0.99,1.05,0.9,1.03,WIND 5 IN,0.02156,6.7,1900,,1300,+1393,1,5,0,0,2026-08-14T05:31:36Z
2026-08-13,823829,677870,Leo Jiménez,Miami Marlins,Pittsburgh Pirates,1,Braxton Ashcraft,677952,R,2,161,3.2,0.74,0.8,1.0,1.04,0.92,1.0,1.0,ROOF,0.02145,6.7,3500,,4000,+1393,1,3,0,0,2026-08-14T05:31:36Z
2026-08-13,822696,699393,Pedro Ramírez,Chicago Cubs,Washington Nationals,0,Cade Cavalli,676917,R,2,129,3.2,0.81,0.84,0.99,0.96,1.0,0.84,1.08,HOT 89F · WIND 8 IN,0.02156,6.7,,,,+1393,1,3,0,0,2026-08-14T05:31:36Z
2026-08-13,823915,669743,Alex Call,Los Angeles Dodgers,Milwaukee Brewers,1,Shane Drohan,675660,L,1,150,3.2,0.67,0.98,1.04,0.92,1.1,1.0,1.0,,0.02145,6.7,,,,+1393,0,0,0,0,2026-08-14T05:31:36Z
2026-08-13,823829,693304,Nick Gonzales,Pittsburgh Pirates,Miami Marlins,0,Tyler Phillips,663969,R,6,481,4.1,0.58,0.92,1.01,1.0,0.92,1.0,1.0,ROOF,0.01655,6.6,2500,,2600,+1415,1,5,0,0,2026-08-14T05:31:36Z
2026-08-13,822696,663538,Nico Hoerner,Chicago Cubs,Washington Nationals,0,Cade Cavalli,676917,R,7,525,4.4,0.59,0.84,0.97,0.96,1.0,0.84,1.08,HOT 89F · WIND 8 IN,0.01541,6.6,,1050,1300,+1415,0,0,0,0,2026-08-14T05:31:36Z
2026-08-13,824561,670770,TJ Friedl,Cincinnati Reds,Chicago White Sox,0,Davis Martin,663436,R,3,239,3.5,0.68,0.88,1.03,0.91,1.05,0.9,1.03,WIND 5 IN,0.01897,6.5,,,,+1438,0,0,0,0,2026-08-14T05:31:36Z
2026-08-13,823995,685133,Wade Meckler,Los Angeles Angels,Texas Rangers,1,Jacob deGrom,594798,R,3,201,3.2,0.74,0.91,0.85,1.05,1.02,1.0,1.0,,0.02066,6.5,880,725,750,+1438,1,5,0,0,2026-08-14T05:31:36Z
2026-08-13,823829,691594,Javier Sanoja,Miami Marlins,Pittsburgh Pirates,1,Braxton Ashcraft,677952,R,4,325,3.2,0.63,0.8,1.09,1.04,0.92,1.0,1.0,ROOF,0.02009,6.3,2500,,2000,+1487,1,3,0,0,2026-08-14T05:31:36Z
2026-08-13,823669,668885,Austin Martin,Minnesota Twins,Philadelphia Phillies,1,Aaron Nola,605400,R,3,330,3.2,0.56,0.8,0.99,1.19,0.99,1.0,1.0,,0.02027,6.3,,,,+1487,0,0,0,0,2026-08-14T05:31:36Z
2026-08-13,824561,667472,Dane Myers,Cincinnati Reds,Chicago White Sox,0,Davis Martin,663436,R,3,213,3.2,0.72,0.82,0.98,0.91,1.05,0.9,1.03,WIND 5 IN,0.01916,6.0,1100,,950,+1567,1,5,0,0,2026-08-14T05:31:36Z
2026-08-13,823829,663968,Jake Mangum,Pittsburgh Pirates,Miami Marlins,0,Tyler Phillips,663969,R,4,359,3.6,0.59,0.82,1.02,1.0,0.92,1.0,1.0,ROOF,0.01704,6.0,2500,,2600,+1567,1,5,0,0,2026-08-14T05:31:36Z
2026-08-13,823829,805300,Jakob Marsee,Miami Marlins,Pittsburgh Pirates,1,Braxton Ashcraft,677952,R,6,461,3.9,0.6,0.87,0.9,1.04,0.92,1.0,1.0,ROOF,0.01571,6.0,2000,,1500,+1567,1,4,0,0,2026-08-14T05:31:36Z
2026-08-13,824238,656716,Zach McKinstry,Detroit Tigers,Cleveland Guardians,1,Parker Messick,800048,L,4,327,3.4,0.63,0.82,1.02,0.91,0.95,1.0,1.04,,0.01784,5.9,,,,+1595,1,2,0,0,2026-08-14T05:31:36Z
2026-08-13,824561,686668,Brenton Doyle,Chicago White Sox,Cincinnati Reds,1,Andrew Abbott,671096,L,2,152,3.2,0.75,0.96,0.85,0.99,1.05,0.9,1.03,WIND 5 IN,0.01887,5.9,1300,,950,+1595,1,4,0,0,2026-08-14T05:31:36Z
2026-08-13,823829,669707,Jared Triolo,Pittsburgh Pirates,Miami Marlins,0,Tyler Phillips,663969,R,2,267,3.2,0.57,0.8,1.15,1.0,0.92,1.0,1.0,ROOF,0.01838,5.8,,,,+1624,1,5,1,1,2026-08-14T05:31:36Z
2026-08-13,824561,682668,Luisangel Acuña,Chicago White Sox,Cincinnati Reds,1,Andrew Abbott,671096,L,1,194,3.2,0.59,0.8,1.0,0.99,1.05,0.9,1.03,WIND 5 IN,0.01738,5.5,2200,,,+1718,1,2,0,0,2026-08-14T05:31:36Z
2026-08-13,822696,678391,Jorbit Vivas,Washington Nationals,Chicago Cubs,1,Kevin Gausman,592332,R,3,253,3.2,0.66,0.86,0.86,0.97,1.0,0.84,1.08,HOT 89F · WIND 8 IN,0.01547,4.9,1160,900,950,+1941,1,4,0,0,2026-08-14T05:31:36Z
2026-08-13,823995,670032,Nicky Lopez,Texas Rangers,Los Angeles Angels,0,Walbert Ureña,700712,R,1,207,3.2,0.57,0.8,1.0,0.86,1.02,1.0,1.0,,0.01535,4.8,2000,2200,1500,+1983,1,4,0,0,2026-08-14T05:31:36Z
2026-08-13,824238,680757,Steven Kwan,Cleveland Guardians,Detroit Tigers,0,Keider Montero,672456,R,2,458,4.1,0.4,0.8,1.0,0.94,0.95,1.0,1.04,,0.0115,4.6,5500,,4000,+2074,1,4,0,0,2026-08-14T05:31:36Z
2026-08-13,823669,702222,Justin Crawford,Philadelphia Phillies,Minnesota Twins,0,Taj Bradley,671737,R,2,358,3.2,0.48,0.8,0.9,1.0,0.99,1.0,1.0,,0.01307,4.1,1500,1350,1300,+2339,1,4,0,0,2026-08-14T05:31:36Z
2026-08-13,822696,683083,Nasim Nuñez,Washington Nationals,Chicago Cubs,1,Kevin Gausman,592332,R,1,400,3.5,0.39,0.8,1.0,0.97,1.0,0.84,1.08,HOT 89F · WIND 8 IN,0.01056,3.6,1740,1600,1500,+2678,0,0,0,0,2026-08-14T05:31:36Z
