date,pk,pitcher_id,name,team,opp,home,hand,season_so,season_bf,season_gs,season_ip,prior_so,prior_bf,bf_l5,bf_season,exp_bf,p_pit,f_pit,lineup_src,lineup_n,lineup_k,f_lineup,pk_pa,exp_k,p_over_3.5,p_over_4.5,p_over_5.5,p_over_6.5,p_over_7.5,p_over_8.5,line_dk,over_dk,under_dk,line_fd,over_fd,under_fd,line_mgm,over_mgm,under_mgm,line_czr,over_czr,under_czr,alts,cons_line,p_over_cons,fair_over,fair_under,best_side,best_book,best_line,best_price,best_edge,odds_at,built_at,src,lock_lineup_n,lock_lineup_k,lock_f_lineup,lock_pk_pa,lock_exp_k,lock_p_over_3.5,lock_p_over_4.5,lock_p_over_5.5,lock_p_over_6.5,lock_p_over_7.5,lock_p_over_8.5,lock_cons_line,lock_p_over_cons,lock_fair_over,lock_fair_under,lock_best_side,lock_best_book,lock_best_line,lock_best_price,lock_best_edge,lock_odds_at,lock_built_at,started,k_actual,bf_actual,ip_actual,over_cons,best_result,lock_over_cons,lock_best_result,graded_at
2026-08-17,824514,687273,Quinn Mathews,St. Louis Cardinals,Cincinnati Reds,0,L,3,24,1,5.0,0,0,24.0,22.42,23.61,0.2109,0.953,confirmed,9,0.2526,1.142,0.2413,5.73,0.8196,0.6806,0.5178,0.3584,0.2252,0.1284,4.5,-124,-102,4.5,-111,-115,4.5,-118,-118,,,,"{""fd"":{""2.5"":[-850,null],""3.5"":[-295,null],""4.5"":[-111,null],""5.5"":[190,null],""6.5"":[400,null]},""dk"":{""1.5"":[-3800,null],""2.5"":[-760,null],""3.5"":[-277,null],""4.5"":[-127,null],""5.5"":[165,null],""6.5"":[334,null],""7.5"":[700,null],""8.5"":[1400,null]},""czr"":{""2.5"":[-1250,null],""3.5"":[-310,null],""4.5"":[-124,null],""5.5"":[166,null],""6.5"":[340,null],""7.5"":[700,null]},""mgm"":{""4.5"":[-118,null],""3.5"":[-275,null],""5.5"":[170,null],""6.5"":[325,null],""2.5"":[-650,null]}}",4.5,0.6806,-213,+213,over,fd,4.5,-111,0.1847,2026-08-17T15:32:01Z,2026-08-17T15:32:01Z,morning,9,0.2526,1.142,0.2414,5.73,0.8197,0.6807,0.518,0.3586,0.2253,0.1285,4.5,0.6807,-213,+213,over,fd,4.5,-111,0.1849,2026-08-17T15:32:01Z,2026-08-17T16:00:46Z,1,7,17,4.0,1,W,1,W,2026-08-18T00:02:30Z
2026-08-17,824514,592288,Kent Emanuel,Cincinnati Reds,St. Louis Cardinals,1,L,0,0,0,0.0,0,0,21.9,21.9,21.9,0.2212,1.0,confirmed,9,0.2059,0.931,0.2059,4.48,0.6544,0.4699,0.3008,0.1718,0.0878,0.0404,,,,,,,,,,,,,,,,,,,,,,,2026-08-17T15:32:01Z,2026-08-17T15:32:01Z,morning,9,0.2059,0.931,0.2059,4.48,0.6545,0.4701,0.301,0.1719,0.0879,0.0404,,,,,,,,,,2026-08-17T15:32:01Z,2026-08-17T16:00:46Z,1,4,23,5.0,,,,,2026-08-18T00:02:30Z
2026-08-17,824478,669467,Andre Pallante,St. Louis Cardinals,Cincinnati Reds,0,R,92,539,23,130.0,111,715,23.2,23.35,23.24,0.1704,0.771,previous,9,0.2413,1.091,0.1871,4.26,0.6147,0.4264,0.2629,0.1444,0.071,0.0314,,,,,,,,,,,,,,,,,,,,,,,2026-08-17T15:32:01Z,2026-08-17T15:32:01Z,morning,9,0.245,1.107,0.19,4.32,0.6268,0.4394,0.2741,0.1525,0.0759,0.0341,,,,,,,,,,2026-08-17T15:32:01Z,2026-08-17T21:31:04Z,1,5,25,6.0,,,,,2026-08-18T04:27:09Z
2026-08-17,824478,695076,Rhett Lowder,Cincinnati Reds,St. Louis Cardinals,1,R,77,423,18,94.3,0,0,21.2,21.84,21.36,0.1946,0.88,previous,9,0.2012,0.91,0.1765,3.66,0.5011,0.3127,0.1713,0.0829,0.0357,0.0138,,,,,,,,,,,,,,,,,,,,,,,2026-08-17T15:32:01Z,2026-08-17T15:32:01Z,morning,9,0.1947,0.88,0.1706,3.54,0.4755,0.2894,0.1543,0.0727,0.0304,0.0114,,,,,,,,,,2026-08-17T15:32:01Z,2026-08-17T21:01:32Z,1,5,29,6.7,,,,,2026-08-18T04:27:09Z
2026-08-17,822939,687064,Brandon Young,Baltimore Orioles,Tampa Bay Rays,0,R,93,487,20,113.7,47,256,24.8,24.03,24.61,0.1936,0.875,previous,9,0.1888,0.854,0.1645,4.07,0.5787,0.3893,0.2325,0.1238,0.0591,0.0255,3.5,-127,100,3.5,-136,106,3.5,-135,100,,,,"{""dk"":{""1.5"":[-1240,null],""2.5"":[-328,null],""3.5"":[-127,null],""4.5"":[180,null],""5.5"":[403,null],""6.5"":[860,null]},""czr"":{""2.5"":[-420,null],""3.5"":[-148,null],""4.5"":[153,null],""5.5"":[330,null],""6.5"":[700,null]},""fd"":{""2.5"":[-410,null],""3.5"":[-136,null],""4.5"":[172,null],""5.5"":[390,null]},""mgm"":{""4.5"":[165,null],""3.5"":[-135,null],""6.5"":[600,null],""2.5"":[-325,null],""5.5"":[325,null]}}",3.5,0.5787,-137,+137,over,dk,3.5,-127,0.0507,2026-08-17T15:32:01Z,2026-08-17T15:32:01Z,morning,9,0.1791,0.81,0.1557,3.85,0.5368,0.3477,0.1993,0.1016,0.0464,0.0191,3.5,0.5368,-116,+116,under,mgm,3.5,110,0.027,2026-08-17T20:01:51Z,2026-08-17T20:01:51Z,1,3,20,4.0,0,L,0,W,2026-08-18T04:27:09Z
2026-08-17,822939,663556,Shane McClanahan,Tampa Bay Rays,Baltimore Orioles,1,L,91,409,20,99.0,0,0,19.4,20.71,19.73,0.2221,1.004,previous,9,0.2428,1.098,0.2438,4.82,0.7097,0.5351,0.3615,0.2184,0.1181,0.0574,4.5,-123,-104,4.5,-128,100,4.5,-115,-125,,,,"{""dk"":{""1.5"":[-3400,null],""2.5"":[-750,null],""3.5"":[-276,null],""4.5"":[-123,null],""5.5"":[168,null],""6.5"":[349,null],""7.5"":[710,null],""8.5"":[1380,null]},""czr"":{""2.5"":[-2000,null],""3.5"":[-345,null],""4.5"":[-139,null],""5.5"":[155,null],""6.5"":[305,null],""7.5"":[600,null],""8.5"":[1300,null]},""fd"":{""2.5"":[-1100,null],""3.5"":[-330,null],""4.5"":[-128,null],""5.5"":[162,null],""6.5"":[350,null]},""mgm"":{""6.5"":[400,null],""4.5"":[-115,null],""3.5"":[-275,null],""2.5"":[-700,null],""5.5"":[195,null]}}",4.5,0.5351,-115,+115,over,mgm,4.5,-115,0.0446,2026-08-17T15:32:01Z,2026-08-17T15:32:01Z,morning,9,0.2496,1.128,0.2506,4.95,0.729,0.5592,0.3855,0.238,0.1318,0.0656,4.5,0.5592,-127,+127,over,mgm,4.5,-115,0.0687,2026-08-17T15:32:01Z,2026-08-17T21:01:32Z,1,3,14,3.3,0,L,0,L,2026-08-18T04:27:09Z
2026-08-17,823427,676083,Janson Junk,Miami Marlins,Philadelphia Phillies,0,R,64,373,17,87.7,77,447,19.4,22.09,20.07,0.1771,0.801,previous,9,0.1877,0.849,0.149,2.94,0.3459,0.1829,0.084,0.0339,0.0121,0.0039,3.5,127,-163,3.5,130,-166,3.5,105,-155,,,,"{""dk"":{""1.5"":[-770,null],""2.5"":[-212,null],""3.5"":[127,null],""4.5"":[322,null],""5.5"":[770,null],""6.5"":[1740,null]},""czr"":{""1.5"":[-1000,null],""2.5"":[-230,null],""3.5"":[113,null],""4.5"":[270,null],""5.5"":[625,null]},""fd"":{""2.5"":[-230,null],""3.5"":[130,null],""4.5"":[285,null],""5.5"":[680,null]},""mgm"":{""5.5"":[500,null],""2.5"":[-225,null],""4.5"":[250,null],""6.5"":[950,null],""3.5"":[110,null]}}",3.5,0.3459,+189,-189,under,mgm,3.5,-155,0.0993,2026-08-17T15:32:01Z,2026-08-17T15:32:01Z,morning,9,0.1881,0.85,0.1493,2.95,0.3472,0.1839,0.0846,0.0342,0.0122,0.0039,3.5,0.3472,+188,-188,under,mgm,3.5,-160,0.089,2026-08-17T20:01:51Z,2026-08-17T20:01:51Z,1,2,23,5.0,0,W,0,W,2026-08-18T04:27:09Z
2026-08-17,823427,650911,Cristopher Sánchez,Philadelphia Phillies,Miami Marlins,1,L,181,646,25,155.7,212,807,24.2,24.95,24.39,0.2741,1.239,previous,9,0.1963,0.888,0.2451,5.82,0.8285,0.6935,0.533,0.3732,0.2374,0.1372,6.5,-145,114,6.5,-142,112,6.5,-140,105,,,,"{""dk"":{""3.5"":[-2200,null],""4.5"":[-720,null],""5.5"":[-304,null],""6.5"":[-146,null],""7.5"":[137,null],""8.5"":[269,null],""9.5"":[539,null],""10.5"":[1100,null]},""czr"":{""9.5"":[380,null],""4.5"":[-950,null],""5.5"":[-345,null],""6.5"":[-164,null],""7.5"":[120,null],""8.5"":[210,null]},""fd"":{""3.5"":[-4000,null],""4.5"":[-900,null],""5.5"":[-340,null],""6.5"":[-142,null],""7.5"":[136,null],""8.5"":[280,null],""9.5"":[540,null]},""mgm"":{""6.5"":[-140,null],""4.5"":[-600,null],""8.5"":[230,null],""5.5"":[-275,null],""7.5"":[130,null]}}",6.5,0.3732,+168,-168,under,dk,6.5,114,0.1856,2026-08-17T15:32:01Z,2026-08-17T15:32:01Z,morning,9,0.2027,0.916,0.2525,6.0,0.8445,0.7175,0.5618,0.4019,0.2617,0.155,6.5,0.4019,+149,-149,under,mgm,6.5,105,0.1529,2026-08-17T20:01:51Z,2026-08-17T20:01:51Z,1,6,27,6.0,0,W,0,W,2026-08-18T04:27:09Z
2026-08-17,823343,664285,Framber Valdez,Detroit Tigers,Pittsburgh Pirates,0,L,106,587,24,133.0,187,802,23.6,24.14,23.74,0.1933,0.874,previous,9,0.2428,1.098,0.213,5.06,0.7407,0.5735,0.4012,0.2528,0.1436,0.0738,5.5,116,-148,5.5,118,-150,4.5,-165,115,,,,"{""fd"":{""2.5"":[-2000,null],""3.5"":[-520,null],""4.5"":[-215,null],""5.5"":[118,null],""6.5"":[235,null],""7.5"":[480,null]},""dk"":{""2.5"":[-1020,null],""3.5"":[-374,null],""4.5"":[-173,null],""5.5"":[118,null],""6.5"":[230,null],""7.5"":[459,null],""8.5"":[930,null],""9.5"":[1760,null]},""czr"":{""3.5"":[-500,null],""4.5"":[-197,null],""5.5"":[115,null],""6.5"":[220,null],""7.5"":[425,null],""8.5"":[850,null]},""mgm"":{""4.5"":[-160,null],""3.5"":[-350,null],""6.5"":[250,null],""5.5"":[125,null],""2.5"":[-1000,null]}}",5.5,0.4012,+149,-149,under,dk,5.5,-148,0.0357,2026-08-17T15:32:01Z,2026-08-17T15:32:01Z,morning,9,0.229,1.035,0.2004,4.76,0.6976,0.5204,0.3486,0.2095,0.1133,0.0553,4.5,0.5204,-109,+109,under,fd,5.5,-150,0.0847,2026-08-17T20:01:51Z,2026-08-17T20:01:51Z,1,5,26,5.7,0,W,1,W,2026-08-18T04:27:09Z
2026-08-17,823343,669387,Carmen Mlodzinski,Pittsburgh Pirates,Detroit Tigers,1,R,78,433,11,99.7,89,419,19.0,20.9,19.48,0.1912,0.865,previous,9,0.2046,0.925,0.1764,3.31,0.4274,0.2471,0.1245,0.0551,0.0216,0.0076,2.5,-162,127,2.5,-166,130,2.5,-175,120,,,,"{""fd"":{""2.5"":[-166,null],""3.5"":[142,null],""4.5"":[330,null],""5.5"":[750,null]},""dk"":{""1.5"":[-504,null],""2.5"":[-160,null],""3.5"":[161,null],""4.5"":[389,null],""5.5"":[920,null]},""czr"":{""1.5"":[-675,null],""2.5"":[-173,null],""3.5"":[148,null],""4.5"":[350,null],""5.5"":[850,null]},""mgm"":{""4.5"":[340,null],""2.5"":[-165,null],""5.5"":[700,null],""6.5"":[1250,null],""3.5"":[150,null]}}",2.5,0.6399,-178,+178,over,mgm,2.5,-175,0.0566,2026-08-17T15:32:01Z,2026-08-17T15:32:01Z,morning,9,0.1992,0.901,0.1715,3.22,0.4073,0.2305,0.1135,0.0491,0.0188,0.0064,2.5,0.6217,-164,+164,over,mgm,2.5,-155,0.0669,2026-08-17T20:01:51Z,2026-08-17T20:01:51Z,1,3,18,3.0,1,W,1,W,2026-08-18T04:27:09Z
2026-08-17,824725,683352,Mitch Bratt,Arizona Diamondbacks,Boston Red Sox,0,L,25,143,7,33.7,0,0,23.0,20.87,22.47,0.2018,0.913,previous,9,0.2002,0.905,0.1823,3.97,0.5611,0.3707,0.2163,0.112,0.0517,0.0215,3.5,-142,111,3.5,-142,112,3.5,-155,105,,,,"{""fd"":{""2.5"":[-400,null],""3.5"":[-142,null],""4.5"":[164,null],""5.5"":[360,null]},""czr"":{""2.5"":[-500,null],""3.5"":[-164,null],""4.5"":[138,null],""5.5"":[300,null],""6.5"":[650,null]},""mgm"":{""3.5"":[-150,null],""4.5"":[145,null],""5.5"":[300,null],""2.5"":[-350,null],""6.5"":[575,null]},""dk"":{""1.5"":[-1200,null],""2.5"":[-356,null],""3.5"":[-139,null],""4.5"":[163,null],""5.5"":[358,null],""6.5"":[750,null],""7.5"":[1520,null]}}",3.5,0.5611,-128,+128,over,dk,3.5,-142,0.008,2026-08-17T15:32:01Z,2026-08-17T15:32:01Z,morning,9,0.2079,0.94,0.1894,4.12,0.5906,0.4007,0.2408,0.1286,0.0613,0.0263,3.5,0.5906,-144,+144,over,dk,3.5,-142,0.0374,2026-08-17T15:32:01Z,2026-08-17T20:16:25Z,1,0,16,3.0,0,L,0,L,2026-08-18T04:27:09Z
2026-08-17,824725,687941,Alec Gamboa,Boston Red Sox,Arizona Diamondbacks,1,L,12,68,0,17.0,0,0,21.9,21.9,21.9,0.2098,0.949,previous,9,0.1995,0.902,0.189,4.11,0.589,0.3991,0.2394,0.1276,0.0608,0.026,,,,,,,,,,,,,,,,,,,,,,,2026-08-17T15:32:01Z,2026-08-17T15:32:01Z,morning,,,,,,,,,,,,,,,,,,,,,,,1,1,4,1.3,,,,,2026-08-18T04:27:09Z
2026-08-17,823589,621111,Walker Buehler,San Diego Padres,New York Mets,0,R,100,497,24,114.3,92,565,21.8,20.91,21.58,0.1946,0.88,previous,9,0.2208,0.998,0.1943,4.23,0.6102,0.4214,0.2582,0.1407,0.0686,0.03,3.5,-151,118,3.5,-156,122,4.5,120,-175,,,,"{""fd"":{""2.5"":[-480,null],""3.5"":[-156,null],""4.5"":[146,null],""5.5"":[340,null],""6.5"":[750,null]},""dk"":{""1.5"":[-1540,null],""2.5"":[-404,null],""3.5"":[-157,null],""4.5"":[148,null],""5.5"":[331,null],""6.5"":[740,null],""7.5"":[1520,null]},""czr"":{""2.5"":[-500,null],""3.5"":[-170,null],""4.5"":[135,null],""5.5"":[290,null],""6.5"":[625,null],""7.5"":[1400,null]},""mgm"":{""4.5"":[120,null],""2.5"":[-450,null],""5.5"":[240,null],""3.5"":[-175,null],""6.5"":[450,null]}}",3.5,0.6102,-157,+157,over,dk,3.5,-151,0.0428,2026-08-17T15:32:01Z,2026-08-17T15:32:01Z,morning,9,0.2237,1.011,0.1969,4.28,0.6204,0.4324,0.2676,0.1474,0.0726,0.0322,3.5,0.6204,-163,+163,over,fd,3.5,-158,0.042,2026-08-17T20:01:51Z,2026-08-17T20:01:51Z,1,4,21,6.0,1,W,1,W,2026-08-18T04:27:09Z
2026-08-17,823589,690997,Nolan McLean,New York Mets,San Diego Padres,1,R,159,568,24,136.7,57,188,24.0,23.53,23.88,0.275,1.243,previous,9,0.2024,0.915,0.2531,6.01,0.8458,0.7194,0.5641,0.4042,0.2637,0.1565,5.5,-140,110,5.5,-148,114,5.5,-160,110,,,,"{""fd"":{""3.5"":[-1000,null],""4.5"":[-360,null],""5.5"":[-148,null],""6.5"":[132,null],""7.5"":[280,null],""8.5"":[560,null]},""dk"":{""2.5"":[-3200,null],""3.5"":[-790,null],""4.5"":[-307,null],""5.5"":[-141,null],""6.5"":[145,null],""7.5"":[296,null],""8.5"":[590,null],""9.5"":[1180,null]},""czr"":{""9.5"":[850,null],""3.5"":[-1450,null],""4.5"":[-345,null],""5.5"":[-157,null],""6.5"":[125,null],""7.5"":[235,null],""8.5"":[425,null]},""mgm"":{""5.5"":[-160,null],""4.5"":[-325,null],""6.5"":[120,null],""3.5"":[-700,null],""7.5"":[210,null]}}",5.5,0.5641,-129,+129,over,dk,5.5,-140,0.0135,2026-08-17T15:32:01Z,2026-08-17T15:32:01Z,morning,9,0.2031,0.918,0.254,6.03,0.8474,0.7219,0.5672,0.4074,0.2664,0.1586,5.5,0.5672,-131,+131,over,dk,5.5,-140,0.0166,2026-08-17T15:32:01Z,2026-08-17T21:31:04Z,1,3,26,6.0,0,L,0,L,2026-08-18T04:27:09Z
2026-08-17,824077,686930,Mason Barnett,Athletics,Kansas City Royals,0,R,36,167,3,38.0,18,104,20.67,21.28,20.82,0.2097,0.948,previous,9,0.2137,0.966,0.2025,4.2,0.6069,0.4177,0.2547,0.1379,0.0667,0.0289,3.5,110,-140,3.5,112,-142,3.5,-105,-140,,,,"{""fd"":{""2.5"":[-265,null],""3.5"":[112,null],""4.5"":[250,null],""5.5"":[560,null]},""dk"":{""1.5"":[-640,null],""2.5"":[-221,null],""3.5"":[110,null],""4.5"":[241,null],""5.5"":[538,null],""6.5"":[1180,null]},""czr"":{""1.5"":[-1450,null],""2.5"":[-260,null],""3.5"":[101,null],""4.5"":[235,null],""5.5"":[550,null],""6.5"":[1300,null]},""mgm"":{""3.5"":[100,null],""2.5"":[-250,null],""6.5"":[850,null],""5.5"":[450,null],""4.5"":[210,null]}}",3.5,0.6069,-154,+154,over,fd,3.5,112,0.1613,2026-08-17T15:32:01Z,2026-08-17T15:32:01Z,morning,7,0.2203,0.996,0.2089,4.33,0.6307,0.4434,0.2769,0.1538,0.0763,0.034,3.5,0.6307,-171,+171,over,dk,3.5,115,0.192,2026-08-17T20:01:51Z,2026-08-17T20:01:51Z,1,2,18,2.7,0,L,0,L,2026-08-18T04:27:09Z
2026-08-17,824077,608379,Michael Wacha,Kansas City Royals,Athletics,1,R,117,612,24,150.7,126,716,25.0,25.3,25.07,0.1899,0.858,previous,9,0.2185,0.988,0.1875,4.64,0.6784,0.4978,0.3275,0.1933,0.1027,0.0493,4.5,-106,-120,4.5,100,-128,4.5,-115,-125,,,,"{""fd"":{""2.5"":[-850,null],""3.5"":[-265,null],""4.5"":[100,null],""5.5"":[210,null],""6.5"":[450,null]},""dk"":{""1.5"":[-3100,null],""2.5"":[-700,null],""3.5"":[-249,null],""4.5"":[-107,null],""5.5"":[206,null],""6.5"":[450,null],""7.5"":[950,null]},""czr"":{""2.5"":[-1000,null],""3.5"":[-265,null],""4.5"":[-115,null],""5.5"":[191,null],""6.5"":[375,null],""7.5"":[800,null]},""mgm"":{""6.5"":[325,null],""3.5"":[-250,null],""5.5"":[175,null],""4.5"":[-115,null],""2.5"":[-625,null]}}",4.5,0.4978,+101,-101,over,fd,4.5,100,0.0267,2026-08-17T15:32:01Z,2026-08-17T15:32:01Z,morning,9,0.1925,0.87,0.1644,4.07,0.5785,0.3891,0.2323,0.1237,0.059,0.0254,4.5,0.3891,+157,-157,under,mgm,4.5,-125,0.1014,2026-08-17T15:32:01Z,2026-08-17T21:01:32Z,1,3,20,5.0,0,L,0,W,2026-08-18T04:27:09Z
2026-08-17,823668,527048,Martín Pérez,Atlanta Braves,Minnesota Twins,0,L,80,430,19,106.3,44,228,19.4,21.08,19.82,0.1924,0.87,previous,9,0.2102,0.95,0.1825,3.61,0.4903,0.3025,0.1635,0.0779,0.033,0.0125,3.5,-117,-109,3.5,-108,-120,3.5,-110,-135,,,,"{""fd"":{""2.5"":[-330,null],""3.5"":[-108,null],""4.5"":[215,null],""5.5"":[470,null]},""dk"":{""1.5"":[-1100,null],""2.5"":[-306,null],""3.5"":[-118,null],""4.5"":[199,null],""5.5"":[449,null],""6.5"":[1000,null]},""czr"":{""2.5"":[-310,null],""3.5"":[-112,null],""4.5"":[198,null],""5.5"":[450,null],""6.5"":[900,null]},""mgm"":{""2.5"":[-225,null],""6.5"":[850,null],""3.5"":[105,null],""5.5"":[450,null],""4.5"":[230,null]}}",3.5,0.4903,+104,-104,under,dk,3.5,-109,0.018,2026-08-17T15:32:01Z,2026-08-17T15:32:01Z,morning,9,0.2066,0.934,0.1792,3.54,0.4765,0.29,0.1544,0.0725,0.0302,0.0113,3.5,0.4765,+110,-110,under,mgm,3.5,-120,0.0235,2026-08-17T20:01:51Z,2026-08-17T20:01:51Z,1,3,25,5.0,0,W,0,W,2026-08-18T04:27:09Z
2026-08-17,823668,641927,Bailey Ober,Minnesota Twins,Atlanta Braves,1,R,67,415,18,99.0,120,624,23.0,23.18,23.05,0.1738,0.786,previous,9,0.2117,0.957,0.1659,3.77,0.5223,0.3331,0.1874,0.0934,0.0416,0.0167,3.5,-107,-119,3.5,100,-128,3.5,-120,-120,,,,"{""fd"":{""2.5"":[-310,null],""3.5"":[100,null],""4.5"":[230,null],""5.5"":[520,null]},""dk"":{""1.5"":[-990,null],""2.5"":[-283,null],""3.5"":[-108,null],""4.5"":[221,null],""5.5"":[520,null],""6.5"":[1160,null]},""czr"":{""1.5"":[-2000,null],""2.5"":[-310,null],""3.5"":[-114,null],""4.5"":[200,null],""5.5"":[450,null],""6.5"":[1000,null]},""mgm"":{""5.5"":[360,null],""2.5"":[-275,null],""3.5"":[-115,null],""6.5"":[700,null],""4.5"":[180,null]}}",3.5,0.5223,-109,+109,over,fd,3.5,100,0.0512,2026-08-17T15:32:01Z,2026-08-17T15:32:01Z,morning,9,0.2075,0.938,0.1624,3.7,0.5063,0.3181,0.176,0.0863,0.0378,0.0149,3.5,0.5063,-103,+103,over,fd,3.5,102,0.0394,2026-08-17T20:01:51Z,2026-08-17T20:01:51Z,1,4,20,4.3,1,W,1,W,2026-08-18T04:27:09Z
2026-08-17,824641,622491,Luis Castillo,Chicago White Sox,Chicago Cubs,0,R,101,484,19,110.7,162,745,23.8,22.8,23.55,0.2115,0.956,previous,9,0.2188,0.989,0.2092,4.97,0.7282,0.5578,0.3852,0.2394,0.134,0.0678,4.5,-126,-101,4.5,-115,-111,4.5,-145,100,,,,"{""fd"":{""2.5"":[-1000,null],""3.5"":[-320,null],""4.5"":[-115,null],""5.5"":[186,null],""6.5"":[420,null]},""dk"":{""1.5"":[-3800,null],""2.5"":[-790,null],""3.5"":[-286,null],""4.5"":[-127,null],""5.5"":[168,null],""6.5"":[349,null],""7.5"":[710,null],""8.5"":[1440,null]},""czr"":{""2.5"":[-1200,null],""3.5"":[-320,null],""4.5"":[-129,null],""5.5"":[159,null],""6.5"":[330,null],""7.5"":[675,null]},""mgm"":{""2.5"":[-800,null],""6.5"":[290,null],""5.5"":[145,null],""3.5"":[-300,null],""4.5"":[-140,null]}}",4.5,0.5578,-126,+126,over,fd,4.5,-115,0.0536,2026-08-17T15:32:01Z,2026-08-17T15:32:01Z,morning,9,0.2109,0.953,0.2015,4.79,0.7016,0.5252,0.3532,0.2132,0.1158,0.0568,4.5,0.5252,-111,+111,over,fd,4.5,-115,0.021,2026-08-17T15:32:01Z,2026-08-17T22:15:36Z,1,1,24,4.7,0,L,0,L,2026-08-18T04:27:09Z
2026-08-17,824641,684007,Shota Imanaga,Chicago Cubs,Chicago White Sox,1,L,130,554,24,137.3,117,567,23.2,22.99,23.15,0.2282,1.032,previous,9,0.2288,1.034,0.2359,5.37,0.7805,0.6261,0.4564,0.3007,0.1789,0.0963,5.5,-124,-102,5.5,-122,-104,5.5,-160,110,,,,"{""fd"":{""2.5"":[-4500,null],""3.5"":[-950,null],""4.5"":[-320,null],""5.5"":[-122,null],""6.5"":[162,null],""7.5"":[330,null],""8.5"":[700,null]},""dk"":{""2.5"":[-2700,null],""3.5"":[-720,null],""4.5"":[-281,null],""5.5"":[-128,null],""6.5"":[162,null],""7.5"":[330,null],""8.5"":[650,null],""9.5"":[1280,null]},""czr"":{""9.5"":[1000,null],""3.5"":[-1000,null],""4.5"":[-320,null],""5.5"":[-143,null],""6.5"":[143,null],""7.5"":[270,null],""8.5"":[500,null]},""mgm"":{""4.5"":[-325,null],""3.5"":[-700,null],""7.5"":[230,null],""5.5"":[-155,null],""6.5"":[125,null]}}",5.5,0.4564,+119,-119,under,mgm,5.5,110,0.1074,2026-08-17T15:32:01Z,2026-08-17T15:32:01Z,morning,9,0.2291,1.036,0.2363,5.38,0.7814,0.6274,0.4577,0.3019,0.1798,0.0969,5.5,0.4577,+118,-118,under,mgm,5.5,105,0.097,2026-08-17T20:01:51Z,2026-08-17T20:01:51Z,1,10,24,6.0,1,L,1,L,2026-08-18T04:27:09Z
2026-08-17,824320,605483,Blake Snell,Los Angeles Dodgers,Colorado Rockies,0,L,15,40,2,9.0,72,254,20.0,21.14,20.29,0.2758,1.247,previous,9,0.2173,0.982,0.2713,5.36,0.7816,0.6286,0.4585,0.3014,0.1783,0.0951,6.5,-152,119,6.5,-150,118,6.5,-150,110,,,,"{""fd"":{""3.5"":[-2500,null],""4.5"":[-800,null],""5.5"":[-340,null],""6.5"":[-150,null],""7.5"":[128,null],""8.5"":[250,null],""9.5"":[480,null]},""czr"":{""9.5"":[360,null],""4.5"":[-1000,null],""5.5"":[-360,null],""6.5"":[-170,null],""7.5"":[117,null],""8.5"":[199,null]},""dk"":{""3.5"":[-1660,null],""4.5"":[-630,null],""5.5"":[-296,null],""6.5"":[-153,null],""7.5"":[124,null],""8.5"":[225,null],""9.5"":[434,null],""10.5"":[800,null],""11.5"":[1460,null]},""mgm"":{""7.5"":[130,null],""8.5"":[240,null],""4.5"":[-625,null],""5.5"":[-295,null],""6.5"":[-155,null]}}",6.5,0.3014,+232,-232,under,dk,6.5,119,0.2678,2026-08-17T15:32:01Z,2026-08-17T15:32:01Z,morning,9,0.2318,1.048,0.2881,5.69,0.8173,0.6793,0.5159,0.3551,0.2208,0.1241,6.5,0.3551,+182,-182,under,dk,6.5,119,0.214,2026-08-17T15:32:01Z,2026-08-17T20:16:25Z,1,5,23,6.0,0,W,0,W,2026-08-18T04:27:09Z
2026-08-17,824320,608372,Tomoyuki Sugano,Colorado Rockies,Los Angeles Dodgers,1,R,66,474,21,113.7,106,675,23.2,22.68,23.07,0.1489,0.673,previous,9,0.2071,0.936,0.1386,3.15,0.3901,0.218,0.1065,0.046,0.0177,0.0061,2.5,-170,133,2.5,-158,124,2.5,-155,105,,,,"{""fd"":{""2.5"":[-158,null],""3.5"":[162,null],""4.5"":[400,null]},""czr"":{""1.5"":[-675,null],""2.5"":[-170,null],""3.5"":[147,null],""4.5"":[360,null],""5.5"":[850,null]},""dk"":{""1.5"":[-573,null],""2.5"":[-172,null],""3.5"":[150,null],""4.5"":[366,null],""5.5"":[870,null]},""mgm"":{""3.5"":[155,null],""2.5"":[-150,null],""4.5"":[340,null],""6.5"":[1100,null],""5.5"":[650,null]}}",2.5,0.6051,-153,+153,over,mgm,2.5,-155,0.0503,2026-08-17T15:32:01Z,2026-08-17T15:32:01Z,morning,9,0.2071,0.936,0.1386,3.15,0.3903,0.2182,0.1066,0.046,0.0177,0.0061,2.5,0.6053,-153,+153,over,mgm,2.5,-155,0.0505,2026-08-17T15:32:01Z,2026-08-17T21:45:06Z,1,3,24,5.0,1,W,1,W,2026-08-18T04:27:09Z
2026-08-18,824803,607074,Carlos Rodón,New York Yankees,Baltimore Orioles,0,L,52,194,9,46.3,203,789,22.6,21.64,22.36,0.2589,1.171,previous,9,0.2489,1.126,0.2898,6.3,0.8693,0.7578,0.6125,0.4541,0.307,0.1889,4.5,-162,127,4.5,-148,116,5.5,120,-175,,,,"{""fd"":{""2.5"":[-1100,null],""3.5"":[-360,null],""4.5"":[-162,null],""5.5"":[142,null],""6.5"":[265,null],""7.5"":[560,null]},""mgm"":{""5.5"":[120,null],""7.5"":[525,null],""3.5"":[-450,null],""4.5"":[-175,null],""6.5"":[260,null]},""czr"":{""3.5"":[-480,null],""4.5"":[-173,null],""5.5"":[125,null],""6.5"":[245,null],""7.5"":[475,null],""8.5"":[1000,null]},""dk"":{""2.5"":[-1140,null],""3.5"":[-372,null],""4.5"":[-162,null],""5.5"":[134,null],""6.5"":[276,null],""7.5"":[574,null],""8.5"":[1120,null]}}",4.5,0.7578,-313,+313,over,fd,5.5,142,0.1993,2026-08-18T15:30:56Z,2026-08-18T15:30:56Z,morning,9,0.2534,1.147,0.2948,6.41,0.877,0.7704,0.629,0.4719,0.3234,0.2018,4.5,0.7704,-336,+336,over,fd,5.5,142,0.2158,2026-08-18T15:30:56Z,2026-08-18T19:31:26Z,1,4,17,4.0,0,L,0,L,2026-08-19T05:29:03Z
2026-08-18,824803,669358,Shane Baz,Baltimore Orioles,New York Yankees,1,R,122,598,24,139.3,176,711,23.2,24.72,23.58,0.2135,0.966,previous,9,0.2387,1.08,0.2307,5.48,0.7929,0.6428,0.4749,0.318,0.1927,0.1059,5.5,-156,122,5.5,-148,116,5.5,-155,105,,,,"{""fd"":{""3.5"":[-1100,null],""4.5"":[-400,null],""5.5"":[-148,null],""6.5"":[134,null],""7.5"":[280,null],""8.5"":[560,null]},""mgm"":{""5.5"":[-150,null],""4.5"":[-275,null],""6.5"":[125,null],""7.5"":[225,null],""3.5"":[-625,null]},""czr"":{""9.5"":[800,null],""3.5"":[-1450,null],""4.5"":[-380,null],""5.5"":[-164,null],""6.5"":[121,null],""7.5"":[225,null],""8.5"":[425,null]},""dk"":{""2.5"":[-3300,null],""3.5"":[-880,null],""4.5"":[-344,null],""5.5"":[-156,null],""6.5"":[130,null],""7.5"":[264,null],""8.5"":[540,null],""9.5"":[1080,null]}}",5.5,0.4749,+111,-111,under,dk,5.5,122,0.1,2026-08-18T15:30:56Z,2026-08-18T15:30:56Z,morning,9,0.2453,1.11,0.2373,5.64,0.8097,0.6664,0.5015,0.3428,0.2124,0.1195,5.5,0.5015,-101,+101,under,dk,5.5,122,0.0735,2026-08-18T15:30:56Z,2026-08-18T19:46:31Z,1,10,25,6.3,1,L,1,L,2026-08-19T05:29:03Z
2026-08-18,823341,672456,Keider Montero,Detroit Tigers,Pittsburgh Pirates,0,R,86,515,20,128.7,72,389,23.2,22.73,23.08,0.1755,0.794,previous,9,0.2305,1.043,0.1835,4.17,0.5999,0.4107,0.2495,0.135,0.0653,0.0284,3.5,-125,-102,3.5,-125,-102,3.5,-130,-110,,,,"{""fd"":{""2.5"":[-370,null],""3.5"":[-125,null],""4.5"":[190,null],""5.5"":[420,null]},""mgm"":{""6.5"":[675,null],""5.5"":[350,null],""4.5"":[175,null],""3.5"":[-125,null],""2.5"":[-300,null]},""czr"":{""2.5"":[-360,null],""3.5"":[-136,null],""4.5"":[167,null],""5.5"":[360,null],""6.5"":[800,null]},""dk"":{""1.5"":[-1220,null],""2.5"":[-331,null],""3.5"":[-126,null],""4.5"":[187,null],""5.5"":[424,null],""6.5"":[960,null]}}",3.5,0.5999,-150,+150,over,mgm,3.5,-130,0.0809,2026-08-18T15:30:56Z,2026-08-18T15:30:56Z,morning,9,0.2364,1.07,0.1885,4.29,0.6207,0.4328,0.2684,0.1483,0.0734,0.0327,3.5,0.6207,-164,+164,over,mgm,3.5,-130,0.1017,2026-08-18T15:30:56Z,2026-08-18T21:01:15Z,1,3,20,5.0,0,L,0,L,2026-08-19T05:29:03Z
2026-08-18,823341,677952,Braxton Ashcraft,Pittsburgh Pirates,Detroit Tigers,1,R,155,574,24,141.3,71,292,22.6,23.64,22.86,0.2608,1.18,previous,9,0.1982,0.897,0.2351,5.35,0.7782,0.623,0.453,0.2976,0.1766,0.0948,5.5,-136,107,5.5,-122,-104,5.5,-120,-120,,,,"{""fd"":{""2.5"":[-4000,null],""3.5"":[-800,null],""4.5"":[-310,null],""5.5"":[-122,null],""6.5"":[162,null],""7.5"":[320,null],""8.5"":[630,null]},""mgm"":{""4.5"":[-250,null],""5.5"":[-120,null],""3.5"":[-550,null],""6.5"":[160,null],""7.5"":[300,null]},""czr"":{""9.5"":[1000,null],""3.5"":[-950,null],""4.5"":[-295,null],""5.5"":[-136,null],""6.5"":[143,null],""7.5"":[270,null],""8.5"":[525,null]},""dk"":{""2.5"":[-3200,null],""3.5"":[-800,null],""4.5"":[-304,null],""5.5"":[-136,null],""6.5"":[155,null],""7.5"":[317,null],""8.5"":[650,null],""9.5"":[1320,null]}}",5.5,0.453,+121,-121,under,dk,5.5,107,0.091,2026-08-18T15:30:56Z,2026-08-18T15:30:56Z,morning,9,0.2065,0.934,0.2445,5.56,0.8025,0.6566,0.4902,0.3318,0.2032,0.1127,5.5,0.4902,+104,-104,under,dk,5.5,107,0.0538,2026-08-18T15:30:56Z,2026-08-18T19:16:24Z,1,4,28,8.0,0,W,0,W,2026-08-19T05:29:03Z
2026-08-18,824398,687931,Carson Whisenhunt,San Francisco Giants,Cleveland Guardians,0,L,22,130,6,28.0,16,102,21.4,21.74,21.49,0.1875,0.848,previous,9,0.1863,0.843,0.1569,3.26,0.4144,0.237,0.1183,0.052,0.0203,0.0071,3.5,-115,-111,3.5,-120,-106,3.5,-120,-120,,,,"{""fd"":{""2.5"":[-350,null],""3.5"":[-120,null],""4.5"":[196,null],""5.5"":[430,null]},""mgm"":{""5.5"":[390,null],""6.5"":[750,null],""3.5"":[-115,null],""4.5"":[190,null],""2.5"":[-275,null]},""czr"":{""2.5"":[-380,null],""3.5"":[-127,null],""4.5"":[179,null],""5.5"":[380,null],""6.5"":[850,null]},""dk"":{""1.5"":[-1120,null],""2.5"":[-304,null],""3.5"":[-115,null],""4.5"":[207,null],""5.5"":[475,null],""6.5"":[1060,null]}}",3.5,0.4144,+141,-141,under,fd,3.5,-106,0.1002,2026-08-18T15:30:56Z,2026-08-18T15:30:56Z,morning,9,0.1937,0.876,0.1635,3.39,0.4438,0.2616,0.1349,0.0613,0.0248,0.009,3.5,0.4438,+125,-125,under,dk,3.5,-103,0.078,2026-08-18T19:01:35Z,2026-08-18T19:01:35Z,1,1,23,4.0,0,W,0,W,2026-08-19T05:29:03Z
2026-08-18,824398,656492,Foster Griffin,Cleveland Guardians,San Francisco Giants,1,L,125,566,24,138.3,0,0,24.2,23.49,24.02,0.2209,1.0,previous,9,0.2095,0.948,0.2094,4.97,0.7288,0.5585,0.386,0.24,0.1345,0.0681,5.5,-119,-108,5.5,-106,-120,5.5,-130,-110,,,,"{""fd"":{""2.5"":[-3500,null],""3.5"":[-720,null],""4.5"":[-265,null],""5.5"":[-106,null],""6.5"":[180,null],""7.5"":[360,null]},""mgm"":{""5.5"":[-130,null],""4.5"":[-250,null],""3.5"":[-600,null],""7.5"":[270,null],""6.5"":[150,null]},""czr"":{""9.5"":[1200,null],""3.5"":[-800,null],""4.5"":[-260,null],""5.5"":[-122,null],""6.5"":[161,null],""7.5"":[300,null],""8.5"":[575,null]},""dk"":{""2.5"":[-2200,null],""3.5"":[-630,null],""4.5"":[-255,null],""5.5"":[-118,null],""6.5"":[173,null],""7.5"":[358,null],""8.5"":[710,null],""9.5"":[1440,null]}}",5.5,0.386,+159,-159,under,mgm,5.5,-110,0.133,2026-08-18T15:30:56Z,2026-08-18T15:30:56Z,morning,9,0.2362,1.069,0.2361,5.61,0.8068,0.6622,0.4967,0.3383,0.2088,0.1169,5.5,0.4967,+101,-101,under,mgm,5.5,-110,0.0223,2026-08-18T19:01:35Z,2026-08-18T19:01:35Z,1,6,23,6.0,1,L,1,L,2026-08-19T05:29:03Z
2026-08-18,824475,681517,Kyle Leahy,St. Louis Cardinals,Cincinnati Reds,0,R,105,498,23,117.3,80,363,22.0,21.59,21.9,0.2136,0.967,previous,9,0.2554,1.156,0.2473,5.38,0.7824,0.629,0.4593,0.3029,0.1803,0.0969,5.5,121,-154,5.5,112,-142,5.5,-110,-135,,,,"{""fd"":{""2.5"":[-2500,null],""3.5"":[-530,null],""4.5"":[-225,null],""5.5"":[112,null],""6.5"":[230,null],""7.5"":[470,null]},""czr"":{""3.5"":[-590,null],""4.5"":[-213,null],""5.5"":[102,null],""6.5"":[196,null],""7.5"":[390,null],""8.5"":[800,null]},""dk"":{""2.5"":[-1300,null],""3.5"":[-417,null],""4.5"":[-174,null],""5.5"":[123,null],""6.5"":[258,null],""7.5"":[539,null],""8.5"":[1080,null]},""mgm"":{""5.5"":[-115,null],""7.5"":[340,null],""4.5"":[-250,null],""6.5"":[175,null],""3.5"":[-600,null]}}",5.5,0.4593,+118,-118,over,dk,5.5,121,0.032,2026-08-18T15:30:56Z,2026-08-18T15:30:56Z,morning,9,0.2477,1.121,0.2397,5.21,0.7624,0.6021,0.4303,0.2771,0.1607,0.0842,5.5,0.4303,+132,-132,under,mgm,5.5,-135,0.0466,2026-08-18T15:30:56Z,2026-08-18T19:16:24Z,1,6,18,5.0,1,W,1,L,2026-08-19T05:29:03Z
2026-08-18,824475,671096,Andrew Abbott,Cincinnati Reds,St. Louis Cardinals,1,L,102,578,25,133.0,149,684,24.2,22.95,23.89,0.1873,0.848,previous,9,0.2074,0.939,0.1753,4.16,0.5971,0.408,0.2477,0.134,0.0649,0.0284,4.5,-108,-118,4.5,-113,-113,4.5,-140,-105,,,,"{""fd"":{""2.5"":[-950,null],""3.5"":[-310,null],""4.5"":[-113,null],""5.5"":[190,null],""6.5"":[420,null]},""czr"":{""2.5"":[-1000,null],""3.5"":[-310,null],""4.5"":[-120,null],""5.5"":[174,null],""6.5"":[350,null],""7.5"":[700,null]},""dk"":{""1.5"":[-3300,null],""2.5"":[-720,null],""3.5"":[-258,null],""4.5"":[-108,null],""5.5"":[203,null],""6.5"":[434,null],""7.5"":[940,null]},""mgm"":{""2.5"":[-650,null],""6.5"":[300,null],""4.5"":[-130,null],""3.5"":[-275,null],""5.5"":[150,null]}}",4.5,0.408,+145,-145,under,mgm,4.5,-105,0.1244,2026-08-18T15:30:56Z,2026-08-18T15:30:56Z,morning,9,0.194,0.878,0.1636,3.89,0.5438,0.3542,0.204,0.1044,0.0478,0.0197,4.5,0.3542,+182,-182,under,mgm,4.5,-105,0.1783,2026-08-18T15:30:56Z,2026-08-18T19:16:24Z,1,6,26,6.3,1,L,1,L,2026-08-19T05:29:03Z
2026-08-18,822938,667755,José Soriano,Toronto Blue Jays,Tampa Bay Rays,0,R,134,553,24,133.7,152,724,21.4,22.95,21.79,0.2344,1.061,previous,9,0.1794,0.812,0.1909,4.15,0.5968,0.4072,0.2462,0.1323,0.0635,0.0274,4.5,106,-135,4.5,108,-138,4.5,-105,-140,,,,"{""fd"":{""2.5"":[-770,null],""3.5"":[-265,null],""4.5"":[108,null],""5.5"":[220,null],""6.5"":[470,null]},""czr"":{""2.5"":[-850,null],""3.5"":[-250,null],""4.5"":[100,null],""5.5"":[205,null],""6.5"":[425,null],""7.5"":[900,null]},""dk"":{""1.5"":[-2000,null],""2.5"":[-551,null],""3.5"":[-217,null],""4.5"":[104,null],""5.5"":[221,null],""6.5"":[470,null],""7.5"":[1000,null]},""mgm"":{""4.5"":[100,null],""2.5"":[-600,null],""5.5"":[200,null],""6.5"":[380,null],""3.5"":[-220,null]}}",4.5,0.4072,+146,-146,under,mgm,4.5,-140,0.0603,2026-08-18T15:30:56Z,2026-08-18T15:30:56Z,morning,9,0.1771,0.802,0.1886,4.1,0.5873,0.3973,0.238,0.1266,0.0602,0.0257,4.5,0.3973,+152,-152,under,mgm,4.5,-135,0.0796,2026-08-18T19:01:35Z,2026-08-18T19:01:35Z,1,2,25,5.7,0,W,0,W,2026-08-19T05:29:03Z
2026-08-18,822938,607259,Nick Martinez,Tampa Bay Rays,Toronto Blue Jays,1,R,78,552,23,138.0,116,683,24.8,23.75,24.54,0.152,0.688,previous,9,0.1908,0.863,0.1297,3.21,0.4015,0.2278,0.1135,0.0501,0.0198,0.007,3.5,-105,-121,3.5,100,-128,3.5,110,-160,,,,"{""fd"":{""2.5"":[-320,null],""3.5"":[100,null],""4.5"":[220,null],""5.5"":[520,null]},""czr"":{""1.5"":[-1700,null],""2.5"":[-290,null],""3.5"":[-108,null],""4.5"":[210,null],""5.5"":[475,null],""6.5"":[1100,null]},""dk"":{""1.5"":[-950,null],""2.5"":[-272,null],""3.5"":[-105,null],""4.5"":[232,null],""5.5"":[547,null],""6.5"":[1220,null]},""mgm"":{""6.5"":[875,null],""3.5"":[110,null],""5.5"":[475,null],""2.5"":[-220,null],""4.5"":[230,null]}}",3.5,0.4015,+149,-149,under,dk,3.5,-121,0.0819,2026-08-18T15:30:56Z,2026-08-18T15:30:56Z,morning,9,0.1893,0.857,0.1286,3.18,0.3957,0.2232,0.1105,0.0484,0.019,0.0067,3.5,0.3957,+153,-153,under,dk,3.5,-121,0.0876,2026-08-18T15:30:56Z,2026-08-18T19:31:26Z,1,5,22,3.7,1,L,1,L,2026-08-19T05:29:03Z
2026-08-18,823423,806188,Cade Gibson,Miami Marlins,Philadelphia Phillies,0,L,29,156,0,33.7,43,230,21.9,21.9,21.9,0.1954,0.884,previous,9,0.1867,0.845,0.1643,3.57,0.4815,0.2951,0.1588,0.0755,0.032,0.0122,,,,,,,,,,,,,,,,,,,,,,,2026-08-18T15:30:56Z,2026-08-18T15:30:56Z,morning,9,0.1867,0.845,0.1643,3.57,0.4816,0.2952,0.1588,0.0756,0.032,0.0122,,,,,,,,,,2026-08-18T15:30:56Z,2026-08-18T19:01:35Z,1,1,7,1.3,,,,,2026-08-19T05:29:03Z
2026-08-18,823423,554430,Zack Wheeler,Philadelphia Phillies,Miami Marlins,1,R,137,454,20,115.3,195,585,19.8,22.6,20.5,0.3027,1.37,previous,9,0.2022,0.915,0.2795,5.52,0.7997,0.6539,0.4866,0.3273,0.1985,0.1086,7.5,115,-147,7.5,108,-138,6.5,-160,110,,,,"{""fd"":{""4.5"":[-1400,null],""5.5"":[-500,null],""6.5"":[-215,null],""7.5"":[108,null],""8.5"":[200,null],""9.5"":[400,null]},""dk"":{""3.5"":[-2500,null],""4.5"":[-830,null],""5.5"":[-363,null],""6.5"":[-171,null],""7.5"":[115,null],""8.5"":[222,null],""9.5"":[436,null],""10.5"":[850,null],""11.5"":[1600,null]},""czr"":{""9.5"":[330,null],""4.5"":[-1250,null],""5.5"":[-430,null],""6.5"":[-179,null],""7.5"":[106,null],""8.5"":[189,null]},""mgm"":{""6.5"":[-155,null],""8.5"":[225,null],""7.5"":[120,null],""5.5"":[-295,null],""4.5"":[-650,null]}}",7.5,0.1985,+404,-404,under,fd,7.5,-138,0.2548,2026-08-18T15:30:56Z,2026-08-18T15:30:56Z,morning,9,0.2098,0.949,0.2889,5.71,0.8189,0.6817,0.5187,0.3578,0.223,0.1256,7.5,0.223,+348,-348,under,fd,7.5,-138,0.2303,2026-08-18T15:30:56Z,2026-08-18T20:17:05Z,1,7,20,5.0,0,W,0,W,2026-08-19T05:29:03Z
2026-08-18,824723,518876,Merrill Kelly,Arizona Diamondbacks,Boston Red Sox,0,R,82,542,22,125.0,167,748,22.0,24.31,22.58,0.1706,0.772,previous,9,0.1949,0.882,0.1493,3.4,0.4434,0.262,0.1358,0.0622,0.0254,0.0094,3.5,-137,108,3.5,-128,100,3.5,-140,-105,,,,"{""fd"":{""2.5"":[-370,null],""3.5"":[-128,null],""4.5"":[182,null],""5.5"":[420,null]},""mgm"":{""3.5"":[-135,null],""6.5"":[600,null],""2.5"":[-325,null],""4.5"":[160,null],""5.5"":[325,null]},""czr"":{""2.5"":[-460,null],""3.5"":[-148,null],""4.5"":[153,null],""5.5"":[330,null],""6.5"":[700,null]},""dk"":{""1.5"":[-1400,null],""2.5"":[-372,null],""3.5"":[-139,null],""4.5"":[172,null],""5.5"":[388,null],""6.5"":[920,null]}}",3.5,0.4434,+126,-126,under,dk,3.5,108,0.1025,2026-08-18T15:30:56Z,2026-08-18T15:30:56Z,morning,9,0.2002,0.906,0.1537,3.5,0.4644,0.2803,0.1485,0.0696,0.0291,0.011,3.5,0.4644,+115,-115,under,dk,3.5,108,0.0815,2026-08-18T15:30:56Z,2026-08-18T19:31:26Z,1,2,23,4.0,0,W,0,W,2026-08-19T05:29:03Z
2026-08-18,824723,624133,Ranger Suarez,Boston Red Sox,Arizona Diamondbacks,1,L,110,445,21,108.0,151,651,16.8,21.33,17.93,0.2417,1.094,previous,9,0.1961,0.888,0.2151,3.82,0.5369,0.3459,0.1955,0.0974,0.043,0.017,4.5,-122,-104,4.5,-120,-106,4.5,-140,-105,,,,"{""fd"":{""2.5"":[-1200,null],""3.5"":[-350,null],""4.5"":[-120,null],""5.5"":[168,null],""6.5"":[350,null]},""mgm"":{""3.5"":[-295,null],""2.5"":[-750,null],""6.5"":[310,null],""4.5"":[-135,null],""5.5"":[155,null]},""czr"":{""2.5"":[-1250,null],""3.5"":[-335,null],""4.5"":[-134,null],""5.5"":[157,null],""6.5"":[305,null],""7.5"":[625,null],""8.5"":[1300,null]},""dk"":{""2.5"":[-860,null],""3.5"":[-289,null],""4.5"":[-122,null],""5.5"":[185,null],""6.5"":[413,null],""7.5"":[880,null],""8.5"":[1800,null]}}",4.5,0.3459,+189,-189,under,mgm,4.5,-105,0.1866,2026-08-18T15:30:56Z,2026-08-18T15:30:56Z,morning,9,0.1988,0.9,0.2181,3.87,0.5473,0.3562,0.2035,0.1025,0.0458,0.0183,4.5,0.3562,+181,-181,under,mgm,4.5,100,0.1859,2026-08-18T19:01:35Z,2026-08-18T19:01:35Z,1,3,22,5.3,0,W,0,W,2026-08-19T05:29:03Z
2026-08-18,823586,592662,Robbie Ray,San Diego Padres,New York Mets,0,L,113,554,23,131.7,186,755,22.2,23.03,22.41,0.2138,0.968,previous,9,0.2235,1.011,0.2162,4.7,0.6907,0.5121,0.34,0.2019,0.1075,0.0516,4.5,-129,101,4.5,-113,-113,5.5,150,-220,,,,"{""fd"":{""2.5"":[-1000,null],""3.5"":[-330,null],""4.5"":[-113,null],""5.5"":[180,null],""6.5"":[390,null]},""czr"":{""2.5"":[-1700,null],""3.5"":[-360,null],""4.5"":[-139,null],""5.5"":[150,null],""6.5"":[305,null],""7.5"":[625,null],""8.5"":[1300,null]},""dk"":{""2.5"":[-930,null],""3.5"":[-317,null],""4.5"":[-129,null],""5.5"":[171,null],""6.5"":[369,null],""7.5"":[800,null],""8.5"":[1760,null]},""mgm"":{""7.5"":[525,null],""4.5"":[-135,null],""3.5"":[-295,null],""5.5"":[150,null],""6.5"":[300,null]}}",4.5,0.5121,-105,+105,under,mgm,5.5,-220,0.0278,2026-08-18T15:30:56Z,2026-08-18T15:30:56Z,morning,9,0.2305,1.043,0.2231,4.85,0.7132,0.5393,0.3662,0.2229,0.1218,0.06,4.5,0.5393,-117,+117,over,fd,4.5,-113,0.0393,2026-08-18T15:30:56Z,2026-08-18T19:16:24Z,1,4,24,6.0,0,W,0,L,2026-08-19T05:29:03Z
2026-08-18,823586,804267,Zac Thornton,New York Mets,San Diego Padres,1,L,29,177,8,45.3,0,0,22.0,22.06,22.02,0.1942,0.879,previous,9,0.2025,0.916,0.1774,3.86,0.5401,0.35,0.2,0.1013,0.0457,0.0186,,,,,,,,,,,,,,,,,,,,,,,2026-08-18T15:30:56Z,2026-08-18T15:30:56Z,morning,9,0.2058,0.931,0.1805,3.93,0.5534,0.363,0.2102,0.1079,0.0495,0.0204,,,,,,,,,,2026-08-18T15:30:56Z,2026-08-18T20:17:05Z,1,7,23,5.0,,,,,2026-08-19T05:29:03Z
2026-08-18,824075,678022,Jack Perkins,Athletics,Kansas City Royals,0,R,94,376,11,81.7,37,161,22.4,21.69,22.22,0.2413,1.092,previous,9,0.2089,0.946,0.2285,4.97,0.73,0.5602,0.3871,0.2401,0.1338,0.0673,3.5,-152,119,3.5,-154,120,4.5,150,-220,,,,"{""fd"":{""2.5"":[-460,null],""3.5"":[-154,null],""4.5"":[154,null],""5.5"":[350,null],""6.5"":[700,null]},""dk"":{""1.5"":[-1480,null],""2.5"":[-396,null],""3.5"":[-151,null],""4.5"":[153,null],""5.5"":[339,null],""6.5"":[770,null],""7.5"":[1560,null]},""czr"":{""2.5"":[-460,null],""3.5"":[-159,null],""4.5"":[143,null],""5.5"":[305,null],""6.5"":[700,null]},""mgm"":{""5.5"":[333,null],""4.5"":[165,null],""6.5"":[600,null],""3.5"":[-135,null],""2.5"":[-300,null]}}",3.5,0.73,-270,+270,over,mgm,4.5,150,0.1924,2026-08-18T15:30:56Z,2026-08-18T15:30:56Z,morning,9,0.2018,0.913,0.2209,4.8,0.7061,0.5307,0.3578,0.2161,0.1172,0.0572,3.5,0.7061,-240,+240,over,mgm,4.5,150,0.1629,2026-08-18T15:30:56Z,2026-08-18T20:17:05Z,0,4,11,3.7,1,,1,,2026-08-19T05:29:03Z
2026-08-18,823667,641816,Tyler Mahle,Atlanta Braves,Minnesota Twins,0,R,105,448,20,106.7,66,346,22.2,22.58,22.29,0.2243,1.015,previous,9,0.206,0.932,0.2092,4.55,0.6662,0.4834,0.3131,0.1811,0.0938,0.0437,4.5,-128,101,4.5,-122,-104,4.5,-125,-115,,,,"{""fd"":{""2.5"":[-1100,null],""3.5"":[-340,null],""4.5"":[-122,null],""5.5"":[176,null],""6.5"":[370,null]},""czr"":{""2.5"":[-1700,null],""3.5"":[-325,null],""4.5"":[-137,null],""5.5"":[155,null],""6.5"":[305,null],""7.5"":[650,null],""8.5"":[1400,null]},""dk"":{""2.5"":[-890,null],""3.5"":[-303,null],""4.5"":[-129,null],""5.5"":[171,null],""6.5"":[361,null],""7.5"":[770,null],""8.5"":[1580,null]},""mgm"":{""4.5"":[-125,null],""5.5"":[165,null],""2.5"":[-700,null],""3.5"":[-275,null],""6.5"":[320,null]}}",4.5,0.4834,+107,-107,under,dk,4.5,101,0.0468,2026-08-18T15:30:56Z,2026-08-18T15:30:56Z,morning,9,0.1995,0.903,0.2026,4.41,0.6423,0.4564,0.2887,0.1628,0.0821,0.0373,4.5,0.4564,+119,-119,under,dk,4.5,101,0.0738,2026-08-18T15:30:56Z,2026-08-18T19:46:31Z,1,3,25,6.7,0,W,0,W,2026-08-19T05:29:03Z
2026-08-18,823667,805673,Zebby Matthews,Minnesota Twins,Atlanta Braves,1,R,77,387,16,91.0,88,354,22.4,23.83,22.76,0.2125,0.962,previous,9,0.2074,0.938,0.1993,4.53,0.6626,0.4794,0.3098,0.179,0.0927,0.0433,4.5,102,-130,4.5,114,-146,4.5,100,-145,,,,"{""fd"":{""2.5"":[-700,null],""3.5"":[-235,null],""4.5"":[114,null],""5.5"":[230,null],""6.5"":[500,null]},""czr"":{""2.5"":[-750,null],""3.5"":[-240,null],""4.5"":[101,null],""5.5"":[210,null],""6.5"":[425,null],""7.5"":[900,null]},""dk"":{""1.5"":[-3300,null],""2.5"":[-650,null],""3.5"":[-233,null],""4.5"":[101,null],""5.5"":[224,null],""6.5"":[511,null],""7.5"":[1120,null]},""mgm"":{""6.5"":[380,null],""3.5"":[-200,null],""4.5"":[100,null],""2.5"":[-500,null],""5.5"":[200,null]}}",4.5,0.4794,+109,-109,over,fd,4.5,114,0.0389,2026-08-18T15:30:56Z,2026-08-18T15:30:56Z,morning,9,0.2171,0.983,0.2088,4.75,0.6969,0.5195,0.3474,0.2082,0.112,0.0544,4.5,0.5195,-108,+108,over,fd,4.5,114,0.079,2026-08-18T15:30:56Z,2026-08-18T20:17:05Z,1,4,23,5.7,0,L,0,L,2026-08-19T05:29:03Z
2026-08-18,823749,682243,Bryce Miller,Seattle Mariners,Milwaukee Brewers,0,R,84,331,14,85.0,74,392,23.2,22.28,22.97,0.2334,1.056,previous,9,0.2143,0.97,0.2264,5.15,0.7536,0.5904,0.4183,0.267,0.1536,0.0798,5.5,112,-142,5.5,122,-156,5.5,-105,-140,,,,"{""fd"":{""2.5"":[-2000,null],""3.5"":[-520,null],""4.5"":[-210,null],""5.5"":[122,null],""6.5"":[240,null],""7.5"":[480,null]},""mgm"":{""4.5"":[-200,null],""6.5"":[200,null],""3.5"":[-450,null],""7.5"":[375,null],""5.5"":[100,null]},""czr"":{""3.5"":[-560,null],""4.5"":[-209,null],""5.5"":[106,null],""6.5"":[200,null],""7.5"":[390,null],""8.5"":[800,null]},""dk"":{""2.5"":[-1420,null],""3.5"":[-455,null],""4.5"":[-187,null],""5.5"":[115,null],""6.5"":[239,null],""7.5"":[487,null],""8.5"":[1020,null]}}",5.5,0.4183,+139,-139,under,mgm,5.5,-140,0.0493,2026-08-18T15:30:56Z,2026-08-18T15:30:56Z,morning,9,0.2286,1.034,0.2413,5.49,0.7945,0.6453,0.4775,0.32,0.1939,0.1064,5.5,0.4775,+109,-109,over,fd,5.5,122,0.0525,2026-08-18T15:30:56Z,2026-08-18T20:46:09Z,1,3,23,4.7,0,W,0,L,2026-08-19T05:29:03Z
2026-08-18,823749,690986,Kyle Harrison,Milwaukee Brewers,Seattle Mariners,1,L,114,384,19,93.3,38,156,18.8,20.46,19.22,0.2743,1.241,previous,9,0.2107,0.954,0.2624,4.92,0.726,0.5556,0.3816,0.2344,0.129,0.0637,6.5,113,-144,5.5,-162,126,5.5,-155,105,,,,"{""fd"":{""3.5"":[-1200,null],""4.5"":[-410,null],""5.5"":[-162,null],""6.5"":[126,null],""7.5"":[255,null],""8.5"":[520,null]},""mgm"":{""4.5"":[-295,null],""3.5"":[-650,null],""6.5"":[125,null],""7.5"":[230,null],""5.5"":[-150,null]},""czr"":{""9.5"":[750,null],""3.5"":[-1450,null],""4.5"":[-400,null],""5.5"":[-170,null],""6.5"":[115,null],""7.5"":[215,null],""8.5"":[400,null]},""dk"":{""3.5"":[-1060,null],""4.5"":[-406,null],""5.5"":[-181,null],""6.5"":[113,null],""7.5"":[230,null],""8.5"":[456,null],""9.5"":[910,null],""10.5"":[1680,null]}}",5.5,0.3816,+162,-162,under,dk,6.5,-144,0.2086,2026-08-18T15:30:56Z,2026-08-18T15:30:56Z,morning,9,0.2018,0.913,0.252,4.72,0.6972,0.5199,0.3465,0.206,0.1095,0.0522,5.5,0.3465,+189,-189,under,dk,6.5,-144,0.237,2026-08-18T15:30:56Z,2026-08-18T20:17:05Z,1,8,18,5.0,1,L,1,L,2026-08-19T05:29:03Z
2026-08-18,822859,800600,Jackson Kent,Washington Nationals,Texas Rangers,0,L,6,19,1,4.0,0,0,19.0,21.17,19.54,0.2292,1.037,previous,9,0.2363,1.069,0.2449,4.84,0.713,0.5393,0.3656,0.2217,0.1204,0.0587,4.5,118,-151,4.5,142,-184,3.5,-165,115,,,,"{""fd"":{""2.5"":[-480,null],""3.5"":[-184,null],""4.5"":[142,null],""5.5"":[285,null],""6.5"":[600,null]},""czr"":{""2.5"":[-590,null],""3.5"":[-190,null],""4.5"":[118,null],""5.5"":[260,null],""6.5"":[550,null],""7.5"":[1200,null]},""dk"":{""1.5"":[-1660,null],""2.5"":[-456,null],""3.5"":[-184,null],""4.5"":[121,null],""5.5"":[257,null],""6.5"":[539,null],""7.5"":[1100,null]},""mgm"":{""3.5"":[-160,null],""5.5"":[275,null],""4.5"":[135,null],""2.5"":[-400,null],""6.5"":[525,null]}}",4.5,0.5393,-117,+117,over,fd,4.5,142,0.1498,2026-08-18T15:30:56Z,2026-08-18T15:30:56Z,morning,8,0.2367,1.071,0.2453,4.85,0.7141,0.5406,0.3669,0.2227,0.1211,0.0592,4.5,0.5406,-118,+118,over,fd,4.5,142,0.1512,2026-08-18T15:30:56Z,2026-08-18T20:17:05Z,1,3,22,3.7,0,L,0,L,2026-08-19T05:29:03Z
2026-08-18,822859,615698,Cal Quantrill,Texas Rangers,Washington Nationals,1,R,49,298,8,70.7,85,513,22.2,20.15,21.69,0.1712,0.775,previous,9,0.2039,0.923,0.1572,3.42,0.4488,0.2663,0.1384,0.0635,0.026,0.0095,3.5,-116,-109,3.5,-115,-111,3.5,-105,-140,,,,"{""fd"":{""2.5"":[-350,null],""3.5"":[-115,null],""4.5"":[200,null],""5.5"":[450,null]},""czr"":{""2.5"":[-325,null],""3.5"":[-121,null],""4.5"":[189,null],""5.5"":[400,null],""6.5"":[1000,null]},""dk"":{""1.5"":[-1000,null],""2.5"":[-301,null],""3.5"":[-117,null],""4.5"":[197,null],""5.5"":[434,null],""6.5"":[1000,null]},""mgm"":{""2.5"":[-235,null],""5.5"":[425,null],""4.5"":[210,null],""6.5"":[825,null],""3.5"":[100,null]}}",3.5,0.4488,+123,-123,under,dk,3.5,-109,0.0586,2026-08-18T15:30:56Z,2026-08-18T15:30:56Z,morning,9,0.2148,0.972,0.1661,3.61,0.4898,0.3027,0.1643,0.0789,0.0337,0.013,3.5,0.4898,+104,-104,over,mgm,3.5,-105,0.0223,2026-08-18T15:30:56Z,2026-08-18T20:17:05Z,1,5,25,7.0,1,L,1,W,2026-08-19T05:29:03Z
2026-08-18,824639,592332,Kevin Gausman,Chicago Cubs,Chicago White Sox,1,R,138,588,25,139.0,189,775,23.6,23.51,23.58,0.2358,1.067,previous,9,0.2301,1.041,0.2454,5.83,0.829,0.6942,0.5338,0.374,0.238,0.1377,6.5,112,-143,6.5,106,-136,5.5,-155,105,,,,"{""fd"":{""3.5"":[-2000,null],""4.5"":[-530,null],""5.5"":[-225,null],""6.5"":[106,null],""7.5"":[200,null],""8.5"":[420,null]},""dk"":{""3.5"":[-1060,null],""4.5"":[-403,null],""5.5"":[-179,null],""6.5"":[112,null],""7.5"":[224,null],""8.5"":[452,null],""9.5"":[870,null],""10.5"":[1680,null]},""czr"":{""9.5"":[700,null],""3.5"":[-1450,null],""4.5"":[-440,null],""5.5"":[-179,null],""6.5"":[107,null],""7.5"":[200,null],""8.5"":[375,null]},""mgm"":{""4.5"":[-325,null],""6.5"":[120,null],""5.5"":[-155,null],""7.5"":[210,null],""3.5"":[-650,null]}}",6.5,0.374,+167,-167,under,fd,6.5,-136,0.0832,2026-08-18T15:30:56Z,2026-08-18T15:30:56Z,morning,9,0.2295,1.039,0.2447,5.81,0.8275,0.6921,0.5313,0.3715,0.236,0.1362,6.5,0.3715,+169,-169,under,fd,6.5,-136,0.0857,2026-08-18T15:30:56Z,2026-08-18T20:17:05Z,1,5,21,4.3,0,W,0,W,2026-08-19T05:29:03Z
2026-08-18,824154,691946,George Klassen,Los Angeles Angels,Houston Astros,0,R,14,76,4,14.7,0,0,19.0,20.24,19.31,0.2109,0.954,previous,9,0.1926,0.872,0.1835,3.44,0.4564,0.272,0.1414,0.0647,0.0262,0.0095,4.5,116,-148,4.5,120,-154,4.5,115,-165,,,,"{""fd"":{""2.5"":[-650,null],""3.5"":[-215,null],""4.5"":[120,null],""5.5"":[240,null],""6.5"":[520,null]},""mgm"":{""6.5"":[425,null],""2.5"":[-450,null],""5.5"":[230,null],""3.5"":[-185,null],""4.5"":[115,null]},""czr"":{""2.5"":[-750,null],""3.5"":[-205,null],""4.5"":[106,null],""5.5"":[230,null],""6.5"":[475,null],""7.5"":[1000,null]},""dk"":{""1.5"":[-1980,null],""2.5"":[-515,null],""3.5"":[-199,null],""4.5"":[116,null],""5.5"":[250,null],""6.5"":[523,null],""7.5"":[1100,null]}}",4.5,0.272,+268,-268,under,dk,4.5,-148,0.1649,2026-08-18T15:30:56Z,2026-08-18T15:30:56Z,morning,9,0.2042,0.924,0.1947,3.65,0.5011,0.3121,0.1702,0.0818,0.0349,0.0133,4.5,0.3121,+220,-220,under,dk,4.5,-148,0.1247,2026-08-18T15:30:56Z,2026-08-18T21:15:37Z,1,7,25,7.0,1,L,1,L,2026-08-19T05:29:03Z
2026-08-18,824154,664299,Cristian Javier,Houston Astros,Los Angeles Angels,1,R,25,149,6,32.3,34,157,18.2,19.59,18.55,0.1972,0.892,previous,9,0.2518,1.14,0.2256,4.23,0.6146,0.4257,0.2609,0.1417,0.0685,0.0297,4.5,-127,100,4.5,-113,-113,4.5,-145,100,,,,"{""fd"":{""2.5"":[-950,null],""3.5"":[-295,null],""4.5"":[-113,null],""5.5"":[190,null],""6.5"":[420,null]},""mgm"":{""5.5"":[135,null],""6.5"":[260,null],""3.5"":[-295,null],""2.5"":[-750,null],""4.5"":[-140,null]},""czr"":{""2.5"":[-1450,null],""3.5"":[-335,null],""4.5"":[-130,null],""5.5"":[157,null],""6.5"":[325,null],""7.5"":[625,null],""8.5"":[1300,null]},""dk"":{""2.5"":[-850,null],""3.5"":[-294,null],""4.5"":[-127,null],""5.5"":[172,null],""6.5"":[369,null],""7.5"":[790,null],""8.5"":[1600,null]}}",4.5,0.4257,+135,-135,under,mgm,4.5,100,0.1164,2026-08-18T15:30:56Z,2026-08-18T15:30:56Z,morning,9,0.2187,0.99,0.1951,3.66,0.5027,0.3136,0.1713,0.0825,0.0352,0.0135,4.5,0.3136,+219,-219,under,mgm,4.5,100,0.2284,2026-08-18T15:30:56Z,2026-08-18T20:17:05Z,1,5,18,4.0,1,L,1,L,2026-08-19T05:29:03Z
2026-08-18,824319,641778,Eric Lauer,Los Angeles Dodgers,Colorado Rockies,0,L,63,416,16,98.3,102,426,23.4,22.09,23.07,0.1781,0.806,previous,9,0.2174,0.984,0.175,3.98,0.5635,0.3734,0.2188,0.114,0.053,0.0222,3.5,-125,-102,3.5,-122,-104,3.5,-140,-105,,,,"{""fd"":{""2.5"":[-370,null],""3.5"":[-122,null],""4.5"":[190,null],""5.5"":[430,null]},""czr"":{""2.5"":[-400,null],""3.5"":[-136,null],""4.5"":[170,null],""5.5"":[360,null],""6.5"":[800,null]},""dk"":{""1.5"":[-1260,null],""2.5"":[-339,null],""3.5"":[-124,null],""4.5"":[190,null],""5.5"":[431,null],""6.5"":[940,null]},""mgm"":{""6.5"":[550,null],""3.5"":[-125,null],""2.5"":[-295,null],""5.5"":[320,null],""4.5"":[165,null]}}",3.5,0.5635,-129,+129,over,fd,3.5,-122,0.0448,2026-08-18T15:30:56Z,2026-08-18T15:30:56Z,morning,8,0.2249,1.018,0.1814,4.13,0.5912,0.4016,0.2419,0.1297,0.0622,0.0268,3.5,0.5912,-145,+145,over,fd,3.5,-122,0.0724,2026-08-18T15:30:56Z,2026-08-18T21:15:37Z,1,6,22,5.0,1,W,1,W,2026-08-19T05:29:03Z
2026-08-18,824319,663372,Ryan Feltner,Colorado Rockies,Los Angeles Dodgers,1,R,61,382,18,87.0,25,135,23.0,21.84,22.71,0.1758,0.796,previous,9,0.2059,0.932,0.1632,3.71,0.5097,0.3213,0.1784,0.0878,0.0386,0.0152,3.5,109,-139,3.5,112,-142,3.5,-105,-140,,,,"{""fd"":{""2.5"":[-265,null],""3.5"":[112,null],""4.5"":[255,null],""5.5"":[560,null]},""czr"":{""1.5"":[-1200,null],""2.5"":[-250,null],""3.5"":[108,null],""4.5"":[235,null],""5.5"":[550,null],""6.5"":[1300,null]},""dk"":{""1.5"":[-730,null],""2.5"":[-228,null],""3.5"":[111,null],""4.5"":[260,null],""5.5"":[600,null],""6.5"":[1400,null]},""mgm"":{""6.5"":[700,null],""4.5"":[210,null],""2.5"":[-225,null],""5.5"":[400,null],""3.5"":[105,null]}}",3.5,0.5097,-104,+104,over,fd,3.5,112,0.064,2026-08-18T15:30:56Z,2026-08-18T15:30:56Z,morning,9,0.2059,0.932,0.1632,3.71,0.5097,0.3213,0.1784,0.0878,0.0386,0.0152,3.5,0.5097,-104,+104,over,fd,3.5,112,0.0641,2026-08-18T15:30:56Z,2026-08-18T21:45:28Z,1,3,26,5.0,0,L,0,L,2026-08-19T05:29:03Z
2026-08-18,824075,669620,Brady Basso,Athletics,Kansas City Royals,0,L,18,91,1,20.7,8,56,10.0,18.92,12.23,0.202,0.914,confirmed,9,0.2018,0.913,0.1841,2.19,0.1879,0.0779,0.0276,0.0085,0.0023,0.0006,,,,,,,,,,,,,,,,,,,,,,,,2026-08-18T21:01:15Z,lock-only,9,0.2018,0.913,0.1841,2.19,0.1879,0.0779,0.0276,0.0085,0.0023,0.0006,,,,,,,,,,,2026-08-18T21:01:15Z,1,1,9,2.3,,,,,2026-08-19T05:29:03Z
2026-08-18,824075,663738,Daniel Lynch IV,Kansas City Royals,Athletics,1,L,40,203,2,50.0,45,289,10.0,17.14,11.79,0.1898,0.859,confirmed,9,0.2183,0.988,0.1874,2.23,0.1958,0.0825,0.0297,0.0093,0.0026,0.0006,,,,,,,,,,,,,,,,,,,,,,,,2026-08-18T21:01:15Z,lock-only,9,0.2183,0.988,0.1874,2.23,0.1958,0.0825,0.0297,0.0093,0.0026,0.0006,,,,,,,,,,,2026-08-18T21:01:15Z,1,1,15,4.0,,,,,2026-08-19T05:29:03Z
2026-08-18,824639,663542,Bryan Hudson,Chicago White Sox,Chicago Cubs,0,L,50,219,6,51.7,19,75,4.0,9.97,5.49,0.229,1.036,confirmed,9,0.2173,0.983,0.2253,1.19,0.0451,0.0128,0.0031,0.0007,0.0001,0.0,,,,,,,,,,,,,,,,,,,,,,,,2026-08-18T21:01:15Z,lock-only,9,0.2173,0.983,0.2253,1.19,0.0451,0.0128,0.0031,0.0007,0.0001,0.0,,,,,,,,,,,2026-08-18T21:01:15Z,1,1,5,1.0,,,,,2026-08-19T05:29:03Z
2026-08-19,823342,695549,Jackson Jobe,Detroit Tigers,Pittsburgh Pirates,0,R,8,39,2,8.7,39,218,19.5,20.86,19.84,0.2,0.905,confirmed,9,0.2306,1.044,0.2091,4.13,0.594,0.4041,0.2431,0.1296,0.0616,0.0262,4.5,-109,-117,4.5,-104,-122,4.5,-115,-125,,,,"{""fd"":{""2.5"":[-850,null],""3.5"":[-280,null],""4.5"":[-104,null],""5.5"":[196,null],""6.5"":[420,null]},""dk"":{""1.5"":[-3000,null],""2.5"":[-700,null],""3.5"":[-254,null],""4.5"":[-108,null],""5.5"":[199,null],""6.5"":[414,null],""7.5"":[870,null],""8.5"":[1780,null]},""czr"":{""2.5"":[-950,null],""3.5"":[-260,null],""4.5"":[-115,null],""5.5"":[187,null],""6.5"":[375,null],""7.5"":[750,null]},""mgm"":{""6.5"":[360,null],""3.5"":[-235,null],""4.5"":[-110,null],""2.5"":[-625,null],""5.5"":[185,null]}}",4.5,0.4041,+147,-147,under,dk,4.5,-117,0.0876,2026-08-19T15:31:37Z,2026-08-19T15:31:37Z,morning,9,0.2306,1.044,0.2091,4.13,0.594,0.4042,0.2431,0.1297,0.0616,0.0262,4.5,0.4042,+147,-147,under,dk,4.5,-117,0.0875,2026-08-19T15:31:37Z,2026-08-19T16:01:46Z,1,3,22,5.3,0,W,0,W,2026-08-20T04:25:32Z
2026-08-19,823342,694973,Paul Skenes,Pittsburgh Pirates,Detroit Tigers,1,R,166,553,25,134.7,216,733,22.5,22.57,22.52,0.2945,1.333,confirmed,9,0.2063,0.934,0.2768,6.29,0.8684,0.7552,0.6093,0.4512,0.305,0.1878,5.5,-162,127,6.5,134,-172,,,,,,,"{""fd"":{""3.5"":[-1400,null],""4.5"":[-430,null],""5.5"":[-174,null],""6.5"":[134,null],""7.5"":[255,null],""8.5"":[520,null]},""dk"":{""3.5"":[-970,null],""4.5"":[-362,null],""5.5"":[-158,null],""6.5"":[131,null],""7.5"":[270,null],""8.5"":[550,null],""9.5"":[1120,null]},""czr"":{""9.5"":[750,null],""3.5"":[-1700,null],""4.5"":[-400,null],""5.5"":[-170,null],""6.5"":[116,null],""7.5"":[220,null],""8.5"":[400,null]}}",5.5,0.6093,-156,+156,over,fd,6.5,134,0.0479,2026-08-19T15:31:37Z,2026-08-19T15:31:37Z,morning,9,0.2063,0.934,0.2768,6.29,0.8683,0.7552,0.6092,0.4511,0.3049,0.1878,5.5,0.6092,-156,+156,over,fd,6.5,134,0.0478,2026-08-19T15:31:37Z,2026-08-19T16:01:46Z,1,5,20,4.3,0,L,0,L,2026-08-20T04:25:32Z
2026-08-19,823587,650633,Michael King,San Diego Padres,New York Mets,0,R,124,585,25,142.3,76,308,23.5,23.34,23.46,0.2182,0.988,confirmed,9,0.2223,1.007,0.2197,5.0,0.7326,0.5634,0.3908,0.2437,0.1368,0.0694,4.5,-150,117,4.5,-148,116,4.5,-160,110,,,,"{""fd"":{""2.5"":[-1200,null],""3.5"":[-400,null],""4.5"":[-148,null],""5.5"":[142,null],""6.5"":[300,null],""7.5"":[630,null]},""dk"":{""2.5"":[-950,null],""3.5"":[-343,null],""4.5"":[-151,null],""5.5"":[140,null],""6.5"":[290,null],""7.5"":[597,null],""8.5"":[1220,null]},""czr"":{""3.5"":[-440,null],""4.5"":[-170,null],""5.5"":[124,null],""6.5"":[250,null],""7.5"":[500,null],""8.5"":[1000,null]},""mgm"":{""2.5"":[-900,null],""5.5"":[130,null],""4.5"":[-155,null],""6.5"":[250,null],""3.5"":[-325,null]}}",4.5,0.5634,-129,+129,under,dk,4.5,117,0.0022,2026-08-19T15:31:37Z,2026-08-19T15:31:37Z,morning,9,0.2223,1.007,0.2197,5.0,0.7325,0.5633,0.3906,0.2436,0.1368,0.0693,4.5,0.5633,-129,+129,under,dk,4.5,117,0.0023,2026-08-19T15:31:37Z,2026-08-19T16:01:46Z,1,4,25,6.7,0,W,0,W,2026-08-20T04:25:32Z
2026-08-19,823587,476594,Robert Stock,New York Mets,San Diego Padres,1,R,13,62,3,12.3,1,15,20.67,21.21,20.8,0.21,0.951,confirmed,9,0.2012,0.911,0.191,3.96,0.5614,0.3709,0.2163,0.1117,0.0514,0.0212,3.5,-153,120,3.5,-140,110,3.5,-165,115,,,,"{""fd"":{""2.5"":[-430,null],""3.5"":[-140,null],""4.5"":[164,null],""5.5"":[360,null]},""dk"":{""1.5"":[-1440,null],""2.5"":[-392,null],""3.5"":[-155,null],""4.5"":[145,null],""5.5"":[316,null],""6.5"":[680,null],""7.5"":[1420,null]},""czr"":{""2.5"":[-460,null],""3.5"":[-164,null],""4.5"":[143,null],""5.5"":[300,null],""6.5"":[650,null]},""mgm"":{""4.5"":[130,null],""5.5"":[260,null],""3.5"":[-160,null],""2.5"":[-375,null],""6.5"":[500,null]}}",3.5,0.5614,-128,+128,under,mgm,3.5,115,0.011,2026-08-19T15:31:37Z,2026-08-19T15:31:37Z,morning,9,0.2012,0.911,0.191,3.96,0.5614,0.3709,0.2163,0.1117,0.0514,0.0212,3.5,0.5614,-128,+128,under,mgm,3.5,115,0.011,2026-08-19T15:31:37Z,2026-08-19T16:01:46Z,1,6,19,4.3,1,L,1,L,2026-08-20T04:25:32Z
2026-08-19,823664,700363,AJ Smith-Shawver,Atlanta Braves,Minnesota Twins,0,R,4,19,1,4.3,42,192,19.0,21.07,19.52,0.219,0.992,previous,9,0.199,0.901,0.1973,3.9,0.5493,0.3586,0.2062,0.1048,0.0474,0.0192,4.5,129,-165,3.5,-174,136,4.5,115,-165,,,,"{""dk"":{""1.5"":[-1660,null],""2.5"":[-440,null],""3.5"":[-173,null],""4.5"":[129,null],""5.5"":[279,null],""6.5"":[582,null],""7.5"":[1220,null]},""czr"":{""2.5"":[-590,null],""3.5"":[-190,null],""4.5"":[122,null],""5.5"":[260,null],""6.5"":[550,null],""7.5"":[1200,null]},""mgm"":{""6.5"":[475,null],""2.5"":[-500,null],""3.5"":[-190,null],""4.5"":[115,null],""5.5"":[250,null]},""fd"":{""2.5"":[-520,null],""3.5"":[-174,null],""4.5"":[130,null],""5.5"":[285,null],""6.5"":[600,null]}}",4.5,0.3586,+179,-179,under,mgm,4.5,-165,0.069,2026-08-19T15:31:37Z,2026-08-19T15:31:37Z,morning,9,0.2095,0.948,0.2077,4.1,0.5888,0.3987,0.2386,0.1265,0.0598,0.0253,4.5,0.3987,+151,-151,under,mgm,4.5,-165,0.0288,2026-08-19T15:31:37Z,2026-08-19T16:01:46Z,1,3,21,4.3,0,W,0,W,2026-08-20T04:25:32Z
2026-08-19,823664,671737,Taj Bradley,Minnesota Twins,Atlanta Braves,1,R,151,579,24,135.7,127,605,25.0,24.05,24.76,0.2484,1.125,confirmed,9,0.2108,0.955,0.2375,5.88,0.8332,0.6998,0.5406,0.3813,0.2447,0.1429,5.5,-133,105,5.5,-132,104,,,,,,,"{""dk"":{""2.5"":[-2500,null],""3.5"":[-720,null],""4.5"":[-295,null],""5.5"":[-137,null],""6.5"":[151,null],""7.5"":[298,null],""8.5"":[610,null],""9.5"":[1180,null]},""czr"":{""9.5"":[1000,null],""3.5"":[-950,null],""4.5"":[-320,null],""5.5"":[-145,null],""6.5"":[137,null],""7.5"":[255,null],""8.5"":[500,null]},""fd"":{""2.5"":[-4000,null],""3.5"":[-900,null],""4.5"":[-320,null],""5.5"":[-132,null],""6.5"":[152,null],""7.5"":[320,null],""8.5"":[680,null]}}",5.5,0.5406,-118,+118,over,fd,8.5,680,0.0147,2026-08-19T15:31:37Z,2026-08-19T15:31:37Z,morning,9,0.2108,0.955,0.2375,5.88,0.8331,0.6997,0.5405,0.3812,0.2446,0.1428,5.5,0.5405,-118,+118,over,fd,8.5,680,0.0146,2026-08-19T15:31:37Z,2026-08-19T16:01:46Z,1,7,20,5.0,1,L,1,L,2026-08-20T04:25:32Z
2026-08-19,824640,656794,Sean Newcomb,Chicago White Sox,Chicago Cubs,0,L,64,276,2,68.0,91,391,7.0,15.86,9.21,0.2306,1.044,previous,9,0.2176,0.985,0.2272,2.04,0.1633,0.0653,0.0223,0.0066,0.0017,0.0004,,,,,,,,,,,,,,,,,,,,,,,2026-08-19T15:31:37Z,2026-08-19T15:31:37Z,morning,9,0.2013,0.912,0.2105,1.89,0.1356,0.0508,0.0163,0.0045,0.0011,0.0002,,,,,,,,,,2026-08-19T15:31:37Z,2026-08-19T16:15:52Z,1,0,7,2.0,,,,,2026-08-20T04:25:32Z
2026-08-19,824640,605280,Clay Holmes,Chicago Cubs,Chicago White Sox,1,R,49,255,11,63.3,129,708,22.88,22.87,22.87,0.1915,0.867,confirmed,9,0.2321,1.051,0.2017,4.59,0.671,0.4892,0.3189,0.186,0.0973,0.0459,4.5,-131,103,4.5,-125,-102,4.5,-135,-110,,,,"{""fd"":{""2.5"":[-1000,null],""3.5"":[-340,null],""4.5"":[-125,null],""5.5"":[164,null],""6.5"":[350,null],""7.5"":[750,null]},""dk"":{""1.5"":[-3400,null],""2.5"":[-800,null],""3.5"":[-303,null],""4.5"":[-131,null],""5.5"":[159,null],""6.5"":[333,null],""7.5"":[680,null],""8.5"":[1340,null]},""czr"":{""2.5"":[-1250,null],""3.5"":[-320,null],""4.5"":[-137,null],""5.5"":[155,null],""6.5"":[320,null],""7.5"":[650,null],""8.5"":[1400,null]},""mgm"":{""4.5"":[-125,null],""3.5"":[-275,null],""5.5"":[155,null],""2.5"":[-700,null],""6.5"":[300,null]}}",4.5,0.4892,+104,-104,under,dk,4.5,103,0.046,2026-08-19T15:31:37Z,2026-08-19T15:31:37Z,morning,9,0.2321,1.051,0.2017,4.59,0.6709,0.489,0.3188,0.1859,0.0973,0.0459,4.5,0.489,+104,-104,under,dk,4.5,103,0.0461,2026-08-19T15:31:37Z,2026-08-19T16:01:46Z,1,1,23,5.3,0,W,0,W,2026-08-20T04:25:32Z
2026-08-19,824722,694297,Brandon Pfaadt,Arizona Diamondbacks,Boston Red Sox,0,R,61,379,12,92.7,147,767,23.62,23.02,23.47,0.1736,0.786,previous,9,0.1983,0.898,0.1549,3.52,0.4701,0.2853,0.1522,0.0719,0.0303,0.0115,3.5,-116,-110,3.5,-113,-113,3.5,-120,-120,,,,"{""dk"":{""1.5"":[-1060,null],""2.5"":[-301,null],""3.5"":[-116,null],""4.5"":[204,null],""5.5"":[462,null],""6.5"":[1040,null]},""czr"":{""2.5"":[-360,null],""3.5"":[-127,null],""4.5"":[183,null],""5.5"":[400,null],""6.5"":[900,null]},""mgm"":{""3.5"":[-125,null],""5.5"":[380,null],""6.5"":[725,null],""4.5"":[180,null],""2.5"":[-300,null]},""fd"":{""2.5"":[-340,null],""3.5"":[-113,null],""4.5"":[210,null],""5.5"":[460,null]}}",3.5,0.4701,+113,-113,under,dk,3.5,-110,0.0362,2026-08-19T15:31:37Z,2026-08-19T15:31:37Z,morning,9,0.2062,0.934,0.1614,3.67,0.501,0.3134,0.1726,0.0842,0.0367,0.0144,3.5,0.501,-100,+100,under,dk,3.5,-110,0.0052,2026-08-19T15:31:37Z,2026-08-19T18:31:04Z,1,8,24,5.7,1,L,1,L,2026-08-20T04:25:32Z
2026-08-19,824722,801139,Payton Tolle,Boston Red Sox,Arizona Diamondbacks,1,L,128,461,20,115.0,19,74,22.0,22.88,22.22,0.2634,1.193,previous,9,0.199,0.901,0.2386,5.19,0.7588,0.5974,0.4256,0.2731,0.1579,0.0824,5.5,-131,103,5.5,-115,-108,5.5,-135,-110,,,,"{""dk"":{""2.5"":[-2400,null],""3.5"":[-710,null],""4.5"":[-283,null],""5.5"":[-134,null],""6.5"":[148,null],""7.5"":[283,null],""8.5"":[532,null],""9.5"":[1040,null]},""czr"":{""9.5"":[1100,null],""3.5"":[-850,null],""4.5"":[-290,null],""5.5"":[-132,null],""6.5"":[150,null],""7.5"":[290,null],""8.5"":[550,null]},""mgm"":{""7.5"":[290,null],""5.5"":[-125,null],""3.5"":[-600,null],""6.5"":[155,null],""4.5"":[-250,null]},""fd"":{""2.5"":[-4000,null],""3.5"":[-900,null],""4.5"":[-310,null],""5.5"":[-115,null],""6.5"":[172,null],""7.5"":[340,null],""8.5"":[750,null]}}",5.5,0.4256,+135,-135,under,dk,5.5,103,0.1096,2026-08-19T15:31:37Z,2026-08-19T15:31:37Z,morning,9,0.1962,0.888,0.2354,5.12,0.7498,0.5856,0.4133,0.2625,0.15,0.0774,5.5,0.4133,+142,-142,under,dk,5.5,103,0.1219,2026-08-19T15:31:37Z,2026-08-19T18:31:04Z,1,6,22,5.0,1,L,1,L,2026-08-20T04:25:32Z
2026-08-19,823424,645261,Sandy Alcantara,Miami Marlins,Philadelphia Phillies,0,R,130,702,26,170.7,142,745,27.0,26.51,26.88,0.1878,0.85,previous,9,0.1869,0.846,0.1579,4.22,0.6055,0.4175,0.2569,0.1415,0.0701,0.0315,4.5,113,-145,4.5,126,-162,4.5,100,-145,,,,"{""dk"":{""1.5"":[-2400,null],""2.5"":[-561,null],""3.5"":[-205,null],""4.5"":[113,null],""5.5"":[250,null],""6.5"":[558,null],""7.5"":[1200,null]},""czr"":{""2.5"":[-750,null],""3.5"":[-209,null],""4.5"":[115,null],""5.5"":[235,null],""6.5"":[500,null],""7.5"":[1000,null]},""mgm"":{""2.5"":[-550,null],""5.5"":[210,null],""3.5"":[-220,null],""4.5"":[105,null],""6.5"":[400,null]},""fd"":{""2.5"":[-650,null],""3.5"":[-215,null],""4.5"":[126,null],""5.5"":[265,null],""6.5"":[600,null]}}",4.5,0.4175,+140,-140,under,mgm,4.5,-145,0.0404,2026-08-19T15:31:37Z,2026-08-19T15:31:37Z,morning,9,0.1875,0.849,0.1584,4.24,0.6077,0.4198,0.2589,0.1429,0.071,0.0319,4.5,0.4198,+138,-138,under,mgm,4.5,-145,0.0381,2026-08-19T15:31:37Z,2026-08-19T18:31:04Z,1,1,26,6.0,0,W,0,W,2026-08-20T04:25:32Z
2026-08-19,823424,605400,Aaron Nola,Philadelphia Phillies,Miami Marlins,1,R,138,567,25,130.0,97,404,23.75,22.6,23.46,0.2409,1.091,previous,9,0.2098,0.95,0.2291,5.21,0.761,0.6001,0.4286,0.2762,0.1605,0.0843,5.5,-115,-111,5.5,-130,102,5.5,-135,-110,,,,"{""dk"":{""2.5"":[-2100,null],""3.5"":[-620,null],""4.5"":[-253,null],""5.5"":[-115,null],""6.5"":[182,null],""7.5"":[381,null],""8.5"":[780,null],""9.5"":[1500,null]},""czr"":{""9.5"":[1000,null],""3.5"":[-1000,null],""4.5"":[-325,null],""5.5"":[-143,null],""6.5"":[140,null],""7.5"":[260,null],""8.5"":[500,null]},""mgm"":{""3.5"":[-600,null],""7.5"":[270,null],""4.5"":[-250,null],""5.5"":[-135,null],""6.5"":[145,null]},""fd"":{""2.5"":[-4500,null],""3.5"":[-1000,null],""4.5"":[-330,null],""5.5"":[-130,null],""6.5"":[148,null],""7.5"":[310,null],""8.5"":[600,null]}}",5.5,0.4286,+133,-133,under,fd,5.5,102,0.1045,2026-08-19T15:31:37Z,2026-08-19T15:31:37Z,morning,9,0.2147,0.972,0.2343,5.33,0.7755,0.6193,0.4492,0.2944,0.1742,0.0932,5.5,0.4492,+123,-123,under,fd,5.5,102,0.0839,2026-08-19T15:31:37Z,2026-08-19T19:31:09Z,1,8,26,7.0,1,L,1,L,2026-08-20T04:25:32Z
2026-08-19,824801,701542,Will Warren,New York Yankees,Baltimore Orioles,0,R,117,517,23,118.0,171,711,21.62,22.37,21.81,0.2291,1.037,previous,9,0.2523,1.142,0.2612,5.68,0.8149,0.6748,0.5111,0.3514,0.2188,0.1233,5.5,124,-158,5.5,118,-150,5.5,100,-150,,,,"{""fd"":{""2.5"":[-2000,null],""3.5"":[-520,null],""4.5"":[-215,null],""5.5"":[118,null],""6.5"":[230,null],""7.5"":[480,null]},""czr"":{""3.5"":[-460,null],""4.5"":[-197,null],""5.5"":[112,null],""6.5"":[215,null],""7.5"":[425,null],""8.5"":[850,null]},""dk"":{""2.5"":[-1140,null],""3.5"":[-397,null],""4.5"":[-170,null],""5.5"":[124,null],""6.5"":[263,null],""7.5"":[529,null],""8.5"":[1080,null]},""mgm"":{""7.5"":[425,null],""4.5"":[-200,null],""5.5"":[105,null],""6.5"":[210,null],""3.5"":[-500,null]}}",5.5,0.5111,-105,+105,over,dk,5.5,124,0.0895,2026-08-19T15:31:37Z,2026-08-19T15:31:37Z,morning,8,0.2609,1.181,0.2701,5.87,0.8336,0.7023,0.5435,0.383,0.2449,0.142,5.5,0.5435,-119,+119,over,dk,5.5,124,0.1218,2026-08-19T15:31:37Z,2026-08-19T20:45:41Z,1,5,18,4.0,0,L,0,L,2026-08-20T04:25:32Z
2026-08-19,824801,605135,Chris Bassitt,Baltimore Orioles,New York Yankees,1,R,40,285,11,61.7,166,736,22.62,21.71,22.4,0.1751,0.793,previous,9,0.2466,1.116,0.1968,4.28,0.6195,0.4315,0.267,0.1471,0.0725,0.0321,4.5,-121,-105,4.5,-113,-113,4.5,-130,-110,,,,"{""fd"":{""2.5"":[-850,null],""3.5"":[-290,null],""4.5"":[-113,null],""5.5"":[186,null],""6.5"":[400,null]},""czr"":{""2.5"":[-1200,null],""3.5"":[-280,null],""4.5"":[-122,null],""5.5"":[172,null],""6.5"":[350,null],""7.5"":[750,null]},""dk"":{""1.5"":[-3400,null],""2.5"":[-740,null],""3.5"":[-277,null],""4.5"":[-121,null],""5.5"":[176,null],""6.5"":[363,null],""7.5"":[770,null],""8.5"":[1500,null]},""mgm"":{""2.5"":[-625,null],""3.5"":[-250,null],""4.5"":[-120,null],""6.5"":[300,null],""5.5"":[160,null]}}",4.5,0.4315,+132,-132,under,mgm,4.5,-110,0.0875,2026-08-19T15:31:37Z,2026-08-19T15:31:37Z,morning,9,0.2466,1.116,0.1968,4.28,0.6195,0.4315,0.267,0.1471,0.0725,0.0321,4.5,0.4315,+132,-132,under,mgm,4.5,-110,0.0875,2026-08-19T15:31:37Z,2026-08-19T19:46:08Z,1,6,24,5.7,1,L,1,L,2026-08-20T04:25:32Z
2026-08-19,824394,683363,Matt Wilkinson,San Francisco Giants,Cleveland Guardians,0,L,0,0,0,0.0,0,0,21.76,21.76,21.76,0.2209,1.0,previous,9,0.1931,0.874,0.1931,4.2,0.6051,0.4161,0.2539,0.1377,0.0668,0.0291,,,,,,,,,,,,,,,,,,,,,,,2026-08-19T15:31:37Z,2026-08-19T15:31:37Z,morning,9,0.178,0.806,0.178,3.87,0.5424,0.3524,0.2019,0.1026,0.0465,0.0189,,,,,,,,,,2026-08-19T15:31:37Z,2026-08-19T19:16:33Z,1,0,7,2.0,,,,,2026-08-20T04:25:32Z
2026-08-19,824394,800048,Parker Messick,Cleveland Guardians,San Francisco Giants,1,L,142,565,24,142.3,38,165,24.12,23.47,23.96,0.2445,1.107,previous,9,0.238,1.078,0.2628,6.24,0.8642,0.7478,0.5996,0.4411,0.2964,0.1815,6.5,102,-130,6.5,124,-160,6.5,-115,-130,,,,"{""fd"":{""3.5"":[-1600,null],""4.5"":[-480,null],""5.5"":[-196,null],""6.5"":[124,null],""7.5"":[235,null],""8.5"":[460,null]},""dk"":{""3.5"":[-1260,null],""4.5"":[-457,null],""5.5"":[-207,null],""6.5"":[102,null],""7.5"":[208,null],""8.5"":[413,null],""9.5"":[820,null],""10.5"":[1580,null]},""czr"":{""9.5"":[650,null],""3.5"":[-2000,null],""4.5"":[-480,null],""5.5"":[-200,null],""6.5"":[104,null],""7.5"":[189,null],""8.5"":[360,null]},""mgm"":{""4.5"":[-450,null],""8.5"":[300,null],""6.5"":[-110,null],""7.5"":[170,null],""5.5"":[-210,null]}}",6.5,0.4411,+127,-127,under,mgm,6.5,-130,0.0451,2026-08-19T15:31:37Z,2026-08-19T15:31:37Z,morning,9,0.2272,1.028,0.2512,5.97,0.8414,0.7127,0.5561,0.3963,0.257,0.1516,6.5,0.3963,+152,-152,under,mgm,6.5,-130,0.0899,2026-08-19T15:31:37Z,2026-08-19T20:16:16Z,1,10,26,6.7,1,L,1,L,2026-08-20T04:25:32Z
2026-08-19,824476,669461,Matthew Liberatore,St. Louis Cardinals,Cincinnati Reds,0,L,116,519,24,119.0,122,648,21.62,21.55,21.61,0.2158,0.977,previous,9,0.2471,1.119,0.2416,5.25,0.767,0.6083,0.4372,0.2833,0.1655,0.0873,5.5,-117,-109,5.5,-122,-104,5.5,-125,-115,,,,"{""dk"":{""2.5"":[-2100,null],""3.5"":[-610,null],""4.5"":[-254,null],""5.5"":[-117,null],""6.5"":[176,null],""7.5"":[356,null],""8.5"":[720,null],""9.5"":[1400,null]},""czr"":{""9.5"":[1000,null],""3.5"":[-950,null],""4.5"":[-290,null],""5.5"":[-129,null],""6.5"":[151,null],""7.5"":[280,null],""8.5"":[550,null]},""mgm"":{""5.5"":[-120,null],""3.5"":[-600,null],""6.5"":[155,null],""7.5"":[300,null],""4.5"":[-250,null]},""fd"":{""2.5"":[-3500,null],""3.5"":[-850,null],""4.5"":[-310,null],""5.5"":[-122,null],""6.5"":[162,null],""7.5"":[340,null],""8.5"":[700,null]}}",5.5,0.4372,+129,-129,under,fd,5.5,-104,0.0816,2026-08-19T15:31:37Z,2026-08-19T15:31:37Z,morning,9,0.2515,1.139,0.246,5.35,0.7784,0.6236,0.4537,0.298,0.1766,0.0946,5.5,0.4537,+120,-120,under,fd,5.5,-104,0.0651,2026-08-19T15:31:37Z,2026-08-19T18:31:04Z,1,9,22,6.0,1,L,1,L,2026-08-20T04:25:32Z
2026-08-19,824476,695505,Chase Burns,Cincinnati Reds,St. Louis Cardinals,1,R,151,526,23,131.0,67,188,23.25,22.89,23.16,0.2869,1.299,previous,9,0.1939,0.878,0.2545,5.79,0.8252,0.6892,0.528,0.3681,0.2329,0.1337,6.5,102,-130,6.5,114,-146,6.5,-110,-135,,,,"{""dk"":{""3.5"":[-1360,null],""4.5"":[-470,null],""5.5"":[-203,null],""6.5"":[102,null],""7.5"":[208,null],""8.5"":[424,null],""9.5"":[840,null],""10.5"":[1640,null]},""czr"":{""9.5"":[650,null],""3.5"":[-1700,null],""4.5"":[-480,null],""5.5"":[-200,null],""6.5"":[102,null],""7.5"":[187,null],""8.5"":[340,null]},""mgm"":{""7.5"":[180,null],""5.5"":[-210,null],""6.5"":[-105,null],""4.5"":[-450,null],""8.5"":[340,null]},""fd"":{""3.5"":[-1600,null],""4.5"":[-500,null],""5.5"":[-215,null],""6.5"":[114,null],""7.5"":[215,null],""8.5"":[420,null]}}",6.5,0.3681,+172,-172,under,mgm,6.5,-135,0.1088,2026-08-19T15:31:37Z,2026-08-19T15:31:37Z,morning,9,0.2002,0.906,0.2621,5.96,0.8413,0.7132,0.5567,0.3966,0.2568,0.1511,6.5,0.3966,+152,-152,under,mgm,6.5,-135,0.0804,2026-08-19T19:16:33Z,2026-08-19T19:16:33Z,1,8,22,5.0,1,L,1,L,2026-08-20T04:25:32Z
2026-08-19,822937,453286,Max Scherzer,Toronto Blue Jays,Tampa Bay Rays,0,R,31,181,10,41.0,82,358,18.75,18.69,18.73,0.2001,0.906,previous,9,0.1762,0.798,0.1587,2.98,0.3537,0.1885,0.0872,0.0354,0.0127,0.0041,3.5,-119,-107,3.5,-113,-113,3.5,-120,-120,,,,"{""dk"":{""1.5"":[-1100,null],""2.5"":[-307,null],""3.5"":[-120,null],""4.5"":[195,null],""5.5"":[454,null],""6.5"":[990,null]},""czr"":{""2.5"":[-360,null],""3.5"":[-124,null],""4.5"":[184,null],""5.5"":[400,null],""6.5"":[900,null]},""mgm"":{""2.5"":[-325,null],""5.5"":[380,null],""6.5"":[700,null],""4.5"":[175,null],""3.5"":[-125,null]},""fd"":{""2.5"":[-350,null],""3.5"":[-113,null],""4.5"":[200,null],""5.5"":[450,null]}}",3.5,0.3537,+183,-183,under,dk,3.5,-107,0.1588,2026-08-19T15:31:37Z,2026-08-19T15:31:37Z,morning,9,0.1756,0.795,0.1582,2.97,0.3515,0.1869,0.0862,0.0349,0.0125,0.004,3.5,0.3515,+184,-184,under,mgm,3.5,-120,0.1485,2026-08-19T19:16:33Z,2026-08-19T19:16:33Z,1,1,21,4.0,0,W,0,W,2026-08-20T04:25:32Z
2026-08-19,822937,656876,Drew Rasmussen,Tampa Bay Rays,Toronto Blue Jays,1,R,133,506,23,129.3,127,585,21.75,22.05,21.83,0.2502,1.133,previous,9,0.1884,0.853,0.2146,4.67,0.6846,0.505,0.3334,0.1969,0.1042,0.0497,5.5,127,-163,5.5,132,-170,5.5,110,-160,,,,"{""dk"":{""2.5"":[-1300,null],""3.5"":[-420,null],""4.5"":[-174,null],""5.5"":[128,null],""6.5"":[270,null],""7.5"":[571,null],""8.5"":[1140,null]},""czr"":{""3.5"":[-480,null],""4.5"":[-176,null],""5.5"":[118,null],""6.5"":[235,null],""7.5"":[450,null],""8.5"":[950,null]},""mgm"":{""5.5"":[115,null],""4.5"":[-175,null],""6.5"":[230,null],""3.5"":[-400,null],""7.5"":[425,null]},""fd"":{""2.5"":[-2000,null],""3.5"":[-500,null],""4.5"":[-188,null],""5.5"":[132,null],""6.5"":[260,null],""7.5"":[540,null]}}",5.5,0.3334,+200,-200,under,mgm,5.5,-160,0.1028,2026-08-19T15:31:37Z,2026-08-19T15:31:37Z,morning,9,0.2123,0.961,0.2408,5.24,0.7648,0.6054,0.434,0.2805,0.1634,0.0859,5.5,0.434,+130,-130,over,fd,5.5,132,0.0276,2026-08-19T15:31:37Z,2026-08-19T19:46:08Z,1,5,23,5.0,0,W,0,L,2026-08-20T04:25:32Z
2026-08-19,823748,669302,Logan Gilbert,Seattle Mariners,Milwaukee Brewers,0,R,152,571,24,145.3,173,535,25.38,23.69,24.95,0.2738,1.24,previous,9,0.2266,1.026,0.2804,6.94,0.9092,0.8212,0.6977,0.5508,0.4009,0.268,6.5,-108,-118,6.5,-108,-118,6.5,-125,-115,,,,"{""dk"":{""3.5"":[-1180,null],""4.5"":[-479,null],""5.5"":[-216,null],""6.5"":[-108,null],""7.5"":[181,null],""8.5"":[356,null],""9.5"":[690,null],""10.5"":[1320,null]},""czr"":{""9.5"":[500,null],""4.5"":[-675,null],""5.5"":[-245,null],""6.5"":[-118,null],""7.5"":[158,null],""8.5"":[285,null]},""mgm"":{""6.5"":[-120,null],""4.5"":[-525,null],""7.5"":[155,null],""8.5"":[290,null],""5.5"":[-235,null]},""fd"":{""3.5"":[-2500,null],""4.5"":[-650,null],""5.5"":[-260,null],""6.5"":[-108,null],""7.5"":[176,null],""8.5"":[350,null],""9.5"":[680,null]}}",6.5,0.5508,-123,+123,over,dk,6.5,-108,0.0612,2026-08-19T15:31:37Z,2026-08-19T15:31:37Z,morning,8,0.2095,0.949,0.2606,6.45,0.8795,0.7713,0.6298,0.4739,0.3267,0.2059,6.5,0.4739,+111,-111,under,mgm,6.5,-115,0.0356,2026-08-19T15:31:37Z,2026-08-19T20:31:04Z,1,5,23,5.0,0,L,0,W,2026-08-20T04:25:32Z
2026-08-19,823748,669160,Dustin May,Milwaukee Brewers,Seattle Mariners,1,R,117,507,23,122.0,123,584,20.62,22.01,20.97,0.2258,1.022,previous,9,0.2018,0.914,0.2064,4.28,0.6209,0.4329,0.2679,0.1474,0.0724,0.0319,5.5,-102,-125,5.5,108,-138,5.5,-105,-140,,,,"{""dk"":{""2.5"":[-1660,null],""3.5"":[-507,null],""4.5"":[-213,null],""5.5"":[-101,null],""6.5"":[201,null],""7.5"":[410,null],""8.5"":[810,null],""9.5"":[1560,null]},""czr"":{""3.5"":[-530,null],""4.5"":[-213,null],""5.5"":[101,null],""6.5"":[191,null],""7.5"":[375,null],""8.5"":[750,null]},""mgm"":{""3.5"":[-450,null],""6.5"":[195,null],""5.5"":[100,null],""7.5"":[350,null],""4.5"":[-200,null]},""fd"":{""2.5"":[-2500,null],""3.5"":[-590,null],""4.5"":[-235,null],""5.5"":[108,null],""6.5"":[215,null],""7.5"":[450,null]}}",5.5,0.2679,+273,-273,under,dk,5.5,-125,0.2083,2026-08-19T15:31:37Z,2026-08-19T15:31:37Z,morning,9,0.2051,0.928,0.2097,4.35,0.6331,0.4462,0.2795,0.1558,0.0776,0.0347,5.5,0.2795,+258,-258,under,dk,5.5,-125,0.1966,2026-08-19T15:31:37Z,2026-08-19T20:16:16Z,1,1,16,2.0,0,W,0,W,2026-08-20T04:25:32Z
2026-08-19,822860,676917,Cade Cavalli,Washington Nationals,Texas Rangers,0,R,151,578,26,136.7,40,219,22.62,22.37,22.56,0.2457,1.113,previous,9,0.2395,1.084,0.2658,6.04,0.8485,0.7241,0.57,0.4101,0.2685,0.1599,5.5,-141,110,5.5,-138,108,5.5,-155,105,,,,"{""fd"":{""2.5"":[-4000,null],""3.5"":[-1000,null],""4.5"":[-340,null],""5.5"":[-138,null],""6.5"":[144,null],""7.5"":[290,null],""8.5"":[600,null]},""czr"":{""9.5"":[1000,null],""3.5"":[-950,null],""4.5"":[-335,null],""5.5"":[-148,null],""6.5"":[134,null],""7.5"":[250,null],""8.5"":[450,null]},""dk"":{""2.5"":[-2600,null],""3.5"":[-760,null],""4.5"":[-304,null],""5.5"":[-141,null],""6.5"":[141,null],""7.5"":[276,null],""8.5"":[535,null],""9.5"":[1040,null]},""mgm"":{""3.5"":[-700,null],""4.5"":[-325,null],""5.5"":[-155,null],""7.5"":[230,null],""6.5"":[130,null]}}",5.5,0.57,-133,+133,over,fd,5.5,-138,0.0233,2026-08-19T15:31:37Z,2026-08-19T15:31:37Z,morning,9,0.2316,1.048,0.2572,5.85,0.8311,0.6979,0.5382,0.3782,0.2413,0.1397,5.5,0.5382,-117,+117,under,mgm,5.5,105,0.0165,2026-08-19T15:31:37Z,2026-08-19T20:16:16Z,1,11,22,6.0,1,W,1,L,2026-08-20T04:25:32Z
2026-08-19,822860,677958,Kumar Rocker,Texas Rangers,Washington Nationals,1,R,106,506,21,116.0,56,287,23.12,21.84,22.8,0.2084,0.944,previous,9,0.2155,0.976,0.2032,4.62,0.6767,0.4957,0.325,0.1907,0.1004,0.0477,4.5,-148,116,4.5,-115,-111,4.5,-135,-110,,,,"{""fd"":{""2.5"":[-1000,null],""3.5"":[-310,null],""4.5"":[-115,null],""5.5"":[186,null],""6.5"":[400,null]},""czr"":{""2.5"":[-1700,null],""3.5"":[-380,null],""4.5"":[-152,null],""5.5"":[142,null],""6.5"":[275,null],""7.5"":[550,null],""8.5"":[1100,null]},""dk"":{""2.5"":[-1080,null],""3.5"":[-359,null],""4.5"":[-150,null],""5.5"":[146,null],""6.5"":[309,null],""7.5"":[660,null],""8.5"":[1360,null]},""mgm"":{""4.5"":[-135,null],""2.5"":[-700,null],""6.5"":[280,null],""5.5"":[150,null],""3.5"":[-295,null]}}",4.5,0.4957,+102,-102,under,dk,4.5,116,0.0674,2026-08-19T15:31:37Z,2026-08-19T15:31:37Z,morning,9,0.2011,0.91,0.1894,4.31,0.6238,0.4363,0.2715,0.1506,0.0749,0.0335,4.5,0.4363,+129,-129,under,dk,4.5,116,0.1269,2026-08-19T15:31:37Z,2026-08-19T20:31:04Z,1,3,22,5.0,0,W,0,W,2026-08-20T04:25:32Z
2026-08-19,824155,700712,Walbert Ureña,Los Angeles Angels,Houston Astros,0,R,102,459,20,107.7,0,0,20.88,22.14,21.19,0.2218,1.004,previous,9,0.205,0.928,0.2059,4.27,0.6191,0.4309,0.2662,0.1462,0.0717,0.0315,4.5,-114,-112,4.5,-125,-102,4.5,-155,105,,,,"{""dk"":{""1.5"":[-3700,null],""2.5"":[-750,null],""3.5"":[-270,null],""4.5"":[-117,null],""5.5"":[187,null],""6.5"":[387,null],""7.5"":[790,null],""8.5"":[1600,null]},""czr"":{""2.5"":[-1700,null],""3.5"":[-325,null],""4.5"":[-139,null],""5.5"":[156,null],""6.5"":[305,null],""7.5"":[625,null],""8.5"":[1400,null]},""mgm"":{""3.5"":[-300,null],""6.5"":[260,null],""4.5"":[-140,null],""5.5"":[140,null],""2.5"":[-700,null]},""fd"":{""2.5"":[-1100,null],""3.5"":[-350,null],""4.5"":[-125,null],""5.5"":[164,null],""6.5"":[350,null],""7.5"":[750,null]}}",4.5,0.4309,+132,-132,under,mgm,4.5,105,0.1239,2026-08-19T15:31:37Z,2026-08-19T15:31:37Z,morning,9,0.2095,0.948,0.2104,4.36,0.6354,0.4488,0.2818,0.1575,0.0786,0.0352,4.5,0.4488,+123,-123,under,mgm,4.5,105,0.106,2026-08-19T15:31:37Z,2026-08-19T20:16:16Z,1,7,20,5.0,1,L,1,L,2026-08-20T04:25:32Z
2026-08-19,824155,814490,Ethan Pecko,Houston Astros,Los Angeles Angels,1,R,0,0,0,0.0,0,0,21.76,21.76,21.76,0.2209,1.0,previous,9,0.2192,0.992,0.2192,4.77,0.6999,0.5233,0.3509,0.2107,0.1135,0.0551,,,,,,,,,,,,,,,,,,,,,,,2026-08-19T15:31:37Z,2026-08-19T15:31:37Z,morning,9,0.2309,1.045,0.2309,5.02,0.7366,0.5687,0.3958,0.2476,0.1393,0.0707,,,,,,,,,,2026-08-19T15:31:37Z,2026-08-19T20:16:16Z,1,4,18,3.7,,,,,2026-08-20T04:25:32Z
2026-08-19,824318,808963,Roki Sasaki,Los Angeles Dodgers,Colorado Rockies,0,R,108,471,21,111.0,28,161,22.5,22.53,22.51,0.2205,0.999,previous,9,0.2354,1.066,0.2351,5.35,0.7777,0.6223,0.4524,0.2972,0.1764,0.0947,4.5,-142,111,4.5,-160,124,,,,,,,"{""dk"":{""2.5"":[-920,null],""3.5"":[-331,null],""4.5"":[-141,null],""5.5"":[152,null],""6.5"":[309,null],""7.5"":[640,null],""8.5"":[1300,null]},""czr"":{""3.5"":[-420,null],""4.5"":[-173,null],""5.5"":[125,null],""6.5"":[250,null],""7.5"":[475,null],""8.5"":[1000,null]},""fd"":{""2.5"":[-1600,null],""3.5"":[-430,null],""4.5"":[-160,null],""5.5"":[132,null],""6.5"":[285,null],""7.5"":[600,null]}}",4.5,0.6223,-165,+165,over,dk,4.5,-142,0.0691,2026-08-19T15:31:37Z,2026-08-19T15:31:37Z,morning,9,0.2163,0.979,0.2159,4.91,0.7205,0.5483,0.3756,0.2311,0.1279,0.0639,4.5,0.5483,-121,+121,under,fd,4.5,124,0.0313,2026-08-19T15:31:37Z,2026-08-19T22:00:27Z,1,6,22,5.0,1,W,1,L,2026-08-20T04:25:32Z
2026-08-19,824318,607536,Kyle Freeland,Colorado Rockies,Los Angeles Dodgers,1,L,98,536,22,120.7,124,709,25.25,24.18,24.98,0.1834,0.831,previous,9,0.2046,0.926,0.1693,4.19,0.6007,0.412,0.2515,0.137,0.067,0.0296,3.5,-143,112,3.5,-146,114,,,,,,,"{""dk"":{""1.5"":[-1320,null],""2.5"":[-363,null],""3.5"":[-141,null],""4.5"":[163,null],""5.5"":[358,null],""6.5"":[770,null],""7.5"":[1620,null]},""czr"":{""2.5"":[-460,null],""3.5"":[-170,null],""4.5"":[145,null],""5.5"":[300,null],""6.5"":[675,null]},""fd"":{""2.5"":[-460,null],""3.5"":[-146,null],""4.5"":[154,null],""5.5"":[360,null]}}",3.5,0.6007,-150,+150,over,dk,3.5,-143,0.0456,2026-08-19T15:31:37Z,2026-08-19T15:31:37Z,morning,9,0.1944,0.88,0.1605,3.97,0.5595,0.37,0.2169,0.1133,0.0531,0.0224,3.5,0.5595,-127,+127,over,dk,3.5,-143,0.0044,2026-08-19T15:31:37Z,2026-08-19T22:00:27Z,1,5,18,3.7,1,W,1,W,2026-08-20T04:25:32Z
2026-08-19,824076,605488,Jeffrey Springs,Athletics,Kansas City Royals,0,L,88,479,22,108.0,138,713,19.88,21.76,20.35,0.1884,0.853,confirmed,9,0.2031,0.919,0.1726,3.41,0.4478,0.2649,0.1369,0.0623,0.0252,0.0091,,,,,,,,,,,,,,,,,,,,,,,,2026-08-19T19:46:08Z,lock-only,9,0.2031,0.919,0.1726,3.41,0.4478,0.2649,0.1369,0.0623,0.0252,0.0091,,,,,,,,,,,2026-08-19T19:46:08Z,1,1,25,5.7,,,,,2026-08-20T04:25:32Z
2026-08-19,824076,607625,Seth Lugo,Kansas City Royals,Athletics,1,R,108,593,25,139.3,125,611,23.25,23.49,23.31,0.1888,0.855,confirmed,9,0.2076,0.94,0.177,4.03,0.5717,0.3817,0.2257,0.1186,0.0557,0.0236,,,,,,,,,,,,,,,,,,,,,,,,2026-08-19T21:00:30Z,lock-only,9,0.2076,0.94,0.177,4.03,0.5717,0.3817,0.2257,0.1186,0.0557,0.0236,,,,,,,,,,,2026-08-19T21:00:30Z,1,3,26,6.0,,,,,2026-08-20T04:25:32Z
2026-08-20,824474,700241,Michael McGreevy,St. Louis Cardinals,Cincinnati Reds,0,R,91,538,24,132.0,58,400,22.88,22.4,22.76,0.1695,0.767,confirmed,9,0.2417,1.093,0.1864,4.24,0.612,0.4237,0.2607,0.1429,0.0701,0.031,4.5,-101,-127,4.5,100,-128,4.5,-120,-120,,,,"{""fd"":{""2.5"":[-850,null],""3.5"":[-265,null],""4.5"":[100,null],""5.5"":[215,null],""6.5"":[450,null]},""czr"":{""2.5"":[-1000,null],""3.5"":[-280,null],""4.5"":[-113,null],""5.5"":[189,null],""6.5"":[380,null],""7.5"":[750,null]},""dk"":{""1.5"":[-3200,null],""2.5"":[-660,null],""3.5"":[-236,null],""4.5"":[100,null],""5.5"":[221,null],""6.5"":[473,null],""7.5"":[1040,null]},""mgm"":{""4.5"":[-115,null],""6.5"":[340,null],""5.5"":[175,null],""2.5"":[-650,null],""3.5"":[-250,null]}}",4.5,0.4237,+136,-136,under,mgm,4.5,-120,0.0763,2026-08-20T15:31:50Z,2026-08-20T15:31:50Z,morning,9,0.2417,1.093,0.1865,4.24,0.6122,0.4238,0.2608,0.143,0.0702,0.031,4.5,0.4238,+136,-136,under,mgm,4.5,-120,0.0762,2026-08-20T15:31:50Z,2026-08-20T16:01:51Z,1,4,20,5.3,0,W,0,W,2026-08-21T05:31:58Z
2026-08-20,824474,663903,Brady Singer,Cincinnati Reds,St. Louis Cardinals,1,R,104,557,24,125.7,163,716,25.5,23.17,24.92,0.1971,0.892,confirmed,9,0.2041,0.923,0.1816,4.5,0.6545,0.4706,0.3026,0.1743,0.0903,0.0422,4.5,103,-132,4.5,112,-142,4.5,-110,-130,,,,"{""fd"":{""2.5"":[-720,null],""3.5"":[-245,null],""4.5"":[112,null],""5.5"":[235,null],""6.5"":[480,null]},""czr"":{""2.5"":[-850,null],""3.5"":[-230,null],""4.5"":[101,null],""5.5"":[205,null],""6.5"":[425,null],""7.5"":[850,null]},""dk"":{""1.5"":[-2600,null],""2.5"":[-620,null],""3.5"":[-228,null],""4.5"":[101,null],""5.5"":[219,null],""6.5"":[488,null],""7.5"":[1040,null]},""mgm"":{""6.5"":[340,null],""4.5"":[-110,null],""3.5"":[-225,null],""5.5"":[180,null],""2.5"":[-550,null]}}",4.5,0.4706,+112,-112,over,fd,4.5,112,0.0249,2026-08-20T15:31:50Z,2026-08-20T15:31:50Z,morning,9,0.2041,0.923,0.1816,4.5,0.6544,0.4703,0.3024,0.1742,0.0902,0.0422,4.5,0.4703,+113,-113,over,fd,4.5,112,0.0247,2026-08-20T15:31:50Z,2026-08-20T16:01:51Z,1,3,26,6.0,0,L,0,L,2026-08-21T05:31:58Z
2026-08-20,824395,694738,Landen Roupp,San Francisco Giants,Cleveland Guardians,0,R,128,548,24,129.3,102,476,23.25,22.78,23.13,0.229,1.036,confirmed,9,0.1848,0.836,0.1917,4.36,0.6333,0.4467,0.2806,0.1573,0.079,0.0357,4.5,109,-139,4.5,118,-150,4.5,105,-155,,,,"{""fd"":{""2.5"":[-650,null],""3.5"":[-225,null],""4.5"":[118,null],""5.5"":[240,null],""6.5"":[480,null]},""dk"":{""1.5"":[-3000,null],""2.5"":[-630,null],""3.5"":[-226,null],""4.5"":[105,null],""5.5"":[234,null],""6.5"":[513,null],""7.5"":[1140,null]},""czr"":{""2.5"":[-750,null],""3.5"":[-218,null],""4.5"":[108,null],""5.5"":[225,null],""6.5"":[475,null],""7.5"":[1000,null]},""mgm"":{""6.5"":[425,null],""4.5"":[110,null],""3.5"":[-200,null],""5.5"":[210,null],""2.5"":[-525,null]}}",4.5,0.4467,+124,-124,over,fd,4.5,118,0.0134,2026-08-20T15:31:50Z,2026-08-20T15:31:50Z,morning,9,0.1848,0.836,0.1917,4.36,0.6335,0.4469,0.2808,0.1574,0.079,0.0357,4.5,0.4469,+124,-124,over,fd,4.5,118,0.0136,2026-08-20T15:31:50Z,2026-08-20T16:01:51Z,1,2,26,5.3,0,L,0,L,2026-08-21T05:31:58Z
2026-08-20,824395,668909,Gavin Williams,Cleveland Guardians,San Francisco Giants,1,R,190,597,25,149.0,173,704,22.88,23.72,23.09,0.2987,1.351,confirmed,9,0.2123,0.96,0.288,6.55,0.8862,0.7844,0.6476,0.4931,0.3438,0.219,7.5,-111,-114,7.5,102,-130,,,,,,,"{""fd"":{""4.5"":[-1400,null],""5.5"":[-500,null],""6.5"":[-215,null],""7.5"":[102,null],""8.5"":[190,null],""9.5"":[360,null],""10.5"":[750,null]},""dk"":{""3.5"":[-4000,null],""4.5"":[-1120,null],""5.5"":[-448,null],""6.5"":[-216,null],""7.5"":[-111,null],""8.5"":[170,null],""9.5"":[326,null],""10.5"":[610,null],""11.5"":[1140,null]},""czr"":{""9.5"":[290,null],""4.5"":[-1700,null],""5.5"":[-460,null],""6.5"":[-213,null],""7.5"":[-112,null],""8.5"":[161,null]}}",7.5,0.3438,+191,-191,under,dk,7.5,-114,0.153,2026-08-20T15:31:50Z,2026-08-20T15:31:50Z,morning,9,0.2123,0.96,0.288,6.55,0.8862,0.7844,0.6476,0.4931,0.3439,0.219,7.5,0.3439,+191,-191,under,dk,7.5,-114,0.153,2026-08-20T15:31:50Z,2026-08-20T16:01:51Z,1,11,24,5.7,1,L,1,L,2026-08-21T05:31:58Z
2026-08-20,822934,669456,Shane Bieber,Toronto Blue Jays,Tampa Bay Rays,0,R,37,217,10,48.7,37,159,21.75,21.72,21.74,0.1972,0.892,confirmed,9,0.1815,0.821,0.161,3.5,0.4667,0.2821,0.1496,0.0701,0.0293,0.011,3.5,-137,107,3.5,-122,-104,3.5,-160,110,,,,"{""fd"":{""2.5"":[-360,null],""3.5"":[-122,null],""4.5"":[186,null],""5.5"":[420,null]},""czr"":{""2.5"":[-420,null],""3.5"":[-145,null],""4.5"":[160,null],""5.5"":[340,null],""6.5"":[750,null]},""dk"":{""1.5"":[-1360,null],""2.5"":[-368,null],""3.5"":[-140,null],""4.5"":[165,null],""5.5"":[362,null],""6.5"":[800,null],""7.5"":[1640,null]},""mgm"":{""4.5"":[140,null],""5.5"":[300,null],""6.5"":[575,null],""2.5"":[-375,null],""3.5"":[-155,null]}}",3.5,0.4667,+114,-114,under,mgm,3.5,110,0.097,2026-08-20T15:31:50Z,2026-08-20T15:31:50Z,morning,9,0.1815,0.821,0.161,3.5,0.4666,0.282,0.1495,0.07,0.0292,0.011,3.5,0.4666,+114,-114,under,mgm,3.5,110,0.0971,2026-08-20T15:31:50Z,2026-08-20T16:01:51Z,1,7,25,7.0,1,L,1,L,2026-08-21T05:31:58Z
2026-08-20,822934,693855,Ian Seymour,Tampa Bay Rays,Toronto Blue Jays,1,L,115,399,10,96.3,64,242,21.75,20.1,21.34,0.2737,1.238,confirmed,9,0.1815,0.821,0.2275,4.72,0.6943,0.5166,0.3442,0.205,0.1094,0.0525,5.5,112,-143,5.5,118,-150,5.5,105,-155,,,,"{""fd"":{""2.5"":[-2500,null],""3.5"":[-530,null],""4.5"":[-210,null],""5.5"":[118,null],""6.5"":[240,null],""7.5"":[470,null]},""czr"":{""3.5"":[-590,null],""4.5"":[-205,null],""5.5"":[105,null],""6.5"":[205,null],""7.5"":[400,null],""8.5"":[800,null]},""dk"":{""2.5"":[-1620,null],""3.5"":[-478,null],""4.5"":[-195,null],""5.5"":[112,null],""6.5"":[236,null],""7.5"":[481,null],""8.5"":[1000,null]},""mgm"":{""5.5"":[-115,null],""6.5"":[165,null],""7.5"":[310,null],""3.5"":[-500,null],""4.5"":[-225,null]}}",5.5,0.3442,+191,-191,under,mgm,5.5,-155,0.101,2026-08-20T15:31:50Z,2026-08-20T15:31:50Z,morning,9,0.1815,0.821,0.2275,4.72,0.6942,0.5165,0.3441,0.2049,0.1094,0.0525,5.5,0.3441,+191,-191,under,mgm,5.5,-155,0.1011,2026-08-20T15:31:50Z,2026-08-20T16:01:51Z,1,8,22,5.0,1,L,1,L,2026-08-21T05:31:58Z
2026-08-20,824074,695611,Gage Jump,Athletics,Kansas City Royals,0,L,85,338,15,78.0,0,0,22.25,22.41,22.29,0.2402,1.086,confirmed,9,0.192,0.869,0.2093,4.55,0.6666,0.4841,0.3139,0.1818,0.0943,0.044,4.5,-145,113,4.5,-148,116,4.5,-155,105,,,,"{""fd"":{""2.5"":[-1400,null],""3.5"":[-400,null],""4.5"":[-148,null],""5.5"":[144,null],""6.5"":[300,null],""7.5"":[600,null]},""czr"":{""2.5"":[-2000,null],""3.5"":[-420,null],""4.5"":[-162,null],""5.5"":[129,null],""6.5"":[255,null],""7.5"":[500,null],""8.5"":[1000,null]},""dk"":{""2.5"":[-970,null],""3.5"":[-341,null],""4.5"":[-145,null],""5.5"":[146,null],""6.5"":[300,null],""7.5"":[630,null],""8.5"":[1280,null]},""mgm"":{""6.5"":[250,null],""2.5"":[-900,null],""4.5"":[-155,null],""3.5"":[-325,null],""5.5"":[130,null]}}",4.5,0.4841,+107,-107,under,fd,4.5,116,0.0791,2026-08-20T15:31:50Z,2026-08-20T15:31:50Z,morning,9,0.192,0.869,0.2093,4.56,0.6667,0.4842,0.3141,0.1819,0.0944,0.0441,4.5,0.4842,+107,-107,under,fd,4.5,116,0.0789,2026-08-20T15:31:50Z,2026-08-20T16:01:51Z,1,3,23,4.0,0,W,0,W,2026-08-21T05:31:58Z
2026-08-20,824074,677976,Randy Dobnak,Kansas City Royals,Athletics,1,R,25,176,6,41.7,1,19,22.5,22.26,22.44,0.1763,0.798,confirmed,9,0.2096,0.948,0.1667,3.63,0.4925,0.3053,0.1663,0.0801,0.0344,0.0133,3.5,119,-152,3.5,122,-156,3.5,105,-155,,,,"{""fd"":{""2.5"":[-265,null],""3.5"":[122,null],""4.5"":[280,null],""5.5"":[600,null]},""czr"":{""1.5"":[-1250,null],""2.5"":[-245,null],""3.5"":[111,null],""4.5"":[250,null],""5.5"":[600,null]},""dk"":{""1.5"":[-720,null],""2.5"":[-215,null],""3.5"":[122,null],""4.5"":[288,null],""5.5"":[650,null],""6.5"":[1460,null]},""mgm"":{""2.5"":[-210,null],""6.5"":[850,null],""4.5"":[230,null],""3.5"":[110,null],""5.5"":[450,null]}}",3.5,0.4925,+103,-103,over,fd,3.5,122,0.0675,2026-08-20T15:31:50Z,2026-08-20T15:31:50Z,morning,9,0.2096,0.948,0.1667,3.63,0.4925,0.3053,0.1663,0.0801,0.0344,0.0133,3.5,0.4925,+103,-103,over,fd,3.5,122,0.0675,2026-08-20T15:31:50Z,2026-08-20T16:01:51Z,1,4,20,4.0,1,W,1,W,2026-08-21T05:31:58Z
2026-08-20,824589,656550,Grant Holmes,Atlanta Braves,Chicago White Sox,0,R,97,507,23,117.7,123,492,21.62,21.17,21.51,0.2056,0.93,confirmed,9,0.2283,1.033,0.2124,4.62,0.6774,0.4966,0.3255,0.1907,0.1002,0.0473,4.5,106,-135,4.5,116,-148,4.5,-110,-135,,,,"{""dk"":{""1.5"":[-3200,null],""2.5"":[-680,null],""3.5"":[-230,null],""4.5"":[106,null],""5.5"":[244,null],""6.5"":[565,null],""7.5"":[1320,null]},""fd"":{""2.5"":[-700,null],""3.5"":[-230,null],""4.5"":[116,null],""5.5"":[240,null],""6.5"":[520,null]},""czr"":{""2.5"":[-750,null],""3.5"":[-213,null],""4.5"":[107,null],""5.5"":[230,null],""6.5"":[500,null],""7.5"":[1000,null]},""mgm"":{""5.5"":[200,null],""6.5"":[390,null],""4.5"":[-105,null],""3.5"":[-235,null],""2.5"":[-625,null]}}",4.5,0.4966,+101,-101,over,fd,4.5,116,0.0597,2026-08-20T15:31:50Z,2026-08-20T15:31:50Z,morning,9,0.2283,1.033,0.2124,4.62,0.6776,0.4968,0.3257,0.1909,0.1003,0.0474,4.5,0.4968,+101,-101,over,fd,4.5,116,0.0599,2026-08-20T15:31:50Z,2026-08-20T16:01:51Z,1,3,22,6.0,0,L,0,L,2026-08-21T05:31:58Z
2026-08-20,824589,641743,Anthony Kay,Chicago White Sox,Atlanta Braves,1,L,98,541,23,121.3,0,0,21.75,22.09,21.84,0.1919,0.868,confirmed,9,0.2183,0.988,0.1895,4.12,0.5909,0.4012,0.2414,0.129,0.0616,0.0264,4.5,112,-142,4.5,122,-156,4.5,-110,-130,,,,"{""dk"":{""1.5"":[-2700,null],""2.5"":[-572,null],""3.5"":[-209,null],""4.5"":[110,null],""5.5"":[246,null],""6.5"":[542,null],""7.5"":[1220,null]},""fd"":{""2.5"":[-650,null],""3.5"":[-225,null],""4.5"":[122,null],""5.5"":[240,null],""6.5"":[520,null]},""czr"":{""2.5"":[-800,null],""3.5"":[-213,null],""4.5"":[109,null],""5.5"":[225,null],""6.5"":[475,null],""7.5"":[1000,null]},""mgm"":{""5.5"":[195,null],""4.5"":[-105,null],""3.5"":[-220,null],""6.5"":[350,null],""2.5"":[-550,null]}}",4.5,0.4012,+149,-149,under,mgm,4.5,-130,0.0798,2026-08-20T15:31:50Z,2026-08-20T15:31:50Z,morning,9,0.2183,0.988,0.1895,4.12,0.5908,0.4012,0.2413,0.129,0.0616,0.0264,4.5,0.4012,+149,-149,under,mgm,4.5,-130,0.0798,2026-08-20T15:31:50Z,2026-08-20T16:01:51Z,1,6,24,6.0,1,L,1,L,2026-08-21T05:31:58Z
2026-08-20,823747,669923,George Kirby,Seattle Mariners,Milwaukee Brewers,0,R,114,567,23,136.7,137,524,24.0,24.41,24.1,0.2139,0.968,previous,9,0.2098,0.949,0.2029,4.82,0.7064,0.531,0.359,0.218,0.1191,0.0588,4.5,-143,112,4.5,-138,108,5.5,125,-185,,,,"{""fd"":{""2.5"":[-1400,null],""3.5"":[-370,null],""4.5"":[-138,null],""5.5"":[148,null],""6.5"":[310,null],""7.5"":[630,null]},""dk"":{""2.5"":[-850,null],""3.5"":[-317,null],""4.5"":[-144,null],""5.5"":[150,null],""6.5"":[311,null],""7.5"":[620,null],""8.5"":[1260,null]},""czr"":{""2.5"":[-1700,null],""3.5"":[-380,null],""4.5"":[-150,null],""5.5"":[136,null],""6.5"":[280,null],""7.5"":[525,null],""8.5"":[1100,null]},""mgm"":{""5.5"":[130,null],""7.5"":[475,null],""4.5"":[-155,null],""6.5"":[260,null],""3.5"":[-350,null]}}",4.5,0.531,-113,+113,under,mgm,5.5,-185,0.0474,2026-08-20T15:31:50Z,2026-08-20T15:31:50Z,morning,9,0.2347,1.062,0.2272,5.4,0.7832,0.6294,0.4604,0.3049,0.1826,0.0991,4.5,0.6294,-170,+170,over,fd,4.5,-138,0.0827,2026-08-20T15:31:50Z,2026-08-20T16:30:33Z,1,3,20,3.3,0,W,0,L,2026-08-21T05:31:58Z
2026-08-20,823747,688107,Robert Gasser,Milwaukee Brewers,Seattle Mariners,1,L,68,314,14,73.3,5,29,23.0,22.31,22.83,0.2159,0.977,previous,9,0.2066,0.934,0.2017,4.59,0.6714,0.4897,0.3194,0.1864,0.0976,0.046,5.5,113,-144,5.5,114,-146,5.5,100,-145,,,,"{""fd"":{""2.5"":[-2500,null],""3.5"":[-560,null],""4.5"":[-215,null],""5.5"":[114,null],""6.5"":[230,null],""7.5"":[480,null]},""dk"":{""2.5"":[-1600,null],""3.5"":[-478,null],""4.5"":[-194,null],""5.5"":[113,null],""6.5"":[233,null],""7.5"":[495,null],""8.5"":[1020,null]},""czr"":{""3.5"":[-500,null],""4.5"":[-190,null],""5.5"":[112,null],""6.5"":[220,null],""7.5"":[425,null],""8.5"":[850,null]},""mgm"":{""4.5"":[-185,null],""5.5"":[110,null],""3.5"":[-400,null],""6.5"":[200,null],""7.5"":[360,null]}}",5.5,0.3194,+213,-213,under,mgm,5.5,-145,0.1385,2026-08-20T15:31:50Z,2026-08-20T15:31:50Z,morning,9,0.1956,0.885,0.1909,4.34,0.6302,0.4433,0.2776,0.1551,0.0776,0.035,5.5,0.2776,+260,-260,under,mgm,5.5,-145,0.1803,2026-08-20T15:31:50Z,2026-08-20T16:01:51Z,1,4,20,3.7,0,W,0,W,2026-08-21T05:31:58Z
2026-08-20,824802,543037,Gerrit Cole,New York Yankees,Baltimore Orioles,0,R,92,353,15,86.7,0,0,24.12,23.24,23.9,0.2463,1.114,previous,9,0.2605,1.179,0.2886,6.86,0.9045,0.8142,0.6883,0.5397,0.3895,0.2577,6.5,-125,-102,6.5,-122,-104,6.5,-130,-110,,,,"{""fd"":{""3.5"":[-2500,null],""4.5"":[-720,null],""5.5"":[-290,null],""6.5"":[-122,null],""7.5"":[158,null],""8.5"":[320,null],""9.5"":[630,null]},""czr"":{""9.5"":[450,null],""4.5"":[-675,null],""5.5"":[-280,null],""6.5"":[-136,null],""7.5"":[146,null],""8.5"":[250,null]},""dk"":{""3.5"":[-1440,null],""4.5"":[-546,null],""5.5"":[-249,null],""6.5"":[-125,null],""7.5"":[153,null],""8.5"":[283,null],""9.5"":[534,null],""10.5"":[1000,null],""11.5"":[1800,null]},""mgm"":{""8.5"":[270,null],""4.5"":[-525,null],""5.5"":[-250,null],""7.5"":[150,null],""6.5"":[-125,null]}}",6.5,0.5397,-117,+117,over,fd,6.5,-122,0.0209,2026-08-20T15:31:50Z,2026-08-20T15:31:50Z,morning,9,0.2527,1.143,0.2803,6.66,0.8931,0.7947,0.6613,0.5086,0.3591,0.232,6.5,0.5086,-104,+104,under,fd,6.5,-104,0.0101,2026-08-20T20:00:38Z,2026-08-20T20:00:38Z,1,8,23,6.0,1,W,1,L,2026-08-21T05:31:58Z
2026-08-20,824802,680694,Kyle Bradish,Baltimore Orioles,New York Yankees,1,R,124,562,24,133.0,47,126,22.62,23.4,22.82,0.2362,1.068,previous,9,0.2472,1.118,0.2634,6.0,0.8443,0.7177,0.5622,0.4022,0.2617,0.1547,5.5,-143,112,5.5,-138,108,5.5,-160,110,,,,"{""fd"":{""2.5"":[-4500,null],""3.5"":[-1000,null],""4.5"":[-350,null],""5.5"":[-138,null],""6.5"":[142,null],""7.5"":[285,null],""8.5"":[600,null]},""czr"":{""9.5"":[850,null],""3.5"":[-1200,null],""4.5"":[-360,null],""5.5"":[-157,null],""6.5"":[125,null],""7.5"":[230,null],""8.5"":[425,null]},""dk"":{""2.5"":[-3200,null],""3.5"":[-820,null],""4.5"":[-324,null],""5.5"":[-146,null],""6.5"":[144,null],""7.5"":[289,null],""8.5"":[587,null],""9.5"":[1200,null]},""mgm"":{""6.5"":[115,null],""5.5"":[-160,null],""7.5"":[210,null],""4.5"":[-300,null],""8.5"":[380,null]}}",5.5,0.5622,-128,+128,over,fd,5.5,-138,0.0155,2026-08-20T15:31:50Z,2026-08-20T15:31:50Z,morning,9,0.2416,1.093,0.2577,5.86,0.8325,0.6999,0.5407,0.3807,0.2434,0.1413,5.5,0.5407,-118,+118,over,mgm,5.5,-135,0.0177,2026-08-20T20:00:38Z,2026-08-20T20:00:38Z,1,5,25,5.7,0,L,0,L,2026-08-21T05:31:58Z
2026-08-20,822861,674841,Andrew Alvarez,Washington Nationals,Texas Rangers,0,L,69,317,10,75.0,20,98,20.88,20.87,20.87,0.2168,0.981,previous,9,0.2333,1.056,0.2289,4.75,0.6988,0.522,0.3493,0.2091,0.1122,0.0541,4.5,-103,-124,4.5,100,-128,4.5,-110,-135,,,,"{""fd"":{""2.5"":[-800,null],""3.5"":[-265,null],""4.5"":[100,null],""5.5"":[200,null],""6.5"":[430,null]},""dk"":{""1.5"":[-2800,null],""2.5"":[-640,null],""3.5"":[-233,null],""4.5"":[-101,null],""5.5"":[216,null],""6.5"":[448,null],""7.5"":[920,null]},""czr"":{""2.5"":[-850,null],""3.5"":[-245,null],""4.5"":[-108,null],""5.5"":[192,null],""6.5"":[400,null],""7.5"":[850,null]},""mgm"":{""3.5"":[-235,null],""4.5"":[-105,null],""5.5"":[190,null],""6.5"":[360,null],""2.5"":[-625,null]}}",4.5,0.522,-109,+109,over,fd,4.5,100,0.0509,2026-08-20T15:31:50Z,2026-08-20T15:31:50Z,morning,9,0.2403,1.087,0.2358,4.89,0.7196,0.5476,0.3744,0.2294,0.1261,0.0624,4.5,0.5476,-121,+121,over,fd,4.5,100,0.0765,2026-08-20T15:31:50Z,2026-08-20T20:45:36Z,1,5,22,5.0,1,W,1,W,2026-08-21T05:31:58Z
2026-08-20,822861,594798,Jacob deGrom,Texas Rangers,Washington Nationals,1,R,147,498,23,120.7,185,669,20.75,21.73,21.0,0.2862,1.295,previous,9,0.1998,0.904,0.2608,5.41,0.7867,0.6354,0.4665,0.3093,0.1849,0.0998,6.5,116,-148,6.5,118,-150,6.5,100,-145,,,,"{""fd"":{""3.5"":[-1600,null],""4.5"":[-480,null],""5.5"":[-205,null],""6.5"":[118,null],""7.5"":[230,null],""8.5"":[450,null]},""dk"":{""3.5"":[-1040,null],""4.5"":[-376,null],""5.5"":[-171,null],""6.5"":[119,null],""7.5"":[238,null],""8.5"":[471,null],""9.5"":[920,null],""10.5"":[1760,null]},""czr"":{""9.5"":[700,null],""3.5"":[-1450,null],""4.5"":[-460,null],""5.5"":[-190,null],""6.5"":[109,null],""7.5"":[200,null],""8.5"":[370,null]},""mgm"":{""8.5"":[350,null],""4.5"":[-400,null],""5.5"":[-190,null],""7.5"":[195,null],""6.5"":[100,null]}}",6.5,0.3093,+223,-223,under,mgm,6.5,-145,0.1487,2026-08-20T15:31:50Z,2026-08-20T15:31:50Z,morning,9,0.2187,0.989,0.2833,5.88,0.8345,0.7044,0.5462,0.3854,0.2466,0.1429,6.5,0.3854,+159,-159,under,mgm,6.5,-145,0.0725,2026-08-20T15:31:50Z,2026-08-20T20:45:36Z,1,10,20,6.0,1,L,1,L,2026-08-21T05:31:58Z
2026-08-20,824153,680570,Grayson Rodriguez,Los Angeles Angels,Houston Astros,0,R,55,271,13,59.0,0,0,20.0,21.02,20.26,0.2106,0.953,previous,9,0.2104,0.952,0.2004,3.96,0.5619,0.3712,0.2162,0.1114,0.0511,0.021,4.5,-132,104,4.5,-113,-113,4.5,-145,100,,,,"{""fd"":{""2.5"":[-1000,null],""3.5"":[-310,null],""4.5"":[-113,null],""5.5"":[186,null],""6.5"":[400,null]},""czr"":{""2.5"":[-1200,null],""3.5"":[-320,null],""4.5"":[-134,null],""5.5"":[155,null],""6.5"":[305,null],""7.5"":[675,null]},""dk"":{""2.5"":[-900,null],""3.5"":[-306,null],""4.5"":[-133,null],""5.5"":[166,null],""6.5"":[354,null],""7.5"":[730,null],""8.5"":[1500,null]},""mgm"":{""4.5"":[-145,null],""2.5"":[-800,null],""3.5"":[-300,null],""6.5"":[270,null],""5.5"":[140,null]}}",4.5,0.3712,+169,-169,under,mgm,4.5,100,0.1708,2026-08-20T15:31:50Z,2026-08-20T15:31:50Z,morning,9,0.2076,0.939,0.1976,3.9,0.5509,0.3603,0.2075,0.1057,0.0479,0.0194,4.5,0.3603,+178,-178,under,mgm,4.5,100,0.1818,2026-08-20T15:31:50Z,2026-08-20T21:00:27Z,1,6,27,7.0,1,L,1,L,2026-08-21T05:31:58Z
2026-08-20,824153,663567,Peter Lambert,Houston Astros,Los Angeles Angels,1,R,117,494,21,118.7,0,0,23.0,23.31,23.08,0.2323,1.051,previous,9,0.2318,1.049,0.2434,5.54,0.7997,0.6527,0.486,0.328,0.2004,0.1108,5.5,-112,-114,5.5,-108,-118,5.5,-120,-120,,,,"{""fd"":{""2.5"":[-3500,null],""3.5"":[-720,null],""4.5"":[-265,null],""5.5"":[-108,null],""6.5"":[190,null],""7.5"":[400,null]},""czr"":{""9.5"":[1400,null],""3.5"":[-675,null],""4.5"":[-250,null],""5.5"":[-115,null],""6.5"":[170,null],""7.5"":[340,null],""8.5"":[625,null]},""dk"":{""2.5"":[-2300,null],""3.5"":[-640,null],""4.5"":[-248,null],""5.5"":[-112,null],""6.5"":[188,null],""7.5"":[386,null],""8.5"":[830,null],""9.5"":[1680,null]},""mgm"":{""4.5"":[-220,null],""7.5"":[300,null],""3.5"":[-500,null],""6.5"":[165,null],""5.5"":[-115,null]}}",5.5,0.486,+106,-106,under,mgm,5.5,-120,0.014,2026-08-20T15:31:50Z,2026-08-20T15:31:50Z,morning,9,0.2213,1.001,0.2326,5.29,0.7711,0.6135,0.4429,0.2888,0.17,0.0905,5.5,0.4429,+126,-126,under,mgm,5.5,-120,0.0571,2026-08-20T15:31:50Z,2026-08-20T20:45:36Z,1,3,22,3.7,0,W,0,W,2026-08-21T05:31:58Z
2026-08-21,823746,519242,Chris Sale,Atlanta Braves,Milwaukee Brewers,0,L,160,517,22,129.0,165,510,21.88,23.31,22.23,0.3054,1.381,confirmed,9,0.2043,0.924,0.2844,6.19,0.8602,0.7433,0.5942,0.4349,0.2899,0.1758,7.5,-117,-109,7.5,-115,-111,7.5,-115,-115,,,,"{""fd"":{""4.5"":[-2200,null],""5.5"":[-620,null],""6.5"":[-265,null],""7.5"":[-115,null],""8.5"":[162,null],""9.5"":[300,null],""10.5"":[600,null]},""dk"":{""4.5"":[-1240,null],""5.5"":[-494,null],""6.5"":[-230,null],""7.5"":[-116,null],""8.5"":[165,null],""9.5"":[312,null],""10.5"":[598,null],""11.5"":[1100,null]},""czr"":{""9.5"":[260,null],""4.5"":[-2000,null],""5.5"":[-530,null],""6.5"":[-235,null],""7.5"":[-129,null],""8.5"":[144,null]},""mgm"":{""5.5"":[-500,null],""8.5"":[155,null],""7.5"":[-118,null],""6.5"":[-235,null],""9.5"":[290,null]}}",7.5,0.2899,+245,-245,under,dk,7.5,-109,0.2184,2026-08-21T18:14:06Z,2026-08-21T18:14:06Z,morning,9,0.2043,0.924,0.2844,6.19,0.8603,0.7434,0.5943,0.435,0.2901,0.1759,7.5,0.2901,+245,-245,under,dk,7.5,-109,0.2182,2026-08-21T18:09:58Z,2026-08-21T18:13:06Z,1,6,25,6.0,0,W,0,W,2026-08-22T05:32:11Z
2026-08-21,823746,694819,Jacob Misiorowski,Milwaukee Brewers,Atlanta Braves,1,R,210,527,23,139.0,87,273,21.75,22.89,22.04,0.3652,1.651,confirmed,9,0.2053,0.928,0.3436,7.48,0.9311,0.8654,0.7649,0.6337,0.4871,0.3449,9.5,106,-135,9.5,110,-140,9.5,110,-150,,,,"{""fd"":{""5.5"":[-3500,null],""6.5"":[-1000,null],""7.5"":[-430,null],""8.5"":[-184,null],""9.5"":[100,null],""10.5"":[196,null],""11.5"":[370,null]},""dk"":{""5.5"":[-1720,null],""6.5"":[-700,null],""7.5"":[-329,null],""8.5"":[-174,null],""9.5"":[106,null],""10.5"":[188,null],""11.5"":[332,null],""12.5"":[610,null],""13.5"":[1080,null]},""czr"":{""9.5"":[101,null],""6.5"":[-850,null],""7.5"":[-325,null],""8.5"":[-170,null]},""mgm"":{""6.5"":[-650,null],""7.5"":[-325,null],""10.5"":[200,null],""8.5"":[-165,null],""9.5"":[110,null]}}",9.5,0.2242,+346,-346,under,dk,9.5,-135,0.2338,2026-08-21T18:14:06Z,2026-08-21T18:14:06Z,morning,9,0.2053,0.928,0.3436,7.48,0.9311,0.8654,0.7649,0.6338,0.4871,0.3449,9.5,0.2242,+346,-346,under,dk,9.5,-130,0.2427,2026-08-21T18:09:58Z,2026-08-21T18:13:06Z,1,6,23,6.0,0,W,0,W,2026-08-22T05:32:11Z
2026-08-21,823420,666200,Jesús Luzardo,Philadelphia Phillies,St. Louis Cardinals,1,L,185,621,25,150.3,216,758,25.88,24.49,25.53,0.2915,1.318,previous,9,0.2025,0.915,0.2689,6.93,0.9088,0.8195,0.6949,0.5477,0.3983,0.2662,7.5,-104,-123,7.5,114,-146,7.5,110,-150,,,,"{""fd"":{""4.5"":[-1400,null],""5.5"":[-460,null],""6.5"":[-200,null],""7.5"":[114,null],""8.5"":[200,null],""9.5"":[390,null]},""dk"":{""3.5"":[-3400,null],""4.5"":[-1020,null],""5.5"":[-423,null],""6.5"":[-204,null],""7.5"":[-104,null],""8.5"":[187,null],""9.5"":[362,null],""10.5"":[710,null],""11.5"":[1340,null]},""czr"":{""9.5"":[330,null],""4.5"":[-1250,null],""5.5"":[-400,null],""6.5"":[-182,null],""7.5"":[103,null],""8.5"":[180,null]},""mgm"":{""9.5"":[333,null],""7.5"":[105,null],""8.5"":[195,null],""5.5"":[-325,null],""6.5"":[-175,null]}}",7.5,0.3983,+151,-151,under,dk,7.5,-123,0.082,2026-08-21T18:14:06Z,2026-08-21T18:14:06Z,morning,9,0.2048,0.926,0.2718,7.0,0.9127,0.8262,0.7044,0.5589,0.4096,0.276,7.5,0.4096,+144,-144,under,dk,7.5,-123,0.0708,2026-08-21T18:14:06Z,2026-08-21T19:14:21Z,1,9,24,5.7,1,L,1,L,2026-08-22T05:32:11Z
2026-08-21,823510,689254,Mason Fluharty,Toronto Blue Jays,New York Yankees,0,L,56,213,3,51.0,56,215,5.67,13.72,7.68,0.2526,1.142,previous,9,0.2424,1.096,0.2757,2.22,0.2007,0.0874,0.0327,0.0106,0.003,0.0008,,,,,,,,,,,,,,,,,,,,,,,2026-08-21T18:14:06Z,2026-08-21T18:14:06Z,morning,9,0.2439,1.103,0.2774,2.23,0.2034,0.0891,0.0335,0.0109,0.0031,0.0008,,,,,,,,,,2026-08-21T18:14:06Z,2026-08-21T20:29:53Z,1,0,4,0.7,,,,,2026-08-22T05:32:11Z
2026-08-21,823510,693645,Cam Schlittler,New York Yankees,Toronto Blue Jays,1,R,189,602,26,152.0,84,304,23.5,23.23,23.43,0.2991,1.352,previous,9,0.1849,0.836,0.2542,5.79,0.8249,0.6888,0.5275,0.3677,0.2325,0.1334,6.5,-118,-108,6.5,-111,-115,6.5,-120,-110,,,,"{""fd"":{""3.5"":[-3000,null],""4.5"":[-700,null],""5.5"":[-280,null],""6.5"":[-111,null],""7.5"":[172,null],""8.5"":[340,null],""9.5"":[680,null]},""dk"":{""3.5"":[-1660,null],""4.5"":[-565,null],""5.5"":[-243,null],""6.5"":[-117,null],""7.5"":[167,null],""8.5"":[332,null],""9.5"":[660,null],""10.5"":[1280,null]},""czr"":{""9.5"":[500,null],""4.5"":[-675,null],""5.5"":[-260,null],""6.5"":[-121,null],""7.5"":[150,null],""8.5"":[280,null]},""mgm"":{""8.5"":[290,null],""6.5"":[-125,null],""4.5"":[-525,null],""7.5"":[150,null],""5.5"":[-250,null]}}",6.5,0.3677,+172,-172,under,dk,6.5,-108,0.1427,2026-08-21T18:14:06Z,2026-08-21T18:14:06Z,morning,9,0.193,0.873,0.2644,6.02,0.8461,0.7205,0.5657,0.4057,0.2647,0.157,6.5,0.4057,+146,-146,under,dk,6.5,-108,0.1047,2026-08-21T18:14:06Z,2026-08-21T20:29:53Z,1,4,25,6.0,0,W,0,W,2026-08-22T05:32:11Z
2026-08-21,824721,657277,Logan Webb,San Francisco Giants,Boston Red Sox,0,R,110,560,22,139.0,224,856,24.88,24.97,24.9,0.2116,0.957,previous,9,0.2069,0.935,0.1977,4.9,0.7167,0.5436,0.3716,0.2286,0.1268,0.0636,4.5,-114,-112,4.5,-115,-111,4.5,-110,-120,,,,"{""fd"":{""2.5"":[-1000,null],""3.5"":[-310,null],""4.5"":[-115,null],""5.5"":[180,null],""6.5"":[390,null]},""dk"":{""1.5"":[-3300,null],""2.5"":[-710,null],""3.5"":[-261,null],""4.5"":[-112,null],""5.5"":[188,null],""6.5"":[386,null],""7.5"":[780,null],""8.5"":[1620,null]},""czr"":{""2.5"":[-1000,null],""3.5"":[-320,null],""4.5"":[-125,null],""5.5"":[168,null],""6.5"":[350,null],""7.5"":[700,null]},""mgm"":{""5.5"":[185,null],""2.5"":[-625,null],""3.5"":[-235,null],""4.5"":[-110,null],""6.5"":[360,null]}}",4.5,0.5436,-119,+119,over,mgm,4.5,-110,0.0537,2026-08-21T18:14:06Z,2026-08-21T18:14:06Z,morning,9,0.1987,0.898,0.1899,4.7,0.6876,0.5085,0.3378,0.2014,0.1081,0.0525,4.5,0.5085,-103,+103,over,mgm,4.5,-110,0.0187,2026-08-21T18:14:06Z,2026-08-21T19:29:14Z,1,2,18,2.7,0,L,0,L,2026-08-22T05:32:11Z
2026-08-21,824721,543243,Sonny Gray,Boston Red Sox,San Francisco Giants,1,R,117,536,23,132.7,201,753,24.88,23.25,24.47,0.2289,1.035,previous,9,0.2142,0.968,0.2217,5.27,0.7675,0.6083,0.4377,0.2845,0.1671,0.0888,5.5,-110,-116,5.5,-104,-122,5.5,-115,-115,,,,"{""fd"":{""2.5"":[-3500,null],""3.5"":[-700,null],""4.5"":[-265,null],""5.5"":[-104,null],""6.5"":[196,null],""7.5"":[400,null]},""dk"":{""2.5"":[-2300,null],""3.5"":[-620,null],""4.5"":[-243,null],""5.5"":[-110,null],""6.5"":[193,null],""7.5"":[400,null],""8.5"":[800,null],""9.5"":[1580,null]},""czr"":{""9.5"":[1200,null],""3.5"":[-675,null],""4.5"":[-250,null],""5.5"":[-117,null],""6.5"":[168,null],""7.5"":[325,null],""8.5"":[625,null]},""mgm"":{""5.5"":[-115,null],""4.5"":[-235,null],""3.5"":[-525,null],""7.5"":[320,null],""6.5"":[165,null]}}",5.5,0.4377,+128,-128,under,mgm,5.5,-115,0.0623,2026-08-21T18:14:06Z,2026-08-21T18:14:06Z,morning,9,0.2142,0.968,0.2217,5.27,0.7675,0.6084,0.4377,0.2845,0.1671,0.0889,5.5,0.4377,+128,-128,under,mgm,5.5,-115,0.0623,2026-08-21T18:14:06Z,2026-08-21T19:14:21Z,1,6,27,6.0,1,L,1,L,2026-08-22T05:32:11Z
2026-08-21,823830,695418,Brad Lord,Washington Nationals,Miami Marlins,0,R,57,269,3,62.3,108,546,9.67,15.72,11.18,0.2086,0.943,previous,9,0.2157,0.975,0.2033,2.22,0.1955,0.0825,0.0298,0.0093,0.0025,0.0006,2.5,-112,-114,2.5,-104,-122,2.5,-110,-120,,,,"{""fd"":{""2.5"":[-104,null],""3.5"":[240,null],""4.5"":[600,null]},""dk"":{""0.5"":[-2100,null],""1.5"":[-336,null],""2.5"":[-112,null],""3.5"":[233,null],""4.5"":[587,null],""5.5"":[1480,null]},""czr"":{""1.5"":[-420,null],""2.5"":[-121,null],""3.5"":[215,null],""4.5"":[550,null]},""mgm"":{""4.5"":[625,null],""2.5"":[-110,null],""6.5"":[1350,null],""5.5"":[1200,null],""3.5"":[260,null]}}",2.5,0.389,+157,-157,under,dk,2.5,-114,0.1089,2026-08-21T18:14:06Z,2026-08-21T18:14:06Z,morning,9,0.2256,1.02,0.2128,2.32,0.2168,0.0951,0.0357,0.0116,0.0033,0.0008,2.5,0.4161,+140,-140,under,dk,2.5,-114,0.0818,2026-08-21T18:14:06Z,2026-08-21T19:29:14Z,1,1,10,2.7,0,W,0,W,2026-08-22T05:32:11Z
2026-08-21,823830,687473,Ryan Gusto,Miami Marlins,Washington Nationals,1,R,49,237,11,53.7,97,453,18.5,18.95,18.61,0.2111,0.954,previous,9,0.2226,1.007,0.2125,3.99,0.5683,0.3775,0.221,0.1143,0.0526,0.0216,4.5,119,-152,4.5,116,-148,3.5,-185,135,,,,"{""fd"":{""2.5"":[-650,null],""3.5"":[-235,null],""4.5"":[116,null],""5.5"":[235,null],""6.5"":[500,null]},""dk"":{""1.5"":[-1960,null],""2.5"":[-502,null],""3.5"":[-192,null],""4.5"":[119,null],""5.5"":[263,null],""6.5"":[569,null],""7.5"":[1200,null]},""czr"":{""2.5"":[-750,null],""3.5"":[-213,null],""4.5"":[106,null],""5.5"":[235,null],""6.5"":[475,null],""7.5"":[1000,null]},""mgm"":{""6.5"":[475,null],""4.5"":[120,null],""2.5"":[-450,null],""5.5"":[250,null],""3.5"":[-185,null]}}",4.5,0.3775,+165,-165,under,fd,4.5,-148,0.0593,2026-08-21T18:14:06Z,2026-08-21T18:14:06Z,morning,9,0.202,0.913,0.1926,3.61,0.4925,0.3045,0.1648,0.0785,0.0332,0.0125,4.5,0.3045,+228,-228,under,fd,4.5,-148,0.1324,2026-08-21T18:14:06Z,2026-08-21T20:44:35Z,1,2,18,4.0,0,W,0,W,2026-08-22T05:32:11Z
2026-08-21,824800,642547,Freddy Peralta,Tampa Bay Rays,Baltimore Orioles,0,R,123,573,25,128.0,204,723,21.62,22.86,21.93,0.2287,1.034,previous,9,0.2543,1.15,0.2626,5.71,0.8182,0.6796,0.5167,0.3569,0.2232,0.1264,5.5,112,-143,5.5,112,-142,5.5,120,-160,,,,"{""fd"":{""2.5"":[-2500,null],""3.5"":[-620,null],""4.5"":[-225,null],""5.5"":[112,null],""6.5"":[220,null],""7.5"":[470,null]},""dk"":{""2.5"":[-1440,null],""3.5"":[-471,null],""4.5"":[-193,null],""5.5"":[114,null],""6.5"":[245,null],""7.5"":[524,null],""8.5"":[1100,null]},""czr"":{""3.5"":[-530,null],""4.5"":[-205,null],""5.5"":[106,null],""6.5"":[200,null],""7.5"":[390,null],""8.5"":[750,null]},""mgm"":{""7.5"":[400,null],""3.5"":[-450,null],""5.5"":[105,null],""6.5"":[200,null],""4.5"":[-190,null]}}",5.5,0.5167,-107,+107,over,mgm,5.5,120,0.0919,2026-08-21T18:14:06Z,2026-08-21T18:14:06Z,morning,9,0.2574,1.164,0.2657,5.78,0.8249,0.6894,0.5282,0.368,0.2324,0.133,5.5,0.5282,-112,+112,over,mgm,5.5,120,0.1033,2026-08-21T18:14:06Z,2026-08-21T19:29:14Z,1,6,28,7.0,1,W,1,W,2026-08-22T05:32:11Z
2026-08-21,824800,669432,Trevor Rogers,Baltimore Orioles,Tampa Bay Rays,1,L,108,529,23,125.7,103,423,24.0,22.69,23.67,0.213,0.963,previous,9,0.1819,0.822,0.1748,4.15,0.595,0.4059,0.246,0.1329,0.0643,0.028,4.5,-113,-113,4.5,-111,-115,4.5,-110,-120,,,,"{""fd"":{""2.5"":[-1000,null],""3.5"":[-310,null],""4.5"":[-111,null],""5.5"":[196,null],""6.5"":[420,null]},""dk"":{""2.5"":[-750,null],""3.5"":[-263,null],""4.5"":[-112,null],""5.5"":[198,null],""6.5"":[426,null],""7.5"":[920,null]},""czr"":{""2.5"":[-1200,null],""3.5"":[-295,null],""4.5"":[-122,null],""5.5"":[173,null],""6.5"":[350,null],""7.5"":[700,null]},""mgm"":{""3.5"":[-235,null],""5.5"":[180,null],""4.5"":[-110,null],""2.5"":[-625,null],""6.5"":[340,null]}}",4.5,0.4059,+146,-146,under,dk,4.5,-113,0.0941,2026-08-21T18:14:06Z,2026-08-21T18:14:06Z,morning,9,0.1812,0.819,0.1742,4.14,0.5922,0.4029,0.2435,0.1312,0.0633,0.0275,4.5,0.4029,+148,-148,under,dk,4.5,-113,0.0971,2026-08-21T18:14:06Z,2026-08-21T20:29:53Z,1,6,27,7.0,1,L,1,L,2026-08-22T05:32:11Z
2026-08-21,824559,640455,Sean Manaea,New York Mets,Chicago White Sox,0,L,113,481,12,111.0,75,263,25.25,23.62,24.84,0.2416,1.092,previous,9,0.2287,1.034,0.2496,6.18,0.8593,0.7394,0.5889,0.4303,0.2871,0.1748,5.5,-146,114,5.5,-132,104,6.5,130,-175,,,,"{""fd"":{""2.5"":[-4500,null],""3.5"":[-1000,null],""4.5"":[-340,null],""5.5"":[-132,null],""6.5"":[148,null],""7.5"":[310,null],""8.5"":[630,null]},""dk"":{""2.5"":[-2600,null],""3.5"":[-770,null],""4.5"":[-309,null],""5.5"":[-145,null],""6.5"":[142,null],""7.5"":[286,null],""8.5"":[578,null],""9.5"":[1180,null]},""czr"":{""9.5"":[900,null],""3.5"":[-1200,null],""4.5"":[-360,null],""5.5"":[-159,null],""6.5"":[132,null],""7.5"":[235,null],""8.5"":[450,null]},""mgm"":{""6.5"":[130,null],""5.5"":[-145,null],""7.5"":[230,null],""8.5"":[425,null],""4.5"":[-295,null]}}",5.5,0.5889,-143,+143,over,fd,5.5,-132,0.0517,2026-08-21T18:14:06Z,2026-08-21T18:14:06Z,morning,9,0.2421,1.095,0.2638,6.53,0.8851,0.7805,0.642,0.4873,0.3392,0.216,5.5,0.642,-179,+179,over,fd,5.5,-132,0.1048,2026-08-21T18:14:06Z,2026-08-21T20:29:53Z,1,4,25,6.0,0,L,0,L,2026-08-22T05:32:11Z
2026-08-21,824559,680732,Sean Burke,Chicago White Sox,New York Mets,1,R,154,571,21,140.0,133,596,23.0,22.8,22.95,0.2575,1.164,previous,9,0.2217,1.002,0.258,5.87,0.8332,0.701,0.542,0.382,0.2445,0.142,6.5,107,-136,6.5,122,-156,5.5,-150,110,,,,"{""fd"":{""3.5"":[-2000,null],""4.5"":[-480,null],""5.5"":[-200,null],""6.5"":[122,null],""7.5"":[230,null],""8.5"":[450,null]},""dk"":{""3.5"":[-1200,null],""4.5"":[-451,null],""5.5"":[-193,null],""6.5"":[107,null],""7.5"":[214,null],""8.5"":[432,null],""9.5"":[860,null],""10.5"":[1640,null]},""czr"":{""9.5"":[700,null],""3.5"":[-1450,null],""4.5"":[-420,null],""5.5"":[-190,null],""6.5"":[104,null],""7.5"":[200,null],""8.5"":[370,null]},""mgm"":{""6.5"":[125,null],""7.5"":[230,null],""3.5"":[-650,null],""4.5"":[-295,null],""5.5"":[-150,null]}}",6.5,0.382,+162,-162,under,dk,6.5,-136,0.0741,2026-08-21T18:14:06Z,2026-08-21T18:14:06Z,morning,9,0.2265,1.024,0.2634,6.0,0.8442,0.7176,0.5621,0.4021,0.2616,0.1547,6.5,0.4021,+149,-149,under,dk,6.5,-136,0.0539,2026-08-21T18:14:06Z,2026-08-21T21:14:09Z,1,4,25,6.0,0,W,0,W,2026-08-22T05:32:11Z
2026-08-21,824072,675512,Troy Melton,Detroit Tigers,Kansas City Royals,0,R,73,329,14,84.3,36,180,23.0,23.2,23.05,0.2178,0.985,previous,9,0.1918,0.867,0.1888,4.3,0.6216,0.434,0.2696,0.1492,0.074,0.033,4.5,-107,-120,4.5,-102,-125,4.5,-105,-125,,,,"{""fd"":{""2.5"":[-950,null],""3.5"":[-290,null],""4.5"":[-102,null],""5.5"":[200,null],""6.5"":[430,null]},""dk"":{""1.5"":[-4000,null],""2.5"":[-730,null],""3.5"":[-250,null],""4.5"":[-107,null],""5.5"":[207,null],""6.5"":[453,null],""7.5"":[990,null]},""czr"":{""2.5"":[-1200,null],""3.5"":[-280,null],""4.5"":[-120,null],""5.5"":[180,null],""6.5"":[350,null],""7.5"":[750,null]},""mgm"":{""6.5"":[340,null],""2.5"":[-650,null],""4.5"":[-115,null],""3.5"":[-250,null],""5.5"":[180,null]}}",4.5,0.434,+130,-130,under,dk,4.5,-120,0.0526,2026-08-21T18:14:06Z,2026-08-21T18:14:06Z,morning,9,0.2068,0.935,0.2035,4.63,0.6783,0.4976,0.3268,0.1921,0.1013,0.0482,4.5,0.4976,+101,-101,over,fd,4.5,-102,0.0215,2026-08-21T18:14:06Z,2026-08-21T20:29:53Z,1,3,26,5.7,0,W,0,L,2026-08-22T05:32:11Z
2026-08-21,824072,702070,Noah Cameron,Kansas City Royals,Detroit Tigers,1,L,126,580,23,138.3,114,556,25.88,23.9,25.38,0.2152,0.973,previous,9,0.2068,0.935,0.2011,4.98,0.7286,0.5583,0.3862,0.2407,0.1354,0.0689,5.5,103,-132,5.5,106,-136,5.5,105,-140,,,,"{""fd"":{""2.5"":[-3000,null],""3.5"":[-620,null],""4.5"":[-235,null],""5.5"":[106,null],""6.5"":[215,null],""7.5"":[430,null]},""dk"":{""2.5"":[-1380,null],""3.5"":[-470,null],""4.5"":[-201,null],""5.5"":[105,null],""6.5"":[216,null],""7.5"":[440,null],""8.5"":[850,null],""9.5"":[1660,null]},""czr"":{""3.5"":[-625,null],""4.5"":[-218,null],""5.5"":[-103,null],""6.5"":[191,null],""7.5"":[375,null],""8.5"":[700,null]},""mgm"":{""5.5"":[100,null],""4.5"":[-190,null],""7.5"":[340,null],""3.5"":[-400,null],""6.5"":[190,null]}}",5.5,0.3862,+159,-159,under,dk,5.5,-132,0.0778,2026-08-21T18:14:06Z,2026-08-21T18:14:06Z,morning,9,0.217,0.981,0.2111,5.23,0.7616,0.6004,0.4295,0.2777,0.1624,0.086,5.5,0.4295,+133,-133,under,dk,5.5,-132,0.0345,2026-08-21T18:14:06Z,2026-08-21T20:59:45Z,1,2,20,5.0,0,W,0,W,2026-08-22T05:32:11Z
2026-08-21,824152,669372,J.T. Ginn,Athletics,Houston Astros,0,R,114,533,22,127.3,99,392,23.88,22.81,23.61,0.2215,1.002,previous,9,0.2086,0.943,0.2089,4.96,0.7272,0.5566,0.3843,0.2387,0.1336,0.0676,4.5,-124,-103,4.5,-122,-104,5.5,155,-210,,,,"{""fd"":{""2.5"":[-1100,null],""3.5"":[-330,null],""4.5"":[-122,null],""5.5"":[164,null],""6.5"":[350,null],""7.5"":[750,null]},""dk"":{""2.5"":[-820,null],""3.5"":[-294,null],""4.5"":[-124,null],""5.5"":[171,null],""6.5"":[358,null],""7.5"":[760,null],""8.5"":[1520,null]},""czr"":{""2.5"":[-1450,null],""3.5"":[-345,null],""4.5"":[-141,null],""5.5"":[153,null],""6.5"":[295,null],""7.5"":[600,null],""8.5"":[1200,null]},""mgm"":{""6.5"":[270,null],""3.5"":[-325,null],""5.5"":[135,null],""4.5"":[-155,null],""7.5"":[500,null]}}",4.5,0.5566,-126,+126,over,fd,4.5,-122,0.0379,2026-08-21T18:14:06Z,2026-08-21T18:14:06Z,morning,9,0.1957,0.885,0.196,4.66,0.6812,0.5011,0.3304,0.1953,0.1037,0.0497,4.5,0.5011,-100,+100,under,mgm,5.5,-210,0.0362,2026-08-21T18:14:06Z,2026-08-21T20:59:45Z,1,4,22,5.0,0,L,0,W,2026-08-22T05:32:11Z
2026-08-21,824152,669713,Hayden Wesneski,Houston Astros,Athletics,1,R,18,95,4,22.7,29,131,23.75,22.91,23.54,0.211,0.954,previous,9,0.2094,0.947,0.1996,4.74,0.6948,0.517,0.3455,0.2072,0.1117,0.0544,4.5,-129,101,4.5,-120,-104,4.5,-135,100,,,,"{""fd"":{""2.5"":[-1000,null],""3.5"":[-330,null],""4.5"":[-120,null],""5.5"":[176,null],""6.5"":[370,null]},""dk"":{""2.5"":[-880,null],""3.5"":[-301,null],""4.5"":[-125,null],""5.5"":[179,null],""6.5"":[391,null],""7.5"":[830,null],""8.5"":[1720,null]},""czr"":{""2.5"":[-2000,null],""3.5"":[-345,null],""4.5"":[-141,null],""5.5"":[150,null],""6.5"":[295,null],""7.5"":[600,null],""8.5"":[1300,null]},""mgm"":{""2.5"":[-750,null],""4.5"":[-135,null],""6.5"":[300,null],""5.5"":[150,null],""3.5"":[-275,null]}}",4.5,0.517,-107,+107,under,mgm,4.5,100,0.0176,2026-08-21T18:14:06Z,2026-08-21T18:14:06Z,morning,9,0.2055,0.929,0.1959,4.65,0.6808,0.5005,0.3299,0.1949,0.1035,0.0496,4.5,0.5005,-100,+100,under,mgm,4.5,100,0.0341,2026-08-21T18:14:06Z,2026-08-21T20:59:45Z,1,4,18,5.0,0,W,0,W,2026-08-22T05:32:11Z
2026-08-21,822857,672282,Reid Detmers,Los Angeles Angels,Texas Rangers,0,L,167,579,25,143.0,80,266,21.62,23.09,21.99,0.2828,1.279,previous,9,0.2409,1.089,0.3058,6.65,0.8922,0.7957,0.6633,0.5106,0.3602,0.232,6.5,-102,-125,6.5,100,-128,6.5,-110,-120,,,,"{""fd"":{""3.5"":[-2000,null],""4.5"":[-530,null],""5.5"":[-235,null],""6.5"":[100,null],""7.5"":[196,null],""8.5"":[390,null],""9.5"":[750,null]},""dk"":{""3.5"":[-1140,null],""4.5"":[-434,null],""5.5"":[-204,null],""6.5"":[-101,null],""7.5"":[190,null],""8.5"":[374,null],""9.5"":[720,null],""10.5"":[1340,null]},""czr"":{""9.5"":[575,null],""4.5"":[-530,null],""5.5"":[-213,null],""6.5"":[-106,null],""7.5"":[172,null],""8.5"":[320,null]},""mgm"":{""5.5"":[-220,null],""7.5"":[165,null],""8.5"":[300,null],""4.5"":[-500,null],""6.5"":[-110,null]}}",6.5,0.5106,-104,+104,over,fd,6.5,100,0.0395,2026-08-21T18:14:06Z,2026-08-21T18:14:06Z,morning,9,0.2364,1.069,0.3006,6.54,0.8852,0.7839,0.6473,0.4925,0.3429,0.2178,6.5,0.4925,+103,-103,over,fd,6.5,100,0.0214,2026-08-21T18:14:06Z,2026-08-21T20:29:53Z,1,5,24,6.0,0,L,0,L,2026-08-22T05:32:11Z
2026-08-21,822857,669022,MacKenzie Gore,Texas Rangers,Los Angeles Angels,1,L,154,597,26,139.7,185,680,23.62,22.87,23.44,0.2586,1.169,previous,9,0.2196,0.993,0.2568,5.84,0.8306,0.6971,0.5374,0.3773,0.2406,0.1392,6.5,-116,-110,6.5,-120,-106,6.5,-130,-105,,,,"{""fd"":{""3.5"":[-3000,null],""4.5"":[-770,null],""5.5"":[-295,null],""6.5"":[-120,null],""7.5"":[162,null],""8.5"":[340,null],""9.5"":[680,null]},""dk"":{""3.5"":[-1620,null],""4.5"":[-549,null],""5.5"":[-242,null],""6.5"":[-116,null],""7.5"":[173,null],""8.5"":[346,null],""9.5"":[680,null],""10.5"":[1300,null]},""czr"":{""9.5"":[475,null],""4.5"":[-800,null],""5.5"":[-275,null],""6.5"":[-130,null],""7.5"":[144,null],""8.5"":[250,null]},""mgm"":{""7.5"":[140,null],""4.5"":[-500,null],""5.5"":[-235,null],""6.5"":[-135,null],""8.5"":[240,null]}}",6.5,0.3773,+165,-165,under,mgm,6.5,-105,0.1473,2026-08-21T18:14:06Z,2026-08-21T18:14:06Z,morning,9,0.2519,1.139,0.2926,6.66,0.8928,0.7953,0.6624,0.5098,0.3598,0.2321,6.5,0.5098,-104,+104,under,mgm,6.5,-105,0.0149,2026-08-21T18:14:06Z,2026-08-21T20:59:45Z,1,7,22,6.0,1,L,1,L,2026-08-22T05:32:11Z
2026-08-21,824317,676282,Joey Cantillo,Cleveland Guardians,Colorado Rockies,0,L,139,542,26,125.7,108,401,19.88,21.05,20.17,0.2556,1.156,previous,9,0.2201,0.995,0.2544,5.03,0.7391,0.5724,0.3992,0.2498,0.1402,0.0708,5.5,-123,-103,5.5,-120,-106,5.5,-105,-125,,,,"{""fd"":{""2.5"":[-3000,null],""3.5"":[-720,null],""4.5"":[-295,null],""5.5"":[-120,null],""6.5"":[164,null],""7.5"":[330,null],""8.5"":[630,null]},""dk"":{""2.5"":[-1740,null],""3.5"":[-563,null],""4.5"":[-250,null],""5.5"":[-122,null],""6.5"":[158,null],""7.5"":[302,null],""8.5"":[585,null],""9.5"":[1120,null]},""czr"":{""9.5"":[1000,null],""3.5"":[-850,null],""4.5"":[-295,null],""5.5"":[-132,null],""6.5"":[153,null],""7.5"":[280,null],""8.5"":[550,null]},""mgm"":{""7.5"":[275,null],""6.5"":[145,null],""5.5"":[-135,null],""3.5"":[-625,null],""4.5"":[-275,null]}}",5.5,0.3992,+151,-151,under,dk,5.5,-103,0.1216,2026-08-21T18:14:06Z,2026-08-21T18:14:06Z,morning,8,0.2316,1.047,0.2671,5.28,0.7713,0.6149,0.4439,0.2886,0.1687,0.0889,5.5,0.4439,+125,-125,under,dk,5.5,-103,0.077,2026-08-21T18:14:06Z,2026-08-21T20:29:53Z,1,5,22,4.7,0,W,0,W,2026-08-22T05:32:11Z
2026-08-21,824317,685299,Tanner Gordon,Colorado Rockies,Cleveland Guardians,1,R,62,312,5,71.3,62,337,21.6,21.67,21.62,0.1984,0.897,previous,9,0.1848,0.835,0.1649,3.59,0.4846,0.298,0.161,0.0769,0.0327,0.0125,3.5,134,-171,2.5,-178,138,2.5,-165,125,,,,"{""fd"":{""2.5"":[-178,null],""3.5"":[140,null],""4.5"":[330,null],""5.5"":[750,null]},""dk"":{""1.5"":[-597,null],""2.5"":[-188,null],""3.5"":[137,null],""4.5"":[325,null],""5.5"":[750,null],""6.5"":[1700,null]},""czr"":{""1.5"":[-850,null],""2.5"":[-209,null],""3.5"":[131,null],""4.5"":[305,null],""5.5"":[700,null]},""mgm"":{""3.5"":[140,null],""5.5"":[625,null],""4.5"":[310,null],""6.5"":[1100,null],""2.5"":[-165,null]}}",2.5,0.6895,-222,+222,over,mgm,2.5,-165,0.106,2026-08-21T18:14:06Z,2026-08-21T18:14:06Z,morning,9,0.1862,0.842,0.1662,3.62,0.4904,0.3033,0.1648,0.0792,0.0339,0.0131,3.5,0.4904,+104,-104,over,fd,2.5,-180,0.0876,2026-08-21T21:29:24Z,2026-08-21T21:29:24Z,1,2,26,5.3,0,L,0,L,2026-08-22T05:32:11Z
2026-08-21,825045,666157,Nick Lodolo,Cincinnati Reds,Arizona Diamondbacks,0,L,57,316,14,71.7,156,642,21.38,22.43,21.64,0.2026,0.916,previous,9,0.1962,0.887,0.1793,3.9,0.5482,0.358,0.2064,0.1055,0.0481,0.0197,3.5,-134,105,3.5,-125,-102,3.5,-140,105,,,,"{""fd"":{""2.5"":[-370,null],""3.5"":[-125,null],""4.5"":[180,null],""5.5"":[400,null]},""dk"":{""1.5"":[-1300,null],""2.5"":[-352,null],""3.5"":[-135,null],""4.5"":[175,null],""5.5"":[399,null],""6.5"":[880,null],""7.5"":[1800,null]},""czr"":{""2.5"":[-420,null],""3.5"":[-148,null],""4.5"":[156,null],""5.5"":[330,null],""6.5"":[700,null]},""mgm"":{""3.5"":[-160,null],""6.5"":[575,null],""4.5"":[140,null],""2.5"":[-400,null],""5.5"":[290,null]}}",3.5,0.5482,-121,+121,over,fd,3.5,-125,0.0243,2026-08-21T18:14:06Z,2026-08-21T18:14:06Z,morning,9,0.1962,0.887,0.1792,3.9,0.548,0.3579,0.2063,0.1054,0.0481,0.0197,3.5,0.548,-121,+121,over,fd,3.5,-125,0.0242,2026-08-21T18:14:06Z,2026-08-21T20:29:53Z,1,2,22,3.3,0,L,0,L,2026-08-22T05:32:11Z
2026-08-21,825045,593958,Eduardo Rodriguez,Arizona Diamondbacks,Cincinnati Reds,1,L,106,613,25,149.3,143,694,24.88,24.38,24.75,0.1819,0.822,previous,9,0.2422,1.095,0.2001,4.96,0.7253,0.5542,0.3821,0.2373,0.1329,0.0674,5.5,110,-140,5.5,116,-148,5.5,110,-150,,,,"{""fd"":{""2.5"":[-2500,null],""3.5"":[-590,null],""4.5"":[-215,null],""5.5"":[116,null],""6.5"":[235,null],""7.5"":[500,null]},""dk"":{""2.5"":[-1600,null],""3.5"":[-479,null],""4.5"":[-196,null],""5.5"":[113,null],""6.5"":[241,null],""7.5"":[508,null],""8.5"":[1080,null]},""czr"":{""3.5"":[-590,null],""4.5"":[-209,null],""5.5"":[101,null],""6.5"":[205,null],""7.5"":[400,null],""8.5"":[750,null]},""mgm"":{""6.5"":[190,null],""5.5"":[100,null],""3.5"":[-400,null],""7.5"":[340,null],""4.5"":[-200,null]}}",5.5,0.3821,+162,-162,under,dk,5.5,-140,0.0673,2026-08-21T18:14:06Z,2026-08-21T18:14:06Z,morning,9,0.2467,1.115,0.2041,5.05,0.7388,0.5711,0.3991,0.2516,0.1431,0.0737,5.5,0.3991,+151,-151,under,dk,5.5,-140,0.0503,2026-08-21T18:14:06Z,2026-08-21T21:44:07Z,1,4,22,5.7,0,W,0,W,2026-08-22T05:32:11Z
2026-08-21,823262,687570,Connor Prielipp,Minnesota Twins,San Diego Padres,0,L,94,382,17,87.7,0,0,23.88,22.37,23.5,0.2375,1.074,previous,9,0.2026,0.916,0.2179,5.18,0.756,0.5933,0.4218,0.2706,0.1567,0.0821,5.5,112,-144,5.5,126,-162,5.5,120,-160,,,,"{""fd"":{""2.5"":[-1800,null],""3.5"":[-500,null],""4.5"":[-196,null],""5.5"":[126,null],""6.5"":[240,null],""7.5"":[520,null]},""dk"":{""2.5"":[-1340,null],""3.5"":[-460,null],""4.5"":[-189,null],""5.5"":[116,null],""6.5"":[239,null],""7.5"":[486,null],""8.5"":[960,null],""9.5"":[1800,null]},""czr"":{""3.5"":[-530,null],""4.5"":[-190,null],""5.5"":[108,null],""6.5"":[220,null],""7.5"":[450,null],""8.5"":[850,null]},""mgm"":{""5.5"":[105,null],""7.5"":[360,null],""6.5"":[200,null],""4.5"":[-190,null],""3.5"":[-400,null]}}",5.5,0.4218,+137,-137,under,dk,5.5,-144,0.0224,2026-08-21T18:14:06Z,2026-08-21T18:14:06Z,morning,9,0.2068,0.935,0.2223,5.28,0.7693,0.6108,0.4402,0.2868,0.1688,0.09,5.5,0.4402,+127,-127,over,fd,5.5,126,0.0231,2026-08-21T18:14:06Z,2026-08-21T21:14:09Z,1,7,26,6.0,1,L,1,W,2026-08-22T05:32:11Z
2026-08-21,823101,571510,Matthew Boyd,Chicago Cubs,Seattle Mariners,0,L,68,354,15,85.0,154,718,26.12,23.67,25.51,0.2007,0.907,previous,9,0.1981,0.895,0.1792,4.62,0.6735,0.4922,0.3228,0.1901,0.1009,0.0484,4.5,-136,106,4.5,-136,106,4.5,-135,100,,,,"{""fd"":{""2.5"":[-1200,null],""3.5"":[-360,null],""4.5"":[-136,null],""5.5"":[150,null],""6.5"":[320,null],""7.5"":[680,null]},""dk"":{""2.5"":[-900,null],""3.5"":[-317,null],""4.5"":[-137,null],""5.5"":[159,null],""6.5"":[337,null],""7.5"":[700,null],""8.5"":[1440,null]},""czr"":{""2.5"":[-1700,null],""3.5"":[-390,null],""4.5"":[-152,null],""5.5"":[139,null],""6.5"":[265,null],""7.5"":[525,null],""8.5"":[1100,null]},""mgm"":{""5.5"":[150,null],""2.5"":[-750,null],""4.5"":[-135,null],""6.5"":[300,null],""3.5"":[-295,null]}}",4.5,0.4922,+103,-103,under,fd,4.5,106,0.0506,2026-08-21T18:14:06Z,2026-08-21T18:14:06Z,morning,9,0.2079,0.94,0.1883,4.85,0.7096,0.5348,0.3634,0.2223,0.1227,0.0614,4.5,0.5348,-115,+115,under,fd,4.5,106,0.0079,2026-08-21T18:14:06Z,2026-08-21T21:44:07Z,1,3,27,6.0,0,W,0,W,2026-08-22T05:32:11Z
2026-08-21,823101,676106,Emerson Hancock,Seattle Mariners,Chicago Cubs,1,R,119,516,23,128.0,64,385,22.62,22.49,22.59,0.2179,0.985,previous,9,0.2021,0.914,0.199,4.53,0.6615,0.4782,0.3089,0.1784,0.0924,0.0431,4.5,-161,126,4.5,-160,124,5.5,125,-185,,,,"{""fd"":{""2.5"":[-1600,null],""3.5"":[-440,null],""4.5"":[-160,null],""5.5"":[132,null],""6.5"":[285,null],""7.5"":[600,null]},""dk"":{""2.5"":[-1140,null],""3.5"":[-380,null],""4.5"":[-159,null],""5.5"":[138,null],""6.5"":[290,null],""7.5"":[620,null],""8.5"":[1280,null]},""czr"":{""2.5"":[-2000,null],""3.5"":[-440,null],""4.5"":[-176,null],""5.5"":[118,null],""6.5"":[245,null],""7.5"":[450,null],""8.5"":[950,null]},""mgm"":{""7.5"":[390,null],""4.5"":[-175,null],""5.5"":[115,null],""3.5"":[-400,null],""6.5"":[200,null]}}",4.5,0.4782,+109,-109,under,dk,4.5,126,0.1041,2026-08-21T18:14:06Z,2026-08-21T18:14:06Z,morning,9,0.2106,0.952,0.2074,4.72,0.6922,0.514,0.3423,0.2042,0.1094,0.0529,4.5,0.514,-106,+106,under,dk,4.5,126,0.0684,2026-08-21T18:14:06Z,2026-08-21T23:01:05Z,1,6,27,5.7,1,L,1,L,2026-08-22T05:32:11Z
2026-08-21,823420,690928,Hunter Dobbins,St. Louis Cardinals,Philadelphia Phillies,0,R,49,212,7,50.0,45,256,22.0,21.93,21.98,0.2139,0.967,confirmed,9,0.186,0.841,0.1796,3.91,0.5497,0.3595,0.2075,0.1062,0.0485,0.0199,,,,,,,,,,,,,,,,,,,,,,,,2026-08-21T19:14:21Z,lock-only,9,0.186,0.841,0.1796,3.91,0.5497,0.3595,0.2075,0.1062,0.0485,0.0199,,,,,,,,,,,2026-08-21T19:14:21Z,1,3,19,4.0,,,,,2026-08-22T05:32:11Z
2026-08-21,823262,681190,Randy Vásquez,San Diego Padres,Minnesota Twins,1,R,71,474,19,111.0,78,570,18.5,20.92,19.11,0.1524,0.689,confirmed,9,0.2047,0.925,0.1402,2.63,0.2775,0.1343,0.0562,0.0206,0.0067,0.0019,,,,,,,,,,,,,,,,,,,,,,,,2026-08-21T21:44:07Z,lock-only,9,0.2047,0.925,0.1402,2.63,0.2775,0.1343,0.0562,0.0206,0.0067,0.0019,,,,,,,,,,,2026-08-21T21:44:07Z,1,3,24,7.0,,,,,2026-08-22T05:32:11Z
2026-08-22,823509,656302,Dylan Cease,Toronto Blue Jays,New York Yankees,0,R,201,553,23,137.7,215,722,23.0,23.09,23.02,0.3416,1.544,previous,9,0.2474,1.118,0.3752,8.54,0.9606,0.9219,0.8571,0.7613,0.6379,0.4994,8.5,-139,109,8.5,-130,102,,,,,,,"{""fd"":{""5.5"":[-1800,null],""6.5"":[-620,null],""7.5"":[-290,null],""8.5"":[-130,null],""9.5"":[142,null],""10.5"":[265,null],""11.5"":[520,null]},""dk"":{""4.5"":[-2400,null],""5.5"":[-970,null],""6.5"":[-461,null],""7.5"":[-244,null],""8.5"":[-140,null],""9.5"":[122,null],""10.5"":[205,null],""11.5"":[336,null],""12.5"":[562,null],""13.5"":[920,null],""14.5"":[1520,null]},""czr"":{""9.5"":[125,null],""5.5"":[-2000,null],""6.5"":[-530,null],""7.5"":[-275,null],""8.5"":[-141,null]}}",8.5,0.4994,+100,-100,under,dk,8.5,109,0.0493,2026-08-22T05:52:44Z,2026-08-22T05:52:44Z,morning,,,,,,,,,,,,,,,,,,,,,,,1,8,26,6.7,0,W,,,2026-08-24T00:48:22Z
2026-08-22,823509,677960,Ryan Weathers,New York Yankees,Toronto Blue Jays,1,L,140,551,24,134.0,37,166,23.0,22.97,22.99,0.2455,1.11,previous,9,0.1936,0.875,0.2158,4.91,0.7204,0.5482,0.3756,0.2311,0.1279,0.0639,5.5,-110,-116,5.5,100,-128,,,,,,,"{""fd"":{""2.5"":[-3000,null],""3.5"":[-650,null],""4.5"":[-250,null],""5.5"":[100,null],""6.5"":[200,null],""7.5"":[420,null]},""dk"":{""2.5"":[-1960,null],""3.5"":[-577,null],""4.5"":[-238,null],""5.5"":[-110,null],""6.5"":[193,null],""7.5"":[406,null],""8.5"":[820,null],""9.5"":[1620,null]},""czr"":{""9.5"":[1400,null],""3.5"":[-590,null],""4.5"":[-240,null],""5.5"":[-110,null],""6.5"":[179,null],""7.5"":[340,null],""8.5"":[675,null]}}",5.5,0.3756,+166,-166,under,dk,5.5,-116,0.1182,2026-08-22T05:52:44Z,2026-08-22T05:52:44Z,morning,,,,,,,,,,,,,,,,,,,,,,,1,3,17,3.3,0,W,,,2026-08-24T00:48:22Z
2026-08-22,823743,527048,Martín Pérez,Atlanta Braves,Milwaukee Brewers,0,L,83,455,20,111.3,44,228,20.0,21.06,20.27,0.1897,0.857,previous,9,0.2052,0.928,0.1754,3.47,0.4604,0.2759,0.1446,0.0668,0.0274,0.01,3.5,-113,-113,3.5,-118,-108,,,,,,,"{""fd"":{""2.5"":[-340,null],""3.5"":[-118,null],""4.5"":[186,null],""5.5"":[420,null]},""dk"":{""1.5"":[-1040,null],""2.5"":[-297,null],""3.5"":[-113,null],""4.5"":[206,null],""5.5"":[463,null],""6.5"":[1060,null]},""czr"":{""2.5"":[-335,null],""3.5"":[-121,null],""4.5"":[183,null],""5.5"":[400,null],""6.5"":[900,null]}}",3.5,0.4604,+117,-117,under,fd,3.5,-108,0.05,2026-08-22T05:52:44Z,2026-08-22T05:52:44Z,morning,,,,,,,,,,,,,,,,,,,,,,,1,2,20,4.0,0,W,,,2026-08-24T00:48:22Z
2026-08-22,823743,701656,Logan Henderson,Milwaukee Brewers,Atlanta Braves,1,R,75,240,12,63.3,33,99,21.12,20.36,20.93,0.2879,1.301,previous,9,0.2051,0.927,0.2685,5.57,0.8044,0.6603,0.4944,0.3352,0.2053,0.1136,6.5,-112,-114,6.5,-111,-115,,,,,,,"{""fd"":{""3.5"":[-2500,null],""4.5"":[-670,null],""5.5"":[-280,null],""6.5"":[-111,null],""7.5"":[172,null],""8.5"":[350,null],""9.5"":[750,null]},""dk"":{""3.5"":[-1580,null],""4.5"":[-537,null],""5.5"":[-234,null],""6.5"":[-112,null],""7.5"":[183,null],""8.5"":[363,null],""9.5"":[710,null],""10.5"":[1360,null]},""czr"":{""9.5"":[550,null],""4.5"":[-590,null],""5.5"":[-235,null],""6.5"":[-115,null],""7.5"":[162,null],""8.5"":[295,null]}}",6.5,0.3352,+198,-198,under,dk,6.5,-114,0.1627,2026-08-22T05:52:44Z,2026-08-22T05:52:44Z,morning,,,,,,,,,,,,,,,,,,,,,,,1,4,24,6.0,0,W,,,2026-08-24T00:48:22Z
2026-08-22,823831,663623,Jake Irvin,Washington Nationals,Miami Marlins,0,R,72,313,15,71.3,124,787,19.88,21.08,20.18,0.2068,0.935,previous,9,0.2254,1.019,0.2108,4.16,0.6008,0.4113,0.2491,0.1338,0.0641,0.0275,4.5,-110,-116,4.5,-104,-122,,,,,,,"{""fd"":{""2.5"":[-800,null],""3.5"":[-280,null],""4.5"":[-104,null],""5.5"":[210,null],""6.5"":[450,null]},""czr"":{""2.5"":[-1000,null],""3.5"":[-280,null],""4.5"":[-117,null],""5.5"":[182,null],""6.5"":[370,null],""7.5"":[750,null]}}",4.5,0.4113,+143,-143,under,dk,4.5,-116,0.0825,2026-08-22T05:52:44Z,2026-08-22T05:52:44Z,morning,,,,,,,,,,,,,,,,,,,,,,,1,4,26,6.0,0,W,,,2026-08-24T00:48:22Z
2026-08-22,823831,691587,Eury Pérez,Miami Marlins,Washington Nationals,1,R,133,494,22,122.7,105,385,24.0,22.18,23.55,0.2652,1.199,previous,9,0.2011,0.909,0.2423,5.76,0.8218,0.6837,0.5216,0.3623,0.2285,0.1308,6.5,103,-132,6.5,108,-136,,,,,,,"{""fd"":{""3.5"":[-2000,null],""4.5"":[-530,null],""5.5"":[-225,null],""6.5"":[108,null],""7.5"":[210,null],""8.5"":[420,null]},""czr"":{""9.5"":[625,null],""4.5"":[-480,null],""5.5"":[-205,null],""6.5"":[-103,null],""7.5"":[183,null],""8.5"":[330,null]}}",6.5,0.3623,+176,-176,under,dk,6.5,-132,0.1018,2026-08-22T05:52:44Z,2026-08-22T05:52:44Z,morning,,,,,,,,,,,,,,,,,,,,,,,1,4,21,5.0,0,W,,,2026-08-24T00:48:22Z
2026-08-22,823422,691725,Andrew Painter,Philadelphia Phillies,St. Louis Cardinals,1,R,71,383,16,85.3,0,0,20.62,21.35,20.81,0.1977,0.894,previous,9,0.2066,0.934,0.1842,3.82,0.534,0.344,0.1951,0.0979,0.0438,0.0175,3.5,-135,105,,,,,,,,,,"{""dk"":{""1.5"":[-1300,null],""2.5"":[-353,null],""3.5"":[-137,null],""4.5"":[168,null],""5.5"":[385,null],""6.5"":[820,null],""7.5"":[1700,null]},""czr"":{""2.5"":[-440,null],""3.5"":[-150,null],""4.5"":[153,null],""5.5"":[330,null],""6.5"":[700,null]}}",3.5,0.534,-115,+115,under,dk,3.5,105,0.0068,2026-08-22T05:52:44Z,2026-08-22T05:52:44Z,morning,,,,,,,,,,,,,,,,,,,,,,,1,8,27,7.0,1,L,,,2026-08-24T00:48:22Z
2026-08-22,824798,663556,Shane McClanahan,Tampa Bay Rays,Baltimore Orioles,0,L,94,423,21,102.3,0,0,20.25,20.7,20.36,0.2219,1.003,previous,9,0.257,1.162,0.2577,5.09,0.7478,0.5838,0.4109,0.2597,0.1474,0.0753,4.5,-121,-106,4.5,-102,-125,,,,,,,"{""fd"":{""2.5"":[-770,null],""3.5"":[-265,null],""4.5"":[-102,null],""5.5"":[200,null],""6.5"":[430,null]},""dk"":{""1.5"":[-3000,null],""2.5"":[-690,null],""3.5"":[-267,null],""4.5"":[-120,null],""5.5"":[173,null],""6.5"":[360,null],""7.5"":[730,null],""8.5"":[1440,null]},""czr"":{""2.5"":[-950,null],""3.5"":[-290,null],""4.5"":[-118,null],""5.5"":[176,null],""6.5"":[360,null],""7.5"":[750,null]}}",4.5,0.5838,-140,+140,over,fd,4.5,-102,0.1076,2026-08-22T05:52:44Z,2026-08-22T05:52:44Z,morning,,,,,,,,,,,,,,,,,,,,,,,1,5,20,5.0,1,W,,,2026-08-24T00:48:22Z
2026-08-22,824798,687064,Brandon Young,Baltimore Orioles,Tampa Bay Rays,1,R,96,507,21,117.7,47,256,25.0,24.01,24.75,0.1924,0.87,previous,9,0.1837,0.83,0.1588,3.93,0.5517,0.3623,0.2109,0.1093,0.0508,0.0213,3.5,-144,113,3.5,-138,108,,,,,,,"{""fd"":{""2.5"":[-430,null],""3.5"":[-138,null],""4.5"":[162,null],""5.5"":[360,null]},""dk"":{""1.5"":[-1460,null],""2.5"":[-380,null],""3.5"":[-145,null],""4.5"":[164,null],""5.5"":[375,null],""6.5"":[820,null],""7.5"":[1700,null]},""czr"":{""2.5"":[-440,null],""3.5"":[-154,null],""4.5"":[150,null],""5.5"":[320,null],""6.5"":[700,null]}}",3.5,0.5517,-123,+123,under,dk,3.5,113,0.0052,2026-08-22T05:52:44Z,2026-08-22T05:52:44Z,morning,,,,,,,,,,,,,,,,,,,,,,,1,3,22,5.7,0,W,,,2026-08-24T00:48:22Z
2026-08-22,822858,696270,Ryan Johnson,Los Angeles Angels,Texas Rangers,0,R,47,271,12,60.3,16,72,20.0,20.67,20.17,0.1938,0.876,previous,9,0.2356,1.065,0.2069,4.09,0.5864,0.3962,0.2366,0.1251,0.059,0.0249,,,,3.5,-156,122,,,,,,,"{""fd"":{""2.5"":[-440,null],""3.5"":[-156,null],""4.5"":[140,null],""5.5"":[320,null],""6.5"":[700,null]}}",3.5,0.5864,-142,+142,over,fd,3.5,-156,0.0114,2026-08-22T05:52:44Z,2026-08-22T05:52:44Z,morning,,,,,,,,,,,,,,,,,,,,,,,1,3,24,7.0,0,L,,,2026-08-24T00:48:22Z
2026-08-22,822858,674003,Cody Bradford,Texas Rangers,Los Angeles Angels,1,L,10,65,3,15.3,0,0,21.67,21.72,21.68,0.2047,0.925,previous,9,0.2529,1.143,0.2348,5.11,0.7484,0.5838,0.4114,0.2609,0.1489,0.0767,4.5,-135,106,4.5,-125,-102,,,,,,,"{""fd"":{""2.5"":[-1000,null],""3.5"":[-330,null],""4.5"":[-125,null],""5.5"":[172,null],""6.5"":[370,null]},""czr"":{""2.5"":[-1450,null],""3.5"":[-345,null],""4.5"":[-139,null],""5.5"":[150,null],""6.5"":[300,null],""7.5"":[600,null],""8.5"":[1300,null]},""dk"":{""2.5"":[-920,null],""3.5"":[-319,null],""4.5"":[-136,null],""5.5"":[163,null],""6.5"":[339,null],""7.5"":[710,null],""8.5"":[1400,null]}}",4.5,0.5838,-140,+140,over,fd,4.5,-125,0.06,2026-08-22T05:52:44Z,2026-08-22T05:52:44Z,morning,,,,,,,,,,,,,,,,,,,,,,,1,3,22,5.3,0,L,,,2026-08-24T00:48:22Z
2026-08-22,824151,682052,Jacob Lopez,Athletics,Houston Astros,0,L,81,396,17,88.0,113,399,19.0,21.02,19.5,0.224,1.013,previous,9,0.1956,0.884,0.1981,3.91,0.553,0.3624,0.2092,0.1068,0.0485,0.0197,4.5,-130,102,4.5,-130,112,,,,,,,"{""fd"":{""2.5"":[-1100,null],""3.5"":[-350,null],""4.5"":[-130,null],""5.5"":[162,null],""6.5"":[330,null],""7.5"":[680,null]},""dk"":{""2.5"":[-850,null],""3.5"":[-303,null],""4.5"":[-131,null],""5.5"":[163,null],""6.5"":[346,null],""7.5"":[730,null],""8.5"":[1500,null]},""czr"":{""2.5"":[-2000,null],""3.5"":[-360,null],""4.5"":[-143,null],""5.5"":[150,null],""6.5"":[290,null],""7.5"":[575,null],""8.5"":[1200,null]}}",4.5,0.3624,+176,-176,under,fd,4.5,112,0.1827,2026-08-22T05:52:44Z,2026-08-22T05:52:44Z,morning,,,,,,,,,,,,,,,,,,,,,,,1,9,23,6.0,1,L,,,2026-08-24T00:48:22Z
2026-08-22,824151,686613,Hunter Brown,Houston Astros,Athletics,1,R,72,291,13,68.7,206,729,23.12,22.38,22.94,0.2564,1.159,previous,9,0.2064,0.933,0.2399,5.46,0.7908,0.6403,0.4721,0.3152,0.1903,0.104,6.5,116,-148,6.5,124,-146,,,,,,,"{""fd"":{""3.5"":[-1200,null],""4.5"":[-430,null],""5.5"":[-184,null],""6.5"":[124,null],""7.5"":[240,null],""8.5"":[480,null]},""dk"":{""3.5"":[-1100,null],""4.5"":[-399,null],""5.5"":[-176,null],""6.5"":[116,null],""7.5"":[232,null],""8.5"":[463,null],""9.5"":[940,null]},""czr"":{""9.5"":[750,null],""3.5"":[-1450,null],""4.5"":[-400,null],""5.5"":[-173,null],""6.5"":[115,null],""7.5"":[215,null],""8.5"":[400,null]}}",6.5,0.3152,+217,-217,under,dk,6.5,-148,0.1217,2026-08-22T05:52:44Z,2026-08-22T05:52:44Z,morning,,,,,,,,,,,,,,,,,,,,,,,1,4,24,5.7,0,W,,,2026-08-24T00:48:22Z
2026-08-22,824560,681035,Christian Scott,New York Mets,Chicago White Sox,0,R,105,367,18,84.7,0,0,21.38,20.59,21.18,0.2632,1.19,previous,9,0.2418,1.093,0.2862,5.94,0.8399,0.7127,0.5562,0.3955,0.2551,0.1492,6.5,121,-154,6.5,122,-156,,,,,,,"{""dk"":{""2.5"":[-3900,null],""3.5"":[-980,null],""4.5"":[-374,null],""5.5"":[-169,null],""6.5"":[121,null],""7.5"":[241,null],""8.5"":[483,null],""9.5"":[950,null],""10.5"":[1800,null]},""czr"":{""9.5"":[750,null],""3.5"":[-2000,null],""4.5"":[-400,null],""5.5"":[-179,null],""6.5"":[115,null],""7.5"":[205,null],""8.5"":[400,null]},""fd"":{""3.5"":[-1400,null],""4.5"":[-460,null],""5.5"":[-194,null],""6.5"":[122,null],""7.5"":[230,null],""8.5"":[450,null]}}",6.5,0.3955,+153,-153,under,dk,6.5,-154,0.0319,2026-08-22T05:52:44Z,2026-08-22T05:52:44Z,morning,,,,,,,,,,,,,,,,,,,,,,,1,6,23,4.7,0,W,,,2026-08-24T00:48:22Z
2026-08-22,824560,622491,Luis Castillo,Chicago White Sox,New York Mets,1,R,102,508,20,115.3,162,745,24.25,22.78,23.88,0.2057,0.93,previous,9,0.2265,1.024,0.2108,5.01,0.7333,0.5643,0.392,0.2451,0.1382,0.0704,4.5,-148,116,4.5,-136,108,,,,,,,"{""dk"":{""2.5"":[-1100,null],""3.5"":[-349,null],""4.5"":[-149,null],""5.5"":[145,null],""6.5"":[314,null],""7.5"":[640,null],""8.5"":[1340,null]},""czr"":{""2.5"":[-1700,null],""3.5"":[-380,null],""4.5"":[-159,null],""5.5"":[132,null],""6.5"":[260,null],""7.5"":[550,null],""8.5"":[1200,null]},""fd"":{""2.5"":[-1200,null],""3.5"":[-360,null],""4.5"":[-136,null],""5.5"":[148,null],""6.5"":[310,null],""7.5"":[630,null]}}",4.5,0.5643,-130,+130,over,fd,4.5,-136,0.0191,2026-08-22T05:52:44Z,2026-08-22T05:52:44Z,morning,,,,,,,,,,,,,,,,,,,,,,,1,3,17,2.7,0,L,,,2026-08-24T00:48:22Z
2026-08-22,824073,623454,Drew Anderson,Detroit Tigers,Kansas City Royals,0,R,87,327,5,76.3,0,0,16.2,18.29,16.72,0.249,1.126,previous,9,0.2058,0.93,0.2322,3.9,0.5526,0.3616,0.2077,0.1052,0.0472,0.0189,4.5,119,-151,4.5,126,-162,,,,,,,"{""fd"":{""2.5"":[-530,null],""3.5"":[-205,null],""4.5"":[126,null],""5.5"":[255,null],""6.5"":[560,null]},""dk"":{""1.5"":[-2300,null],""2.5"":[-516,null],""3.5"":[-193,null],""4.5"":[120,null],""5.5"":[266,null],""6.5"":[578,null],""7.5"":[1220,null]},""czr"":{""2.5"":[-625,null],""3.5"":[-197,null],""4.5"":[118,null],""5.5"":[250,null],""6.5"":[525,null],""7.5"":[1100,null]}}",4.5,0.3616,+177,-177,under,dk,4.5,-151,0.0699,2026-08-22T05:52:44Z,2026-08-22T05:52:44Z,morning,,,,,,,,,,,,,,,,,,,,,,,1,4,21,5.0,0,W,,,2026-08-24T00:48:22Z
2026-08-22,824073,608379,Michael Wacha,Kansas City Royals,Detroit Tigers,1,R,120,632,25,155.7,126,716,25.38,25.28,25.35,0.1889,0.854,previous,9,0.2158,0.976,0.1841,4.56,0.6647,0.4821,0.3132,0.1823,0.0955,0.0452,4.5,122,-156,4.5,122,-156,,,,,,,"{""fd"":{""2.5"":[-720,null],""3.5"":[-230,null],""4.5"":[122,null],""5.5"":[250,null],""6.5"":[520,null]},""dk"":{""1.5"":[-2100,null],""2.5"":[-518,null],""3.5"":[-190,null],""4.5"":[122,null],""5.5"":[265,null],""6.5"":[566,null],""7.5"":[1200,null]},""czr"":{""2.5"":[-675,null],""3.5"":[-205,null],""4.5"":[113,null],""5.5"":[245,null],""6.5"":[500,null],""7.5"":[1100,null]}}",4.5,0.4821,+107,-107,over,fd,4.5,122,0.0571,2026-08-22T05:52:44Z,2026-08-22T05:52:44Z,morning,,,,,,,,,,,,,,,,,,,,,,,1,6,26,7.0,1,W,,,2026-08-24T00:48:22Z
2026-08-22,823910,683003,Jared Jones,Pittsburgh Pirates,Los Angeles Dodgers,0,R,72,269,14,64.0,0,0,19.88,19.67,19.82,0.2479,1.12,previous,9,0.2065,0.933,0.2319,4.58,0.673,0.4915,0.3202,0.1859,0.0965,0.0449,,,,4.5,-128,100,,,,,,,"{""fd"":{""2.5"":[-1100,null],""3.5"":[-340,null],""4.5"":[-128,null],""5.5"":[162,null],""6.5"":[340,null],""7.5"":[680,null]},""czr"":{""2.5"":[-1450,null],""3.5"":[-345,null],""4.5"":[-141,null],""5.5"":[150,null],""6.5"":[300,null],""7.5"":[600,null],""8.5"":[1300,null]}}",4.5,0.4915,+103,-103,under,fd,4.5,100,0.0374,2026-08-22T05:52:44Z,2026-08-22T05:52:44Z,morning,,,,,,,,,,,,,,,,,,,,,,,1,5,20,4.0,1,L,,,2026-08-24T00:48:22Z
2026-08-22,823910,669373,Tarik Skubal,Los Angeles Dodgers,Pittsburgh Pirates,1,L,135,446,19,113.7,241,748,24.0,23.3,23.83,0.3021,1.366,previous,9,0.2198,0.994,0.3004,7.14,0.9186,0.839,0.7237,0.5819,0.4324,0.2954,,,,8.5,112,-142,,,,,,,"{""fd"":{""4.5"":[-4500,null],""5.5"":[-1100,null],""6.5"":[-460,null],""7.5"":[-210,null],""8.5"":[112,null],""9.5"":[200,null],""10.5"":[390,null],""11.5"":[750,null]},""czr"":{""9.5"":[181,null],""5.5"":[-950,null],""6.5"":[-345,null],""7.5"":[-176,null],""8.5"":[104,null]}}",8.5,0.2954,+239,-239,under,fd,8.5,-142,0.1502,2026-08-22T05:52:44Z,2026-08-22T05:52:44Z,morning,,,,,,,,,,,,,,,,,,,,,,,1,11,27,7.0,1,L,,,2026-08-24T00:48:22Z
2026-08-22,823100,656849,David Peterson,Chicago Cubs,Seattle Mariners,0,L,95,507,16,112.3,150,723,23.0,22.69,22.92,0.1939,0.877,previous,9,0.2063,0.933,0.1804,4.11,0.587,0.3973,0.2385,0.1274,0.0608,0.0261,,,,4.5,-102,-125,,,,,,,"{""fd"":{""2.5"":[-900,null],""3.5"":[-290,null],""4.5"":[-102,null],""5.5"":[200,null],""6.5"":[430,null]},""czr"":{""2.5"":[-950,null],""3.5"":[-260,null],""4.5"":[-109,null],""5.5"":[194,null],""6.5"":[390,null],""7.5"":[800,null]}}",4.5,0.3973,+152,-152,under,fd,4.5,-125,0.0788,2026-08-22T05:52:44Z,2026-08-22T05:52:44Z,morning,,,,,,,,,,,,,,,,,,,,,,,1,8,25,6.0,1,L,,,2026-08-24T00:48:22Z
2026-08-22,823100,807739,Kade Anderson,Seattle Mariners,Chicago Cubs,1,L,0,0,0,0.0,0,0,21.78,21.78,21.78,0.2212,1.0,previous,9,0.2103,0.951,0.2103,4.58,0.6702,0.4882,0.3178,0.1848,0.0963,0.0451,,,,,,,,,,,,,,,,,,,,,,,2026-08-22T05:52:44Z,2026-08-22T05:52:44Z,morning,,,,,,,,,,,,,,,,,,,,,,,1,5,22,5.7,,,,,2026-08-24T00:48:22Z
2026-08-22,824718,694918,Blade Tidwell,San Francisco Giants,Boston Red Sox,0,R,20,110,3,27.0,10,78,21.0,21.39,21.1,0.1904,0.861,previous,9,0.1975,0.893,0.1693,3.51,0.4697,0.2844,0.1509,0.0706,0.0294,0.011,3.5,-128,101,3.5,-120,-106,,,,,,,"{""fd"":{""2.5"":[-360,null],""3.5"":[-120,null],""4.5"":[186,null],""5.5"":[420,null]},""dk"":{""1.5"":[-930,null],""2.5"":[-306,null],""3.5"":[-126,null],""4.5"":[171,null],""5.5"":[366,null],""6.5"":[760,null],""7.5"":[1540,null]},""czr"":{""2.5"":[-390,null],""3.5"":[-136,null],""4.5"":[167,null],""5.5"":[360,null],""6.5"":[800,null]}}",3.5,0.4697,+113,-113,under,dk,3.5,101,0.0605,2026-08-22T05:52:44Z,2026-08-22T05:52:44Z,morning,,,,,,,,,,,,,,,,,,,,,,,1,7,21,5.7,1,L,,,2026-08-24T00:48:22Z
2026-08-22,824718,663776,Patrick Sandoval,Boston Red Sox,San Francisco Giants,1,L,35,160,7,34.0,0,0,22.86,22.53,22.78,0.2201,0.995,previous,9,0.217,0.981,0.2159,4.91,0.7208,0.5488,0.3761,0.2316,0.1283,0.0641,5.5,-140,110,5.5,-128,100,,,,,,,"{""fd"":{""2.5"":[-4000,null],""3.5"":[-900,null],""4.5"":[-330,null],""5.5"":[-128,null],""6.5"":[158,null],""7.5"":[330,null],""8.5"":[680,null]},""dk"":{""2.5"":[-2100,null],""3.5"":[-660,null],""4.5"":[-285,null],""5.5"":[-139,null],""6.5"":[144,null],""7.5"":[287,null],""8.5"":[576,null],""9.5"":[1140,null]},""czr"":{""9.5"":[900,null],""3.5"":[-1200,null],""4.5"":[-335,null],""5.5"":[-150,null],""6.5"":[131,null],""7.5"":[245,null],""8.5"":[475,null]}}",5.5,0.3761,+166,-166,under,dk,5.5,110,0.1744,2026-08-22T05:52:44Z,2026-08-22T05:52:44Z,morning,,,,,,,,,,,,,,,,,,,,,,,1,6,24,5.7,1,L,,,2026-08-24T00:48:22Z
2026-08-22,825044,695076,Rhett Lowder,Cincinnati Reds,Arizona Diamondbacks,0,R,82,452,19,101.0,0,0,23.0,21.82,22.7,0.1936,0.875,previous,9,0.1947,0.88,0.1697,3.86,0.5396,0.3499,0.2004,0.1019,0.0463,0.0189,,,,3.5,-113,-113,,,,,,,"{""czr"":{""2.5"":[-345,null],""3.5"":[-124,null],""4.5"":[186,null],""5.5"":[400,null],""6.5"":[900,null]},""fd"":{""2.5"":[-330,null],""3.5"":[-113,null],""4.5"":[200,null],""5.5"":[440,null]}}",3.5,0.5396,-117,+117,over,fd,3.5,-113,0.0396,2026-08-22T05:52:44Z,2026-08-22T05:52:44Z,morning,,,,,,,,,,,,,,,,,,,,,,,1,1,26,6.0,0,L,,,2026-08-24T00:48:22Z
2026-08-22,825044,647336,Michael Soroka,Arizona Diamondbacks,Cincinnati Reds,1,R,88,375,17,92.0,95,379,20.62,22.12,21.0,0.2367,1.07,previous,9,0.2463,1.113,0.263,5.46,0.7917,0.6425,0.4743,0.3165,0.1905,0.1036,,,,5.5,-154,120,,,,,,,"{""czr"":{""9.5"":[800,null],""3.5"":[-1450,null],""4.5"":[-390,null],""5.5"":[-170,null],""6.5"":[118,null],""7.5"":[220,null],""8.5"":[425,null]},""fd"":{""2.5"":[-4500,null],""3.5"":[-1100,null],""4.5"":[-390,null],""5.5"":[-154,null],""6.5"":[130,null],""7.5"":[280,null],""8.5"":[560,null]}}",5.5,0.4743,+111,-111,under,fd,5.5,120,0.0972,2026-08-22T05:52:44Z,2026-08-22T05:52:44Z,morning,,,,,,,,,,,,,,,,,,,,,,,1,3,20,3.3,0,W,,,2026-08-24T00:48:22Z
2026-08-22,824316,676440,Tanner Bibee,Cleveland Guardians,Colorado Rockies,0,R,117,613,26,150.3,162,762,25.25,23.72,24.87,0.1967,0.889,previous,9,0.2284,1.033,0.2033,5.03,0.7362,0.5678,0.3958,0.2488,0.1411,0.0725,,,,4.5,-120,-106,,,,,,,"{""fd"":{""2.5"":[-1000,null],""3.5"":[-330,null],""4.5"":[-120,null],""5.5"":[180,null],""6.5"":[390,null]},""czr"":{""2.5"":[-1250,null],""3.5"":[-320,null],""4.5"":[-129,null],""5.5"":[164,null],""6.5"":[330,null],""7.5"":[675,null]}}",4.5,0.5678,-131,+131,over,fd,4.5,-120,0.0532,2026-08-22T05:52:44Z,2026-08-22T05:52:44Z,morning,,,,,,,,,,,,,,,,,,,,,,,1,6,24,6.0,1,W,,,2026-08-24T00:48:22Z
2026-08-22,824316,687312,Gabriel Hughes,Colorado Rockies,Cleveland Guardians,1,R,33,164,7,37.7,0,0,21.86,21.83,21.85,0.2122,0.959,previous,9,0.1854,0.838,0.1776,3.86,0.5408,0.3509,0.2008,0.1018,0.0461,0.0187,,,,3.5,144,-186,,,,,,,"{""fd"":{""2.5"":[-210,null],""3.5"":[144,null],""4.5"":[320,null],""5.5"":[750,null]},""czr"":{""1.5"":[-800,null],""2.5"":[-193,null],""3.5"":[137,null],""4.5"":[320,null],""5.5"":[750,null]}}",3.5,0.5408,-118,+118,over,fd,3.5,144,0.1543,2026-08-22T05:52:44Z,2026-08-22T05:52:44Z,morning,,,,,,,,,,,,,,,,,,,,,,,1,2,21,5.0,0,L,,,2026-08-24T00:48:22Z
2026-08-22,823261,665152,Dean Kremer,Minnesota Twins,San Diego Padres,0,R,53,217,10,53.3,142,708,21.75,21.72,21.74,0.2255,1.019,previous,9,0.2077,0.939,0.2118,4.61,0.6754,0.4942,0.3233,0.189,0.0991,0.0467,,,,4.5,-113,-104,,,,,,,"{""fd"":{""2.5"":[-900,null],""3.5"":[-295,null],""4.5"":[-113,null],""5.5"":[190,null],""6.5"":[400,null]},""czr"":{""2.5"":[-1000,null],""3.5"":[-275,null],""4.5"":[-115,null],""5.5"":[183,null],""6.5"":[375,null],""7.5"":[750,null]}}",4.5,0.4942,+102,-102,under,fd,4.5,-104,0.0158,2026-08-22T05:52:44Z,2026-08-22T05:52:44Z,morning,,,,,,,,,,,,,,,,,,,,,,,1,5,22,5.3,1,L,,,2026-08-24T00:48:22Z
2026-08-22,823261,663554,Casey Mize,San Diego Padres,Minnesota Twins,1,R,95,408,19,102.0,139,627,22.12,21.49,21.97,0.2291,1.036,previous,9,0.2057,0.93,0.2132,4.64,0.6804,0.5,0.3288,0.1933,0.1018,0.0483,,,,4.5,-125,106,,,,,,,"{""fd"":{""2.5"":[-1100,null],""3.5"":[-350,null],""4.5"":[-125,null],""5.5"":[172,null],""6.5"":[390,null]},""czr"":{""2.5"":[-1450,null],""3.5"":[-335,null],""4.5"":[-137,null],""5.5"":[153,null],""6.5"":[305,null],""7.5"":[625,null],""8.5"":[1300,null]}}",4.5,0.5,-100,-100,under,fd,4.5,106,0.0336,2026-08-22T05:52:44Z,2026-08-22T05:52:44Z,morning,,,,,,,,,,,,,,,,,,,,,,,1,0,13,2.7,0,W,,,2026-08-24T00:48:22Z
2026-08-21,823911,696149,Bubba Chandler,Pittsburgh Pirates,Los Angeles Dodgers,0,R,108,528,23,121.3,31,124,22.25,22.17,22.23,0.2121,0.959,previous,9,0.195,0.881,0.1867,4.06,0.5797,0.3897,0.2318,0.1225,0.0578,0.0245,3.5,-170,133,4.5,118,-150,4.5,110,-150,,,,"{""fd"":{""2.5"":[-650,null],""3.5"":[-225,null],""4.5"":[118,null],""5.5"":[240,null],""6.5"":[520,null]},""dk"":{""1.5"":[-1740,null],""2.5"":[-457,null],""3.5"":[-172,null],""4.5"":[132,null],""5.5"":[284,null],""6.5"":[620,null],""7.5"":[1240,null]},""czr"":{""2.5"":[-675,null],""3.5"":[-213,null],""4.5"":[107,null],""5.5"":[225,null],""6.5"":[475,null],""7.5"":[1000,null]},""mgm"":{""5.5"":[200,null],""6.5"":[390,null],""2.5"":[-525,null],""3.5"":[-210,null],""4.5"":[100,null]}}",4.5,0.3897,+157,-157,under,mgm,4.5,-150,0.0528,2026-08-21T18:14:06Z,2026-08-21T18:14:06Z,morning,9,0.2051,0.927,0.1965,4.28,0.619,0.431,0.2666,0.1468,0.0723,0.032,4.5,0.431,+132,-132,over,dk,3.5,-170,0.0244,2026-08-21T18:14:06Z,2026-08-21T23:01:05Z,1,6,19,4.0,1,L,1,W,2026-08-24T00:48:23Z
2026-08-21,823911,808967,Yoshinobu Yamamoto,Los Angeles Dodgers,Pittsburgh Pirates,1,R,136,556,22,145.3,201,684,25.88,25.01,25.66,0.2533,1.145,previous,9,0.2301,1.04,0.2631,6.78,0.9005,0.8053,0.6751,0.5248,0.3756,0.2467,7.5,120,-153,6.5,-160,124,7.5,125,-165,,,,"{""fd"":{""3.5"":[-4500,null],""4.5"":[-1000,null],""5.5"":[-390,null],""6.5"":[-160,null],""7.5"":[124,null],""8.5"":[240,null],""9.5"":[470,null]},""dk"":{""3.5"":[-2700,null],""4.5"":[-820,null],""5.5"":[-341,null],""6.5"":[-162,null],""7.5"":[122,null],""8.5"":[238,null],""9.5"":[458,null],""10.5"":[890,null],""11.5"":[1720,null]},""czr"":{""9.5"":[370,null],""4.5"":[-1000,null],""5.5"":[-360,null],""6.5"":[-164,null],""7.5"":[108,null],""8.5"":[205,null]},""mgm"":{""5.5"":[-285,null],""8.5"":[210,null],""9.5"":[360,null],""7.5"":[125,null],""6.5"":[-155,null]}}",7.5,0.3756,+166,-166,under,fd,6.5,124,0.0548,2026-08-21T18:14:06Z,2026-08-21T18:14:06Z,morning,9,0.2178,0.985,0.2496,6.43,0.8781,0.7684,0.6259,0.4699,0.3234,0.2037,7.5,0.3234,+209,-209,under,fd,6.5,124,0.1097,2026-08-21T18:14:06Z,2026-08-21T23:13:31Z,1,9,27,6.3,1,L,1,L,2026-08-24T00:48:23Z
2026-08-25,824233,668984,Casey Legumina,Tampa Bay Rays,Detroit Tigers,0,R,45,247,6,58.7,55,219,6.2,12.04,7.66,0.2066,0.935,confirmed,9,0.21,0.95,0.1961,1.58,0.0868,0.0283,0.0079,0.0019,0.0004,0.0001,,,,,,,,,,,,,,,,,,,,,,,,2026-08-26T04:51:56Z,morning,,,,,,,,,,,,,,,,,,,,,,,1,2,8,2.3,,,,,2026-08-26T04:53:50Z
2026-08-25,824233,695549,Jackson Jobe,Detroit Tigers,Tampa Bay Rays,1,R,15,80,4,18.3,39,218,20.33,21.06,20.51,0.1957,0.886,confirmed,9,0.1727,0.782,0.1519,3.15,0.3915,0.2185,0.1064,0.0456,0.0174,0.0059,,,,,,,,,,,,,,,,,,,,,,,,2026-08-26T04:51:56Z,morning,,,,,,,,,,,,,,,,,,,,,,,1,4,19,4.3,,,,,2026-08-26T04:53:50Z
2026-08-25,823826,801139,Payton Tolle,Boston Red Sox,Miami Marlins,0,L,141,505,22,125.3,19,74,22.25,22.85,22.4,0.2654,1.201,confirmed,9,0.2046,0.926,0.2468,5.37,0.7811,0.6273,0.4577,0.3017,0.1794,0.0964,,,,,,,,,,,,,,,,,,,,,,,,2026-08-26T04:51:56Z,morning,,,,,,,,,,,,,,,,,,,,,,,1,7,22,5.3,,,,,2026-08-26T04:53:50Z
2026-08-25,823826,663969,Tyler Phillips,Miami Marlins,Boston Red Sox,1,R,86,454,15,105.3,52,313,18.12,19.84,18.55,0.1888,0.854,confirmed,9,0.2086,0.944,0.1778,3.34,0.4334,0.2524,0.1281,0.0571,0.0226,0.008,,,,,,,,,,,,,,,,,,,,,,,,2026-08-26T04:51:56Z,morning,,,,,,,,,,,,,,,,,,,,,,,1,7,20,4.7,,,,,2026-08-26T04:53:50Z
2026-08-25,822693,690279,Mason Adams,Colorado Rockies,Washington Nationals,0,R,5,18,1,4.0,0,0,18.0,20.84,18.71,0.2257,1.021,confirmed,9,0.2145,0.971,0.2191,4.11,0.5919,0.4019,0.2409,0.1279,0.0604,0.0255,,,,,,,,,,,,,,,,,,,,,,,,2026-08-26T04:51:56Z,morning,,,,,,,,,,,,,,,,,,,,,,,1,5,18,4.0,,,,,2026-08-26T04:53:50Z
2026-08-25,822693,674841,Andrew Alvarez,Washington Nationals,Colorado Rockies,1,L,80,359,12,84.7,20,98,21.38,20.95,21.27,0.2202,0.996,confirmed,9,0.2378,1.076,0.237,4.92,0.7233,0.5521,0.3789,0.2331,0.1287,0.064,,,,,,,,,,,,,,,,,,,,,,,,2026-08-26T04:51:56Z,morning,,,,,,,,,,,,,,,,,,,,,,,1,6,20,4.7,,,,,2026-08-26T04:53:50Z
2026-08-25,823505,814490,Ethan Pecko,Houston Astros,New York Yankees,0,R,5,39,2,8.0,0,0,18.0,20.84,18.71,0.2059,0.931,confirmed,9,0.231,1.045,0.2154,4.04,0.5787,0.3882,0.2296,0.1202,0.0559,0.0233,,,,,,,,,,,,,,,,,,,,,,,,2026-08-26T04:51:56Z,morning,,,,,,,,,,,,,,,,,,,,,,,1,1,21,4.3,,,,,2026-08-26T04:53:50Z
2026-08-25,823505,701542,Will Warren,New York Yankees,Houston Astros,1,R,126,559,25,127.0,171,711,20.5,22.21,20.93,0.2283,1.033,confirmed,9,0.2054,0.929,0.2123,4.41,0.6428,0.457,0.2891,0.1629,0.082,0.0371,,,,,,,,,,,,,,,,,,,,,,,,2026-08-26T04:51:56Z,morning,,,,,,,,,,,,,,,,,,,,,,,1,4,24,5.0,,,,,2026-08-26T04:53:50Z
2026-08-25,822773,607625,Seth Lugo,Kansas City Royals,Toronto Blue Jays,0,R,116,640,27,150.3,125,611,23.5,23.58,23.52,0.1878,0.85,confirmed,9,0.1887,0.854,0.1594,3.79,0.5236,0.3348,0.1891,0.0949,0.0426,0.0172,,,,,,,,,,,,,,,,,,,,,,,,2026-08-26T04:51:56Z,morning,,,,,,,,,,,,,,,,,,,,,,,1,5,21,5.0,,,,,2026-08-26T04:53:50Z
2026-08-25,822773,453286,Max Scherzer,Toronto Blue Jays,Kansas City Royals,1,R,36,225,12,50.0,82,358,19.5,18.87,19.34,0.1911,0.865,confirmed,9,0.2016,0.912,0.1738,3.26,0.4168,0.2385,0.1188,0.052,0.0202,0.007,,,,,,,,,,,,,,,,,,,,,,,,2026-08-26T04:51:56Z,morning,,,,,,,,,,,,,,,,,,,,,,,1,4,23,5.0,,,,,2026-08-26T04:53:50Z
2026-08-25,823585,690986,Kyle Harrison,Milwaukee Brewers,New York Mets,0,L,127,423,21,103.3,38,156,19.5,20.33,19.71,0.278,1.258,confirmed,9,0.2119,0.959,0.2674,5.28,0.7719,0.6157,0.4448,0.2893,0.1693,0.0893,,,,,,,,,,,,,,,,,,,,,,,,2026-08-26T04:51:56Z,morning,,,,,,,,,,,,,,,,,,,,,,,1,5,21,5.0,,,,,2026-08-26T04:53:50Z
2026-08-25,823585,804267,Zac Thornton,New York Mets,Milwaukee Brewers,1,L,40,223,10,56.3,0,0,22.62,22.11,22.5,0.1991,0.901,confirmed,9,0.2089,0.945,0.1879,4.09,0.5844,0.3945,0.2358,0.1252,0.0594,0.0253,,,,,,,,,,,,,,,,,,,,,,,,2026-08-26T04:51:56Z,morning,,,,,,,,,,,,,,,,,,,,,,,1,4,23,6.0,,,,,2026-08-26T04:53:50Z
2026-08-25,824881,607192,Tyler Glasnow,Los Angeles Dodgers,Atlanta Braves,0,R,56,169,8,44.7,106,366,20.83,21.15,20.91,0.2956,1.337,confirmed,9,0.2181,0.987,0.2921,6.06,0.8503,0.7287,0.576,0.4157,0.2726,0.1622,,,,,,,,,,,,,,,,,,,,,,,,2026-08-26T04:51:56Z,morning,,,,,,,,,,,,,,,,,,,,,,,1,7,21,5.0,,,,,2026-08-26T04:53:50Z
2026-08-25,824881,693821,Bryce Elder,Atlanta Braves,Los Angeles Dodgers,1,R,118,606,25,143.7,131,679,22.62,23.9,22.94,0.1959,0.886,confirmed,9,0.2012,0.91,0.1778,4.05,0.5754,0.3855,0.2288,0.1207,0.057,0.0242,,,,,,,,,,,,,,,,,,,,,,,,2026-08-26T04:51:56Z,morning,,,,,,,,,,,,,,,,,,,,,,,1,5,27,6.0,,,,,2026-08-26T04:53:50Z
2026-08-25,824556,594798,Jacob deGrom,Texas Rangers,Chicago White Sox,0,R,159,540,25,130.3,185,669,20.38,21.67,20.7,0.2861,1.295,confirmed,9,0.2344,1.06,0.3019,6.27,0.8662,0.7539,0.6079,0.4492,0.3024,0.185,,,,,,,,,,,,,,,,,,,,,,,,2026-08-26T04:51:56Z,morning,,,,,,,,,,,,,,,,,,,,,,,1,2,22,3.7,,,,,2026-08-26T04:53:50Z
2026-08-25,824556,641743,Anthony Kay,Chicago White Sox,Texas Rangers,1,L,108,588,25,132.0,0,0,23.0,22.17,22.79,0.1932,0.874,confirmed,9,0.2368,1.071,0.2074,4.72,0.6922,0.514,0.3423,0.2042,0.1094,0.0529,,,,,,,,,,,,,,,,,,,,,,,,2026-08-26T04:51:56Z,morning,,,,,,,,,,,,,,,,,,,,,,,1,4,23,4.7,,,,,2026-08-26T04:53:50Z
2026-08-25,823016,605135,Chris Bassitt,Baltimore Orioles,St. Louis Cardinals,0,R,51,335,13,74.0,166,736,22.88,21.88,22.63,0.1793,0.811,confirmed,9,0.2033,0.92,0.1642,3.74,0.5145,0.3259,0.182,0.0901,0.0398,0.0158,,,,,,,,,,,,,,,,,,,,,,,,2026-08-26T04:51:56Z,morning,,,,,,,,,,,,,,,,,,,,,,,1,5,26,6.7,,,,,2026-08-26T04:53:50Z
2026-08-25,823016,669461,Matthew Liberatore,St. Louis Cardinals,Baltimore Orioles,1,L,132,563,26,129.0,122,648,21.75,21.57,21.7,0.2244,1.015,confirmed,9,0.2485,1.124,0.2521,5.49,0.7943,0.6455,0.4778,0.3201,0.1937,0.106,,,,,,,,,,,,,,,,,,,,,,,,2026-08-26T04:51:56Z,morning,,,,,,,,,,,,,,,,,,,,,,,1,7,22,4.0,,,,,2026-08-26T04:53:50Z
2026-08-25,825042,605280,Clay Holmes,Chicago Cubs,Arizona Diamondbacks,0,R,55,303,13,75.7,129,708,23.12,22.88,23.06,0.1852,0.838,confirmed,9,0.1868,0.845,0.1555,3.54,0.4731,0.288,0.1541,0.073,0.0309,0.0117,,,,,,,,,,,,,,,,,,,,,,,,2026-08-26T04:51:56Z,morning,,,,,,,,,,,,,,,,,,,,,,,1,5,25,7.0,,,,,2026-08-26T04:53:50Z
2026-08-25,825042,694297,Brandon Pfaadt,Arizona Diamondbacks,Chicago Cubs,1,R,72,431,14,105.0,147,767,24.25,23.09,23.96,0.1768,0.8,confirmed,9,0.2165,0.979,0.1729,4.11,0.5866,0.3972,0.2387,0.1278,0.0613,0.0265,,,,,,,,,,,,,,,,,,,,,,,,2026-08-26T04:51:56Z,morning,,,,,,,,,,,,,,,,,,,,,,,1,3,28,6.7,,,,,2026-08-26T04:53:50Z
2026-08-25,823259,694973,Paul Skenes,Pittsburgh Pirates,San Diego Padres,0,R,175,594,27,145.0,216,733,22.25,22.48,22.31,0.2907,1.315,confirmed,9,0.2015,0.912,0.2671,5.81,0.8277,0.6936,0.5331,0.3729,0.2364,0.1359,,,,,,,,,,,,,,,,,,,,,,,,2026-08-26T04:51:56Z,morning,,,,,,,,,,,,,,,,,,,,,,,1,4,21,6.0,,,,,2026-08-26T04:53:50Z
2026-08-25,823259,650633,Michael King,San Diego Padres,Pittsburgh Pirates,1,R,135,636,27,156.0,76,308,23.75,23.41,23.66,0.2181,0.987,confirmed,9,0.2188,0.99,0.2159,5.13,0.7497,0.5851,0.4132,0.2632,0.1513,0.0786,,,,,,,,,,,,,,,,,,,,,,,,2026-08-26T04:51:56Z,morning,,,,,,,,,,,,,,,,,,,,,,,1,7,26,7.0,,,,,2026-08-26T04:53:50Z
2026-08-25,824962,671737,Taj Bradley,Minnesota Twins,Athletics,0,R,169,627,26,147.3,127,605,24.5,23.9,24.35,0.2558,1.157,confirmed,9,0.2064,0.934,0.2396,5.69,0.8153,0.6744,0.5108,0.3519,0.2199,0.1248,,,,,,,,,,,,,,,,,,,,,,,,2026-08-26T04:51:56Z,morning,,,,,,,,,,,,,,,,,,,,,,,1,11,28,6.7,,,,,2026-08-26T04:53:50Z
2026-08-25,824962,695611,Gage Jump,Athletics,Minnesota Twins,1,L,97,385,17,88.3,0,0,22.5,22.44,22.48,0.2414,1.092,confirmed,9,0.2062,0.933,0.2256,4.91,0.721,0.5491,0.3762,0.2312,0.1277,0.0635,,,,,,,,,,,,,,,,,,,,,,,,2026-08-26T04:51:56Z,morning,,,,,,,,,,,,,,,,,,,,,,,1,9,24,6.3,,,,,2026-08-26T04:53:50Z
2026-08-25,823098,605400,Aaron Nola,Philadelphia Phillies,Seattle Mariners,0,R,153,616,27,143.0,97,404,23.5,22.73,23.31,0.2448,1.108,confirmed,9,0.2131,0.964,0.2363,5.38,0.7814,0.6273,0.4579,0.3022,0.1802,0.0972,,,,,,,,,,,,,,,,,,,,,,,,2026-08-26T04:51:56Z,morning,,,,,,,,,,,,,,,,,,,,,,,1,7,23,6.0,,,,,2026-08-26T04:53:50Z
2026-08-25,823098,669923,George Kirby,Seattle Mariners,Philadelphia Phillies,1,R,126,617,25,147.7,137,524,23.12,24.24,23.4,0.2155,0.975,confirmed,9,0.1857,0.84,0.1808,4.12,0.5887,0.3991,0.24,0.1284,0.0614,0.0265,,,,,,,,,,,,,,,,,,,,,,,,2026-08-26T04:51:56Z,morning,,,,,,,,,,,,,,,,,,,,,,,1,9,30,7.7,,,,,2026-08-26T04:53:50Z
2026-08-25,823181,663903,Brady Singer,Cincinnati Reds,San Francisco Giants,0,R,112,611,26,137.3,163,716,26.12,23.27,25.41,0.1939,0.877,confirmed,9,0.22,0.995,0.1929,4.78,0.6992,0.5223,0.3509,0.2119,0.1152,0.0567,,,,,,,,,,,,,,,,,,,,,,,,2026-08-26T04:51:56Z,morning,,,,,,,,,,,,,,,,,,,,,,,1,5,28,5.7,,,,,2026-08-26T04:53:50Z
2026-08-25,823181,605288,Adrian Houser,San Francisco Giants,Cincinnati Reds,1,R,75,470,16,109.7,92,518,17.5,20.75,18.31,0.1686,0.763,confirmed,9,0.2449,1.108,0.1881,3.34,0.4356,0.254,0.129,0.0575,0.0227,0.008,,,,,,,,,,,,,,,,,,,,,,,,2026-08-26T04:51:56Z,morning,,,,,,,,,,,,,,,,,,,,,,,1,2,6,1.7,,,,,2026-08-26T04:53:50Z
2026-08-24,824235,656876,Drew Rasmussen,Tampa Bay Rays,Detroit Tigers,0,R,138,529,24,134.3,127,585,21.62,22.09,21.74,0.2491,1.127,confirmed,9,0.2073,0.938,0.2342,5.1,0.7466,0.5816,0.4091,0.2589,0.1475,0.0758,5.5,125,-160,4.5,-148,116,5.5,135,-185,,,,"{""fd"":{""2.5"":[-1450,null],""3.5"":[-400,null],""4.5"":[-148,null],""5.5"":[140,null],""6.5"":[300,null],""7.5"":[630,null]},""mgm"":{""2.5"":[-1200,null],""4.5"":[-160,null],""6.5"":[270,null],""5.5"":[135,null],""3.5"":[-375,null],""7.5"":[525,null]},""dk"":{""2.5"":[-1180,null],""3.5"":[-407,null],""4.5"":[-172,null],""5.5"":[125,null],""6.5"":[269,null],""7.5"":[572,null],""8.5"":[1160,null]},""czr"":{""3.5"":[-400,null],""4.5"":[-170,null],""5.5"":[128,null],""6.5"":[245,null],""7.5"":[500,null],""8.5"":[1000,null]}}",5.5,0.4091,+144,-144,over,fd,4.5,-148,0.0185,2026-08-24T21:30:12Z,2026-08-24T21:30:12Z,morning,9,0.2073,0.938,0.2341,5.09,0.7465,0.5815,0.409,0.2588,0.1474,0.0757,5.5,0.409,+144,-144,over,fd,4.5,-148,0.0183,2026-08-24T21:30:12Z,2026-08-24T21:33:13Z,1,5,21,6.0,0,W,0,W,2026-08-26T04:53:51Z
2026-08-24,824235,664285,Framber Valdez,Detroit Tigers,Tampa Bay Rays,1,L,111,613,25,138.7,187,802,24.5,24.13,24.41,0.1933,0.874,confirmed,9,0.1884,0.852,0.1638,3.89,0.5449,0.3554,0.205,0.1052,0.0483,0.0199,3.5,-145,113,3.5,-160,124,3.5,-155,115,,,,"{""fd"":{""2.5"":[-500,null],""3.5"":[-160,null],""4.5"":[144,null],""5.5"":[330,null],""6.5"":[750,null]},""mgm"":{""3.5"":[-155,null],""2.5"":[-375,null],""4.5"":[135,null],""5.5"":[270,null],""6.5"":[500,null]},""dk"":{""1.5"":[-1140,null],""2.5"":[-359,null],""3.5"":[-148,null],""4.5"":[144,null],""5.5"":[296,null],""6.5"":[610,null],""7.5"":[1220,null]},""czr"":{""2.5"":[-560,null],""3.5"":[-170,null],""4.5"":[132,null],""5.5"":[290,null],""6.5"":[600,null],""7.5"":[1300,null]}}",3.5,0.5449,-120,+120,under,fd,3.5,124,0.0346,2026-08-24T21:30:12Z,2026-08-24T21:30:12Z,morning,9,0.1884,0.852,0.1638,3.89,0.545,0.3554,0.205,0.1052,0.0483,0.02,3.5,0.545,-120,+120,under,fd,3.5,124,0.0346,2026-08-24T21:30:12Z,2026-08-24T21:33:13Z,1,0,26,6.0,0,W,0,W,2026-08-26T04:53:51Z
2026-08-24,823828,624133,Ranger Suarez,Boston Red Sox,Miami Marlins,0,L,113,467,22,113.3,151,651,19.62,21.35,20.06,0.2382,1.078,confirmed,9,0.2049,0.927,0.2211,4.37,0.6374,0.451,0.2834,0.1583,0.0789,0.0353,4.5,-126,-101,4.5,-136,106,5.5,130,-175,,,,"{""fd"":{""2.5"":[-1100,null],""3.5"":[-360,null],""4.5"":[-136,null],""5.5"":[162,null],""6.5"":[350,null],""7.5"":[750,null]},""mgm"":{""4.5"":[-235,null],""3.5"":[-550,null],""5.5"":[-115,null],""6.5"":[175,null],""7.5"":[340,null]},""dk"":{""2.5"":[-830,null],""3.5"":[-294,null],""4.5"":[-126,null],""5.5"":[173,null],""6.5"":[365,null],""7.5"":[770,null],""8.5"":[1620,null]},""czr"":{""2.5"":[-1700,null],""3.5"":[-380,null],""4.5"":[-148,null],""5.5"":[143,null],""6.5"":[280,null],""7.5"":[550,null],""8.5"":[1100,null]}}",4.5,0.451,+122,-122,under,mgm,5.5,-175,0.1225,2026-08-24T21:30:12Z,2026-08-24T21:30:12Z,morning,9,0.2049,0.927,0.2211,4.37,0.6374,0.451,0.2834,0.1583,0.0789,0.0353,4.5,0.451,+122,-122,under,mgm,5.5,-175,0.1225,2026-08-24T21:30:12Z,2026-08-24T21:33:13Z,1,4,24,5.0,0,W,0,W,2026-08-26T04:53:51Z
2026-08-24,823828,645261,Sandy Alcantara,Miami Marlins,Boston Red Sox,1,R,131,728,27,176.7,142,745,26.38,26.49,26.4,0.1836,0.831,confirmed,9,0.1949,0.882,0.161,4.15,0.5923,0.4036,0.2448,0.1327,0.0646,0.0284,4.5,-119,-107,4.5,102,-130,4.5,-105,-125,,,,"{""fd"":{""2.5"":[-800,null],""3.5"":[-265,null],""4.5"":[102,null],""5.5"":[215,null],""6.5"":[450,null]},""mgm"":{""3.5"":[-220,null],""4.5"":[-105,null],""6.5"":[360,null],""5.5"":[185,null],""2.5"":[-525,null]},""dk"":{""2.5"":[-800,null],""3.5"":[-282,null],""4.5"":[-116,null],""5.5"":[188,null],""6.5"":[395,null],""7.5"":[840,null],""8.5"":[1700,null]},""czr"":{""2.5"":[-1000,null],""3.5"":[-275,null],""4.5"":[-109,null],""5.5"":[195,null],""6.5"":[390,null],""7.5"":[850,null]}}",4.5,0.4036,+148,-148,under,dk,4.5,-107,0.1089,2026-08-24T21:30:12Z,2026-08-24T21:30:12Z,morning,9,0.1949,0.882,0.161,4.15,0.5922,0.4034,0.2447,0.1326,0.0645,0.0284,4.5,0.4034,+148,-148,under,dk,4.5,-107,0.1091,2026-08-24T21:30:12Z,2026-08-24T21:33:13Z,1,6,29,7.0,1,L,1,L,2026-08-26T04:53:51Z
2026-08-24,822695,663372,Ryan Feltner,Colorado Rockies,Washington Nationals,0,R,64,408,19,92.0,25,135,23.5,22.02,23.13,0.1732,0.784,confirmed,9,0.1997,0.903,0.1556,3.54,0.4737,0.2886,0.1545,0.0733,0.031,0.0118,3.5,-127,-101,3.5,-122,-104,3.5,-120,-110,,,,"{""fd"":{""2.5"":[-360,null],""3.5"":[-122,null],""4.5"":[182,null],""5.5"":[420,null]},""mgm"":{""5.5"":[325,null],""2.5"":[-325,null],""4.5"":[165,null],""3.5"":[-135,null],""6.5"":[600,null]},""dk"":{""1.5"":[-1100,null],""2.5"":[-326,null],""3.5"":[-126,null],""4.5"":[184,null],""5.5"":[414,null],""6.5"":[890,null]},""czr"":{""2.5"":[-380,null],""3.5"":[-132,null],""4.5"":[178,null],""5.5"":[380,null],""6.5"":[850,null]}}",3.5,0.4737,+111,-111,under,dk,3.5,-101,0.0531,2026-08-24T21:30:12Z,2026-08-24T21:30:12Z,morning,9,0.1997,0.903,0.1556,3.54,0.4736,0.2885,0.1545,0.0732,0.031,0.0118,3.5,0.4736,+111,-111,under,dk,3.5,-101,0.0532,2026-08-24T21:30:12Z,2026-08-24T21:33:13Z,1,6,28,5.7,1,L,1,L,2026-08-26T04:53:51Z
2026-08-24,822695,676917,Cade Cavalli,Washington Nationals,Colorado Rockies,1,R,162,600,27,142.7,40,219,23.5,22.36,23.21,0.2527,1.143,confirmed,9,0.2199,0.995,0.2515,5.72,0.8189,0.6801,0.5173,0.3578,0.2244,0.1276,6.5,-110,-116,6.5,-104,-122,6.5,105,-140,,,,"{""fd"":{""3.5"":[-2500,null],""4.5"":[-650,null],""5.5"":[-260,null],""6.5"":[-104,null],""7.5"":[180,null],""8.5"":[350,null],""9.5"":[750,null]},""mgm"":{""7.5"":[195,null],""5.5"":[-190,null],""8.5"":[350,null],""4.5"":[-375,null],""6.5"":[100,null]},""dk"":{""3.5"":[-1200,null],""4.5"":[-465,null],""5.5"":[-218,null],""6.5"":[-110,null],""7.5"":[173,null],""8.5"":[318,null],""9.5"":[579,null],""10.5"":[1080,null]},""czr"":{""9.5"":[550,null],""4.5"":[-560,null],""5.5"":[-230,null],""6.5"":[-117,null],""7.5"":[150,null],""8.5"":[300,null]}}",6.5,0.3578,+179,-179,under,dk,6.5,-116,0.136,2026-08-24T21:30:12Z,2026-08-24T21:30:12Z,morning,9,0.2199,0.995,0.2515,5.72,0.8188,0.6799,0.5172,0.3576,0.2242,0.1275,6.5,0.3576,+180,-180,under,dk,6.5,-116,0.1361,2026-08-24T21:30:12Z,2026-08-24T21:33:13Z,1,7,24,6.0,1,L,1,L,2026-08-26T04:53:51Z
2026-08-24,824557,677958,Kumar Rocker,Texas Rangers,Chicago White Sox,0,R,109,528,22,121.0,56,287,23.0,21.85,22.71,0.2063,0.933,confirmed,9,0.229,1.036,0.2139,4.87,0.7141,0.5405,0.368,0.2249,0.1236,0.0613,4.5,-123,-104,4.5,-128,100,4.5,-130,-105,,,,"{""fd"":{""2.5"":[-1200,null],""3.5"":[-340,null],""4.5"":[-128,null],""5.5"":[164,null],""6.5"":[350,null],""7.5"":[750,null]},""mgm"":{""2.5"":[-750,null],""4.5"":[-135,null],""5.5"":[155,null],""6.5"":[300,null],""3.5"":[-295,null]},""dk"":{""2.5"":[-880,null],""3.5"":[-299,null],""4.5"":[-123,null],""5.5"":[181,null],""6.5"":[407,null],""7.5"":[900,null]},""czr"":{""2.5"":[-1450,null],""3.5"":[-360,null],""4.5"":[-141,null],""5.5"":[151,null],""6.5"":[295,null],""7.5"":[600,null],""8.5"":[1200,null]}}",4.5,0.5405,-118,+118,over,dk,6.5,407,0.0276,2026-08-24T21:30:12Z,2026-08-24T21:30:12Z,morning,9,0.229,1.036,0.2139,4.87,0.7143,0.5407,0.3681,0.225,0.1237,0.0613,4.5,0.5407,-118,+118,over,dk,6.5,407,0.0278,2026-08-24T21:30:12Z,2026-08-24T21:33:13Z,1,8,25,5.7,1,W,1,W,2026-08-26T04:53:51Z
2026-08-24,824557,664353,José Urquidy,Chicago White Sox,Texas Rangers,1,R,17,71,0,16.0,3,14,21.78,21.78,21.78,0.2255,1.02,confirmed,9,0.2339,1.058,0.2385,5.19,0.759,0.5977,0.4259,0.2734,0.1581,0.0825,4.5,129,-165,3.5,-158,124,4.5,150,-210,,,,"{""fd"":{""2.5"":[-500,null],""3.5"":[-158,null],""4.5"":[142,null],""5.5"":[320,null],""6.5"":[750,null]},""mgm"":{""2.5"":[-400,null],""3.5"":[-160,null],""6.5"":[550,null],""5.5"":[300,null],""4.5"":[140,null]},""dk"":{""1.5"":[-1580,null],""2.5"":[-434,null],""3.5"":[-174,null],""4.5"":[128,null],""5.5"":[276,null],""6.5"":[574,null],""7.5"":[1200,null]},""czr"":{""2.5"":[-560,null],""3.5"":[-170,null],""4.5"":[135,null],""5.5"":[290,null],""6.5"":[625,null]}}",4.5,0.5977,-149,+149,over,mgm,4.5,150,0.2264,2026-08-24T21:30:12Z,2026-08-24T21:30:12Z,morning,9,0.2339,1.058,0.2385,5.19,0.7588,0.5975,0.4258,0.2733,0.158,0.0824,4.5,0.5975,-148,+148,over,mgm,4.5,150,0.2263,2026-08-24T21:30:12Z,2026-08-24T21:33:13Z,1,2,21,3.0,0,L,0,L,2026-08-26T04:53:51Z
2026-08-24,823992,800048,Parker Messick,Cleveland Guardians,Los Angeles Angels,0,L,152,591,25,149.0,38,165,23.88,23.57,23.8,0.2491,1.127,previous,9,0.2452,1.109,0.2752,6.54,0.8855,0.782,0.6442,0.4895,0.3409,0.217,7.5,117,-150,6.5,-156,122,7.5,110,-150,,,,"{""fd"":{""3.5"":[-4000,null],""4.5"":[-1000,null],""5.5"":[-390,null],""6.5"":[-156,null],""7.5"":[122,null],""8.5"":[240,null],""9.5"":[500,null]},""mgm"":{""6.5"":[-175,null],""8.5"":[200,null],""9.5"":[350,null],""5.5"":[-325,null],""7.5"":[110,null]},""dk"":{""3.5"":[-3100,null],""4.5"":[-930,null],""5.5"":[-365,null],""6.5"":[-171,null],""7.5"":[117,null],""8.5"":[231,null],""9.5"":[447,null],""10.5"":[850,null],""11.5"":[1580,null]},""czr"":{""9.5"":[350,null],""4.5"":[-1200,null],""5.5"":[-360,null],""6.5"":[-173,null],""7.5"":[108,null],""8.5"":[190,null]}}",7.5,0.3409,+193,-193,under,mgm,7.5,-150,0.1016,2026-08-24T21:30:12Z,2026-08-24T21:30:12Z,morning,9,0.2495,1.129,0.2799,6.65,0.8925,0.7938,0.66,0.5072,0.3577,0.2309,7.5,0.3577,+180,-180,under,mgm,7.5,-150,0.0847,2026-08-24T21:30:12Z,2026-08-24T22:21:08Z,1,4,21,6.0,0,W,0,W,2026-08-26T04:53:51Z
2026-08-24,823992,691946,George Klassen,Los Angeles Angels,Cleveland Guardians,1,R,21,101,5,21.7,0,0,20.2,20.79,20.35,0.2166,0.98,previous,9,0.1816,0.821,0.1778,3.51,0.4703,0.2847,0.1508,0.0704,0.0292,0.0108,4.5,116,-147,4.5,132,-170,3.5,-160,120,,,,"{""fd"":{""2.5"":[-560,null],""3.5"":[-205,null],""4.5"":[132,null],""5.5"":[280,null],""6.5"":[600,null]},""mgm"":{""5.5"":[230,null],""3.5"":[-175,null],""6.5"":[400,null],""2.5"":[-400,null],""4.5"":[115,null]},""dk"":{""1.5"":[-2300,null],""2.5"":[-549,null],""3.5"":[-206,null],""4.5"":[113,null],""5.5"":[243,null],""6.5"":[512,null],""7.5"":[1060,null]},""czr"":{""2.5"":[-625,null],""3.5"":[-193,null],""4.5"":[118,null],""5.5"":[250,null],""6.5"":[500,null],""7.5"":[1100,null]}}",4.5,0.2847,+251,-251,under,dk,4.5,-147,0.1528,2026-08-24T21:30:12Z,2026-08-24T21:30:12Z,morning,9,0.1712,0.774,0.1675,3.31,0.4266,0.2469,0.1247,0.0554,0.0219,0.0077,4.5,0.2469,+305,-305,under,dk,4.5,-147,0.1906,2026-08-24T21:30:12Z,2026-08-24T22:21:08Z,1,3,24,5.3,0,W,0,W,2026-08-26T04:53:51Z
2026-08-24,825041,592332,Kevin Gausman,Chicago Cubs,Arizona Diamondbacks,0,R,143,609,26,143.3,189,775,23.75,23.41,23.66,0.2359,1.067,previous,9,0.1949,0.882,0.2085,4.95,0.7257,0.5547,0.3823,0.2371,0.1325,0.0669,4.5,-112,-114,4.5,-113,-113,4.5,-125,-105,,,,"{""dk"":{""1.5"":[-3600,null],""2.5"":[-750,null],""3.5"":[-262,null],""4.5"":[-111,null],""5.5"":[197,null],""6.5"":[423,null],""7.5"":[910,null]},""mgm"":{""3.5"":[-300,null],""4.5"":[-140,null],""6.5"":[270,null],""2.5"":[-800,null],""5.5"":[145,null]},""czr"":{""2.5"":[-1250,null],""3.5"":[-295,null],""4.5"":[-121,null],""5.5"":[173,null],""6.5"":[340,null],""7.5"":[700,null]},""fd"":{""2.5"":[-1000,null],""3.5"":[-330,null],""4.5"":[-113,null],""5.5"":[196,null],""6.5"":[420,null]}}",4.5,0.5547,-125,+125,over,dk,4.5,-112,0.0568,2026-08-24T21:30:12Z,2026-08-24T21:30:12Z,morning,9,0.1901,0.86,0.2035,4.83,0.7085,0.5335,0.3614,0.22,0.1205,0.0596,4.5,0.5335,-114,+114,over,dk,4.5,-112,0.0356,2026-08-24T21:30:12Z,2026-08-24T21:56:09Z,1,6,24,7.0,1,W,1,W,2026-08-26T04:53:51Z
2026-08-24,825041,518876,Merrill Kelly,Arizona Diamondbacks,Chicago Cubs,1,R,84,565,23,129.0,167,748,22.25,24.24,22.75,0.1681,0.76,previous,9,0.21,0.95,0.1591,3.62,0.4905,0.3037,0.1655,0.0799,0.0344,0.0133,3.5,-143,112,3.5,-138,108,3.5,-150,110,,,,"{""dk"":{""1.5"":[-1400,null],""2.5"":[-368,null],""3.5"":[-140,null],""4.5"":[168,null],""5.5"":[375,null],""6.5"":[850,null],""7.5"":[1760,null]},""mgm"":{""4.5"":[140,null],""3.5"":[-155,null],""2.5"":[-350,null],""5.5"":[270,null],""6.5"":[500,null]},""czr"":{""2.5"":[-460,null],""3.5"":[-154,null],""4.5"":[147,null],""5.5"":[320,null],""6.5"":[700,null]},""fd"":{""2.5"":[-400,null],""3.5"":[-138,null],""4.5"":[162,null],""5.5"":[360,null]}}",3.5,0.4905,+104,-104,under,mgm,3.5,110,0.067,2026-08-24T21:30:12Z,2026-08-24T21:30:12Z,morning,9,0.21,0.95,0.1591,3.62,0.4907,0.3039,0.1656,0.08,0.0344,0.0133,3.5,0.4907,+104,-104,under,mgm,3.5,110,0.0668,2026-08-24T21:30:12Z,2026-08-24T22:21:08Z,1,4,25,5.7,1,L,1,L,2026-08-26T04:53:51Z
2026-08-24,823260,677952,Braxton Ashcraft,Pittsburgh Pirates,San Diego Padres,0,R,159,602,25,149.3,71,292,23.25,23.79,23.39,0.2566,1.161,previous,9,0.2039,0.923,0.2376,5.41,0.7849,0.6321,0.4631,0.307,0.1839,0.0997,5.5,125,-160,5.5,122,-156,5.5,110,-150,,,,"{""dk"":{""2.5"":[-1260,null],""3.5"":[-408,null],""4.5"":[-171,null],""5.5"":[126,null],""6.5"":[262,null],""7.5"":[549,null],""8.5"":[1080,null]},""mgm"":{""5.5"":[115,null],""7.5"":[425,null],""6.5"":[230,null],""4.5"":[-175,null],""3.5"":[-400,null]},""czr"":{""3.5"":[-500,null],""4.5"":[-182,null],""5.5"":[115,null],""6.5"":[225,null],""7.5"":[425,null],""8.5"":[900,null]},""fd"":{""2.5"":[-2200,null],""3.5"":[-520,null],""4.5"":[-205,null],""5.5"":[122,null],""6.5"":[240,null],""7.5"":[500,null]}}",5.5,0.4631,+116,-116,over,dk,5.5,125,0.0438,2026-08-24T21:30:12Z,2026-08-24T21:30:12Z,morning,8,0.2115,0.957,0.246,5.6,0.806,0.6615,0.496,0.3374,0.2078,0.116,5.5,0.496,+102,-102,over,dk,5.5,125,0.0766,2026-08-24T21:30:12Z,2026-08-24T22:51:20Z,1,2,21,6.0,0,L,0,L,2026-08-26T04:53:51Z
2026-08-24,823260,592662,Robbie Ray,San Diego Padres,Pittsburgh Pirates,1,L,117,578,24,137.7,186,755,22.75,23.05,22.83,0.2124,0.961,previous,9,0.2383,1.078,0.2291,5.21,0.7613,0.6005,0.4291,0.2766,0.1608,0.0845,5.5,-125,-102,5.5,-118,-108,5.5,-120,-110,,,,"{""dk"":{""2.5"":[-2700,null],""3.5"":[-730,null],""4.5"":[-277,null],""5.5"":[-125,null],""6.5"":[166,null],""7.5"":[345,null],""8.5"":[690,null],""9.5"":[1380,null]},""mgm"":{""7.5"":[260,null],""3.5"":[-500,null],""5.5"":[-120,null],""4.5"":[-225,null],""6.5"":[145,null]},""czr"":{""9.5"":[1100,null],""3.5"":[-850,null],""4.5"":[-295,null],""5.5"":[-130,null],""6.5"":[152,null],""7.5"":[285,null],""8.5"":[525,null]},""fd"":{""2.5"":[-3500,null],""3.5"":[-800,null],""4.5"":[-295,null],""5.5"":[-118,null],""6.5"":[172,null],""7.5"":[340,null],""8.5"":[680,null]}}",5.5,0.4291,+133,-133,under,dk,5.5,-102,0.0947,2026-08-24T21:30:12Z,2026-08-24T21:30:12Z,morning,9,0.241,1.09,0.2318,5.28,0.769,0.6106,0.4399,0.2861,0.1679,0.0891,5.5,0.4399,+127,-127,under,dk,5.5,-102,0.084,2026-08-24T21:30:12Z,2026-08-24T22:21:08Z,1,5,22,5.3,0,W,0,W,2026-08-26T04:53:51Z
2026-08-24,824964,805673,Zebby Matthews,Minnesota Twins,Athletics,0,R,81,410,17,96.7,88,354,22.62,23.77,22.91,0.211,0.955,previous,9,0.22,0.995,0.2101,4.78,0.7013,0.5249,0.3527,0.2125,0.1151,0.0562,4.5,124,-159,4.5,116,-148,4.5,110,-150,,,,"{""fd"":{""2.5"":[-720,null],""3.5"":[-235,null],""4.5"":[116,null],""5.5"":[255,null],""6.5"":[540,null]},""mgm"":{""4.5"":[110,null],""5.5"":[220,null],""2.5"":[-525,null],""6.5"":[425,null],""3.5"":[-200,null]},""dk"":{""1.5"":[-1920,null],""2.5"":[-499,null],""3.5"":[-189,null],""4.5"":[121,null],""5.5"":[265,null],""6.5"":[582,null],""7.5"":[1220,null]},""czr"":{""2.5"":[-800,null],""3.5"":[-209,null],""4.5"":[107,null],""5.5"":[230,null],""6.5"":[475,null],""7.5"":[1000,null]}}",4.5,0.5249,-110,+110,over,dk,4.5,124,0.1038,2026-08-24T21:30:12Z,2026-08-24T21:30:12Z,morning,9,0.2073,0.938,0.1977,4.5,0.6567,0.4728,0.304,0.1746,0.09,0.0417,4.5,0.4728,+112,-112,over,dk,4.5,124,0.0518,2026-08-24T21:30:12Z,2026-08-24T21:56:09Z,1,7,27,7.0,1,W,1,W,2026-08-26T04:53:51Z
2026-08-24,824964,605488,Jeffrey Springs,Athletics,Minnesota Twins,1,L,89,504,23,113.7,138,713,20.5,21.89,20.85,0.1831,0.828,confirmed,9,0.2068,0.935,0.1707,3.54,0.4762,0.2902,0.155,0.0731,0.0307,0.0115,3.5,-132,103,3.5,-130,102,3.5,-140,105,,,,"{""fd"":{""2.5"":[-390,null],""3.5"":[-130,null],""4.5"":[176,null],""5.5"":[400,null]},""mgm"":{""5.5"":[290,null],""2.5"":[-325,null],""4.5"":[150,null],""6.5"":[525,null],""3.5"":[-140,null]},""dk"":{""1.5"":[-1300,null],""2.5"":[-359,null],""3.5"":[-136,null],""4.5"":[170,null],""5.5"":[374,null],""6.5"":[820,null],""7.5"":[1720,null]},""czr"":{""2.5"":[-390,null],""3.5"":[-141,null],""4.5"":[159,null],""5.5"":[330,null],""6.5"":[750,null]}}",3.5,0.4762,+110,-110,under,mgm,3.5,105,0.0684,2026-08-24T21:30:12Z,2026-08-24T21:30:12Z,morning,9,0.2068,0.935,0.1707,3.54,0.4761,0.2901,0.155,0.0731,0.0306,0.0115,3.5,0.4761,+110,-110,under,mgm,3.5,105,0.0685,2026-08-24T21:30:12Z,2026-08-24T21:33:13Z,1,3,23,4.7,0,W,0,W,2026-08-26T04:53:51Z
2026-08-24,823097,554430,Zack Wheeler,Philadelphia Phillies,Seattle Mariners,0,R,144,474,21,120.3,195,585,20.75,22.47,21.18,0.3041,1.376,confirmed,9,0.2188,0.99,0.3013,6.25,0.8653,0.7524,0.606,0.4472,0.3006,0.1836,6.5,-155,121,7.5,120,-154,7.5,115,-155,,,,"{""fd"":{""4.5"":[-1200,null],""5.5"":[-440,null],""6.5"":[-188,null],""7.5"":[120,null],""8.5"":[220,null],""9.5"":[430,null]},""mgm"":{""8.5"":[200,null],""9.5"":[360,null],""7.5"":[115,null],""5.5"":[-325,null],""6.5"":[-165,null]},""czr"":{""9.5"":[340,null],""4.5"":[-1200,null],""5.5"":[-380,null],""6.5"":[-173,null],""7.5"":[111,null],""8.5"":[195,null]},""dk"":{""3.5"":[-1960,null],""4.5"":[-730,null],""5.5"":[-319,null],""6.5"":[-154,null],""7.5"":[132,null],""8.5"":[263,null],""9.5"":[534,null],""10.5"":[1060,null]}}",7.5,0.3006,+233,-233,under,mgm,7.5,-155,0.1329,2026-08-24T21:30:12Z,2026-08-24T21:30:12Z,morning,9,0.2188,0.99,0.3013,6.26,0.8653,0.7524,0.6061,0.4473,0.3006,0.1837,7.5,0.3006,+233,-233,under,mgm,7.5,-155,0.1328,2026-08-24T21:30:12Z,2026-08-24T21:33:13Z,1,4,25,4.0,0,W,0,W,2026-08-26T04:53:51Z
2026-08-24,823097,669302,Logan Gilbert,Seattle Mariners,Philadelphia Phillies,1,R,157,594,25,150.3,173,535,24.75,23.67,24.48,0.2722,1.231,previous,9,0.2174,0.983,0.2679,6.37,0.8736,0.7627,0.6188,0.4617,0.315,0.1961,6.5,118,-150,6.5,122,-156,6.5,105,-140,,,,"{""fd"":{""3.5"":[-1800,null],""4.5"":[-500,null],""5.5"":[-196,null],""6.5"":[122,null],""7.5"":[230,null],""8.5"":[470,null]},""mgm"":{""7.5"":[195,null],""5.5"":[-175,null],""6.5"":[105,null],""4.5"":[-350,null],""8.5"":[350,null]},""czr"":{""9.5"":[750,null],""3.5"":[-1450,null],""4.5"":[-420,null],""5.5"":[-173,null],""6.5"":[113,null],""7.5"":[210,null],""8.5"":[380,null]},""dk"":{""2.5"":[-3400,null],""3.5"":[-960,null],""4.5"":[-367,null],""5.5"":[-174,null],""6.5"":[117,null],""7.5"":[236,null],""8.5"":[476,null],""9.5"":[940,null],""10.5"":[1760,null]}}",6.5,0.4617,+117,-117,over,fd,6.5,122,0.0366,2026-08-24T21:30:12Z,2026-08-24T21:30:12Z,morning,9,0.1844,0.834,0.2295,5.45,0.7895,0.6381,0.4699,0.3136,0.1894,0.1036,6.5,0.3136,+219,-219,under,mgm,6.5,-140,0.1419,2026-08-24T21:30:12Z,2026-08-24T22:21:08Z,1,5,22,5.0,0,L,0,W,2026-08-26T04:53:51Z
2026-08-24,823183,695505,Chase Burns,Cincinnati Reds,San Francisco Giants,0,R,159,548,24,136.0,67,188,22.62,22.86,22.68,0.2892,1.308,previous,9,0.2322,1.05,0.3024,6.88,0.9055,0.8172,0.6929,0.5449,0.3943,0.2614,6.5,-110,-116,6.5,-104,-122,6.5,-115,-115,,,,"{""dk"":{""3.5"":[-1600,null],""4.5"":[-539,null],""5.5"":[-231,null],""6.5"":[-110,null],""7.5"":[187,null],""8.5"":[374,null],""9.5"":[770,null],""10.5"":[1480,null]},""czr"":{""9.5"":[550,null],""4.5"":[-590,null],""5.5"":[-240,null],""6.5"":[-118,null],""7.5"":[159,null],""8.5"":[285,null]},""mgm"":{""7.5"":[165,null],""4.5"":[-500,null],""8.5"":[325,null],""6.5"":[-115,null],""5.5"":[-225,null]},""fd"":{""3.5"":[-2200,null],""4.5"":[-590,null],""5.5"":[-250,null],""6.5"":[-104,null],""7.5"":[186,null],""8.5"":[360,null],""9.5"":[700,null]}}",6.5,0.5449,-120,+120,over,fd,6.5,-104,0.0637,2026-08-24T21:30:12Z,2026-08-24T21:30:12Z,morning,6,0.206,0.932,0.2712,6.17,0.859,0.7404,0.5903,0.4312,0.2871,0.1739,6.5,0.4312,+132,-132,under,mgm,6.5,-115,0.0688,2026-08-24T21:30:12Z,2026-08-24T23:45:47Z,1,5,19,3.7,0,L,0,W,2026-08-26T04:53:51Z
2026-08-24,823183,687931,Carson Whisenhunt,San Francisco Giants,Cincinnati Reds,1,L,23,153,7,32.0,16,102,21.86,21.83,21.85,0.1781,0.806,previous,9,0.2488,1.125,0.2018,4.39,0.6393,0.4532,0.286,0.1609,0.081,0.0367,4.5,-109,-117,4.5,102,-130,4.5,105,-145,,,,"{""dk"":{""1.5"":[-3500,null],""2.5"":[-730,null],""3.5"":[-262,null],""4.5"":[-113,null],""5.5"":[192,null],""6.5"":[415,null],""7.5"":[880,null],""8.5"":[1740,null]},""czr"":{""2.5"":[-950,null],""3.5"":[-265,null],""4.5"":[-108,null],""5.5"":[197,null],""6.5"":[400,null],""7.5"":[850,null]},""mgm"":{""3.5"":[-190,null],""6.5"":[390,null],""4.5"":[105,null],""2.5"":[-450,null],""5.5"":[210,null]},""fd"":{""2.5"":[-800,null],""3.5"":[-265,null],""4.5"":[102,null],""5.5"":[215,null],""6.5"":[450,null]}}",4.5,0.4532,+121,-121,under,dk,4.5,-117,0.0385,2026-08-24T21:30:12Z,2026-08-24T21:30:12Z,morning,9,0.2502,1.132,0.203,4.42,0.6437,0.4581,0.2904,0.1641,0.083,0.0378,4.5,0.4581,+118,-118,under,dk,4.5,-117,0.0336,2026-08-24T21:30:12Z,2026-08-24T21:56:09Z,1,3,11,2.7,0,W,0,W,2026-08-26T04:53:51Z
2026-08-25,823989,668909,Gavin Williams,Cleveland Guardians,Los Angeles Angels,0,R,204,632,27,156.0,173,704,23.38,23.73,23.46,0.3029,1.371,confirmed,9,0.251,1.136,0.3392,7.72,0.9404,0.8812,0.789,0.6653,0.5225,0.3795,,,,,,,,,,,,,,,,,,,,,,,,2026-08-26T04:51:56Z,morning,,,,,,,,,,,,,,,,,,,,,,,1,3,11,1.3,,,,,2026-08-26T05:32:14Z
2026-08-25,823989,700712,Walbert Ureña,Los Angeles Angels,Cleveland Guardians,1,R,112,500,22,116.3,0,0,20.75,22.06,21.08,0.2231,1.01,confirmed,9,0.1911,0.865,0.193,4.01,0.5699,0.3795,0.2231,0.1163,0.0541,0.0225,,,,,,,,,,,,,,,,,,,,,,,,2026-08-26T04:51:56Z,morning,,,,,,,,,,,,,,,,,,,,,,,1,3,21,3.7,,,,,2026-08-26T05:32:14Z
2026-09-05,823577,683627,Anthony Molina,San Francisco Giants,New York Mets,0,R,9,56,1,14.3,24,160,21.0,21.58,21.14,0.183,0.829,confirmed,9,0.2157,0.977,0.1787,3.71,0.5108,0.322,0.1784,0.0874,0.0381,0.0149,3.5,-106,-121,3.5,112,-142,3.5,100,-135,,,,"{""fd"":{""2.5"":[-265,null],""3.5"":[112,null],""4.5"":[250,null],""5.5"":[600,null]},""dk"":{""1.5"":[-900,null],""2.5"":[-261,null],""3.5"":[-106,null],""4.5"":[221,null],""5.5"":[490,null],""6.5"":[1040,null]},""czr"":{""1.5"":[-1700,null],""2.5"":[-280,null],""3.5"":[-103,null],""4.5"":[215,null],""5.5"":[500,null],""6.5"":[1100,null]},""mgm"":{""3.5"":[100,null],""4.5"":[230,null],""6.5"":[900,null],""2.5"":[-235,null],""5.5"":[475,null]}}",3.5,0.5108,-104,+104,over,fd,3.5,112,0.0652,2026-09-05T17:16:47Z,2026-09-05T17:16:47Z,morning,,,,,,,,,,,,,,,,,,,,,,,1,6,18,5.0,1,W,,,2026-09-09T01:07:47Z
2026-09-05,823577,804267,Zac Thornton,New York Mets,San Francisco Giants,1,L,45,245,11,61.3,0,0,22.62,22.18,22.51,0.2003,0.908,previous,9,0.2057,0.932,0.1864,4.24,0.6122,0.424,0.261,0.1432,0.0703,0.0311,,,,,,,,,,,,,,,,,,,,,,,2026-09-05T17:16:47Z,2026-09-05T17:16:47Z,morning,,,,,,,,,,,,,,,,,,,,,,,1,6,22,5.0,,,,,2026-09-09T01:07:47Z
2026-09-05,823823,665871,Javier Assad,Chicago Cubs,Miami Marlins,0,R,55,332,10,83.3,23,153,20.25,20.95,20.42,0.1749,0.793,confirmed,9,0.2276,1.032,0.1807,3.57,0.4831,0.2962,0.1591,0.0753,0.0317,0.0119,3.5,100,-128,3.5,112,-142,3.5,-110,-120,,,,"{""fd"":{""2.5"":[-265,null],""3.5"":[112,null],""4.5"":[255,null],""5.5"":[600,null]},""mgm"":{""2.5"":[-295,null],""4.5"":[195,null],""5.5"":[400,null],""3.5"":[-115,null],""6.5"":[825,null]},""czr"":{""1.5"":[-1450,null],""2.5"":[-290,null],""3.5"":[-104,null],""4.5"":[215,null],""5.5"":[500,null],""6.5"":[1100,null]},""dk"":{""1.5"":[-900,null],""2.5"":[-259,null],""3.5"":[100,null],""4.5"":[235,null],""5.5"":[540,null],""6.5"":[1200,null]}}",3.5,0.4831,+107,-107,over,fd,3.5,112,0.0374,2026-09-05T17:16:47Z,2026-09-05T17:16:47Z,morning,,,,,,,,,,,,,,,,,,,,,,,1,3,20,4.7,0,L,,,2026-09-09T01:07:47Z
2026-09-05,823823,687473,Ryan Gusto,Miami Marlins,Chicago Cubs,1,R,57,298,14,67.7,97,453,19.75,19.27,19.63,0.2013,0.912,confirmed,9,0.2153,0.976,0.1962,3.88,0.546,0.3555,0.2038,0.1033,0.0466,0.0188,3.5,-136,107,3.5,-132,104,3.5,-135,100,,,,"{""fd"":{""2.5"":[-400,null],""3.5"":[-132,null],""4.5"":[168,null],""5.5"":[390,null]},""mgm"":{""4.5"":[165,null],""3.5"":[-135,null],""2.5"":[-325,null],""5.5"":[340,null],""6.5"":[675,null]},""czr"":{""2.5"":[-460,null],""3.5"":[-150,null],""4.5"":[150,null],""5.5"":[330,null],""6.5"":[700,null]},""dk"":{""1.5"":[-1220,null],""2.5"":[-342,null],""3.5"":[-137,null],""4.5"":[165,null],""5.5"":[370,null],""6.5"":[820,null],""7.5"":[1680,null]}}",3.5,0.546,-120,+120,over,mgm,3.5,-135,0.0113,2026-09-05T17:16:47Z,2026-09-05T17:16:47Z,morning,,,,,,,,,,,,,,,,,,,,,,,1,5,24,4.7,1,W,,,2026-09-09T01:07:47Z
2026-09-05,823419,527048,Martín Pérez,Atlanta Braves,Philadelphia Phillies,0,L,91,499,22,121.0,44,228,20.25,21.18,20.48,0.1891,0.857,previous,9,0.198,0.898,0.169,3.34,0.4335,0.2528,0.1287,0.0577,0.0229,0.0082,3.5,105,-133,3.5,102,-130,3.5,-105,-125,,,,"{""fd"":{""2.5"":[-280,null],""3.5"":[102,null],""4.5"":[215,null],""5.5"":[470,null]},""czr"":{""1.5"":[-1450,null],""2.5"":[-295,null],""3.5"":[-106,null],""4.5"":[210,null],""5.5"":[500,null],""6.5"":[1000,null]},""dk"":{""1.5"":[-830,null],""2.5"":[-247,null],""3.5"":[105,null],""4.5"":[250,null],""5.5"":[598,null],""6.5"":[1380,null]},""mgm"":{""6.5"":[850,null],""4.5"":[210,null],""5.5"":[425,null],""3.5"":[-105,null],""2.5"":[-250,null]}}",3.5,0.4335,+131,-131,under,mgm,3.5,-125,0.0462,2026-09-05T17:16:47Z,2026-09-05T17:16:47Z,morning,,,,,,,,,,,,,,,,,,,,,,,1,3,22,3.7,0,W,,,2026-09-09T01:07:47Z
2026-09-05,823419,554430,Zack Wheeler,Philadelphia Phillies,Atlanta Braves,1,R,154,524,23,130.3,195,585,20.75,22.57,21.21,0.2969,1.345,previous,9,0.2226,1.009,0.2992,6.21,0.8618,0.7473,0.5997,0.4405,0.2946,0.179,6.5,-109,-117,6.5,-113,-113,6.5,-125,-105,,,,"{""fd"":{""3.5"":[-2000,null],""4.5"":[-650,null],""5.5"":[-265,null],""6.5"":[-113,null],""7.5"":[168,null],""8.5"":[340,null],""9.5"":[680,null]},""czr"":{""9.5"":[500,null],""4.5"":[-750,null],""5.5"":[-260,null],""6.5"":[-124,null],""7.5"":[149,null],""8.5"":[265,null]},""dk"":{""3.5"":[-1220,null],""4.5"":[-483,null],""5.5"":[-220,null],""6.5"":[-111,null],""7.5"":[175,null],""8.5"":[341,null],""9.5"":[670,null],""10.5"":[1300,null]},""mgm"":{""6.5"":[-125,null],""7.5"":[145,null],""5.5"":[-250,null],""8.5"":[260,null],""4.5"":[-525,null]}}",6.5,0.4405,+127,-127,under,mgm,6.5,-105,0.0798,2026-09-05T17:16:47Z,2026-09-05T17:16:47Z,morning,,,,,,,,,,,,,,,,,,,,,,,1,9,23,6.0,1,L,,,2026-09-09T01:07:47Z
2026-09-05,824389,664285,Framber Valdez,Detroit Tigers,Cleveland Guardians,0,L,116,664,27,150.7,187,802,24.5,24.26,24.44,0.1877,0.85,previous,9,0.1793,0.813,0.1513,3.59,0.4844,0.2986,0.1621,0.0781,0.0336,0.013,3.5,-143,112,3.5,-142,112,3.5,-155,115,,,,"{""fd"":{""2.5"":[-410,null],""3.5"":[-142,null],""4.5"":[164,null],""5.5"":[360,null]},""czr"":{""2.5"":[-480,null],""3.5"":[-164,null],""4.5"":[140,null],""5.5"":[300,null],""6.5"":[675,null]},""mgm"":{""6.5"":[525,null],""5.5"":[275,null],""3.5"":[-160,null],""4.5"":[135,null],""2.5"":[-375,null]},""dk"":{""1.5"":[-1160,null],""2.5"":[-353,null],""3.5"":[-144,null],""4.5"":[155,null],""5.5"":[328,null],""6.5"":[680,null],""7.5"":[1500,null]}}",3.5,0.4844,+106,-106,under,mgm,3.5,115,0.0821,2026-09-05T17:16:47Z,2026-09-05T17:16:47Z,morning,,,,,,,,,,,,,,,,,,,,,,,1,3,24,7.0,0,W,,,2026-09-09T01:07:47Z
2026-09-05,824389,800048,Parker Messick,Cleveland Guardians,Detroit Tigers,1,L,161,637,27,161.0,38,165,23.62,23.48,23.59,0.2461,1.115,previous,9,0.2202,0.998,0.2457,5.84,0.8295,0.6953,0.5354,0.3759,0.2398,0.139,6.5,110,-141,6.5,116,-148,5.5,-160,120,,,,"{""fd"":{""3.5"":[-1600,null],""4.5"":[-500,null],""5.5"":[-205,null],""6.5"":[116,null],""7.5"":[220,null],""8.5"":[440,null]},""czr"":{""9.5"":[700,null],""3.5"":[-1700,null],""4.5"":[-440,null],""5.5"":[-190,null],""6.5"":[109,null],""7.5"":[196,null],""8.5"":[375,null]},""mgm"":{""6.5"":[115,null],""5.5"":[-160,null],""7.5"":[210,null],""4.5"":[-325,null],""8.5"":[380,null]},""dk"":{""3.5"":[-1260,null],""4.5"":[-444,null],""5.5"":[-194,null],""6.5"":[108,null],""7.5"":[220,null],""8.5"":[444,null],""9.5"":[860,null],""10.5"":[1720,null]}}",6.5,0.3759,+166,-166,under,dk,6.5,-141,0.0728,2026-09-05T17:16:47Z,2026-09-05T17:16:47Z,morning,,,,,,,,,,,,,,,,,,,,,,,1,12,26,6.0,1,L,,,2026-09-09T01:07:47Z
2026-09-05,823335,579328,Yusei Kikuchi,Los Angeles Angels,Pittsburgh Pirates,0,L,43,192,9,43.0,174,772,20.43,20.83,20.53,0.2242,1.016,previous,9,0.2247,1.018,0.2283,4.74,0.6968,0.5198,0.3473,0.2075,0.1111,0.0535,5.5,-106,-120,5.5,-115,-111,5.5,-115,-115,,,,"{""fd"":{""2.5"":[-3000,null],""3.5"":[-720,null],""4.5"":[-290,null],""5.5"":[-115,null],""6.5"":[164,null],""7.5"":[340,null],""8.5"":[680,null]},""czr"":{""9.5"":[1100,null],""3.5"":[-950,null],""4.5"":[-290,null],""5.5"":[-124,null],""6.5"":[158,null],""7.5"":[305,null],""8.5"":[600,null]},""dk"":{""2.5"":[-1800,null],""3.5"":[-556,null],""4.5"":[-229,null],""5.5"":[-105,null],""6.5"":[195,null],""7.5"":[401,null],""8.5"":[820,null],""9.5"":[1600,null]},""mgm"":{""6.5"":[155,null],""7.5"":[300,null],""5.5"":[-125,null],""4.5"":[-250,null],""3.5"":[-625,null]}}",5.5,0.3473,+188,-188,under,fd,5.5,-111,0.1568,2026-09-05T17:16:47Z,2026-09-05T17:16:47Z,morning,,,,,,,,,,,,,,,,,,,,,,,1,6,24,6.0,1,L,,,2026-09-09T01:07:47Z
2026-09-05,823335,677952,Braxton Ashcraft,Pittsburgh Pirates,Los Angeles Angels,1,R,164,645,27,160.3,71,292,23.0,23.69,23.17,0.2495,1.131,previous,9,0.2535,1.149,0.2851,6.49,0.8816,0.7773,0.6384,0.4829,0.3344,0.2113,6.5,124,-159,5.5,-164,128,5.5,-140,105,,,,"{""fd"":{""3.5"":[-1100,null],""4.5"":[-430,null],""5.5"":[-164,null],""6.5"":[122,null],""7.5"":[240,null],""8.5"":[480,null]},""czr"":{""9.5"":[800,null],""3.5"":[-1200,null],""4.5"":[-380,null],""5.5"":[-164,null],""6.5"":[123,null],""7.5"":[235,null],""8.5"":[425,null]},""dk"":{""3.5"":[-1100,null],""4.5"":[-389,null],""5.5"":[-170,null],""6.5"":[124,null],""7.5"":[253,null],""8.5"":[522,null],""9.5"":[1060,null]},""mgm"":{""4.5"":[-275,null],""6.5"":[135,null],""5.5"":[-140,null],""3.5"":[-650,null],""7.5"":[260,null]}}",5.5,0.6384,-177,+177,over,mgm,5.5,-140,0.0938,2026-09-05T17:16:47Z,2026-09-05T17:16:47Z,morning,,,,,,,,,,,,,,,,,,,,,,,1,9,22,5.0,1,W,,,2026-09-09T01:07:47Z
2026-09-05,824468,669160,Dustin May,Milwaukee Brewers,Cincinnati Reds,0,R,122,547,26,128.7,123,584,19.38,21.01,19.78,0.2204,0.999,previous,9,0.2519,1.142,0.2516,4.97,0.7316,0.5631,0.3898,0.2418,0.1346,0.0674,5.5,108,-137,5.5,112,-142,5.5,-105,-125,,,,"{""fd"":{""2.5"":[-1800,null],""3.5"":[-520,null],""4.5"":[-220,null],""5.5"":[112,null],""6.5"":[220,null],""7.5"":[440,null]},""czr"":{""3.5"":[-560,null],""4.5"":[-218,null],""5.5"":[-102,null],""6.5"":[197,null],""7.5"":[380,null],""8.5"":[700,null]},""dk"":{""2.5"":[-1300,null],""3.5"":[-458,null],""4.5"":[-196,null],""5.5"":[107,null],""6.5"":[218,null],""7.5"":[449,null],""8.5"":[910,null],""9.5"":[1800,null]},""mgm"":{""6.5"":[185,null],""4.5"":[-220,null],""7.5"":[350,null],""3.5"":[-500,null],""5.5"":[-105,null]}}",5.5,0.3898,+157,-157,under,mgm,5.5,-125,0.0899,2026-09-05T17:16:47Z,2026-09-05T17:16:47Z,morning,,,,,,,,,,,,,,,,,,,,,,,1,5,15,3.7,0,W,,,2026-09-09T01:07:47Z
2026-09-05,824468,671096,Andrew Abbott,Cincinnati Reds,Milwaukee Brewers,1,L,115,649,28,148.3,149,684,24.0,23.15,23.79,0.1869,0.847,previous,9,0.2148,0.974,0.1818,4.32,0.625,0.4379,0.2734,0.1524,0.0762,0.0343,3.5,-137,107,3.5,-132,104,3.5,-160,120,,,,"{""fd"":{""2.5"":[-400,null],""3.5"":[-132,null],""4.5"":[164,null],""5.5"":[370,null]},""czr"":{""2.5"":[-440,null],""3.5"":[-148,null],""4.5"":[153,null],""5.5"":[330,null],""6.5"":[700,null]},""dk"":{""1.5"":[-1380,null],""2.5"":[-360,null],""3.5"":[-137,null],""4.5"":[172,null],""5.5"":[389,null],""6.5"":[890,null]},""mgm"":{""5.5"":[250,null],""4.5"":[130,null],""3.5"":[-160,null],""2.5"":[-375,null],""6.5"":[475,null]}}",3.5,0.625,-167,+167,over,fd,3.5,-132,0.0878,2026-09-05T17:16:47Z,2026-09-05T17:16:47Z,morning,,,,,,,,,,,,,,,,,,,,,,,1,5,15,4.0,1,W,,,2026-09-09T01:07:47Z
2026-09-05,824795,543243,Sonny Gray,Boston Red Sox,Baltimore Orioles,0,R,128,586,25,143.7,201,753,25.5,23.38,24.97,0.2283,1.035,previous,9,0.2477,1.123,0.256,6.34,0.8713,0.7586,0.6136,0.4565,0.3107,0.1932,5.5,-131,102,5.5,-115,-111,5.5,-130,-105,,,,"{""fd"":{""2.5"":[-3500,null],""3.5"":[-800,null],""4.5"":[-295,null],""5.5"":[-115,null],""6.5"":[168,null],""7.5"":[340,null],""8.5"":[700,null]},""czr"":{""9.5"":[1000,null],""3.5"":[-1200,null],""4.5"":[-310,null],""5.5"":[-141,null],""6.5"":[142,null],""7.5"":[260,null],""8.5"":[500,null]},""dk"":{""2.5"":[-3000,null],""3.5"":[-760,null],""4.5"":[-297,null],""5.5"":[-131,null],""6.5"":[158,null],""7.5"":[322,null],""8.5"":[650,null],""9.5"":[1320,null]},""mgm"":{""3.5"":[-650,null],""6.5"":[150,null],""4.5"":[-275,null],""7.5"":[280,null],""5.5"":[-135,null]}}",5.5,0.6136,-159,+159,over,fd,5.5,-115,0.1094,2026-09-05T17:16:47Z,2026-09-05T17:16:47Z,morning,,,,,,,,,,,,,,,,,,,,,,,1,7,25,7.0,1,W,,,2026-09-09T01:07:47Z
2026-09-05,824795,605135,Chris Bassitt,Baltimore Orioles,Boston Red Sox,1,R,55,362,14,79.7,166,736,23.0,22.15,22.79,0.1778,0.806,previous,9,0.2088,0.946,0.1677,3.82,0.5309,0.3417,0.194,0.0978,0.044,0.0178,4.5,117,-150,3.5,-154,120,4.5,125,-165,,,,"{""fd"":{""2.5"":[-460,null],""3.5"":[-154,null],""4.5"":[142,null],""5.5"":[320,null],""6.5"":[750,null]},""czr"":{""2.5"":[-560,null],""3.5"":[-190,null],""4.5"":[125,null],""5.5"":[265,null],""6.5"":[550,null],""7.5"":[1200,null]},""dk"":{""1.5"":[-2200,null],""2.5"":[-534,null],""3.5"":[-199,null],""4.5"":[117,null],""5.5"":[262,null],""6.5"":[569,null],""7.5"":[1240,null]},""mgm"":{""6.5"":[450,null],""2.5"":[-400,null],""3.5"":[-165,null],""4.5"":[125,null],""5.5"":[250,null]}}",4.5,0.3417,+193,-193,under,dk,4.5,-150,0.0927,2026-09-05T17:16:47Z,2026-09-05T17:16:47Z,morning,,,,,,,,,,,,,,,,,,,,,,,1,6,26,5.7,1,L,,,2026-09-09T01:07:47Z
2026-09-05,822850,656876,Drew Rasmussen,Tampa Bay Rays,Texas Rangers,0,R,149,574,26,146.3,127,585,21.5,22.05,21.64,0.2488,1.128,previous,9,0.2245,1.018,0.2531,5.51,0.7965,0.649,0.4818,0.3238,0.1967,0.1081,5.5,-123,-103,5.5,-111,-115,5.5,-125,-105,,,,"{""fd"":{""2.5"":[-3500,null],""3.5"":[-770,null],""4.5"":[-290,null],""5.5"":[-111,null],""6.5"":[180,null],""7.5"":[370,null],""8.5"":[750,null]},""czr"":{""9.5"":[1200,null],""3.5"":[-800,null],""4.5"":[-280,null],""5.5"":[-124,null],""6.5"":[156,null],""7.5"":[300,null],""8.5"":[600,null]},""dk"":{""2.5"":[-2400,null],""3.5"":[-670,null],""4.5"":[-267,null],""5.5"":[-124,null],""6.5"":[166,null],""7.5"":[341,null],""8.5"":[690,null],""9.5"":[1480,null]},""mgm"":{""6.5"":[155,null],""5.5"":[-125,null],""4.5"":[-275,null],""3.5"":[-650,null],""7.5"":[300,null]}}",5.5,0.4818,+108,-108,under,dk,5.5,-103,0.039,2026-09-05T17:16:47Z,2026-09-05T17:16:47Z,morning,,,,,,,,,,,,,,,,,,,,,,,1,7,24,7.0,1,L,,,2026-09-09T01:07:47Z
2026-09-05,822850,594798,Jacob deGrom,Texas Rangers,Tampa Bay Rays,1,R,167,561,26,137.3,185,669,20.0,21.68,20.42,0.2887,1.309,previous,9,0.1725,0.782,0.2301,4.55,0.6676,0.4854,0.3146,0.1817,0.0938,0.0434,5.5,106,-136,5.5,108,-138,5.5,100,-135,,,,"{""fd"":{""2.5"":[-2500,null],""3.5"":[-650,null],""4.5"":[-240,null],""5.5"":[108,null],""6.5"":[215,null],""7.5"":[450,null]},""czr"":{""3.5"":[-590,null],""4.5"":[-230,null],""5.5"":[-103,null],""6.5"":[189,null],""7.5"":[360,null],""8.5"":[700,null]},""dk"":{""2.5"":[-1780,null],""3.5"":[-541,null],""4.5"":[-213,null],""5.5"":[104,null],""6.5"":[220,null],""7.5"":[459,null],""8.5"":[980,null]},""mgm"":{""3.5"":[-500,null],""7.5"":[380,null],""4.5"":[-200,null],""6.5"":[195,null],""5.5"":[100,null]}}",5.5,0.3146,+218,-218,under,mgm,5.5,-135,0.1507,2026-09-05T17:16:47Z,2026-09-05T17:16:47Z,morning,,,,,,,,,,,,,,,,,,,,,,,1,7,21,6.0,1,L,,,2026-09-09T01:07:47Z
2026-09-05,824066,453286,Max Scherzer,Toronto Blue Jays,Kansas City Royals,0,R,46,248,13,57.0,82,358,19.62,19.16,19.51,0.2036,0.923,previous,9,0.204,0.924,0.1879,3.71,0.5126,0.3234,0.1791,0.0876,0.0381,0.0148,3.5,-121,-105,3.5,-111,-115,3.5,-125,-105,,,,"{""fd"":{""2.5"":[-340,null],""3.5"":[-111,null],""4.5"":[196,null],""5.5"":[440,null]},""czr"":{""2.5"":[-335,null],""3.5"":[-127,null],""4.5"":[186,null],""5.5"":[400,null],""6.5"":[900,null]},""dk"":{""1.5"":[-1160,null],""2.5"":[-315,null],""3.5"":[-121,null],""4.5"":[195,null],""5.5"":[444,null],""6.5"":[1000,null]},""mgm"":{""3.5"":[-140,null],""5.5"":[320,null],""2.5"":[-350,null],""4.5"":[155,null],""6.5"":[600,null]}}",3.5,0.5126,-105,+105,over,fd,3.5,-111,0.0167,2026-09-05T17:16:47Z,2026-09-05T17:16:47Z,morning,,,,,,,,,,,,,,,,,,,,,,,1,2,24,5.7,0,L,,,2026-09-09T01:07:47Z
2026-09-05,824066,607625,Seth Lugo,Kansas City Royals,Toronto Blue Jays,1,R,118,662,28,154.0,125,611,23.75,23.49,23.69,0.1853,0.84,previous,9,0.1738,0.788,0.1446,3.44,0.4507,0.2688,0.1409,0.0655,0.0272,0.0102,3.5,107,-136,3.5,114,-146,3.5,120,-160,,,,"{""fd"":{""2.5"":[-265,null],""3.5"":[114,null],""4.5"":[260,null],""5.5"":[600,null]},""czr"":{""1.5"":[-1200,null],""2.5"":[-235,null],""3.5"":[109,null],""4.5"":[260,null],""5.5"":[600,null]},""dk"":{""1.5"":[-860,null],""2.5"":[-250,null],""3.5"":[104,null],""4.5"":[249,null],""5.5"":[568,null],""6.5"":[1220,null]},""mgm"":{""2.5"":[-200,null],""3.5"":[120,null],""4.5"":[260,null],""6.5"":[950,null],""5.5"":[500,null]}}",3.5,0.4507,+122,-122,over,mgm,3.5,120,0.0259,2026-09-05T17:16:47Z,2026-09-05T17:16:47Z,morning,,,,,,,,,,,,,,,,,,,,,,,1,1,23,5.0,0,L,,,2026-09-09T01:07:47Z
2026-09-05,824553,671737,Taj Bradley,Minnesota Twins,Chicago White Sox,0,R,178,654,27,154.3,127,605,24.5,24.05,24.39,0.2582,1.17,previous,9,0.2325,1.054,0.2714,6.45,0.8791,0.772,0.6312,0.4753,0.3277,0.2063,6.5,-104,-122,6.5,100,-128,6.5,100,-135,,,,"{""fd"":{""3.5"":[-1600,null],""4.5"":[-530,null],""5.5"":[-235,null],""6.5"":[100,null],""7.5"":[180,null],""8.5"":[350,null],""9.5"":[750,null]},""czr"":{""9.5"":[600,null],""4.5"":[-560,null],""5.5"":[-225,null],""6.5"":[-108,null],""7.5"":[177,null],""8.5"":[305,null]},""dk"":{""3.5"":[-1160,null],""4.5"":[-448,null],""5.5"":[-209,null],""6.5"":[-104,null],""7.5"":[192,null],""8.5"":[380,null],""9.5"":[750,null],""10.5"":[1420,null]},""mgm"":{""6.5"":[-115,null],""4.5"":[-450,null],""7.5"":[160,null],""8.5"":[290,null],""5.5"":[-220,null]}}",6.5,0.4753,+110,-110,over,mgm,6.5,100,0.01,2026-09-05T17:16:47Z,2026-09-05T17:16:47Z,morning,,,,,,,,,,,,,,,,,,,,,,,1,6,21,5.0,0,L,,,2026-09-09T01:07:47Z
2026-09-05,824553,641743,Anthony Kay,Chicago White Sox,Minnesota Twins,1,L,113,611,26,136.7,0,0,23.12,22.2,22.89,0.1937,0.878,previous,9,0.196,0.888,0.1714,3.9,0.5477,0.358,0.2067,0.106,0.0486,0.02,3.5,-180,140,3.5,-140,110,3.5,-150,110,,,,"{""fd"":{""2.5"":[-430,null],""3.5"":[-140,null],""4.5"":[158,null],""5.5"":[360,null]},""czr"":{""2.5"":[-460,null],""3.5"":[-164,null],""4.5"":[136,null],""5.5"":[300,null],""6.5"":[625,null]},""dk"":{""1.5"":[-1980,null],""2.5"":[-470,null],""3.5"":[-169,null],""4.5"":[139,null],""5.5"":[315,null],""6.5"":[700,null],""7.5"":[1520,null]},""mgm"":{""4.5"":[140,null],""3.5"":[-150,null],""6.5"":[525,null],""2.5"":[-350,null],""5.5"":[280,null]}}",3.5,0.5477,-121,+121,under,dk,3.5,140,0.059,2026-09-05T17:16:47Z,2026-09-05T17:16:47Z,morning,,,,,,,,,,,,,,,,,,,,,,,1,3,22,4.3,0,W,,,2026-09-09T01:07:47Z
2026-09-05,824145,694297,Brandon Pfaadt,Arizona Diamondbacks,Houston Astros,0,R,73,455,15,111.0,147,767,25.0,23.39,24.6,0.1718,0.779,previous,9,0.2054,0.931,0.1592,3.94,0.5542,0.3648,0.2129,0.1107,0.0516,0.0217,3.5,-171,134,4.5,128,-164,4.5,115,-155,,,,"{""fd"":{""2.5"":[-560,null],""3.5"":[-205,null],""4.5"":[128,null],""5.5"":[265,null],""6.5"":[560,null]},""czr"":{""2.5"":[-750,null],""3.5"":[-205,null],""4.5"":[111,null],""5.5"":[235,null],""6.5"":[500,null],""7.5"":[1000,null]},""dk"":{""1.5"":[-1780,null],""2.5"":[-455,null],""3.5"":[-172,null],""4.5"":[138,null],""5.5"":[304,null],""6.5"":[670,null],""7.5"":[1440,null]},""mgm"":{""5.5"":[230,null],""3.5"":[-190,null],""4.5"":[115,null],""2.5"":[-500,null],""6.5"":[450,null]}}",4.5,0.3648,+174,-174,under,mgm,4.5,-155,0.0686,2026-09-05T17:16:47Z,2026-09-05T17:16:47Z,morning,,,,,,,,,,,,,,,,,,,,,,,1,4,27,6.3,0,W,,,2026-09-09T01:07:47Z
2026-09-05,824145,814490,Ethan Pecko,Houston Astros,Arizona Diamondbacks,1,R,9,58,3,13.0,0,0,19.5,20.86,19.84,0.2059,0.933,previous,9,0.1979,0.897,0.1844,3.64,0.4982,0.31,0.1691,0.0814,0.0348,0.0133,3.5,-127,100,3.5,-113,-113,3.5,-130,-105,,,,"{""fd"":{""2.5"":[-330,null],""3.5"":[-113,null],""4.5"":[196,null],""5.5"":[440,null]},""czr"":{""2.5"":[-360,null],""3.5"":[-130,null],""4.5"":[173,null],""5.5"":[380,null],""6.5"":[850,null]},""dk"":{""1.5"":[-1100,null],""2.5"":[-323,null],""3.5"":[-127,null],""4.5"":[178,null],""5.5"":[397,null],""6.5"":[860,null]},""mgm"":{""2.5"":[-300,null],""5.5"":[320,null],""6.5"":[575,null],""3.5"":[-135,null],""4.5"":[160,null]}}",3.5,0.4982,+101,-101,under,dk,3.5,100,0.0299,2026-09-05T17:16:47Z,2026-09-05T17:16:47Z,morning,,,,,,,,,,,,,,,,,,,,,,,1,2,19,4.3,0,W,,,2026-09-09T01:07:47Z
2026-09-05,823257,607074,Carlos Rodón,New York Yankees,San Diego Padres,0,L,63,247,12,59.0,203,789,21.12,20.95,21.08,0.2527,1.145,previous,9,0.224,1.015,0.2565,5.33,0.7762,0.6214,0.4512,0.2955,0.1743,0.0928,5.5,129,-165,4.5,-154,120,5.5,105,-145,,,,"{""fd"":{""2.5"":[-1400,null],""3.5"":[-400,null],""4.5"":[-154,null],""5.5"":[134,null],""6.5"":[285,null],""7.5"":[600,null]},""czr"":{""3.5"":[-500,null],""4.5"":[-182,null],""5.5"":[117,null],""6.5"":[225,null],""7.5"":[450,null],""8.5"":[900,null]},""dk"":{""2.5"":[-1340,null],""3.5"":[-421,null],""4.5"":[-172,null],""5.5"":[129,null],""6.5"":[268,null],""7.5"":[574,null],""8.5"":[1240,null]},""mgm"":{""4.5"":[-190,null],""7.5"":[380,null],""6.5"":[200,null],""3.5"":[-450,null],""5.5"":[105,null]}}",5.5,0.4512,+122,-122,over,fd,4.5,-154,0.0498,2026-09-05T17:16:47Z,2026-09-05T17:16:47Z,morning,,,,,,,,,,,,,,,,,,,,,,,1,7,20,5.0,1,W,,,2026-09-09T01:07:47Z
2026-09-05,823257,592662,Robbie Ray,San Diego Padres,New York Yankees,1,L,126,622,26,149.0,186,755,22.5,23.01,22.63,0.2119,0.96,previous,9,0.2414,1.094,0.2321,5.28,0.7699,0.6122,0.4417,0.2877,0.1692,0.09,5.5,107,-137,5.5,108,-138,5.5,105,-140,,,,"{""fd"":{""2.5"":[-2200,null],""3.5"":[-560,null],""4.5"":[-230,null],""5.5"":[108,null],""6.5"":[215,null],""7.5"":[430,null]},""czr"":{""3.5"":[-625,null],""4.5"":[-209,null],""5.5"":[101,null],""6.5"":[199,null],""7.5"":[375,null],""8.5"":[750,null]},""dk"":{""2.5"":[-1580,null],""3.5"":[-493,null],""4.5"":[-202,null],""5.5"":[107,null],""6.5"":[226,null],""7.5"":[474,null],""8.5"":[1000,null]},""mgm"":{""7.5"":[325,null],""5.5"":[100,null],""3.5"":[-400,null],""6.5"":[185,null],""4.5"":[-190,null]}}",5.5,0.4417,+126,-126,under,mgm,5.5,-140,0.0137,2026-09-05T17:16:47Z,2026-09-05T17:16:47Z,morning,,,,,,,,,,,,,,,,,,,,,,,1,1,16,2.3,0,W,,,2026-09-09T01:07:47Z
2026-09-05,824310,669461,Matthew Liberatore,St. Louis Cardinals,Colorado Rockies,0,L,141,589,27,134.7,122,648,21.62,21.58,21.61,0.2284,1.035,previous,9,0.2242,1.016,0.232,5.05,0.7403,0.5738,0.4012,0.2522,0.1426,0.0727,5.5,114,-146,5.5,106,-136,5.5,115,-155,,,,"{""fd"":{""2.5"":[-2200,null],""3.5"":[-560,null],""4.5"":[-220,null],""5.5"":[106,null],""6.5"":[210,null],""7.5"":[420,null]},""czr"":{""3.5"":[-530,null],""4.5"":[-205,null],""5.5"":[102,null],""6.5"":[205,null],""7.5"":[400,null],""8.5"":[750,null]},""dk"":{""2.5"":[-1240,null],""3.5"":[-425,null],""4.5"":[-180,null],""5.5"":[117,null],""6.5"":[235,null],""7.5"":[484,null],""8.5"":[970,null],""9.5"":[1800,null]},""mgm"":{""3.5"":[-400,null],""7.5"":[400,null],""4.5"":[-175,null],""5.5"":[115,null],""6.5"":[210,null]}}",5.5,0.4012,+149,-149,under,fd,5.5,-136,0.056,2026-09-05T17:16:47Z,2026-09-05T17:16:47Z,morning,,,,,,,,,,,,,,,,,,,,,,,1,3,19,4.3,0,W,,,2026-09-09T01:07:47Z
2026-09-05,824310,690279,Mason Adams,Colorado Rockies,St. Louis Cardinals,1,R,10,38,2,9.0,0,0,18.0,20.83,18.71,0.2274,1.031,previous,9,0.2263,1.025,0.2332,4.38,0.6397,0.4537,0.2856,0.1597,0.0796,0.0355,3.5,-115,-111,3.5,-113,-113,3.5,-125,-105,,,,"{""fd"":{""2.5"":[-330,null],""3.5"":[-113,null],""4.5"":[190,null],""5.5"":[420,null]},""czr"":{""1.5"":[-2000,null],""2.5"":[-345,null],""3.5"":[-121,null],""4.5"":[184,null],""5.5"":[400,null],""6.5"":[1000,null]},""dk"":{""1.5"":[-940,null],""2.5"":[-287,null],""3.5"":[-115,null],""4.5"":[203,null],""5.5"":[463,null],""6.5"":[1060,null]},""mgm"":{""3.5"":[-125,null],""5.5"":[325,null],""2.5"":[-300,null],""4.5"":[165,null],""6.5"":[600,null]}}",3.5,0.6397,-178,+178,over,fd,3.5,-113,0.1397,2026-09-05T17:16:47Z,2026-09-05T17:16:47Z,morning,,,,,,,,,,,,,,,,,,,,,,,1,7,21,4.7,1,W,,,2026-09-09T01:07:47Z
2026-09-05,823904,676917,Cade Cavalli,Washington Nationals,Los Angeles Dodgers,0,R,177,640,29,152.7,40,219,23.88,22.41,23.51,0.2585,1.172,previous,9,0.1942,0.88,0.2289,5.44,0.7878,0.636,0.4678,0.3117,0.1879,0.1027,5.5,-129,101,5.5,-104,-122,5.5,100,-135,,,,"{""fd"":{""2.5"":[-3000,null],""3.5"":[-650,null],""4.5"":[-265,null],""5.5"":[-104,null],""6.5"":[196,null],""7.5"":[400,null]},""czr"":{""9.5"":[1200,null],""3.5"":[-675,null],""4.5"":[-250,null],""5.5"":[-118,null],""6.5"":[171,null],""7.5"":[330,null],""8.5"":[650,null]},""dk"":{""2.5"":[-2300,null],""3.5"":[-670,null],""4.5"":[-280,null],""5.5"":[-130,null],""6.5"":[150,null],""7.5"":[287,null],""8.5"":[550,null],""9.5"":[1080,null]},""mgm"":{""4.5"":[-220,null],""6.5"":[200,null],""5.5"":[100,null],""7.5"":[380,null],""3.5"":[-500,null]}}",5.5,0.4678,+114,-114,under,dk,5.5,101,0.0632,2026-09-05T17:16:47Z,2026-09-05T17:16:47Z,morning,,,,,,,,,,,,,,,,,,,,,,,1,8,23,6.0,1,L,,,2026-09-09T01:07:47Z
2026-09-05,823904,607192,Tyler Glasnow,Los Angeles Dodgers,Washington Nationals,1,R,62,192,9,51.7,106,366,20.86,21.13,20.93,0.2935,1.33,previous,9,0.2333,1.057,0.3087,6.41,0.876,0.7703,0.6296,0.4728,0.3241,0.2022,7.5,118,-151,7.5,118,-150,7.5,115,-155,,,,"{""fd"":{""3.5"":[-4000,null],""4.5"":[-1000,null],""5.5"":[-430,null],""6.5"":[-194,null],""7.5"":[118,null],""8.5"":[215,null],""9.5"":[420,null]},""czr"":{""9.5"":[350,null],""4.5"":[-1450,null],""5.5"":[-380,null],""6.5"":[-179,null],""7.5"":[111,null],""8.5"":[195,null]},""dk"":{""3.5"":[-3700,null],""4.5"":[-960,null],""5.5"":[-374,null],""6.5"":[-173,null],""7.5"":[118,null],""8.5"":[235,null],""9.5"":[471,null],""10.5"":[920,null],""11.5"":[1800,null]},""mgm"":{""8.5"":[210,null],""5.5"":[-325,null],""6.5"":[-165,null],""7.5"":[110,null],""9.5"":[390,null]}}",7.5,0.3241,+209,-209,under,mgm,7.5,-155,0.1094,2026-09-05T17:16:47Z,2026-09-05T17:16:47Z,morning,,,,,,,,,,,,,,,,,,,,,,,1,8,27,6.0,1,L,,,2026-09-09T01:07:47Z
2026-09-05,823094,605488,Jeffrey Springs,Athletics,Seattle Mariners,0,L,98,548,25,123.0,138,713,21.12,21.93,21.33,0.1844,0.836,previous,9,0.2161,0.979,0.1804,3.75,0.5181,0.3288,0.1835,0.0906,0.0398,0.0157,4.5,122,-156,3.5,-164,128,3.5,-160,120,,,,"{""fd"":{""2.5"":[-520,null],""3.5"":[-164,null],""4.5"":[130,null],""5.5"":[300,null],""6.5"":[630,null]},""mgm"":{""3.5"":[-160,null],""5.5"":[270,null],""6.5"":[500,null],""4.5"":[130,null],""2.5"":[-400,null]},""czr"":{""2.5"":[-560,null],""3.5"":[-190,null],""4.5"":[125,null],""5.5"":[265,null],""6.5"":[550,null],""7.5"":[1200,null]},""dk"":{""1.5"":[-2200,null],""2.5"":[-512,null],""3.5"":[-191,null],""4.5"":[119,null],""5.5"":[260,null],""6.5"":[564,null],""7.5"":[1180,null]}}",3.5,0.5181,-108,+108,under,dk,4.5,-156,0.0962,2026-09-05T17:16:47Z,2026-09-05T17:16:47Z,morning,,,,,,,,,,,,,,,,,,,,,,,1,6,24,7.0,1,L,,,2026-09-09T01:07:47Z
2026-09-05,823094,669923,George Kirby,Seattle Mariners,Athletics,1,R,128,640,26,152.7,137,524,23.12,24.46,23.46,0.2119,0.961,previous,9,0.2135,0.968,0.205,4.67,0.6838,0.5043,0.3332,0.1971,0.1047,0.0501,5.5,105,-134,5.5,108,-138,5.5,110,-150,,,,"{""fd"":{""2.5"":[-2200,null],""3.5"":[-590,null],""4.5"":[-245,null],""5.5"":[108,null],""6.5"":[215,null],""7.5"":[450,null]},""mgm"":{""5.5"":[110,null],""7.5"":[390,null],""6.5"":[210,null],""3.5"":[-400,null],""4.5"":[-185,null]},""czr"":{""3.5"":[-560,null],""4.5"":[-225,null],""5.5"":[103,null],""6.5"":[197,null],""7.5"":[380,null],""8.5"":[700,null]},""dk"":{""2.5"":[-1960,null],""3.5"":[-539,null],""4.5"":[-215,null],""5.5"":[103,null],""6.5"":[219,null],""7.5"":[459,null],""8.5"":[940,null]}}",5.5,0.3332,+200,-200,under,dk,5.5,-134,0.1268,2026-09-05T17:16:47Z,2026-09-05T17:16:47Z,morning,,,,,,,,,,,,,,,,,,,,,,,1,5,27,6.7,0,W,,,2026-09-09T01:07:47Z
2026-09-08,824228,665152,Dean Kremer,Minnesota Twins,Detroit Tigers,0,R,69,300,14,71.7,142,708,21.75,21.74,21.75,0.22,0.996,confirmed,9,0.217,0.982,0.216,4.7,0.6899,0.5116,0.3397,0.2019,0.1076,0.0516,,,,,,,,,,,,,,,,,,,,,,,2026-09-09T01:05:49Z,2026-09-09T01:05:49Z,morning,,,,,,,,,,,,,,,,,,,,,,,1,3,20,5.0,,,,,2026-09-09T01:36:39Z
2026-09-08,824228,623454,Drew Anderson,Detroit Tigers,Minnesota Twins,1,R,105,414,9,97.0,0,0,17.0,18.59,17.4,0.243,1.099,confirmed,9,0.1968,0.89,0.217,3.64,0.501,0.3121,0.1699,0.0813,0.0344,0.013,,,,,,,,,,,,,,,,,,,,,,,2026-09-09T01:05:49Z,2026-09-09T01:05:49Z,morning,,,,,,,,,,,,,,,,,,,,,,,1,4,21,5.3,,,,,2026-09-09T01:36:39Z
2026-09-08,823821,640455,Sean Manaea,New York Mets,Miami Marlins,0,L,126,582,16,133.3,75,263,25.38,23.71,24.96,0.227,1.027,confirmed,9,0.2088,0.945,0.2146,5.31,0.7723,0.6148,0.4449,0.2915,0.1728,0.0928,,,,,,,,,,,,,,,,,,,,,,,2026-09-09T01:05:49Z,2026-09-09T01:05:49Z,morning,,,,,,,,,,,,,,,,,,,,,,,1,4,20,5.0,,,,,2026-09-09T01:36:39Z
2026-09-08,823821,645261,Sandy Alcantara,Miami Marlins,New York Mets,1,R,143,833,31,200.0,142,745,26.75,26.58,26.71,0.1766,0.799,confirmed,9,0.2149,0.973,0.1715,4.59,0.6682,0.4865,0.318,0.1868,0.099,0.0475,,,,,,,,,,,,,,,,,,,,,,,2026-09-09T01:05:49Z,2026-09-09T01:05:49Z,morning,,,,,,,,,,,,,,,,,,,,,,,1,1,25,4.3,,,,,2026-09-09T01:36:39Z
2026-09-08,824792,676440,Tanner Bibee,Cleveland Guardians,Baltimore Orioles,0,R,133,704,30,170.7,162,762,25.88,23.73,25.34,0.1945,0.88,confirmed,9,0.251,1.136,0.222,5.5,0.7938,0.644,0.4768,0.3203,0.1951,0.1079,,,,,,,,,,,,,,,,,,,,,,,2026-09-09T01:05:49Z,2026-09-09T01:05:49Z,morning,,,,,,,,,,,,,,,,,,,,,,,1,1,20,4.3,,,,,2026-09-09T04:52:37Z
2026-09-08,824792,687064,Brandon Young,Baltimore Orioles,Cleveland Guardians,1,R,112,605,25,140.7,47,256,24.12,23.77,24.04,0.1888,0.854,confirmed,9,0.1897,0.858,0.1612,3.83,0.5324,0.3434,0.1957,0.0991,0.0449,0.0183,,,,,,,,,,,,,,,,,,,,,,,2026-09-09T01:05:49Z,2026-09-09T01:05:49Z,morning,,,,,,,,,,,,,,,,,,,,,,,1,2,22,3.7,,,,,2026-09-09T04:52:37Z
2026-09-08,823414,669713,Hayden Wesneski,Houston Astros,Philadelphia Phillies,0,R,36,180,8,45.7,29,131,22.6,22.29,22.52,0.2111,0.955,confirmed,9,0.1847,0.836,0.1761,4.01,0.5683,0.3784,0.2231,0.1169,0.0548,0.0231,,,,,,,,,,,,,,,,,,,,,,,2026-09-09T01:05:49Z,2026-09-09T01:05:49Z,morning,,,,,,,,,,,,,,,,,,,,,,,1,3,22,6.0,,,,,2026-09-09T04:52:37Z
2026-09-08,823414,691725,Andrew Painter,Philadelphia Phillies,Houston Astros,1,R,97,483,20,110.3,0,0,21.0,21.65,21.16,0.2067,0.935,confirmed,9,0.2071,0.937,0.1935,4.02,0.5721,0.3819,0.2252,0.1177,0.0549,0.0229,,,,,,,,,,,,,,,,,,,,,,,2026-09-09T01:05:49Z,2026-09-09T01:05:49Z,morning,,,,,,,,,,,,,,,,,,,,,,,1,6,27,5.0,,,,,2026-09-09T04:52:37Z
2026-09-08,824714,672282,Reid Detmers,Los Angeles Angels,Boston Red Sox,0,L,191,672,29,168.0,80,266,21.38,23.12,21.81,0.2802,1.268,confirmed,9,0.2226,1.007,0.282,6.14,0.8559,0.7369,0.5863,0.4267,0.2828,0.1703,,,,,,,,,,,,,,,,,,,,,,,2026-09-09T01:05:49Z,2026-09-09T01:05:49Z,morning,,,,,,,,,,,,,,,,,,,,,,,1,9,21,6.0,,,,,2026-09-09T04:52:37Z
2026-09-08,824714,663776,Patrick Sandoval,Boston Red Sox,Los Angeles Angels,1,L,57,253,11,55.0,0,0,23.0,22.66,22.92,0.2234,1.011,confirmed,9,0.2573,1.164,0.26,5.92,0.8371,0.7072,0.5497,0.3897,0.251,0.1469,,,,,,,,,,,,,,,,,,,,,,,2026-09-09T01:05:49Z,2026-09-09T01:05:49Z,morning,,,,,,,,,,,,,,,,,,,,,,,1,7,26,6.0,,,,,2026-09-09T04:52:37Z
2026-09-08,823500,687312,Gabriel Hughes,Colorado Rockies,New York Yankees,0,R,48,250,11,57.3,0,0,21.75,21.76,21.75,0.2049,0.927,confirmed,9,0.2514,1.138,0.2338,5.09,0.7455,0.5804,0.408,0.258,0.1468,0.0754,,,,,,,,,,,,,,,,,,,,,,,2026-09-09T01:05:49Z,2026-09-09T01:05:49Z,morning,,,,,,,,,,,,,,,,,,,,,,,1,6,19,5.0,,,,,2026-09-09T04:52:37Z
2026-09-08,823500,693645,Cam Schlittler,New York Yankees,Colorado Rockies,1,R,220,701,30,178.7,84,304,23.12,23.29,23.17,0.3006,1.36,confirmed,9,0.226,1.022,0.3067,6.98,0.9101,0.8258,0.7055,0.5601,0.4097,0.2748,,,,,,,,,,,,,,,,,,,,,,,2026-09-09T01:05:49Z,2026-09-09T01:05:49Z,morning,,,,,,,,,,,,,,,,,,,,,,,1,10,24,7.0,,,,,2026-09-09T04:52:37Z
2026-09-08,824875,642547,Freddy Peralta,Tampa Bay Rays,Atlanta Braves,0,R,142,666,29,152.7,204,723,22.0,22.94,22.24,0.2261,1.023,confirmed,9,0.219,0.991,0.224,4.88,0.7162,0.5433,0.3706,0.2267,0.1245,0.0617,,,,,,,,,,,,,,,,,,,,,,,2026-09-09T01:05:49Z,2026-09-09T01:05:49Z,morning,,,,,,,,,,,,,,,,,,,,,,,1,2,24,6.0,,,,,2026-09-09T04:52:37Z
2026-09-08,824875,700363,AJ Smith-Shawver,Atlanta Braves,Tampa Bay Rays,1,R,18,103,5,21.0,42,192,21.0,21.39,21.1,0.2046,0.926,confirmed,9,0.175,0.792,0.1613,3.35,0.4344,0.2539,0.1297,0.0584,0.0234,0.0084,,,,,,,,,,,,,,,,,,,,,,,2026-09-09T01:05:49Z,2026-09-09T01:05:49Z,morning,,,,,,,,,,,,,,,,,,,,,,,1,3,19,3.3,,,,,2026-09-09T04:52:37Z
2026-09-08,824063,669203,Corbin Burnes,Arizona Diamondbacks,Kansas City Royals,0,R,2,13,1,3.0,63,265,13.0,19.58,14.64,0.2259,1.022,confirmed,9,0.2016,0.912,0.2062,3.05,0.3744,0.2038,0.0958,0.0393,0.0142,0.0046,,,,,,,,,,,,,,,,,,,,,,,2026-09-09T01:05:49Z,2026-09-09T01:05:49Z,morning,,,,,,,,,,,,,,,,,,,,,,,1,2,13,3.0,,,,,2026-09-09T04:52:37Z
2026-09-08,824063,608379,Michael Wacha,Kansas City Royals,Arizona Diamondbacks,1,R,146,733,29,181.7,126,716,24.25,25.12,24.47,0.1963,0.888,confirmed,9,0.1858,0.841,0.1642,3.9,0.547,0.3575,0.2067,0.1063,0.0489,0.0203,,,,,,,,,,,,,,,,,,,,,,,2026-09-09T01:05:49Z,2026-09-09T01:05:49Z,morning,,,,,,,,,,,,,,,,,,,,,,,1,4,24,6.0,,,,,2026-09-09T04:52:37Z
2026-09-08,824551,696149,Bubba Chandler,Pittsburgh Pirates,Chicago White Sox,0,R,128,604,27,140.0,31,124,21.12,22.05,21.36,0.2169,0.982,confirmed,9,0.2347,1.062,0.2304,4.78,0.7036,0.5281,0.3553,0.2139,0.1155,0.0561,,,,,,,,,,,,,,,,,,,,,,,2026-09-09T01:05:49Z,2026-09-09T01:05:49Z,morning,,,,,,,,,,,,,,,,,,,,,,,1,8,21,6.0,,,,,2026-09-09T04:52:37Z
2026-09-08,824551,680732,Sean Burke,Chicago White Sox,Pittsburgh Pirates,1,R,169,649,25,156.0,133,596,22.25,22.65,22.35,0.2515,1.138,confirmed,9,0.2491,1.127,0.2821,6.14,0.856,0.7371,0.5866,0.4271,0.2831,0.1705,,,,,,,,,,,,,,,,,,,,,,,2026-09-09T01:05:49Z,2026-09-09T01:05:49Z,morning,,,,,,,,,,,,,,,,,,,,,,,1,2,14,1.3,,,,,2026-09-09T04:52:37Z
2026-09-08,823738,656849,David Peterson,Chicago Cubs,Milwaukee Brewers,0,L,117,599,20,131.3,150,723,23.62,22.81,23.42,0.1991,0.901,confirmed,9,0.2095,0.948,0.1884,4.29,0.6203,0.4327,0.2685,0.1485,0.0736,0.0328,,,,,,,,,,,,,,,,,,,,,,,2026-09-09T01:05:49Z,2026-09-09T01:05:49Z,morning,,,,,,,,,,,,,,,,,,,,,,,1,4,20,4.3,,,,,2026-09-09T04:52:37Z
2026-09-08,823738,694819,Jacob Misiorowski,Milwaukee Brewers,Chicago Cubs,1,R,235,612,27,160.0,87,273,21.75,22.9,22.04,0.3577,1.619,confirmed,9,0.2058,0.931,0.3371,7.34,0.9253,0.8552,0.7496,0.6144,0.4661,0.3253,,,,,,,,,,,,,,,,,,,,,,,2026-09-09T01:05:49Z,2026-09-09T01:05:49Z,morning,,,,,,,,,,,,,,,,,,,,,,,1,9,24,6.3,,,,,2026-09-09T04:52:37Z
2026-09-08,823250,683000,Riley Cornelio,Washington Nationals,San Diego Padres,0,R,23,107,0,22.7,0,0,21.77,21.77,21.77,0.2189,0.99,confirmed,9,0.2077,0.94,0.2057,4.48,0.6538,0.4697,0.3009,0.172,0.088,0.0405,,,,,,,,,,,,,,,,,,,,,,,2026-09-09T01:05:49Z,2026-09-09T01:05:49Z,morning,,,,,,,,,,,,,,,,,,,,,,,1,4,9,3.0,,,,,2026-09-09T04:52:37Z
2026-09-08,823250,663554,Casey Mize,San Diego Padres,Washington Nationals,1,R,100,464,22,113.7,139,627,21.0,21.11,21.03,0.2173,0.983,confirmed,9,0.2316,1.048,0.2277,4.73,0.6951,0.5178,0.3454,0.206,0.1101,0.0529,4.5,-123,-103,4.5,-111,-115,,,,,,,"{""fd"":{""2.5"":[-1000,null],""3.5"":[-310,null],""4.5"":[-111,null],""5.5"":[196,null],""6.5"":[420,null]},""dk"":{""2.5"":[-920,null],""3.5"":[-299,null],""4.5"":[-126,null],""5.5"":[177,null],""6.5"":[385,null],""7.5"":[810,null],""8.5"":[1720,null]},""czr"":{""2.5"":[-1200,null],""3.5"":[-295,null],""4.5"":[-120,null],""5.5"":[164,null],""6.5"":[330,null],""7.5"":[700,null]}}",4.5,0.5178,-107,+107,over,fd,4.5,-111,0.022,2026-09-09T01:05:49Z,2026-09-09T01:05:49Z,morning,,,,,,,,,,,,,,,,,,,,,,,1,7,22,5.7,1,W,,,2026-09-09T04:52:37Z
2026-09-08,824957,667755,José Soriano,Toronto Blue Jays,Athletics,0,R,151,654,28,156.0,152,724,22.5,23.09,22.65,0.2265,1.025,confirmed,9,0.202,0.914,0.2072,4.72,0.6914,0.5132,0.3417,0.2038,0.1092,0.0527,4.5,-155,121,5.5,120,-154,,,,,,,"{""fd"":{""2.5"":[-1800,null],""3.5"":[-520,null],""4.5"":[-210,null],""5.5"":[120,null],""6.5"":[230,null],""7.5"":[460,null]},""dk"":{""2.5"":[-970,null],""3.5"":[-355,null],""4.5"":[-155,null],""5.5"":[136,null],""6.5"":[282,null],""7.5"":[585,null],""8.5"":[1200,null]},""czr"":{""3.5"":[-460,null],""4.5"":[-179,null],""5.5"":[125,null],""6.5"":[240,null],""7.5"":[450,null],""8.5"":[950,null]}}",4.5,0.5132,-105,+105,under,fd,5.5,-154,0.0868,2026-09-09T01:05:49Z,2026-09-09T01:05:49Z,morning,9,0.202,0.914,0.2071,4.72,0.6913,0.5131,0.3416,0.2037,0.1091,0.0527,4.5,0.5131,-105,+105,under,fd,5.5,-154,0.0869,2026-09-09T01:05:49Z,2026-09-09T01:15:05Z,1,3,27,7.0,0,W,0,W,2026-09-09T04:52:37Z
2026-09-08,824957,678022,Jack Perkins,Athletics,Toronto Blue Jays,1,R,116,452,13,98.3,37,161,22.12,21.66,22.01,0.2469,1.117,confirmed,9,0.1802,0.815,0.2026,4.41,0.6421,0.4565,0.2891,0.1632,0.0824,0.0375,4.5,117,-149,4.5,124,-158,,,,,,,"{""fd"":{""2.5"":[-520,null],""3.5"":[-205,null],""4.5"":[124,null],""5.5"":[240,null],""6.5"":[520,null]},""dk"":{""1.5"":[-2100,null],""2.5"":[-534,null],""3.5"":[-197,null],""4.5"":[116,null],""5.5"":[254,null],""6.5"":[542,null],""7.5"":[1120,null]},""czr"":{""2.5"":[-625,null],""3.5"":[-197,null],""4.5"":[126,null],""5.5"":[250,null],""6.5"":[500,null],""7.5"":[1100,null]}}",4.5,0.4565,+119,-119,over,fd,4.5,124,0.0349,2026-09-09T01:05:49Z,2026-09-09T01:05:49Z,morning,9,0.1802,0.815,0.2026,4.41,0.6421,0.4565,0.2891,0.1632,0.0824,0.0375,4.5,0.4565,+119,-119,over,fd,4.5,124,0.0349,2026-09-09T01:05:49Z,2026-09-09T01:15:05Z,1,3,21,5.0,0,L,0,L,2026-09-09T04:52:37Z
2026-09-08,823174,687273,Quinn Mathews,St. Louis Cardinals,San Francisco Giants,0,L,24,112,5,24.7,0,0,22.0,21.89,21.97,0.2186,0.989,confirmed,9,0.2419,1.095,0.2394,5.21,0.7613,0.601,0.4295,0.2767,0.1605,0.0841,5.5,-113,-113,5.5,-102,-125,5.5,100,-135,,,,"{""fd"":{""2.5"":[-2200,null],""3.5"":[-590,null],""4.5"":[-250,null],""5.5"":[-102,null],""6.5"":[196,null],""7.5"":[360,null]},""dk"":{""2.5"":[-1880,null],""3.5"":[-593,null],""4.5"":[-246,null],""5.5"":[-113,null],""6.5"":[184,null],""7.5"":[375,null],""8.5"":[740,null],""9.5"":[1420,null]},""czr"":{""9.5"":[1400,null],""3.5"":[-625,null],""4.5"":[-235,null],""5.5"":[-105,null],""6.5"":[175,null],""7.5"":[340,null],""8.5"":[650,null]},""mgm"":{""3.5"":[-500,null],""6.5"":[175,null],""4.5"":[-220,null],""5.5"":[-110,null],""7.5"":[300,null]}}",5.5,0.4295,+133,-133,under,dk,5.5,-113,0.0705,2026-09-09T01:05:49Z,2026-09-09T01:05:49Z,morning,9,0.2419,1.095,0.2394,5.21,0.7613,0.601,0.4296,0.2767,0.1605,0.0841,5.5,0.4296,+133,-133,under,dk,5.5,-113,0.0704,2026-09-09T01:05:49Z,2026-09-09T01:15:05Z,1,4,25,6.0,0,W,0,W,2026-09-09T04:52:37Z
2026-09-08,823174,694738,Landen Roupp,San Francisco Giants,St. Louis Cardinals,1,R,137,614,27,144.7,102,476,24.12,22.9,23.82,0.2214,1.002,confirmed,9,0.2185,0.989,0.2189,5.2,0.759,0.5975,0.4263,0.2746,0.1597,0.0841,4.5,-163,127,5.5,140,-180,4.5,-165,125,,,,"{""fd"":{""2.5"":[-1400,null],""3.5"":[-430,null],""4.5"":[-172,null],""5.5"":[140,null],""6.5"":[265,null],""7.5"":[560,null]},""dk"":{""2.5"":[-1320,null],""3.5"":[-404,null],""4.5"":[-164,null],""5.5"":[135,null],""6.5"":[292,null],""7.5"":[620,null],""8.5"":[1340,null]},""czr"":{""2.5"":[-2000,null],""3.5"":[-460,null],""4.5"":[-157,null],""5.5"":[120,null],""6.5"":[235,null],""7.5"":[475,null],""8.5"":[1000,null]},""mgm"":{""3.5"":[-300,null],""6.5"":[250,null],""4.5"":[-150,null],""5.5"":[130,null],""2.5"":[-800,null]}}",4.5,0.5975,-148,+148,over,fd,5.5,140,0.0331,2026-09-09T01:05:49Z,2026-09-09T01:05:49Z,morning,9,0.2185,0.989,0.2189,5.2,0.7589,0.5974,0.4262,0.2745,0.1596,0.084,4.5,0.5974,-148,+148,over,fd,5.5,140,0.0329,2026-09-09T01:05:49Z,2026-09-09T01:15:05Z,1,2,23,6.0,0,L,0,L,2026-09-09T04:52:37Z
2026-09-08,823901,666157,Nick Lodolo,Cincinnati Reds,Los Angeles Dodgers,0,L,69,383,17,85.0,156,642,20.38,22.33,20.86,0.1999,0.905,confirmed,9,0.1953,0.884,0.1761,3.66,0.4999,0.3118,0.1708,0.0827,0.0356,0.0138,4.5,133,-171,3.5,-154,120,4.5,115,-155,,,,"{""fd"":{""2.5"":[-460,null],""3.5"":[-154,null],""4.5"":[144,null],""5.5"":[310,null],""6.5"":[700,null]},""mgm"":{""6.5"":[425,null],""4.5"":[115,null],""3.5"":[-190,null],""2.5"":[-500,null],""5.5"":[230,null]},""dk"":{""1.5"":[-1740,null],""2.5"":[-462,null],""3.5"":[-175,null],""4.5"":[133,null],""5.5"":[286,null],""6.5"":[640,null],""7.5"":[1380,null]},""czr"":{""2.5"":[-590,null],""3.5"":[-162,null],""4.5"":[129,null],""5.5"":[270,null],""6.5"":[575,null],""7.5"":[1200,null]}}",4.5,0.3118,+221,-221,under,mgm,4.5,-155,0.1216,2026-09-09T01:05:49Z,2026-09-09T01:05:49Z,morning,9,0.1953,0.884,0.1761,3.66,0.4998,0.3118,0.1708,0.0827,0.0356,0.0138,4.5,0.3118,+221,-221,under,mgm,4.5,-155,0.1217,2026-09-09T01:05:49Z,2026-09-09T01:15:05Z,1,6,23,4.7,1,L,1,L,2026-09-09T04:52:37Z
2026-09-08,823901,669373,Tarik Skubal,Los Angeles Dodgers,Cincinnati Reds,1,L,159,521,22,132.3,241,748,24.62,23.47,24.34,0.304,1.375,confirmed,9,0.2487,1.125,0.3375,8.02,0.9496,0.898,0.8157,0.7017,0.5651,0.4226,8.5,118,-150,8.5,106,-136,8.5,105,-145,,,,"{""fd"":{""4.5"":[-4000,null],""5.5"":[-1100,null],""6.5"":[-440,null],""7.5"":[-215,null],""8.5"":[106,null],""9.5"":[190,null],""10.5"":[370,null],""11.5"":[750,null]},""mgm"":{""8.5"":[105,null],""6.5"":[-325,null],""10.5"":[350,null],""9.5"":[200,null],""7.5"":[-175,null]},""dk"":{""4.5"":[-2500,null],""5.5"":[-800,null],""6.5"":[-343,null],""7.5"":[-167,null],""8.5"":[117,null],""9.5"":[225,null],""10.5"":[436,null],""11.5"":[870,null],""12.5"":[1660,null]},""czr"":{""9.5"":[172,null],""5.5"":[-1000,null],""6.5"":[-390,null],""7.5"":[-190,null],""8.5"":[106,null]}}",8.5,0.4226,+137,-137,under,fd,8.5,-136,0.0346,2026-09-09T01:05:49Z,2026-09-09T01:05:49Z,morning,9,0.2487,1.125,0.3375,8.02,0.9496,0.8981,0.8158,0.7018,0.5652,0.4227,8.5,0.4227,+137,-137,under,fd,8.5,-136,0.0345,2026-09-09T01:05:49Z,2026-09-09T01:15:05Z,1,5,27,7.3,0,W,0,W,2026-09-09T04:52:37Z
2026-09-08,823092,615698,Cal Quantrill,Texas Rangers,Seattle Mariners,0,R,73,393,12,96.7,85,513,22.62,20.79,22.17,0.1842,0.834,confirmed,9,0.2195,0.993,0.1829,3.98,0.5638,0.3737,0.2189,0.1138,0.0528,0.022,4.5,-118,-108,4.5,-104,-122,,,,,,,"{""fd"":{""2.5"":[-850,null],""3.5"":[-280,null],""4.5"":[-104,null],""5.5"":[200,null],""6.5"":[450,null]},""dk"":{""1.5"":[-3100,null],""2.5"":[-740,null],""3.5"":[-275,null],""4.5"":[-120,null],""5.5"":[179,null],""6.5"":[379,null],""7.5"":[830,null],""8.5"":[1680,null]},""czr"":{""2.5"":[-1000,null],""3.5"":[-295,null],""4.5"":[-112,null],""5.5"":[174,null],""6.5"":[350,null],""7.5"":[700,null]}}",4.5,0.3737,+168,-168,under,dk,4.5,-108,0.1367,2026-09-09T01:05:49Z,2026-09-09T01:05:49Z,morning,9,0.2195,0.993,0.1829,3.98,0.5637,0.3736,0.2188,0.1138,0.0528,0.022,4.5,0.3736,+168,-168,under,dk,4.5,-108,0.1368,2026-09-09T01:05:49Z,2026-09-09T01:15:05Z,1,4,24,6.0,0,W,0,W,2026-09-09T18:35:41Z
2026-09-08,823092,682243,Bryce Miller,Seattle Mariners,Texas Rangers,1,R,95,397,17,98.7,74,392,23.62,22.28,23.29,0.226,1.023,confirmed,9,0.2289,1.036,0.234,5.33,0.7751,0.6191,0.4491,0.2944,0.1742,0.0933,5.5,110,-140,5.5,126,-162,,,,,,,"{""fd"":{""2.5"":[-1800,null],""3.5"":[-500,null],""4.5"":[-194,null],""5.5"":[126,null],""6.5"":[250,null],""7.5"":[520,null]},""dk"":{""2.5"":[-1560,null],""3.5"":[-498,null],""4.5"":[-203,null],""5.5"":[108,null],""6.5"":[222,null],""7.5"":[444,null],""8.5"":[900,null],""9.5"":[1720,null]},""czr"":{""3.5"":[-500,null],""4.5"":[-193,null],""5.5"":[117,null],""6.5"":[215,null],""7.5"":[425,null],""8.5"":[850,null]}}",5.5,0.4491,+123,-123,over,fd,5.5,126,0.032,2026-09-09T01:05:49Z,2026-09-09T01:05:49Z,morning,9,0.2289,1.036,0.234,5.33,0.775,0.619,0.4491,0.2943,0.1742,0.0933,5.5,0.4491,+123,-123,over,fd,5.5,126,0.0319,2026-09-09T01:05:49Z,2026-09-09T01:15:05Z,1,6,18,3.7,1,W,1,W,2026-09-09T18:35:41Z
2026-09-09,824226,805673,Zebby Matthews,Minnesota Twins,Detroit Tigers,0,R,97,487,20,117.0,88,354,23.5,23.92,23.6,0.2107,0.953,previous,9,0.2169,0.982,0.2067,4.91,0.7199,0.5478,0.3755,0.2315,0.1286,0.0645,4.5,120,-153,4.5,124,-158,,,,,,,"{""fd"":{""2.5"":[-590,null],""3.5"":[-215,null],""4.5"":[124,null],""5.5"":[255,null],""6.5"":[560,null]},""dk"":{""1.5"":[-2500,null],""2.5"":[-531,null],""3.5"":[-192,null],""4.5"":[120,null],""5.5"":[260,null],""6.5"":[574,null],""7.5"":[1240,null]},""czr"":{""2.5"":[-625,null],""3.5"":[-200,null],""4.5"":[122,null],""5.5"":[245,null],""6.5"":[500,null],""7.5"":[1100,null]}}",4.5,0.5478,-121,+121,over,fd,4.5,124,0.1261,2026-09-09T04:58:22Z,2026-09-09T04:58:22Z,morning,,,,,,,,,,,,,,,,,,,,,,,1,2,13,2.3,0,L,,,2026-09-10T05:21:52Z
2026-09-09,824226,672456,Keider Montero,Detroit Tigers,Minnesota Twins,1,R,96,577,23,143.0,72,389,23.62,22.6,23.37,0.1743,0.789,previous,9,0.1968,0.89,0.1542,3.51,0.4674,0.2831,0.1506,0.071,0.0298,0.0113,3.5,109,-139,3.5,138,-178,,,,,,,"{""fd"":{""2.5"":[-225,null],""3.5"":[138,null],""4.5"":[310,null],""5.5"":[750,null]},""dk"":{""1.5"":[-910,null],""2.5"":[-245,null],""3.5"":[109,null],""4.5"":[260,null],""5.5"":[620,null],""6.5"":[1420,null]},""czr"":{""1.5"":[-950,null],""2.5"":[-209,null],""3.5"":[133,null],""4.5"":[295,null],""5.5"":[700,null]}}",3.5,0.4674,+114,-114,over,fd,3.5,138,0.0712,2026-09-09T04:58:22Z,2026-09-09T04:58:22Z,morning,,,,,,,,,,,,,,,,,,,,,,,1,2,16,4.0,0,L,,,2026-09-10T05:21:52Z
2026-09-09,824956,680755,Braydon Fisher,Toronto Blue Jays,Athletics,0,R,68,286,8,70.3,62,202,4.62,9.3,5.79,0.2486,1.125,previous,9,0.2015,0.912,0.2274,1.41,0.0684,0.0214,0.0057,0.0013,0.0003,0.0,,,,,,,,,,,,,,,,,,,,,,,2026-09-09T04:58:22Z,2026-09-09T04:58:22Z,morning,9,0.2281,1.032,0.2563,1.58,0.0939,0.0325,0.0097,0.0025,0.0006,0.0001,,,,,,,,,,2026-09-09T04:58:22Z,2026-09-09T18:33:45Z,1,1,3,1.0,,,,,2026-09-10T05:21:52Z
2026-09-09,824956,669620,Brady Basso,Athletics,Toronto Blue Jays,1,L,24,145,4,33.3,8,56,8.67,15.22,10.3,0.1878,0.85,previous,9,0.1803,0.816,0.152,1.51,0.0755,0.0232,0.0061,0.0014,0.0003,0.0,,,,,,,,,,,,,,,,,,,,,,,2026-09-09T04:58:22Z,2026-09-09T04:58:22Z,morning,9,0.1822,0.825,0.1537,1.53,0.0778,0.0241,0.0064,0.0015,0.0003,0.0001,,,,,,,,,,2026-09-09T04:58:22Z,2026-09-09T18:33:45Z,1,4,17,4.0,,,,,2026-09-10T05:21:52Z
2026-09-09,823172,669467,Andre Pallante,St. Louis Cardinals,San Francisco Giants,0,R,98,584,25,141.0,111,715,23.75,23.4,23.66,0.1683,0.761,previous,9,0.2397,1.085,0.1836,4.36,0.6324,0.446,0.2805,0.1576,0.0794,0.0361,3.5,128,-163,3.5,100,-128,,,,,,,"{""fd"":{""2.5"":[-295,null],""3.5"":[100,null],""4.5"":[220,null],""5.5"":[520,null]},""czr"":{""1.5"":[-1450,null],""2.5"":[-250,null],""3.5"":[111,null],""4.5"":[235,null],""5.5"":[550,null],""6.5"":[1300,null]},""dk"":{""1.5"":[-680,null],""2.5"":[-202,null],""3.5"":[128,null],""4.5"":[307,null],""5.5"":[740,null],""6.5"":[1720,null]}}",3.5,0.6324,-172,+172,over,dk,3.5,128,0.218,2026-09-09T04:58:22Z,2026-09-09T04:58:22Z,morning,9,0.2222,1.005,0.1693,4.02,0.5703,0.3807,0.2253,0.1187,0.056,0.0238,3.5,0.5703,-133,+133,over,fd,3.5,-111,0.0744,2026-09-09T18:33:45Z,2026-09-09T18:33:45Z,1,4,18,5.0,1,W,1,W,2026-09-10T05:21:52Z
2026-09-09,823172,694918,Blade Tidwell,San Francisco Giants,St. Louis Cardinals,1,R,36,176,6,42.7,10,78,21.0,21.33,21.08,0.1994,0.902,previous,9,0.2174,0.984,0.1961,4.07,0.5825,0.3925,0.2338,0.1236,0.0583,0.0246,4.5,-104,-122,4.5,102,-130,,,,,,,"{""fd"":{""2.5"":[-750,null],""3.5"":[-260,null],""4.5"":[102,null],""5.5"":[220,null],""6.5"":[450,null]},""dk"":{""1.5"":[-2800,null],""2.5"":[-640,null],""3.5"":[-235,null],""4.5"":[-105,null],""5.5"":[209,null],""6.5"":[445,null],""7.5"":[960,null]}}",4.5,0.3925,+155,-155,under,dk,4.5,-122,0.0888,2026-09-09T04:58:22Z,2026-09-09T04:58:22Z,morning,9,0.2209,1.0,0.1993,4.14,0.5949,0.4054,0.2445,0.1309,0.0626,0.0268,4.5,0.4054,+147,-147,under,fd,4.5,-120,0.0801,2026-09-09T18:33:45Z,2026-09-09T18:33:45Z,1,2,21,4.0,0,W,0,W,2026-09-10T05:21:52Z
2026-09-09,823251,800600,Jackson Kent,Washington Nationals,San Diego Padres,0,L,21,112,5,24.3,0,0,20.33,21.05,20.51,0.209,0.946,previous,9,0.2082,0.942,0.1967,4.08,0.5847,0.3948,0.2358,0.1249,0.059,0.025,3.5,-116,-110,3.5,-136,106,,,,,,,"{""fd"":{""2.5"":[-350,null],""3.5"":[-122,null],""4.5"":[180,null],""5.5"":[420,null]},""dk"":{""1.5"":[-970,null],""2.5"":[-293,null],""3.5"":[-116,null],""4.5"":[196,null],""5.5"":[434,null],""6.5"":[940,null]},""czr"":{""2.5"":[-440,null],""3.5"":[-137,null],""4.5"":[157,null],""5.5"":[325,null],""6.5"":[700,null]}}",3.5,0.5847,-141,+141,over,dk,3.5,-116,0.0785,2026-09-09T04:58:22Z,2026-09-09T04:58:22Z,morning,9,0.2312,1.046,0.2188,4.54,0.6657,0.4831,0.3128,0.1807,0.0934,0.0433,3.5,0.6657,-199,+199,over,mgm,3.5,-160,0.0905,2026-09-09T18:33:45Z,2026-09-09T18:33:45Z,1,2,17,3.0,0,L,0,L,2026-09-10T05:21:52Z
2026-09-09,823251,621111,Walker Buehler,San Diego Padres,Washington Nationals,1,R,117,576,28,136.3,92,565,20.38,20.87,20.5,0.1967,0.89,previous,9,0.2334,1.056,0.2081,4.11,0.5912,0.4013,0.2408,0.1281,0.0607,0.0258,4.5,124,-158,3.5,-178,138,,,,,,,"{""fd"":{""2.5"":[-520,null],""3.5"":[-162,null],""4.5"":[136,null],""5.5"":[310,null],""6.5"":[680,null]},""dk"":{""1.5"":[-2400,null],""2.5"":[-526,null],""3.5"":[-190,null],""4.5"":[124,null],""5.5"":[280,null],""6.5"":[630,null],""7.5"":[1420,null]},""czr"":{""2.5"":[-675,null],""3.5"":[-176,null],""4.5"":[122,null],""5.5"":[240,null],""6.5"":[500,null],""7.5"":[1100,null]}}",3.5,0.5912,-145,+145,under,dk,4.5,-158,0.0203,2026-09-09T04:58:22Z,2026-09-09T04:58:22Z,morning,9,0.2162,0.978,0.1923,3.8,0.5303,0.3403,0.192,0.0957,0.0424,0.0168,4.5,0.3403,+194,-194,under,mgm,4.5,-140,0.1151,2026-09-09T18:33:45Z,2026-09-09T18:33:45Z,1,4,12,2.3,1,W,0,W,2026-09-10T05:21:52Z
2026-09-09,823090,674003,Cody Bradford,Texas Rangers,Seattle Mariners,0,L,16,134,6,30.3,0,0,21.75,21.76,21.75,0.1802,0.816,previous,9,0.2234,1.011,0.1823,3.97,0.5614,0.3713,0.217,0.1125,0.0521,0.0217,,,,4.5,124,-160,,,,,,,"{""fd"":{""2.5"":[-620,null],""3.5"":[-210,null],""4.5"":[124,null],""5.5"":[255,null],""6.5"":[560,null]}}",4.5,0.3713,+169,-169,under,fd,4.5,-160,0.0491,2026-09-09T04:58:22Z,2026-09-09T04:58:22Z,morning,9,0.2176,0.984,0.1773,3.86,0.5398,0.35,0.2001,0.1014,0.0459,0.0186,3.5,0.5398,-117,+117,under,dk,3.5,115,0.0215,2026-09-09T18:33:45Z,2026-09-09T18:33:45Z,1,1,18,4.0,0,W,0,W,2026-09-10T05:21:52Z
2026-09-09,823090,807739,Kade Anderson,Seattle Mariners,Texas Rangers,1,L,11,63,3,15.0,0,0,22.0,21.83,21.96,0.2099,0.95,previous,9,0.2263,1.024,0.215,4.68,0.6864,0.5074,0.3358,0.1988,0.1055,0.0504,,,,5.5,106,-136,,,,,,,"{""fd"":{""2.5"":[-2200,null],""3.5"":[-590,null],""4.5"":[-235,null],""5.5"":[106,null],""6.5"":[210,null],""7.5"":[430,null]}}",5.5,0.3358,+198,-198,under,fd,5.5,-136,0.1214,2026-09-09T04:58:22Z,2026-09-09T04:58:22Z,morning,9,0.2263,1.024,0.215,4.68,0.6865,0.5075,0.3359,0.1988,0.1056,0.0505,4.5,0.5075,-103,+103,under,fd,5.5,-146,0.1047,2026-09-09T18:33:45Z,2026-09-09T18:33:45Z,1,5,24,6.0,0,W,1,W,2026-09-10T05:21:52Z
2026-09-09,824791,656492,Foster Griffin,Cleveland Guardians,Baltimore Orioles,0,L,142,657,28,160.3,0,0,23.88,23.4,23.76,0.2173,0.983,previous,9,0.2513,1.137,0.2472,5.88,0.8329,0.7004,0.5415,0.3819,0.2448,0.1427,5.5,-123,-104,5.5,-115,-111,,,,,,,"{""fd"":{""2.5"":[-3000,null],""3.5"":[-720,null],""4.5"":[-290,null],""5.5"":[-115,null],""6.5"":[176,null],""7.5"":[350,null],""8.5"":[700,null]},""dk"":{""2.5"":[-2300,null],""3.5"":[-670,null],""4.5"":[-267,null],""5.5"":[-123,null],""6.5"":[167,null],""7.5"":[325,null],""8.5"":[670,null],""9.5"":[1360,null]},""czr"":{""9.5"":[1100,null],""3.5"":[-850,null],""4.5"":[-275,null],""5.5"":[-114,null],""6.5"":[158,null],""7.5"":[300,null],""8.5"":[575,null]}}",5.5,0.5415,-118,+118,over,fd,5.5,-115,0.0373,2026-09-09T04:58:22Z,2026-09-09T04:58:22Z,morning,8,0.2704,1.224,0.2662,6.33,0.8703,0.7579,0.6128,0.4553,0.3093,0.1916,5.5,0.6128,-158,+158,over,fd,5.5,-115,0.1086,2026-09-09T04:58:22Z,2026-09-09T21:15:32Z,1,4,17,2.3,0,L,0,L,2026-09-10T05:21:52Z
2026-09-09,824791,669358,Shane Baz,Baltimore Orioles,Cleveland Guardians,1,R,145,695,28,163.3,176,711,23.12,24.62,23.5,0.216,0.978,previous,9,0.1897,0.858,0.1852,4.4,0.6392,0.4535,0.2871,0.1624,0.0824,0.0377,4.5,-101,-127,4.5,102,-130,,,,,,,"{""fd"":{""2.5"":[-770,null],""3.5"":[-265,null],""4.5"":[102,null],""5.5"":[210,null],""6.5"":[430,null]},""dk"":{""1.5"":[-3000,null],""2.5"":[-620,null],""3.5"":[-238,null],""4.5"":[100,null],""5.5"":[220,null],""6.5"":[477,null],""7.5"":[1000,null]},""czr"":{""2.5"":[-850,null],""3.5"":[-245,null],""4.5"":[103,null],""5.5"":[200,null],""6.5"":[400,null],""7.5"":[850,null]}}",4.5,0.4535,+121,-121,under,dk,4.5,-127,0.0197,2026-09-09T04:58:22Z,2026-09-09T04:58:22Z,morning,9,0.1793,0.811,0.175,4.16,0.5959,0.407,0.247,0.1336,0.0647,0.0283,4.5,0.407,+146,-146,under,dk,4.5,-127,0.0662,2026-09-09T04:58:22Z,2026-09-09T19:46:52Z,1,5,26,5.7,1,L,1,L,2026-09-10T05:21:52Z
2026-09-09,823416,686613,Hunter Brown,Houston Astros,Philadelphia Phillies,0,R,93,365,16,87.0,206,729,23.38,22.49,23.15,0.2599,1.176,previous,9,0.1848,0.836,0.2191,4.99,0.7313,0.562,0.3895,0.2428,0.1362,0.069,4.5,-145,114,4.5,-146,114,,,,,,,"{""fd"":{""2.5"":[-1200,null],""3.5"":[-400,null],""4.5"":[-146,null],""5.5"":[136,null],""6.5"":[290,null],""7.5"":[600,null]},""dk"":{""2.5"":[-930,null],""3.5"":[-330,null],""4.5"":[-146,null],""5.5"":[145,null],""6.5"":[311,null],""7.5"":[650,null],""8.5"":[1340,null]},""czr"":{""3.5"":[-420,null],""4.5"":[-148,null],""5.5"":[128,null],""6.5"":[255,null],""7.5"":[500,null],""8.5"":[1000,null]}}",4.5,0.562,-128,+128,over,dk,4.5,-145,0.0032,2026-09-09T04:58:22Z,2026-09-09T04:58:22Z,morning,9,0.1922,0.87,0.2275,5.18,0.7568,0.5948,0.4232,0.2715,0.1571,0.0821,4.5,0.5948,-147,+147,over,dk,4.5,-145,0.036,2026-09-09T04:58:22Z,2026-09-09T19:46:52Z,1,7,21,5.0,1,W,1,W,2026-09-10T05:21:52Z
2026-09-09,823416,650911,Cristopher Sánchez,Philadelphia Phillies,Houston Astros,1,L,207,752,29,181.3,212,807,23.0,25.11,23.53,0.2709,1.226,previous,9,0.2073,0.938,0.2551,6.06,0.8496,0.7255,0.572,0.4126,0.2712,0.1622,6.5,102,-130,6.5,102,-130,,,,,,,"{""fd"":{""3.5"":[-1800,null],""4.5"":[-520,null],""5.5"":[-230,null],""6.5"":[102,null],""7.5"":[200,null],""8.5"":[370,null]},""dk"":{""2.5"":[-2900,null],""3.5"":[-910,null],""4.5"":[-386,null],""5.5"":[-191,null],""6.5"":[102,null],""7.5"":[189,null],""8.5"":[350,null],""9.5"":[660,null],""10.5"":[1280,null]},""czr"":{""9.5"":[600,null],""4.5"":[-500,null],""5.5"":[-213,null],""6.5"":[102,null],""7.5"":[178,null],""8.5"":[325,null]}}",6.5,0.4126,+142,-142,under,dk,6.5,-130,0.0543,2026-09-09T04:58:22Z,2026-09-09T04:58:22Z,morning,9,0.2035,0.921,0.2507,5.96,0.8405,0.7116,0.555,0.3954,0.2563,0.1511,6.5,0.3954,+153,-153,under,fd,6.5,-130,0.0715,2026-09-09T04:58:22Z,2026-09-09T20:01:35Z,1,3,26,6.0,0,W,0,W,2026-09-10T05:21:52Z
2026-09-09,823818,476594,Robert Stock,New York Mets,Miami Marlins,0,R,25,127,6,26.3,1,15,20.8,21.16,20.89,0.205,0.928,previous,9,0.2088,0.945,0.1935,4.02,0.5721,0.3819,0.2251,0.1177,0.0549,0.0229,4.5,100,-128,,,,,,,,,,"{""dk"":{""1.5"":[-2400,null],""2.5"":[-585,null],""3.5"":[-224,null],""4.5"":[100,null],""5.5"":[216,null],""6.5"":[456,null],""7.5"":[950,null]},""czr"":{""2.5"":[-850,null],""3.5"":[-240,null],""4.5"":[105,null],""5.5"":[205,null],""6.5"":[425,null],""7.5"":[900,null]}}",4.5,0.3819,+162,-162,under,dk,4.5,-128,0.0892,2026-09-09T04:58:22Z,2026-09-09T04:58:22Z,morning,9,0.2265,1.025,0.2103,4.37,0.6359,0.4495,0.2825,0.158,0.079,0.0354,4.5,0.4495,+122,-122,under,dk,4.5,-128,0.0216,2026-09-09T04:58:22Z,2026-09-09T19:46:52Z,1,4,20,4.0,0,W,0,W,2026-09-10T05:21:52Z
2026-09-09,823818,676083,Janson Junk,Miami Marlins,New York Mets,1,R,74,453,21,108.0,77,447,19.88,21.92,20.39,0.1707,0.772,previous,9,0.2149,0.972,0.1657,3.27,0.4191,0.2407,0.1206,0.0531,0.0208,0.0073,3.5,108,-137,,,,,,,,,,"{""dk"":{""1.5"":[-740,null],""2.5"":[-227,null],""3.5"":[108,null],""4.5"":[249,null],""5.5"":[555,null],""6.5"":[1200,null]},""czr"":{""1.5"":[-1450,null],""2.5"":[-280,null],""3.5"":[108,null],""4.5"":[230,null],""5.5"":[500,null],""6.5"":[1100,null]}}",3.5,0.4191,+139,-139,under,dk,3.5,-137,0.035,2026-09-09T04:58:22Z,2026-09-09T04:58:22Z,morning,9,0.2056,0.93,0.1581,3.12,0.386,0.2139,0.1032,0.0438,0.0165,0.0055,3.5,0.386,+159,-159,under,dk,3.5,-137,0.068,2026-09-09T04:58:22Z,2026-09-09T20:16:19Z,1,0,19,3.0,0,W,0,W,2026-09-10T05:21:52Z
2026-09-09,824713,696270,Ryan Johnson,Los Angeles Angels,Boston Red Sox,0,R,58,339,15,78.3,16,72,20.5,20.89,20.6,0.1897,0.859,previous,9,0.2231,1.009,0.1916,3.98,0.5645,0.3742,0.2189,0.1135,0.0525,0.0218,3.5,-118,-108,3.5,100,-128,,,,,,,"{""fd"":{""2.5"":[-295,null],""3.5"":[100,null],""4.5"":[220,null],""5.5"":[500,null]},""dk"":{""1.5"":[-1040,null],""2.5"":[-309,null],""3.5"":[-118,null],""4.5"":[199,null],""5.5"":[454,null],""6.5"":[1020,null]},""czr"":{""1.5"":[-1700,null],""2.5"":[-310,null],""3.5"":[101,null],""4.5"":[215,null],""5.5"":[475,null],""6.5"":[1000,null]}}",3.5,0.5645,-130,+130,over,fd,3.5,100,0.0934,2026-09-09T04:58:22Z,2026-09-09T04:58:22Z,morning,9,0.2114,0.956,0.1811,3.76,0.5212,0.3318,0.1858,0.092,0.0406,0.016,3.5,0.5212,-109,+109,over,dk,3.5,112,0.0756,2026-09-09T18:33:45Z,2026-09-09T18:33:45Z,1,5,24,6.0,1,W,1,W,2026-09-10T05:21:52Z
2026-09-09,824713,687562,Jake Bennett,Boston Red Sox,Los Angeles Angels,1,L,81,395,17,99.7,0,0,24.38,23.18,24.08,0.2104,0.952,previous,9,0.2572,1.164,0.2454,5.83,0.8289,0.6945,0.5345,0.3749,0.239,0.1385,5.5,110,-140,4.5,-142,112,,,,,,,"{""fd"":{""2.5"":[-1400,null],""3.5"":[-400,null],""4.5"":[-142,null],""5.5"":[144,null],""6.5"":[310,null],""7.5"":[630,null]},""dk"":{""2.5"":[-1740,null],""3.5"":[-506,null],""4.5"":[-205,null],""5.5"":[110,null],""6.5"":[233,null],""7.5"":[487,null],""8.5"":[1000,null]},""czr"":{""3.5"":[-440,null],""4.5"":[-143,null],""5.5"":[127,null],""6.5"":[250,null],""7.5"":[525,null],""8.5"":[1000,null]}}",4.5,0.6945,-227,+227,over,fd,4.5,-142,0.1401,2026-09-09T04:58:22Z,2026-09-09T04:58:22Z,morning,9,0.2515,1.138,0.24,5.7,0.8161,0.6758,0.5127,0.3538,0.2215,0.1259,4.5,0.6758,-208,+208,over,fd,4.5,-142,0.1215,2026-09-09T04:58:22Z,2026-09-09T19:46:52Z,1,2,23,5.3,0,L,0,L,2026-09-10T05:21:52Z
2026-09-09,823497,608372,Tomoyuki Sugano,Colorado Rockies,New York Yankees,0,R,79,566,25,131.7,106,675,22.62,22.53,22.6,0.148,0.669,previous,9,0.2512,1.137,0.1704,3.88,0.543,0.3533,0.2031,0.1037,0.0473,0.0194,,,,3.5,-111,-115,,,,,,,"{""fd"":{""2.5"":[-295,null],""3.5"":[-111,null],""4.5"":[230,null],""5.5"":[520,null]},""czr"":{""1.5"":[-2000,null],""2.5"":[-325,null],""3.5"":[-110,null],""4.5"":[193,null],""5.5"":[425,null],""6.5"":[950,null]}}",3.5,0.543,-119,+119,over,fd,4.5,230,0.0503,2026-09-09T04:58:22Z,2026-09-09T04:58:22Z,morning,9,0.2461,1.114,0.1666,3.79,0.5257,0.3366,0.1902,0.0953,0.0427,0.0172,3.5,0.5257,-111,+111,over,fd,4.5,230,0.0336,2026-09-09T04:58:22Z,2026-09-09T19:46:52Z,1,5,25,6.0,1,W,1,W,2026-09-10T05:21:52Z
2026-09-09,823497,701542,Will Warren,New York Yankees,Colorado Rockies,1,R,133,594,26,136.3,171,711,20.75,22.27,21.13,0.227,1.027,previous,9,0.2258,1.022,0.2319,4.82,0.7082,0.5337,0.3608,0.2183,0.1185,0.0578,,,,5.5,124,-158,,,,,,,"{""fd"":{""2.5"":[-1600,null],""3.5"":[-440,null],""4.5"":[-184,null],""5.5"":[124,null],""6.5"":[260,null],""7.5"":[540,null]},""czr"":{""3.5"":[-480,null],""4.5"":[-182,null],""5.5"":[122,null],""6.5"":[225,null],""7.5"":[450,null],""8.5"":[900,null]}}",5.5,0.3608,+177,-177,under,fd,5.5,-158,0.0609,2026-09-09T04:58:22Z,2026-09-09T04:58:22Z,morning,9,0.2263,1.024,0.2325,4.83,0.7098,0.5357,0.3627,0.2199,0.1196,0.0585,5.5,0.3627,+176,-176,under,fd,5.5,-158,0.0589,2026-09-09T04:58:22Z,2026-09-09T19:46:52Z,1,8,23,6.0,1,L,1,L,2026-09-10T05:21:52Z
2026-09-09,824871,643377,Griffin Jax,Tampa Bay Rays,Atlanta Braves,0,R,101,396,19,94.3,99,283,22.12,19.06,21.36,0.269,1.217,previous,9,0.2186,0.989,0.2662,5.53,0.7991,0.6532,0.4865,0.3278,0.1995,0.1097,4.5,-127,-101,,,,,,,,,,"{""dk"":{""1.5"":[-3300,null],""2.5"":[-780,null],""3.5"":[-294,null],""4.5"":[-127,null],""5.5"":[172,null],""6.5"":[376,null],""7.5"":[800,null],""8.5"":[1720,null]},""czr"":{""2.5"":[-1450,null],""3.5"":[-335,null],""4.5"":[-125,null],""5.5"":[153,null],""6.5"":[305,null],""7.5"":[625,null],""8.5"":[1300,null]}}",4.5,0.6532,-188,+188,over,dk,4.5,-127,0.1264,2026-09-09T04:58:22Z,2026-09-09T04:58:22Z,morning,9,0.2186,0.989,0.2663,5.53,0.7993,0.6534,0.4867,0.3281,0.1997,0.1098,4.5,0.6534,-189,+189,over,dk,4.5,-127,0.1266,2026-09-09T04:58:22Z,2026-09-09T19:46:52Z,1,2,17,5.0,0,L,0,L,2026-09-10T05:21:52Z
2026-09-09,824064,668678,Zac Gallen,Arizona Diamondbacks,Kansas City Royals,0,R,61,440,19,98.0,175,813,25.0,23.16,24.54,0.1629,0.737,previous,9,0.2014,0.911,0.1475,3.65,0.4956,0.3092,0.1702,0.0833,0.0365,0.0144,2.5,143,-183,,,,,,,,,,"{""dk"":{""0.5"":[-1200,null],""1.5"":[-220,null],""2.5"":[143,null],""3.5"":[411,null],""4.5"":[1100,null]}}",2.5,0.6987,-232,+232,over,dk,2.5,143,0.3098,2026-09-09T04:58:22Z,2026-09-09T04:58:22Z,morning,9,0.1999,0.905,0.1463,3.62,0.4897,0.3037,0.1662,0.0808,0.0352,0.0138,2.5,0.6937,-226,+226,over,dk,2.5,143,0.3048,2026-09-09T04:58:22Z,2026-09-09T20:01:35Z,1,1,15,3.3,0,L,0,L,2026-09-10T05:21:52Z
2026-09-09,824064,663738,Daniel Lynch IV,Kansas City Royals,Arizona Diamondbacks,1,L,46,274,6,66.7,45,289,13.0,16.76,13.94,0.174,0.787,previous,9,0.1853,0.838,0.1445,2.0,0.1514,0.0583,0.0192,0.0055,0.0014,0.0003,2.5,106,-136,,,,,,,,,,"{""dk"":{""0.5"":[-1820,null],""1.5"":[-299,null],""2.5"":[106,null],""3.5"":[285,null],""4.5"":[750,null]}}",2.5,0.3294,+204,-204,under,dk,2.5,-136,0.1278,2026-09-09T04:58:22Z,2026-09-09T04:58:22Z,morning,9,0.1904,0.862,0.1487,2.06,0.1623,0.064,0.0216,0.0063,0.0016,0.0004,2.5,0.345,+190,-190,under,dk,2.5,-136,0.1122,2026-09-09T04:58:22Z,2026-09-09T20:01:35Z,1,3,21,5.0,1,L,1,L,2026-09-10T05:21:52Z
2026-09-09,824549,669199,Lake Bachar,Pittsburgh Pirates,Chicago White Sox,0,R,80,317,8,77.7,75,296,9.33,13.48,10.37,0.2477,1.121,previous,9,0.2339,1.058,0.2617,2.61,0.2792,0.1358,0.0567,0.0206,0.0066,0.0019,2.5,134,-171,,,,,,,,,,"{""dk"":{""0.5"":[-1320,null],""1.5"":[-225,null],""2.5"":[134,null],""3.5"":[331,null],""4.5"":[780,null],""5.5"":[1680,null]}}",2.5,0.4874,+105,-105,over,dk,2.5,134,0.0836,2026-09-09T04:58:22Z,2026-09-09T04:58:22Z,morning,9,0.2403,1.087,0.2685,2.67,0.2942,0.1462,0.0625,0.0232,0.0076,0.0022,2.5,0.5037,-101,+101,over,dk,2.5,134,0.0999,2026-09-09T04:58:22Z,2026-09-09T19:46:52Z,1,3,8,1.7,1,W,1,W,2026-09-10T05:21:52Z
2026-09-09,824549,663436,Davis Martin,Chicago White Sox,Pittsburgh Pirates,1,R,114,553,25,130.7,104,601,19.0,22.09,19.77,0.2005,0.907,previous,9,0.2479,1.122,0.2257,4.46,0.6532,0.4689,0.2995,0.1703,0.0864,0.0394,4.5,112,-143,,,,,,,,,,"{""czr"":{""2.5"":[-750,null],""3.5"":[-213,null],""4.5"":[115,null],""5.5"":[225,null],""6.5"":[450,null],""7.5"":[1000,null]},""dk"":{""1.5"":[-2400,null],""2.5"":[-556,null],""3.5"":[-206,null],""4.5"":[112,null],""5.5"":[250,null],""6.5"":[557,null],""7.5"":[1180,null]}}",4.5,0.4689,+113,-113,over,dk,4.5,112,0.0239,2026-09-09T04:58:22Z,2026-09-09T04:58:22Z,morning,9,0.2438,1.103,0.2218,4.38,0.64,0.454,0.2862,0.1604,0.0802,0.036,4.5,0.454,+120,-120,over,dk,4.5,112,0.0091,2026-09-09T04:58:22Z,2026-09-09T20:16:19Z,1,1,19,5.0,0,L,0,L,2026-09-10T05:21:52Z
2026-09-09,823739,592332,Kevin Gausman,Chicago Cubs,Milwaukee Brewers,0,R,165,683,29,162.3,189,775,23.5,23.42,23.48,0.241,1.091,previous,9,0.2105,0.952,0.2298,5.23,0.7635,0.6036,0.4325,0.2797,0.1631,0.086,5.5,-104,-122,5.5,-104,-122,,,,,,,"{""fd"":{""2.5"":[-2500,null],""3.5"":[-620,null],""4.5"":[-260,null],""5.5"":[-104,null],""6.5"":[186,null],""7.5"":[390,null]},""dk"":{""2.5"":[-1660,null],""3.5"":[-530,null],""4.5"":[-222,null],""5.5"":[-104,null],""6.5"":[198,null],""7.5"":[400,null],""8.5"":[830,null],""9.5"":[1620,null]},""czr"":{""9.5"":[1300,null],""3.5"":[-675,null],""4.5"":[-245,null],""5.5"":[-105,null],""6.5"":[175,null],""7.5"":[330,null],""8.5"":[650,null]}}",5.5,0.4325,+131,-131,under,fd,5.5,-122,0.0487,2026-09-09T04:58:22Z,2026-09-09T04:58:22Z,morning,9,0.2021,0.915,0.2209,5.03,0.7369,0.5691,0.3967,0.2488,0.1405,0.0716,5.5,0.3967,+152,-152,under,fd,5.5,-122,0.0845,2026-09-09T04:58:22Z,2026-09-09T20:16:19Z,1,6,23,4.0,1,L,1,L,2026-09-10T05:21:52Z
2026-09-09,823739,701656,Logan Henderson,Milwaukee Brewers,Chicago Cubs,1,R,93,310,15,83.3,33,99,21.75,20.58,21.46,0.2836,1.283,previous,9,0.2062,0.933,0.266,5.52,0.7988,0.6527,0.4859,0.3273,0.1991,0.1094,6.5,103,-132,6.5,104,-132,,,,,,,"{""fd"":{""3.5"":[-1600,null],""4.5"":[-500,null],""5.5"":[-215,null],""6.5"":[104,null],""7.5"":[200,null],""8.5"":[400,null]},""dk"":{""3.5"":[-1440,null],""4.5"":[-480,null],""5.5"":[-203,null],""6.5"":[103,null],""7.5"":[206,null],""8.5"":[425,null],""9.5"":[850,null],""10.5"":[1620,null]},""czr"":{""9.5"":[625,null],""4.5"":[-480,null],""5.5"":[-205,null],""6.5"":[105,null],""7.5"":[184,null],""8.5"":[340,null]}}",6.5,0.3273,+206,-206,under,dk,6.5,-132,0.1367,2026-09-09T04:58:22Z,2026-09-09T04:58:22Z,morning,9,0.2061,0.933,0.2659,5.52,0.7985,0.6524,0.4855,0.3269,0.1988,0.1092,6.5,0.3269,+206,-206,under,dk,6.5,-132,0.1371,2026-09-09T04:58:22Z,2026-09-09T20:45:40Z,1,6,18,5.0,0,W,0,W,2026-09-10T05:21:52Z
2026-09-09,823900,695076,Rhett Lowder,Cincinnati Reds,Los Angeles Dodgers,0,R,90,522,22,116.0,0,0,23.38,22.33,23.11,0.1859,0.841,previous,9,0.195,0.882,0.1632,3.71,0.5099,0.3217,0.1788,0.0881,0.0388,0.0154,3.5,-122,-104,3.5,-115,-111,,,,,,,"{""fd"":{""2.5"":[-330,null],""3.5"":[-115,null],""4.5"":[190,null],""5.5"":[430,null]},""dk"":{""1.5"":[-1120,null],""2.5"":[-315,null],""3.5"":[-123,null],""4.5"":[188,null],""5.5"":[415,null],""6.5"":[910,null]},""czr"":{""2.5"":[-345,null],""3.5"":[-115,null],""4.5"":[184,null],""5.5"":[400,null],""6.5"":[900,null]}}",3.5,0.5099,-104,+104,under,dk,3.5,-104,0.0089,2026-09-09T04:58:22Z,2026-09-09T04:58:22Z,morning,9,0.2071,0.937,0.1737,3.95,0.5579,0.368,0.2147,0.1113,0.0516,0.0215,3.5,0.5579,-126,+126,over,mgm,3.5,-105,0.0782,2026-09-09T22:19:19Z,2026-09-09T22:19:19Z,1,4,19,3.3,1,L,1,W,2026-09-10T05:21:52Z
2026-09-09,823900,808967,Yoshinobu Yamamoto,Los Angeles Dodgers,Cincinnati Reds,1,R,161,634,25,165.0,201,684,26.25,25.09,25.96,0.2596,1.175,previous,9,0.2493,1.128,0.2909,7.5,0.9343,0.8656,0.7626,0.6307,0.4851,0.3449,7.5,-102,-125,7.5,100,-128,,,,,,,"{""fd"":{""3.5"":[-4500,null],""4.5"":[-1400,null],""5.5"":[-520,null],""6.5"":[-235,null],""7.5"":[100,null],""8.5"":[182,null],""9.5"":[350,null],""10.5"":[700,null]},""dk"":{""4.5"":[-1080,null],""5.5"":[-434,null],""6.5"":[-207,null],""7.5"":[-102,null],""8.5"":[193,null],""9.5"":[376,null],""10.5"":[730,null],""11.5"":[1440,null]},""czr"":{""9.5"":[295,null],""4.5"":[-1700,null],""5.5"":[-460,null],""6.5"":[-205,null],""7.5"":[-103,null],""8.5"":[162,null]}}",7.5,0.4851,+106,-106,over,dk,9.5,376,0.016,2026-09-09T04:58:22Z,2026-09-09T04:58:22Z,morning,9,0.2314,1.047,0.2713,6.99,0.9117,0.825,0.703,0.5574,0.4081,0.2748,7.5,0.4081,+145,-145,under,mgm,7.5,-110,0.102,2026-09-09T22:19:19Z,2026-09-09T22:19:19Z,1,10,24,7.0,1,W,1,L,2026-09-10T05:21:52Z
2026-09-09,824871,625643,Reynaldo López,Atlanta Braves,Tampa Bay Rays,1,R,66,306,11,71.7,1,25,18.62,19.64,18.88,0.2098,0.95,confirmed,9,0.1745,0.79,0.1652,3.1,0.3817,0.2102,0.1006,0.0422,0.0157,0.0052,,,,,,,,,,,,,,,,,,,,,,,,2026-09-09T20:16:19Z,lock-only,9,0.1745,0.79,0.1652,3.1,0.3817,0.2102,0.1006,0.0422,0.0157,0.0052,,,,,,,,,,,2026-09-09T20:16:19Z,1,5,23,4.7,,,,,2026-09-10T05:21:52Z
2026-09-10,824872,607259,Nick Martinez,Tampa Bay Rays,Atlanta Braves,0,R,95,643,27,160.0,116,683,23.12,23.49,23.22,0.1557,0.705,previous,9,0.2182,0.988,0.1537,3.5,0.4648,0.2808,0.149,0.07,0.0293,0.0111,3.5,-106,-121,3.5,-113,-113,,,,,,,"{""dk"":{""1.5"":[-960,null],""2.5"":[-275,null],""3.5"":[-105,null],""4.5"":[225,null],""5.5"":[514,null],""6.5"":[1160,null]},""fd"":{""2.5"":[-350,null],""3.5"":[-113,null],""4.5"":[200,null],""5.5"":[460,null]},""czr"":{""1.5"":[-1700,null],""2.5"":[-335,null],""3.5"":[-108,null],""4.5"":[197,null],""5.5"":[425,null],""6.5"":[1000,null]}}",3.5,0.4648,+115,-115,under,fd,3.5,-113,0.0352,2026-09-10T05:50:24Z,2026-09-10T05:50:24Z,morning,,,,,,,,,,,,,,,,,,,,,,,1,3,20,6.3,0,W,,,2026-09-11T05:20:52Z
2026-09-10,824872,527048,Martín Pérez,Atlanta Braves,Tampa Bay Rays,1,L,94,521,23,124.7,44,228,20.25,21.18,20.48,0.1875,0.849,previous,9,0.1741,0.788,0.1464,2.89,0.3351,0.1751,0.0794,0.0316,0.0112,0.0035,3.5,119,-152,3.5,126,-162,,,,,,,"{""dk"":{""1.5"":[-770,null],""2.5"":[-225,null],""3.5"":[119,null],""4.5"":[291,null],""5.5"":[700,null],""6.5"":[1540,null]},""fd"":{""2.5"":[-235,null],""3.5"":[126,null],""4.5"":[285,null],""5.5"":[630,null]},""czr"":{""2.5"":[-222,null],""3.5"":[119,null],""4.5"":[265,null],""5.5"":[625,null]}}",3.5,0.3351,+198,-198,under,dk,3.5,-152,0.0957,2026-09-10T05:50:24Z,2026-09-10T05:50:24Z,morning,,,,,,,,,,,,,,,,,,,,,,,1,4,26,7.0,1,L,,,2026-09-11T05:20:52Z
2026-09-10,823413,664299,Cristian Javier,Houston Astros,Philadelphia Phillies,0,R,50,223,9,49.7,34,157,18.14,19.23,18.41,0.2218,1.004,previous,9,0.1921,0.869,0.1928,3.43,0.4541,0.27,0.1399,0.0637,0.0257,0.0092,3.5,-140,109,3.5,-166,130,,,,,,,"{""fd"":{""2.5"":[-500,null],""3.5"":[-166,null],""4.5"":[136,null],""5.5"":[300,null],""6.5"":[680,null]},""dk"":{""1.5"":[-1360,null],""2.5"":[-370,null],""3.5"":[-142,null],""4.5"":[165,null],""5.5"":[367,null],""6.5"":[820,null],""7.5"":[1740,null]},""czr"":{""2.5"":[-560,null],""3.5"":[-157,null],""4.5"":[134,null],""5.5"":[270,null],""6.5"":[575,null],""7.5"":[1300,null]}}",3.5,0.4541,+120,-120,under,fd,3.5,130,0.1353,2026-09-10T05:50:24Z,2026-09-10T05:50:24Z,morning,9,0.1817,0.823,0.1825,3.24,0.414,0.236,0.117,0.0508,0.0196,0.0067,3.5,0.414,+142,-142,under,fd,3.5,130,0.1753,2026-09-10T05:50:24Z,2026-09-10T16:28:38Z,1,5,20,6.0,1,L,1,L,2026-09-11T05:20:52Z
2026-09-10,823413,554430,Zack Wheeler,Philadelphia Phillies,Houston Astros,1,R,163,547,24,136.3,195,585,20.75,22.57,21.21,0.2998,1.357,previous,9,0.203,0.919,0.2778,5.77,0.8237,0.6887,0.5275,0.3671,0.2312,0.1319,6.5,109,-139,6.5,108,-138,,,,,,,"{""fd"":{""3.5"":[-1800,null],""4.5"":[-520,null],""5.5"":[-215,null],""6.5"":[108,null],""7.5"":[210,null],""8.5"":[420,null]},""dk"":{""2.5"":[-3100,null],""3.5"":[-880,null],""4.5"":[-377,null],""5.5"":[-180,null],""6.5"":[109,null],""7.5"":[213,null],""8.5"":[418,null],""9.5"":[820,null],""10.5"":[1580,null]},""czr"":{""9.5"":[650,null],""4.5"":[-500,null],""5.5"":[-200,null],""6.5"":[106,null],""7.5"":[189,null],""8.5"":[340,null]}}",6.5,0.3671,+172,-172,under,fd,6.5,-138,0.0862,2026-09-10T05:50:24Z,2026-09-10T05:50:24Z,morning,9,0.2104,0.952,0.2869,5.96,0.8411,0.7149,0.559,0.3984,0.2577,0.1511,6.5,0.3984,+151,-151,under,fd,6.5,-138,0.0549,2026-09-10T05:50:24Z,2026-09-10T16:28:38Z,1,9,27,7.0,1,L,1,L,2026-09-11T05:20:52Z
2026-09-10,823088,594798,Jacob deGrom,Texas Rangers,Seattle Mariners,0,R,174,582,27,143.3,185,669,20.0,21.68,20.42,0.29,1.312,previous,9,0.2168,0.981,0.285,5.63,0.8107,0.6704,0.506,0.346,0.2136,0.1191,6.5,-110,-116,6.5,-111,-115,,,,,,,"{""dk"":{""3.5"":[-1380,null],""4.5"":[-503,null],""5.5"":[-223,null],""6.5"":[-108,null],""7.5"":[187,null],""8.5"":[360,null],""9.5"":[710,null],""10.5"":[1380,null]},""fd"":{""3.5"":[-2200,null],""4.5"":[-620,null],""5.5"":[-265,null],""6.5"":[-111,null],""7.5"":[176,null],""8.5"":[350,null],""9.5"":[750,null]},""czr"":{""9.5"":[500,null],""4.5"":[-590,null],""5.5"":[-245,null],""6.5"":[-112,null],""7.5"":[155,null],""8.5"":[280,null]}}",6.5,0.346,+189,-189,under,fd,6.5,-115,0.1499,2026-09-10T05:50:24Z,2026-09-10T05:50:24Z,morning,9,0.2192,0.992,0.2879,5.68,0.8158,0.6781,0.5151,0.3547,0.2207,0.1241,6.5,0.3547,+182,-182,under,fd,6.5,-115,0.1411,2026-09-10T05:50:24Z,2026-09-10T17:44:04Z,1,12,19,6.0,1,L,1,L,2026-09-11T05:20:52Z
2026-09-10,823088,669302,Logan Gilbert,Seattle Mariners,Texas Rangers,1,R,176,661,28,165.0,173,535,24.62,23.6,24.37,0.2731,1.236,previous,9,0.2261,1.023,0.279,6.63,0.8909,0.7915,0.6573,0.5042,0.355,0.2286,6.5,-107,-119,6.5,100,-128,,,,,,,"{""dk"":{""3.5"":[-1360,null],""4.5"":[-500,null],""5.5"":[-229,null],""6.5"":[-109,null],""7.5"":[183,null],""8.5"":[355,null],""9.5"":[690,null],""10.5"":[1320,null]},""fd"":{""3.5"":[-2000,null],""4.5"":[-590,null],""5.5"":[-245,null],""6.5"":[100,null],""7.5"":[200,null],""8.5"":[400,null]},""czr"":{""9.5"":[525,null],""4.5"":[-530,null],""5.5"":[-235,null],""6.5"":[-106,null],""7.5"":[165,null],""8.5"":[300,null]}}",6.5,0.5042,-102,+102,over,fd,6.5,100,0.0332,2026-09-10T05:50:24Z,2026-09-10T05:50:24Z,morning,9,0.2303,1.042,0.2839,6.74,0.8972,0.8025,0.6724,0.5215,0.3717,0.2426,6.5,0.5215,-109,+109,over,fd,6.5,100,0.0504,2026-09-10T05:50:24Z,2026-09-10T17:44:04Z,1,11,25,7.0,1,W,1,W,2026-09-11T05:20:52Z
2026-09-10,823499,663372,Ryan Feltner,Colorado Rockies,New York Yankees,0,R,81,479,21,106.7,25,135,24.0,22.29,23.57,0.1801,0.815,previous,9,0.2449,1.109,0.2008,4.77,0.6992,0.5226,0.3509,0.2115,0.1147,0.0562,4.5,130,-166,4.5,128,-164,,,,,,,"{""dk"":{""1.5"":[-1720,null],""2.5"":[-458,null],""3.5"":[-177,null],""4.5"":[130,null],""5.5"":[291,null],""6.5"":[640,null],""7.5"":[1360,null]},""czr"":{""2.5"":[-625,null],""3.5"":[-197,null],""4.5"":[125,null],""5.5"":[250,null],""6.5"":[525,null],""7.5"":[1100,null]},""fd"":{""2.5"":[-620,null],""3.5"":[-210,null],""4.5"":[128,null],""5.5"":[255,null],""6.5"":[560,null]}}",4.5,0.5226,-109,+109,over,dk,4.5,130,0.1119,2026-09-10T05:50:24Z,2026-09-10T05:50:24Z,morning,9,0.2379,1.077,0.1947,4.62,0.6758,0.4951,0.3249,0.1911,0.1009,0.0481,4.5,0.4951,+102,-102,over,fd,4.5,108,0.0418,2026-09-10T20:14:14Z,2026-09-10T20:14:14Z,1,2,22,5.0,0,L,0,L,2026-09-11T05:20:52Z
2026-09-10,823499,608331,Max Fried,New York Yankees,Colorado Rockies,1,L,87,368,17,95.7,189,801,19.38,21.83,19.99,0.2352,1.065,previous,9,0.2276,1.03,0.2422,4.79,0.7048,0.5296,0.3566,0.2146,0.1156,0.056,5.5,103,-131,5.5,100,-128,,,,,,,"{""dk"":{""2.5"":[-1720,null],""3.5"":[-520,null],""4.5"":[-216,null],""5.5"":[103,null],""6.5"":[213,null],""7.5"":[452,null],""8.5"":[920,null]},""czr"":{""3.5"":[-625,null],""4.5"":[-225,null],""5.5"":[103,null],""6.5"":[190,null],""7.5"":[360,null],""8.5"":[700,null]},""fd"":{""2.5"":[-3500,null],""3.5"":[-670,null],""4.5"":[-260,null],""5.5"":[100,null],""6.5"":[200,null],""7.5"":[430,null]}}",5.5,0.3566,+180,-180,under,fd,5.5,-128,0.1145,2026-09-10T05:50:24Z,2026-09-10T05:50:24Z,morning,9,0.2265,1.025,0.241,4.76,0.7004,0.5244,0.3515,0.2105,0.1129,0.0543,5.5,0.3515,+184,-184,under,mgm,5.5,-115,0.1485,2026-09-10T20:14:14Z,2026-09-10T20:14:14Z,1,7,14,3.3,1,L,1,L,2026-09-11T05:20:52Z
2026-09-10,824550,683003,Jared Jones,Pittsburgh Pirates,Chicago White Sox,0,R,92,333,17,78.7,0,0,20.38,19.68,20.2,0.2555,1.156,previous,9,0.241,1.091,0.2776,5.49,0.7953,0.6484,0.4809,0.3223,0.1947,0.1062,5.5,-132,104,,,,,,,,,,"{""dk"":{""2.5"":[-2600,null],""3.5"":[-760,null],""4.5"":[-296,null],""5.5"":[-133,null],""6.5"":[152,null],""7.5"":[305,null],""8.5"":[610,null],""9.5"":[1220,null]},""czr"":{""9.5"":[950,null],""3.5"":[-1200,null],""4.5"":[-335,null],""5.5"":[-134,null],""6.5"":[134,null],""7.5"":[250,null],""8.5"":[475,null]}}",5.5,0.4809,+108,-108,under,dk,5.5,104,0.0563,2026-09-10T05:50:24Z,2026-09-10T05:50:24Z,morning,9,0.2311,1.046,0.2667,5.27,0.7696,0.6131,0.4421,0.287,0.1676,0.0882,5.5,0.4421,+126,-126,under,dk,5.5,124,0.1363,2026-09-10T20:14:14Z,2026-09-10T20:14:14Z,1,8,24,7.0,1,L,1,L,2026-09-11T05:20:52Z
2026-09-10,824550,696146,Hagen Smith,Chicago White Sox,Pittsburgh Pirates,1,L,23,62,0,16.0,0,0,21.77,21.77,21.77,0.2564,1.161,previous,9,0.2424,1.097,0.2801,6.1,0.8526,0.7318,0.5799,0.4201,0.2769,0.1658,,,,,,,,,,,,,,,,,,,,,,,2026-09-10T05:50:24Z,2026-09-10T05:50:24Z,morning,9,0.2272,1.028,0.2633,5.72,0.8189,0.6812,0.5188,0.359,0.225,0.1277,,,,,,,,,,2026-09-10T05:50:24Z,2026-09-10T20:58:59Z,1,3,8,2.0,,,,,2026-09-11T05:20:52Z
2026-09-11,824631,696062,Wilber Dotel,Pittsburgh Pirates,Chicago Cubs,0,R,34,138,0,32.7,0,0,21.76,21.76,21.76,0.2314,1.047,previous,9,0.2061,0.932,0.2159,4.69,0.6889,0.5104,0.3387,0.201,0.107,0.0513,1.5,-164,128,,,,,,,,,,"{""dk"":{""0.5"":[-810,null],""1.5"":[-165,null],""2.5"":[159,null],""3.5"":[317,null],""4.5"":[572,null],""5.5"":[1020,null],""6.5"":[1820,null]},""czr"":{""0.5"":[-1700,null],""1.5"":[-164,null],""2.5"":[172,null],""3.5"":[325,null],""4.5"":[650,null]}}",1.5,0.9372,-1492,+1492,over,czr,2.5,172,0.4712,2026-09-11T15:31:00Z,2026-09-11T15:31:00Z,morning,9,0.2061,0.932,0.216,4.69,0.6889,0.5105,0.3387,0.2011,0.1071,0.0513,1.5,0.9372,-1492,+1492,over,czr,2.5,172,0.4712,2026-09-11T15:31:00Z,2026-09-11T16:01:08Z,1,1,10,2.0,0,L,0,L,2026-09-12T05:32:56Z
2026-09-11,824631,684007,Shota Imanaga,Chicago Cubs,Pittsburgh Pirates,1,L,152,637,28,156.3,117,567,19.67,22.69,21.18,0.2318,1.049,previous,9,0.2271,1.027,0.2381,4.94,0.7258,0.5557,0.3826,0.2362,0.1309,0.0653,6.5,109,-139,6.5,116,-148,6.5,100,-135,,,,"{""fd"":{""3.5"":[-1600,null],""4.5"":[-520,null],""5.5"":[-210,null],""6.5"":[116,null],""7.5"":[230,null],""8.5"":[450,null]},""dk"":{""3.5"":[-1360,null],""4.5"":[-474,null],""5.5"":[-201,null],""6.5"":[106,null],""7.5"":[213,null],""8.5"":[436,null],""9.5"":[890,null],""10.5"":[1740,null]},""czr"":{""9.5"":[700,null],""3.5"":[-2000,null],""4.5"":[-480,null],""5.5"":[-190,null],""6.5"":[111,null],""7.5"":[194,null],""8.5"":[360,null]},""mgm"":{""6.5"":[100,null],""7.5"":[180,null],""5.5"":[-200,null],""4.5"":[-400,null],""8.5"":[333,null]}}",6.5,0.2362,+323,-323,under,mgm,6.5,-135,0.2291,2026-09-11T15:31:00Z,2026-09-11T15:31:00Z,morning,9,0.2394,1.083,0.2508,5.2,0.761,0.6011,0.4295,0.2762,0.1598,0.0834,6.5,0.2762,+262,-262,under,mgm,6.5,-135,0.1891,2026-09-11T15:31:00Z,2026-09-11T16:01:08Z,1,4,24,6.0,0,W,0,W,2026-09-12T05:32:56Z
2026-09-11,824227,690279,Mason Adams,Colorado Rockies,Detroit Tigers,0,R,17,59,3,13.7,0,0,18.0,20.82,19.41,0.2363,1.069,previous,9,0.2291,1.037,0.2448,4.59,0.6751,0.4944,0.3227,0.1876,0.0973,0.0453,3.5,-169,132,3.5,-154,122,3.5,-150,110,,,,"{""fd"":{""2.5"":[-460,null],""3.5"":[-154,null],""4.5"":[146,null],""5.5"":[320,null],""6.5"":[750,null]},""czr"":{""2.5"":[-530,null],""3.5"":[-152,null],""4.5"":[135,null],""5.5"":[295,null],""6.5"":[625,null],""7.5"":[1400,null]},""mgm"":{""3.5"":[-150,null],""4.5"":[150,null],""2.5"":[-375,null],""5.5"":[300,null],""6.5"":[600,null]}}",3.5,0.6751,-208,+208,over,mgm,3.5,-150,0.1176,2026-09-11T15:31:00Z,2026-09-11T15:31:00Z,morning,9,0.204,0.923,0.2185,4.09,0.5891,0.3991,0.2387,0.1263,0.0595,0.0251,3.5,0.5891,-143,+143,over,mgm,3.5,-150,0.0316,2026-09-11T15:31:00Z,2026-09-11T19:01:23Z,1,5,18,5.0,1,W,1,W,2026-09-12T05:32:56Z
2026-09-11,824227,664285,Framber Valdez,Detroit Tigers,Colorado Rockies,1,L,119,688,28,157.7,187,802,27.0,24.26,25.63,0.186,0.841,previous,9,0.2272,1.028,0.1914,4.93,0.7204,0.5483,0.3768,0.2333,0.1305,0.0661,4.5,-136,106,4.5,-142,112,4.5,-155,115,,,,"{""fd"":{""2.5"":[-1400,null],""3.5"":[-400,null],""4.5"":[-142,null],""5.5"":[152,null],""6.5"":[320,null],""7.5"":[680,null]},""czr"":{""2.5"":[-2000,null],""3.5"":[-440,null],""4.5"":[-150,null],""5.5"":[133,null],""6.5"":[255,null],""7.5"":[500,null],""8.5"":[1000,null]},""dk"":{""1.5"":[-3400,null],""2.5"":[-810,null],""3.5"":[-304,null],""4.5"":[-136,null],""5.5"":[152,null],""6.5"":[309,null],""7.5"":[620,null],""8.5"":[1200,null]},""mgm"":{""5.5"":[125,null],""2.5"":[-800,null],""6.5"":[240,null],""4.5"":[-155,null],""3.5"":[-325,null]}}",4.5,0.5483,-121,+121,under,mgm,4.5,115,0.0182,2026-09-11T15:31:00Z,2026-09-11T15:31:00Z,morning,9,0.2325,1.052,0.1961,5.05,0.7372,0.5693,0.3978,0.2509,0.143,0.0739,4.5,0.5693,-132,+132,over,mgm,4.5,-135,0.0347,2026-09-11T18:46:51Z,2026-09-11T18:46:51Z,1,2,25,6.0,0,W,0,L,2026-09-12T05:32:56Z
2026-09-11,822684,579328,Yusei Kikuchi,Los Angeles Angels,Washington Nationals,0,L,49,216,10,49.0,174,772,18.0,20.83,19.41,0.2257,1.021,previous,9,0.2153,0.974,0.2199,4.12,0.5943,0.4045,0.2432,0.1294,0.0613,0.026,5.5,102,-130,5.5,106,-136,5.5,-105,-125,,,,"{""fd"":{""2.5"":[-2200,null],""3.5"":[-590,null],""4.5"":[-225,null],""5.5"":[106,null],""6.5"":[215,null],""7.5"":[450,null]},""mgm"":{""6.5"":[180,null],""7.5"":[325,null],""4.5"":[-220,null],""5.5"":[-105,null],""3.5"":[-500,null]},""czr"":{""9.5"":[1300,null],""3.5"":[-675,null],""4.5"":[-240,null],""5.5"":[103,null],""6.5"":[187,null],""7.5"":[360,null],""8.5"":[700,null]},""dk"":{""2.5"":[-1680,null],""3.5"":[-529,null],""4.5"":[-217,null],""5.5"":[101,null],""6.5"":[211,null],""7.5"":[438,null],""8.5"":[890,null],""9.5"":[1760,null]}}",5.5,0.2432,+311,-311,under,mgm,5.5,-125,0.2365,2026-09-11T15:31:00Z,2026-09-11T15:31:00Z,morning,9,0.2275,1.029,0.2323,4.35,0.636,0.4496,0.282,0.157,0.0779,0.0346,5.5,0.282,+255,-255,under,mgm,5.5,-125,0.1977,2026-09-11T15:31:00Z,2026-09-11T19:01:23Z,1,5,20,4.0,0,W,0,W,2026-09-12T05:32:56Z
2026-09-11,822684,676917,Cade Cavalli,Washington Nationals,Los Angeles Angels,1,R,185,663,30,158.7,40,219,24.0,22.41,23.2,0.2609,1.181,previous,9,0.251,1.136,0.2943,6.69,0.8941,0.7985,0.6672,0.5154,0.3654,0.2368,6.5,-143,112,6.5,-146,114,6.5,-135,100,,,,"{""fd"":{""3.5"":[-3500,null],""4.5"":[-900,null],""5.5"":[-350,null],""6.5"":[-146,null],""7.5"":[132,null],""8.5"":[255,null],""9.5"":[500,null]},""mgm"":{""6.5"":[-135,null],""4.5"":[-525,null],""7.5"":[140,null],""8.5"":[250,null],""5.5"":[-250,null]},""czr"":{""9.5"":[400,null],""4.5"":[-850,null],""5.5"":[-295,null],""6.5"":[-150,null],""7.5"":[115,null],""8.5"":[220,null]},""dk"":{""3.5"":[-1880,null],""4.5"":[-630,null],""5.5"":[-280,null],""6.5"":[-144,null],""7.5"":[132,null],""8.5"":[241,null],""9.5"":[443,null],""10.5"":[820,null],""11.5"":[1500,null]}}",6.5,0.5154,-106,+106,under,fd,6.5,114,0.0441,2026-09-11T15:31:00Z,2026-09-11T15:31:00Z,morning,9,0.2463,1.115,0.2891,6.57,0.8869,0.7863,0.6507,0.4967,0.3474,0.2219,6.5,0.4967,+101,-101,under,fd,6.5,114,0.0628,2026-09-11T15:31:00Z,2026-09-11T19:16:21Z,1,9,24,6.0,1,L,1,L,2026-09-12T05:32:56Z
2026-09-11,823498,690997,Nolan McLean,New York Mets,New York Yankees,0,R,179,671,28,161.7,57,188,23.33,23.62,23.48,0.2654,1.201,previous,9,0.2368,1.071,0.2831,6.44,0.878,0.7716,0.6311,0.4749,0.3269,0.2053,6.5,118,-151,6.5,102,-130,6.5,-110,-120,,,,"{""fd"":{""3.5"":[-1800,null],""4.5"":[-520,null],""5.5"":[-230,null],""6.5"":[102,null],""7.5"":[200,null],""8.5"":[390,null]},""czr"":{""9.5"":[650,null],""3.5"":[-2000,null],""4.5"":[-480,null],""5.5"":[-200,null],""6.5"":[105,null],""7.5"":[180,null],""8.5"":[340,null]},""dk"":{""2.5"":[-3500,null],""3.5"":[-920,null],""4.5"":[-362,null],""5.5"":[-169,null],""6.5"":[118,null],""7.5"":[229,null],""8.5"":[454,null],""9.5"":[880,null],""10.5"":[1700,null]},""mgm"":{""4.5"":[-500,null],""7.5"":[165,null],""6.5"":[-110,null],""5.5"":[-220,null],""8.5"":[300,null]}}",6.5,0.4749,+111,-111,over,dk,6.5,118,0.0423,2026-09-11T15:31:00Z,2026-09-11T15:31:00Z,morning,9,0.2425,1.097,0.2896,6.58,0.8876,0.7875,0.6523,0.4984,0.349,0.2233,6.5,0.4984,+101,-101,over,dk,6.5,118,0.0658,2026-09-11T15:31:00Z,2026-09-11T19:46:31Z,1,5,24,5.0,0,L,0,L,2026-09-12T05:32:56Z
2026-09-11,823498,607074,Carlos Rodón,New York Yankees,New York Mets,1,L,70,267,13,64.0,203,789,18.33,20.95,19.64,0.2569,1.162,previous,9,0.2048,0.927,0.2389,4.72,0.6942,0.5169,0.3443,0.2048,0.109,0.0521,5.5,101,-129,5.5,108,-138,5.5,100,-135,,,,"{""fd"":{""2.5"":[-2200,null],""3.5"":[-590,null],""4.5"":[-240,null],""5.5"":[108,null],""6.5"":[215,null],""7.5"":[440,null]},""czr"":{""3.5"":[-590,null],""4.5"":[-218,null],""5.5"":[108,null],""6.5"":[193,null],""7.5"":[375,null],""8.5"":[750,null]},""dk"":{""2.5"":[-1880,null],""3.5"":[-556,null],""4.5"":[-222,null],""5.5"":[101,null],""6.5"":[214,null],""7.5"":[465,null],""8.5"":[980,null]},""mgm"":{""6.5"":[190,null],""4.5"":[-200,null],""7.5"":[340,null],""3.5"":[-450,null],""5.5"":[100,null]}}",5.5,0.3443,+190,-190,under,dk,5.5,-129,0.1247,2026-09-11T15:31:00Z,2026-09-11T15:31:00Z,morning,9,0.2214,1.002,0.2574,5.08,0.7461,0.5819,0.4092,0.2583,0.1463,0.0746,5.5,0.4092,+144,-144,under,dk,5.5,-129,0.0598,2026-09-11T15:31:00Z,2026-09-11T19:46:31Z,1,8,23,6.3,1,L,1,L,2026-09-12T05:32:56Z
2026-09-11,822767,605135,Chris Bassitt,Baltimore Orioles,Toronto Blue Jays,0,R,61,388,15,85.3,166,736,24.67,22.15,23.41,0.1801,0.815,previous,9,0.1828,0.827,0.1476,3.36,0.4345,0.2546,0.1308,0.0594,0.0241,0.0088,3.5,-102,-125,3.5,-102,-125,3.5,100,-135,,,,"{""fd"":{""2.5"":[-320,null],""3.5"":[-102,null],""4.5"":[220,null],""5.5"":[500,null]},""mgm"":{""4.5"":[225,null],""3.5"":[100,null],""5.5"":[425,null],""2.5"":[-235,null],""6.5"":[850,null]},""czr"":{""1.5"":[-1250,null],""2.5"":[-280,null],""3.5"":[102,null],""4.5"":[220,null],""5.5"":[500,null],""6.5"":[1100,null]},""dk"":{""1.5"":[-840,null],""2.5"":[-261,null],""3.5"":[-103,null],""4.5"":[226,null],""5.5"":[512,null],""6.5"":[1100,null]}}",3.5,0.4345,+130,-130,under,fd,3.5,-125,0.0417,2026-09-11T15:31:00Z,2026-09-11T15:31:00Z,morning,9,0.1757,0.795,0.1417,3.22,0.4053,0.2304,0.1146,0.0504,0.0198,0.007,3.5,0.4053,+147,-147,under,fd,3.5,-125,0.0708,2026-09-11T15:31:00Z,2026-09-11T19:46:31Z,1,5,24,5.0,1,L,1,L,2026-09-12T05:32:56Z
2026-09-11,822767,453286,Max Scherzer,Toronto Blue Jays,Baltimore Orioles,1,R,48,272,14,62.7,82,358,21.33,19.16,20.25,0.1975,0.894,previous,9,0.2633,1.191,0.2367,4.67,0.6875,0.5089,0.3366,0.1987,0.1049,0.0497,5.5,115,-147,5.5,122,-156,5.5,105,-140,,,,"{""fd"":{""2.5"":[-1600,null],""3.5"":[-480,null],""4.5"":[-192,null],""5.5"":[122,null],""6.5"":[240,null],""7.5"":[500,null]},""mgm"":{""3.5"":[-450,null],""5.5"":[105,null],""4.5"":[-190,null],""6.5"":[200,null],""7.5"":[400,null]},""czr"":{""3.5"":[-500,null],""4.5"":[-197,null],""5.5"":[115,null],""6.5"":[215,null],""7.5"":[400,null],""8.5"":[800,null]},""dk"":{""2.5"":[-1420,null],""3.5"":[-444,null],""4.5"":[-186,null],""5.5"":[115,null],""6.5"":[241,null],""7.5"":[490,null],""8.5"":[990,null]}}",5.5,0.3366,+197,-197,under,mgm,5.5,-140,0.1188,2026-09-11T15:31:00Z,2026-09-11T15:31:00Z,morning,9,0.2508,1.135,0.2251,4.44,0.6501,0.4655,0.2964,0.168,0.085,0.0386,5.5,0.2964,+237,-237,under,mgm,5.5,-140,0.159,2026-09-11T15:31:00Z,2026-09-11T21:30:56Z,1,3,23,5.0,0,W,0,W,2026-09-12T05:32:56Z
2026-09-11,824711,607625,Seth Lugo,Kansas City Royals,Boston Red Sox,0,R,119,685,29,159.0,125,611,22.67,23.49,23.08,0.1816,0.822,previous,9,0.2111,0.955,0.1731,3.94,0.5542,0.3644,0.2118,0.1094,0.0505,0.0209,4.5,135,-173,4.5,134,-172,4.5,130,-175,,,,"{""fd"":{""2.5"":[-590,null],""3.5"":[-205,null],""4.5"":[134,null],""5.5"":[280,null],""6.5"":[560,null]},""mgm"":{""5.5"":[260,null],""2.5"":[-400,null],""4.5"":[130,null],""6.5"":[500,null],""3.5"":[-160,null]},""dk"":{""1.5"":[-1800,null],""2.5"":[-462,null],""3.5"":[-176,null],""4.5"":[135,null],""5.5"":[305,null],""6.5"":[690,null],""7.5"":[1520,null]},""czr"":{""2.5"":[-590,null],""3.5"":[-170,null],""4.5"":[127,null],""5.5"":[260,null],""6.5"":[550,null],""7.5"":[1200,null]}}",4.5,0.3644,+174,-174,under,mgm,4.5,-175,0.0415,2026-09-11T15:31:00Z,2026-09-11T15:31:00Z,morning,9,0.203,0.918,0.1661,3.78,0.5227,0.3338,0.188,0.0939,0.0419,0.0168,3.5,0.5227,-110,+110,under,fd,4.5,-186,0.0527,2026-09-11T18:46:51Z,2026-09-11T18:46:51Z,1,7,24,5.0,1,L,1,L,2026-09-12T05:32:56Z
2026-09-11,824711,543243,Sonny Gray,Boston Red Sox,Kansas City Royals,1,R,135,611,26,150.7,201,753,25.33,23.38,24.36,0.2299,1.04,previous,9,0.1999,0.905,0.2082,4.94,0.7241,0.5531,0.3809,0.2359,0.1317,0.0664,5.5,125,-160,5.5,122,-156,5.5,120,-160,,,,"{""fd"":{""2.5"":[-2200,null],""3.5"":[-530,null],""4.5"":[-215,null],""5.5"":[122,null],""6.5"":[240,null],""7.5"":[480,null]},""mgm"":{""3.5"":[-400,null],""6.5"":[225,null],""7.5"":[400,null],""4.5"":[-175,null],""5.5"":[115,null]},""dk"":{""2.5"":[-1340,null],""3.5"":[-427,null],""4.5"":[-172,null],""5.5"":[129,null],""6.5"":[277,null],""7.5"":[590,null],""8.5"":[1280,null]},""czr"":{""3.5"":[-500,null],""4.5"":[-182,null],""5.5"":[121,null],""6.5"":[220,null],""7.5"":[425,null],""8.5"":[850,null]}}",5.5,0.3809,+163,-163,under,fd,5.5,-156,0.0441,2026-09-11T15:31:00Z,2026-09-11T15:31:00Z,morning,9,0.1999,0.905,0.2082,4.94,0.7241,0.553,0.3808,0.2359,0.1316,0.0664,5.5,0.3808,+163,-163,under,fd,5.5,-156,0.0442,2026-09-11T18:46:51Z,2026-09-11T18:46:51Z,1,5,25,6.0,0,W,0,W,2026-09-12T05:32:56Z
2026-09-11,822930,699044,Miguel Ullola,Houston Astros,Tampa Bay Rays,0,R,10,27,0,7.0,0,0,21.76,21.76,21.76,0.2388,1.08,previous,9,0.1731,0.783,0.188,4.09,0.5841,0.3944,0.2358,0.1252,0.0594,0.0253,,,,,,,,,,,,,,,,,,,,,,,2026-09-11T15:31:00Z,2026-09-11T15:31:00Z,morning,9,0.1742,0.788,0.1892,4.11,0.589,0.3995,0.24,0.1281,0.0611,0.0262,,,,,,,,,,2026-09-11T15:31:00Z,2026-09-11T19:16:21Z,1,0,3,1.0,,,,,2026-09-12T05:32:56Z
2026-09-11,822930,656876,Drew Rasmussen,Tampa Bay Rays,Houston Astros,1,R,156,598,27,153.3,127,585,21.67,22.05,21.86,0.2501,1.132,previous,9,0.2104,0.952,0.2386,5.19,0.7584,0.5973,0.4257,0.2733,0.158,0.0825,5.5,-104,-123,5.5,-104,-122,5.5,-130,-105,,,,"{""fd"":{""2.5"":[-3500,null],""3.5"":[-770,null],""4.5"":[-265,null],""5.5"":[-104,null],""6.5"":[190,null],""7.5"":[390,null]},""czr"":{""9.5"":[1200,null],""3.5"":[-800,null],""4.5"":[-260,null],""5.5"":[-109,null],""6.5"":[167,null],""7.5"":[325,null],""8.5"":[600,null]},""dk"":{""2.5"":[-2100,null],""3.5"":[-594,null],""4.5"":[-236,null],""5.5"":[-106,null],""6.5"":[201,null],""7.5"":[428,null],""8.5"":[920,null]},""mgm"":{""5.5"":[-135,null],""3.5"":[-625,null],""7.5"":[280,null],""4.5"":[-275,null],""6.5"":[150,null]}}",5.5,0.4257,+135,-135,under,mgm,5.5,-105,0.0989,2026-09-11T15:31:00Z,2026-09-11T15:31:00Z,morning,9,0.2108,0.954,0.239,5.2,0.7594,0.5987,0.4272,0.2746,0.159,0.0831,5.5,0.4272,+134,-134,under,mgm,5.5,-105,0.0974,2026-09-11T15:31:00Z,2026-09-11T21:16:08Z,1,4,27,7.0,0,W,0,W,2026-09-12T05:32:56Z
2026-09-11,823817,687473,Ryan Gusto,Miami Marlins,Los Angeles Dodgers,1,R,62,322,15,72.3,97,453,21.33,19.27,20.3,0.2016,0.912,previous,9,0.2174,0.984,0.1983,3.91,0.5531,0.3627,0.2094,0.1069,0.0486,0.0198,3.5,-116,-109,3.5,-111,-115,3.5,-110,-120,,,,"{""fd"":{""2.5"":[-330,null],""3.5"":[-111,null],""4.5"":[200,null],""5.5"":[470,null]},""dk"":{""1.5"":[-900,null],""2.5"":[-282,null],""3.5"":[-117,null],""4.5"":[189,null],""5.5"":[417,null],""6.5"":[870,null],""7.5"":[1740,null]},""czr"":{""1.5"":[-2000,null],""2.5"":[-325,null],""3.5"":[-109,null],""4.5"":[195,null],""5.5"":[425,null],""6.5"":[1000,null]},""mgm"":{""3.5"":[-110,null],""4.5"":[200,null],""6.5"":[775,null],""5.5"":[400,null],""2.5"":[-275,null]}}",3.5,0.5531,-124,+124,over,mgm,3.5,-110,0.0633,2026-09-11T15:31:00Z,2026-09-11T15:31:00Z,morning,8,0.2141,0.969,0.1952,3.85,0.5409,0.3507,0.2,0.1008,0.0452,0.0181,3.5,0.5409,-118,+118,over,mgm,3.5,-110,0.0511,2026-09-11T15:31:00Z,2026-09-11T22:21:40Z,1,3,25,6.0,0,L,0,L,2026-09-12T05:32:56Z
2026-09-11,824873,605400,Aaron Nola,Philadelphia Phillies,Atlanta Braves,0,R,162,663,29,155.0,97,404,24.0,22.73,23.37,0.2419,1.094,previous,9,0.2182,0.987,0.2389,5.43,0.7874,0.636,0.4677,0.3112,0.1872,0.1019,5.5,-111,-114,5.5,-111,-115,5.5,-105,-125,,,,"{""fd"":{""2.5"":[-3500,null],""3.5"":[-750,null],""4.5"":[-280,null],""5.5"":[-111,null],""6.5"":[180,null],""7.5"":[360,null],""8.5"":[750,null]},""mgm"":{""4.5"":[-225,null],""3.5"":[-525,null],""6.5"":[180,null],""5.5"":[-110,null],""7.5"":[340,null]},""dk"":{""2.5"":[-2000,null],""3.5"":[-586,null],""4.5"":[-240,null],""5.5"":[-111,null],""6.5"":[183,null],""7.5"":[373,null],""8.5"":[730,null],""9.5"":[1480,null]},""czr"":{""9.5"":[1300,null],""3.5"":[-625,null],""4.5"":[-245,null],""5.5"":[-106,null],""6.5"":[173,null],""7.5"":[325,null],""8.5"":[650,null]}}",5.5,0.4677,+114,-114,under,dk,5.5,-114,0.0292,2026-09-11T15:31:00Z,2026-09-11T15:31:00Z,morning,9,0.2176,0.985,0.2383,5.42,0.7859,0.634,0.4654,0.3091,0.1856,0.1008,5.5,0.4654,+115,-115,under,dk,5.5,-114,0.0315,2026-09-11T15:31:00Z,2026-09-11T19:46:31Z,1,3,27,6.3,0,W,0,W,2026-09-12T05:32:56Z
2026-09-11,824873,519242,Chris Sale,Atlanta Braves,Philadelphia Phillies,1,L,184,601,25,150.0,165,510,23.67,23.37,23.52,0.3033,1.372,previous,9,0.1824,0.825,0.255,6.05,0.8487,0.7243,0.5706,0.4112,0.27,0.1614,7.5,107,-136,7.5,106,-136,7.5,-105,-125,,,,"{""fd"":{""4.5"":[-1400,null],""5.5"":[-500,null],""6.5"":[-215,null],""7.5"":[106,null],""8.5"":[200,null],""9.5"":[390,null],""10.5"":[750,null]},""mgm"":{""7.5"":[-135,null],""8.5"":[135,null],""6.5"":[-250,null],""9.5"":[250,null],""5.5"":[-500,null]},""dk"":{""4.5"":[-1180,null],""5.5"":[-442,null],""6.5"":[-199,null],""7.5"":[104,null],""8.5"":[206,null],""9.5"":[412,null],""10.5"":[830,null],""11.5"":[1540,null]},""czr"":{""9.5"":[305,null],""4.5"":[-1700,null],""5.5"":[-440,null],""6.5"":[-200,null],""7.5"":[105,null],""8.5"":[173,null]}}",7.5,0.27,+270,-270,under,mgm,7.5,-125,0.2097,2026-09-11T15:31:00Z,2026-09-11T15:31:00Z,morning,9,0.1984,0.898,0.2752,6.53,0.8845,0.7812,0.6436,0.489,0.3405,0.2167,7.5,0.3405,+194,-194,under,mgm,7.5,-125,0.1392,2026-09-11T15:31:00Z,2026-09-11T20:28:35Z,1,6,26,7.0,0,W,0,W,2026-09-12T05:32:56Z
2026-09-11,823736,671096,Andrew Abbott,Cincinnati Reds,Milwaukee Brewers,0,L,120,664,29,152.3,149,684,25.0,23.15,24.07,0.1895,0.857,previous,9,0.2027,0.917,0.1732,4.11,0.5872,0.398,0.2395,0.1284,0.0617,0.0267,3.5,-142,111,3.5,-156,122,4.5,130,-175,,,,"{""fd"":{""2.5"":[-460,null],""3.5"":[-156,null],""4.5"":[142,null],""5.5"":[310,null],""6.5"":[700,null]},""mgm"":{""4.5"":[120,null],""6.5"":[450,null],""5.5"":[230,null],""2.5"":[-450,null],""3.5"":[-185,null]},""dk"":{""1.5"":[-1380,null],""2.5"":[-378,null],""3.5"":[-142,null],""4.5"":[167,null],""5.5"":[388,null],""6.5"":[860,null]},""czr"":{""3.5"":[-152,null],""4.5"":[134,null],""5.5"":[290,null],""6.5"":[625,null]}}",3.5,0.5872,-142,+142,over,dk,5.5,388,0.0346,2026-09-11T15:31:00Z,2026-09-11T15:31:00Z,morning,9,0.2149,0.973,0.1841,4.37,0.6338,0.4476,0.2819,0.1586,0.08,0.0364,3.5,0.6338,-173,+173,over,dk,3.5,-142,0.0806,2026-09-11T15:31:00Z,2026-09-11T20:46:45Z,1,0,15,2.0,0,L,0,L,2026-09-12T05:32:56Z
2026-09-11,823736,669160,Dustin May,Milwaukee Brewers,Cincinnati Reds,1,R,127,562,27,132.3,123,584,14.0,21.01,17.51,0.2226,1.007,previous,9,0.235,1.063,0.2367,4.2,0.6097,0.4209,0.2568,0.1387,0.0666,0.0286,5.5,-123,-104,5.5,-130,102,5.5,-140,105,,,,"{""fd"":{""2.5"":[-3500,null],""3.5"":[-850,null],""4.5"":[-330,null],""5.5"":[-130,null],""6.5"":[150,null],""7.5"":[310,null],""8.5"":[630,null]},""mgm"":{""6.5"":[140,null],""5.5"":[-140,null],""7.5"":[250,null],""4.5"":[-275,null],""3.5"":[-650,null]},""dk"":{""2.5"":[-1920,null],""3.5"":[-650,null],""4.5"":[-269,null],""5.5"":[-123,null],""6.5"":[167,null],""7.5"":[341,null],""8.5"":[700,null],""9.5"":[1400,null]},""czr"":{""9.5"":[1000,null],""3.5"":[-1000,null],""4.5"":[-310,null],""5.5"":[-127,null],""6.5"":[142,null],""7.5"":[270,null],""8.5"":[500,null]}}",5.5,0.2568,+289,-289,under,mgm,5.5,105,0.2878,2026-09-11T15:31:00Z,2026-09-11T15:31:00Z,morning,9,0.2505,1.133,0.2522,4.48,0.658,0.4746,0.3042,0.1732,0.0878,0.0399,5.5,0.3042,+229,-229,under,mgm,5.5,105,0.2404,2026-09-11T15:31:00Z,2026-09-11T20:28:35Z,1,6,22,6.0,1,L,1,L,2026-09-12T05:32:56Z
2026-09-11,823659,800048,Parker Messick,Cleveland Guardians,Minnesota Twins,0,L,173,663,28,167.0,38,165,23.33,23.47,23.4,0.2527,1.143,previous,9,0.2012,0.91,0.2308,5.25,0.7654,0.6063,0.4355,0.2822,0.1651,0.0873,5.5,107,-137,5.5,120,-154,5.5,105,-140,,,,"{""fd"":{""2.5"":[-2500,null],""3.5"":[-530,null],""4.5"":[-215,null],""5.5"":[120,null],""6.5"":[235,null],""7.5"":[480,null]},""mgm"":{""6.5"":[195,null],""5.5"":[100,null],""7.5"":[360,null],""4.5"":[-210,null],""3.5"":[-500,null]},""dk"":{""2.5"":[-1920,null],""3.5"":[-529,null],""4.5"":[-210,null],""5.5"":[107,null],""6.5"":[233,null],""7.5"":[498,null],""8.5"":[1040,null]},""czr"":{""3.5"":[-500,null],""4.5"":[-197,null],""5.5"":[116,null],""6.5"":[215,null],""7.5"":[400,null],""8.5"":[800,null]}}",5.5,0.4355,+130,-130,under,mgm,5.5,-140,0.02,2026-09-11T15:31:00Z,2026-09-11T15:31:00Z,morning,9,0.1972,0.892,0.2265,5.15,0.7531,0.5901,0.4184,0.2673,0.154,0.0801,5.5,0.4184,+139,-139,under,mgm,5.5,-140,0.037,2026-09-11T15:31:00Z,2026-09-11T20:28:35Z,1,5,22,5.3,0,W,0,W,2026-09-12T05:32:56Z
2026-09-11,823659,671737,Taj Bradley,Minnesota Twins,Cleveland Guardians,1,R,184,675,28,159.3,127,605,23.67,24.05,23.86,0.2589,1.171,previous,9,0.179,0.81,0.2117,5.02,0.7355,0.5674,0.3952,0.248,0.1402,0.0717,5.5,119,-152,5.5,116,-148,4.5,-155,115,,,,"{""fd"":{""2.5"":[-2200,null],""3.5"":[-530,null],""4.5"":[-215,null],""5.5"":[116,null],""6.5"":[235,null],""7.5"":[460,null]},""mgm"":{""6.5"":[230,null],""4.5"":[-160,null],""3.5"":[-325,null],""2.5"":[-800,null],""5.5"":[120,null]},""dk"":{""2.5"":[-1320,null],""3.5"":[-428,null],""4.5"":[-182,null],""5.5"":[119,null],""6.5"":[250,null],""7.5"":[507,null],""8.5"":[1040,null]},""czr"":{""3.5"":[-530,null],""4.5"":[-197,null],""5.5"":[119,null],""6.5"":[215,null],""7.5"":[425,null],""8.5"":[850,null]}}",5.5,0.3952,+153,-153,under,fd,5.5,-148,0.0416,2026-09-11T15:31:00Z,2026-09-11T15:31:00Z,morning,9,0.1797,0.813,0.2124,5.04,0.7381,0.5706,0.3986,0.2508,0.1422,0.073,5.5,0.3986,+151,-151,under,fd,5.5,-148,0.0383,2026-09-11T15:31:00Z,2026-09-11T20:46:45Z,1,6,22,6.0,1,L,1,L,2026-09-12T05:32:56Z
2026-09-11,823012,641743,Anthony Kay,Chicago White Sox,St. Louis Cardinals,0,L,116,633,27,141.0,0,0,23.0,22.2,22.6,0.1923,0.87,previous,9,0.21,0.95,0.1824,4.15,0.5946,0.4054,0.2453,0.1321,0.0637,0.0276,4.5,133,-170,3.5,-158,124,3.5,-160,120,,,,"{""fd"":{""2.5"":[-500,null],""3.5"":[-158,null],""4.5"":[146,null],""5.5"":[330,null],""6.5"":[750,null]},""dk"":{""1.5"":[-1920,null],""2.5"":[-460,null],""3.5"":[-175,null],""4.5"":[133,null],""5.5"":[294,null],""6.5"":[650,null],""7.5"":[1400,null]},""czr"":{""2.5"":[-560,null],""3.5"":[-159,null],""4.5"":[130,null],""5.5"":[285,null],""6.5"":[600,null],""7.5"":[1200,null]},""mgm"":{""3.5"":[-160,null],""4.5"":[130,null],""5.5"":[270,null],""2.5"":[-400,null],""6.5"":[500,null]}}",3.5,0.5946,-147,+147,over,mgm,3.5,-160,0.0194,2026-09-11T15:31:00Z,2026-09-11T15:31:00Z,morning,9,0.2068,0.936,0.1795,4.08,0.5824,0.3928,0.2348,0.1249,0.0594,0.0254,3.5,0.5824,-139,+139,under,dk,4.5,-162,0.0232,2026-09-11T18:46:51Z,2026-09-11T18:46:51Z,1,2,19,4.0,0,L,0,W,2026-09-12T05:32:56Z
2026-09-11,823012,669461,Matthew Liberatore,St. Louis Cardinals,Chicago White Sox,1,L,144,608,28,139.0,122,648,21.0,21.58,21.29,0.2267,1.026,previous,9,0.2318,1.049,0.2377,4.93,0.7246,0.5541,0.3811,0.2349,0.13,0.0647,5.5,-105,-122,5.5,100,-128,5.5,105,-140,,,,"{""fd"":{""2.5"":[-2500,null],""3.5"":[-620,null],""4.5"":[-240,null],""5.5"":[100,null],""6.5"":[200,null],""7.5"":[420,null]},""dk"":{""2.5"":[-1780,null],""3.5"":[-551,null],""4.5"":[-225,null],""5.5"":[-104,null],""6.5"":[200,null],""7.5"":[415,null],""8.5"":[870,null],""9.5"":[1720,null]},""czr"":{""3.5"":[-590,null],""4.5"":[-235,null],""5.5"":[101,null],""6.5"":[183,null],""7.5"":[350,null],""8.5"":[700,null]},""mgm"":{""5.5"":[105,null],""7.5"":[350,null],""4.5"":[-185,null],""3.5"":[-400,null],""6.5"":[200,null]}}",5.5,0.3811,+162,-162,under,dk,5.5,-122,0.1014,2026-09-11T15:31:00Z,2026-09-11T15:31:00Z,morning,9,0.236,1.068,0.2419,5.02,0.7369,0.5697,0.3968,0.2481,0.1394,0.0705,5.5,0.3968,+152,-152,under,dk,5.5,-122,0.0856,2026-09-11T15:31:00Z,2026-09-11T20:28:35Z,1,2,20,4.3,0,W,0,W,2026-09-12T05:32:56Z
2026-09-11,824954,669923,George Kirby,Seattle Mariners,Athletics,0,R,133,667,27,159.3,137,524,24.67,24.45,24.56,0.2111,0.955,previous,9,0.2273,1.028,0.2172,5.37,0.7793,0.6244,0.4553,0.3008,0.1799,0.0976,4.5,-136,107,4.5,-128,100,4.5,-120,-110,,,,"{""dk"":{""2.5"":[-930,null],""3.5"":[-317,null],""4.5"":[-136,null],""5.5"":[161,null],""6.5"":[343,null],""7.5"":[690,null],""8.5"":[1420,null]},""czr"":{""2.5"":[-2000,null],""3.5"":[-360,null],""4.5"":[-132,null],""5.5"":[150,null],""6.5"":[295,null],""7.5"":[575,null],""8.5"":[1200,null]},""fd"":{""2.5"":[-1100,null],""3.5"":[-350,null],""4.5"":[-128,null],""5.5"":[162,null],""6.5"":[340,null],""7.5"":[750,null]},""mgm"":{""5.5"":[200,null],""4.5"":[-105,null],""6.5"":[380,null],""3.5"":[-225,null],""2.5"":[-600,null]}}",4.5,0.6244,-166,+166,over,mgm,5.5,200,0.122,2026-09-11T15:31:00Z,2026-09-11T15:31:00Z,morning,9,0.208,0.941,0.1986,4.91,0.719,0.5467,0.3749,0.2314,0.1288,0.0648,4.5,0.5467,-121,+121,over,dk,4.5,-109,0.055,2026-09-11T22:01:35Z,2026-09-11T22:01:36Z,1,5,28,6.0,1,L,1,W,2026-09-12T05:32:56Z
2026-09-11,824954,605488,Jeffrey Springs,Athletics,Seattle Mariners,1,L,104,572,26,130.0,138,713,22.67,21.93,22.3,0.1864,0.843,previous,9,0.224,1.014,0.1891,4.11,0.5887,0.3992,0.2397,0.1279,0.061,0.0261,3.5,-169,132,3.5,-174,136,3.5,-165,125,,,,"{""dk"":{""1.5"":[-1720,null],""2.5"":[-456,null],""3.5"":[-171,null],""4.5"":[134,null],""5.5"":[292,null],""6.5"":[620,null],""7.5"":[1320,null]},""czr"":{""2.5"":[-560,null],""3.5"":[-170,null],""4.5"":[124,null],""5.5"":[255,null],""6.5"":[550,null],""7.5"":[1300,null]},""fd"":{""2.5"":[-520,null],""3.5"":[-174,null],""4.5"":[124,null],""5.5"":[280,null],""6.5"":[560,null]},""mgm"":{""2.5"":[-400,null],""4.5"":[125,null],""3.5"":[-165,null],""5.5"":[250,null],""6.5"":[450,null]}}",3.5,0.5887,-143,+143,under,fd,3.5,136,0.0111,2026-09-11T15:31:00Z,2026-09-11T15:31:00Z,morning,9,0.2179,0.986,0.1837,3.99,0.5665,0.3764,0.2211,0.1153,0.0536,0.0224,3.5,0.5665,-131,+131,under,fd,3.5,136,0.0333,2026-09-11T15:31:00Z,2026-09-11T22:30:17Z,1,1,22,5.0,0,W,0,W,2026-09-12T05:32:56Z
2026-09-11,823173,592662,Robbie Ray,San Diego Padres,San Francisco Giants,0,L,127,638,27,151.3,186,755,21.0,23.01,22.01,0.2091,0.946,previous,9,0.2237,1.012,0.2116,4.6,0.674,0.4929,0.3222,0.1882,0.0985,0.0464,4.5,-102,-124,4.5,-108,-118,4.5,-115,-115,,,,"{""fd"":{""2.5"":[-770,null],""3.5"":[-280,null],""4.5"":[-108,null],""5.5"":[200,null],""6.5"":[420,null]},""mgm"":{""3.5"":[-250,null],""6.5"":[325,null],""2.5"":[-625,null],""5.5"":[175,null],""4.5"":[-115,null]},""czr"":{""2.5"":[-1000,null],""3.5"":[-290,null],""4.5"":[-110,null],""5.5"":[179,null],""6.5"":[370,null],""7.5"":[750,null]},""dk"":{""1.5"":[-4000,null],""2.5"":[-740,null],""3.5"":[-259,null],""4.5"":[-106,null],""5.5"":[215,null],""6.5"":[483,null],""7.5"":[1060,null]}}",4.5,0.4929,+103,-103,over,dk,6.5,483,0.0167,2026-09-11T15:31:00Z,2026-09-11T15:31:00Z,morning,9,0.2207,0.999,0.2089,4.54,0.6644,0.4818,0.312,0.1804,0.0934,0.0435,4.5,0.4818,+108,-108,under,mgm,4.5,-115,0.0182,2026-09-11T22:01:35Z,2026-09-11T22:01:36Z,1,5,23,5.0,1,L,1,L,2026-09-12T05:32:56Z
2026-09-11,823173,683627,Anthony Molina,San Francisco Giants,San Diego Padres,1,R,15,74,2,19.3,24,160,19.5,20.86,20.18,0.193,0.873,previous,9,0.2303,1.042,0.2015,3.98,0.5654,0.3749,0.2192,0.1134,0.0522,0.0215,3.5,-118,-108,3.5,-118,-108,3.5,-120,-110,,,,"{""fd"":{""2.5"":[-350,null],""3.5"":[-118,null],""4.5"":[186,null],""5.5"":[420,null]},""mgm"":{""3.5"":[-120,null],""6.5"":[675,null],""4.5"":[180,null],""5.5"":[350,null],""2.5"":[-275,null]},""czr"":{""1.5"":[-2000,null],""2.5"":[-345,null],""3.5"":[-115,null],""4.5"":[188,null],""5.5"":[400,null],""6.5"":[1000,null]},""dk"":{""1.5"":[-1120,null],""2.5"":[-313,null],""3.5"":[-118,null],""4.5"":[198,null],""5.5"":[440,null],""6.5"":[940,null]}}",3.5,0.5654,-130,+130,over,mgm,3.5,-120,0.0553,2026-09-11T15:31:00Z,2026-09-11T15:31:00Z,morning,9,0.2128,0.963,0.1857,3.66,0.5027,0.3142,0.1722,0.0833,0.0358,0.0138,3.5,0.5027,-101,+101,under,dk,3.5,-103,0.0182,2026-09-11T22:01:35Z,2026-09-11T22:01:36Z,1,4,20,3.0,1,W,1,L,2026-09-12T05:32:56Z
2026-09-11,825036,669022,MacKenzie Gore,Texas Rangers,Arizona Diamondbacks,0,L,170,684,30,157.7,185,680,23.0,22.74,22.87,0.2512,1.137,confirmed,9,0.1852,0.838,0.2118,4.82,0.7067,0.5317,0.3595,0.2181,0.1189,0.0585,,,,,,,,,,,,,,,,,,,,,,,,2026-09-11T20:28:35Z,lock-only,9,0.1852,0.838,0.2118,4.82,0.7067,0.5317,0.3595,0.2181,0.1189,0.0585,,,,,,,,,,,2026-09-11T20:28:35Z,1,2,20,4.0,,,,,2026-09-12T05:32:56Z
2026-09-11,823817,605483,Blake Snell,Los Angeles Dodgers,Miami Marlins,0,L,43,132,6,32.0,72,254,23.0,21.75,22.38,0.2837,1.284,confirmed,9,0.2162,0.978,0.278,6.04,0.8481,0.7251,0.5717,0.4117,0.2696,0.1603,,,,,,,,,,,,,,,,,,,,,,,,2026-09-11T22:21:40Z,lock-only,9,0.2162,0.978,0.278,6.04,0.8481,0.7251,0.5717,0.4117,0.2696,0.1603,,,,,,,,,,,2026-09-11T22:21:40Z,1,8,22,5.7,,,,,2026-09-12T05:32:56Z
2026-09-11,825036,518876,Merrill Kelly,Arizona Diamondbacks,Texas Rangers,1,R,99,641,26,147.7,167,748,23.67,24.27,23.97,0.1707,0.772,confirmed,9,0.2308,1.045,0.1788,4.24,0.6116,0.4236,0.261,0.1435,0.0707,0.0314,,,,,,,,,,,,,,,,,,,,,,,,2026-09-11T22:52:00Z,lock-only,9,0.2308,1.045,0.1788,4.24,0.6116,0.4236,0.261,0.1435,0.0707,0.0314,,,,,,,,,,,2026-09-11T22:52:00Z,1,3,19,4.3,,,,,2026-09-12T05:32:56Z
